qri_update_time,collected_at,trading_day,last_trading_day,contract,option_type,strike,settlement,open_interest,volume,ask_iv,bid_iv,ask_price,ask_quantity,bid_price,bid_quantity,iv,change,change_percent,last_price,trade_time
2026/09/08 17:43,2026-09-08T17:58:32+09:00,2026/09/09,2026/09/10,2026-09,CALL,72500,1,,13,39.86,,1,189,,,40.25,0,0,1,09/08 17:01
2026/09/08 17:43,2026-09-08T17:58:32+09:00,2026/09/09,2026/09/10,2026-09,PUT,72500,7290,,,,,,,,,,,,,
2026/09/08 17:43,2026-09-08T17:58:32+09:00,2026/09/09,2026/09/10,2026-09,CALL,72375,1,,,49.95,,10,14,,,,,,,
2026/09/08 17:43,2026-09-08T17:58:32+09:00,2026/09/09,2026/09/10,2026-09,PUT,72375,7165,,,,,,,,,,,,,
2026/09/08 17:43,2026-09-08T17:58:32+09:00,2026/09/09,2026/09/10,2026-09,CALL,72250,1,,1,41.24,,2,50,,,38.77,0,0,1,09/08 17:04
2026/09/08 17:43,2026-09-08T17:58:32+09:00,2026/09/09,2026/09/10,2026-09,PUT,72250,7040,,,,,,,,,,,,,
2026/09/08 17:43,2026-09-08T17:58:32+09:00,2026/09/09,2026/09/10,2026-09,CALL,72125,1,,,49.13,,11,14,,,,,,,
2026/09/08 17:43,2026-09-08T17:58:32+09:00,2026/09/09,2026/09/10,2026-09,PUT,72125,6915,,,,,,,,,,,,,
2026/09/08 17:43,2026-09-08T17:58:32+09:00,2026/09/09,2026/09/10,2026-09,CALL,72000,1,,45,37.53,,1,4,,,37.55,-1,-50,1,09/08 17:37
2026/09/08 17:43,2026-09-08T17:58:32+09:00,2026/09/09,2026/09/10,2026-09,PUT,72000,6790,,,,,,,,,,,,,
2026/09/08 17:43,2026-09-08T17:58:32+09:00,2026/09/09,2026/09/10,2026-09,CALL,71875,1,,,42.29,,4,4,,,,,,,
2026/09/08 17:43,2026-09-08T17:58:32+09:00,2026/09/09,2026/09/10,2026-09,PUT,71875,6665,,,,,,,,,,,,,
2026/09/08 17:43,2026-09-08T17:58:32+09:00,2026/09/09,2026/09/10,2026-09,CALL,71750,1,,,38.76,36.35,2,3,1,1,,,,,
2026/09/08 17:43,2026-09-08T17:58:32+09:00,2026/09/09,2026/09/10,2026-09,PUT,71750,6540,,,,,,,,,,,,,
2026/09/08 17:43,2026-09-08T17:58:32+09:00,2026/09/09,2026/09/10,2026-09,CALL,71625,1,,,46.77,,12,18,,,,,,,
2026/09/08 17:43,2026-09-08T17:58:32+09:00,2026/09/09,2026/09/10,2026-09,PUT,71625,6420,,,,,,,,,,,,,
2026/09/08 17:43,2026-09-08T17:58:32+09:00,2026/09/09,2026/09/10,2026-09,CALL,71500,2,,3,37.51,35.17,2,24,1,92,37.68,0,0,2,09/08 17:09
2026/09/08 17:43,2026-09-08T17:58:32+09:00,2026/09/09,2026/09/10,2026-09,PUT,71500,6295,,,,,,,,,,,,,
2026/09/08 17:43,2026-09-08T17:58:32+09:00,2026/09/09,2026/09/10,2026-09,CALL,71375,2,,,44.22,,10,14,,,,,,,
2026/09/08 17:43,2026-09-08T17:58:32+09:00,2026/09/09,2026/09/10,2026-09,PUT,71375,6170,,,,,,,,,,,,,
2026/09/08 17:43,2026-09-08T17:58:32+09:00,2026/09/09,2026/09/10,2026-09,CALL,71250,2,,,45.5,33.97,14,22,1,90,,,,,
2026/09/08 17:43,2026-09-08T17:58:32+09:00,2026/09/09,2026/09/10,2026-09,PUT,71250,6045,,,,,,,3,10,,,,,
2026/09/08 17:43,2026-09-08T17:58:32+09:00,2026/09/09,2026/09/10,2026-09,CALL,71125,2,,,45.18,35.63,15,18,2,4,,,,,
2026/09/08 17:43,2026-09-08T17:58:32+09:00,2026/09/09,2026/09/10,2026-09,PUT,71125,5920,,,,,,,,,,,,,
2026/09/08 17:43,2026-09-08T17:58:32+09:00,2026/09/09,2026/09/10,2026-09,CALL,71000,3,,44,36.48,34.99,3,50,2,37,35.16,-1,-33.33,2,09/08 17:29
2026/09/08 17:43,2026-09-08T17:58:32+09:00,2026/09/09,2026/09/10,2026-09,PUT,71000,5795,,,,,,,3,10,,,,,
2026/09/08 17:43,2026-09-08T17:58:32+09:00,2026/09/09,2026/09/10,2026-09,CALL,70875,2,,,37.91,34.36,5,33,2,33,,,,,
2026/09/08 17:43,2026-09-08T17:58:32+09:00,2026/09/09,2026/09/10,2026-09,PUT,70875,5670,,,,,,,,,,,,,
2026/09/08 17:43,2026-09-08T17:58:32+09:00,2026/09/09,2026/09/10,2026-09,CALL,70750,3,,,38.03,35.16,6,37,3,5,,,,,
2026/09/08 17:43,2026-09-08T17:58:32+09:00,2026/09/09,2026/09/10,2026-09,PUT,70750,5545,,,,,,,3,10,,,,,
2026/09/08 17:43,2026-09-08T17:58:32+09:00,2026/09/09,2026/09/10,2026-09,CALL,70625,3,,,37.32,34.5,6,33,3,20,,,,,
2026/09/08 17:43,2026-09-08T17:58:32+09:00,2026/09/09,2026/09/10,2026-09,PUT,70625,5420,,,,,,,,,,,,,
2026/09/08 17:43,2026-09-08T17:58:32+09:00,2026/09/09,2026/09/10,2026-09,CALL,70500,7,,1,35.83,34.92,5,2,4,9,35.25,-3,-42.86,4,09/08 17:30
2026/09/08 17:43,2026-09-08T17:58:32+09:00,2026/09/09,2026/09/10,2026-09,PUT,70500,5295,,,89.74,,5885,1,5100,1,,,,,
2026/09/08 17:43,2026-09-08T17:58:32+09:00,2026/09/09,2026/09/10,2026-09,CALL,70375,4,,,37.21,34.23,8,33,4,34,,,,,
2026/09/08 17:43,2026-09-08T17:58:32+09:00,2026/09/09,2026/09/10,2026-09,PUT,70375,5170,,,85.46,,5715,2,4960,2,,,,,
2026/09/08 17:43,2026-09-08T17:58:32+09:00,2026/09/09,2026/09/10,2026-09,CALL,70250,4,,1,35.86,34.42,7,16,5,37,35.37,-4,-40,6,09/08 17:31
2026/09/08 17:43,2026-09-08T17:58:32+09:00,2026/09/09,2026/09/10,2026-09,PUT,70250,5045,,,86.53,,5625,1,4835,1,,,,,
2026/09/08 17:43,2026-09-08T17:58:32+09:00,2026/09/09,2026/09/10,2026-09,CALL,70125,9,,,35.74,31.82,8,16,3,33,,,,,
2026/09/08 17:43,2026-09-08T17:58:32+09:00,2026/09/09,2026/09/10,2026-09,PUT,70125,4920,,,86.55,,5520,2,4710,2,,,,,
2026/09/08 17:43,2026-09-08T17:58:32+09:00,2026/09/09,2026/09/10,2026-09,CALL,70000,10,,56,35,34.4,8,1,7,56,34.93,-2,-20,8,09/08 17:41
2026/09/08 17:43,2026-09-08T17:58:32+09:00,2026/09/09,2026/09/10,2026-09,PUT,70000,4795,,,85.25,,5395,4,4585,4,,,,,
2026/09/08 17:43,2026-09-08T17:58:32+09:00,2026/09/09,2026/09/10,2026-09,CALL,69875,7,,,35.28,29.18,10,1,2,15,,,,,
2026/09/08 17:43,2026-09-08T17:58:32+09:00,2026/09/09,2026/09/10,2026-09,PUT,69875,4675,,,83.93,,5270,2,4460,2,,,,,
2026/09/08 17:43,2026-09-08T17:58:32+09:00,2026/09/09,2026/09/10,2026-09,CALL,69750,10,,6,35.81,34.03,13,48,9,37,34.55,-24,-70.59,10,09/08 17:37
2026/09/08 17:43,2026-09-08T17:58:32+09:00,2026/09/09,2026/09/10,2026-09,PUT,69750,4550,,,82.93,,5150,1,4340,1,,,,,
2026/09/08 17:43,2026-09-08T17:58:32+09:00,2026/09/09,2026/09/10,2026-09,CALL,69625,12,,5,35.02,32.75,13,1,8,24,34.18,-24,-70.59,10,09/08 17:12
2026/09/08 17:43,2026-09-08T17:58:32+09:00,2026/09/09,2026/09/10,2026-09,PUT,69625,4425,,,81.6,,5025,2,4215,2,,,,,
2026/09/08 17:43,2026-09-08T17:58:32+09:00,2026/09/09,2026/09/10,2026-09,CALL,69500,17,,41,34.96,34.23,15,1,13,9,34.64,-3,-17.65,14,09/08 17:37
2026/09/08 17:43,2026-09-08T17:58:32+09:00,2026/09/09,2026/09/10,2026-09,PUT,69500,4300,,,80.26,,4900,1,4090,1,,,,,
2026/09/08 17:43,2026-09-08T17:58:32+09:00,2026/09/09,2026/09/10,2026-09,CALL,69375,16,,,35.12,33.79,18,1,14,1,,,,,
2026/09/08 17:43,2026-09-08T17:58:32+09:00,2026/09/09,2026/09/10,2026-09,PUT,69375,4180,,,79.21,,4780,2,3965,2,,,,,
2026/09/08 17:43,2026-09-08T17:58:32+09:00,2026/09/09,2026/09/10,2026-09,CALL,69250,24,,10,34.58,33.98,19,3,17,6,34.22,-5,-20.83,19,09/08 17:35
2026/09/08 17:43,2026-09-08T17:58:32+09:00,2026/09/09,2026/09/10,2026-09,PUT,69250,4055,,,48.95,,4270,2,3945,2,,,,,
2026/09/08 17:43,2026-09-08T17:58:32+09:00,2026/09/09,2026/09/10,2026-09,CALL,69125,20,,,34.55,33.73,22,1,19,1,,,,,
2026/09/08 17:43,2026-09-08T17:58:32+09:00,2026/09/09,2026/09/10,2026-09,PUT,69125,3935,,,51.88,,4185,8,3945,3,,,,,
2026/09/08 17:43,2026-09-08T17:58:32+09:00,2026/09/09,2026/09/10,2026-09,CALL,69000,32,,90,34.43,33.94,25,2,23,12,33.87,-9,-28.13,23,09/08 17:41
2026/09/08 17:43,2026-09-08T17:58:32+09:00,2026/09/09,2026/09/10,2026-09,PUT,69000,3810,,,75.69,,4415,4,3605,4,,,,,
2026/09/08 17:43,2026-09-08T17:58:32+09:00,2026/09/09,2026/09/10,2026-09,CALL,68875,28,,3,34.22,33.78,28,1,26,5,33.84,-25,-51.02,24,09/08 17:22
2026/09/08 17:43,2026-09-08T17:58:32+09:00,2026/09/09,2026/09/10,2026-09,PUT,68875,3690,,,49.61,,3935,3,3680,8,,,,,
2026/09/08 17:43,2026-09-08T17:58:32+09:00,2026/09/09,2026/09/10,2026-09,CALL,68750,32,,3,34.14,33.53,32,11,29,6,33.63,0,0,32,09/08 17:36
2026/09/08 17:43,2026-09-08T17:58:32+09:00,2026/09/09,2026/09/10,2026-09,PUT,68750,3565,,,48.46,,3810,2,3560,7,,,,,
2026/09/08 17:43,2026-09-08T17:58:32+09:00,2026/09/09,2026/09/10,2026-09,CALL,68625,28,,,39.52,,74,3,,,,,,,
2026/09/08 17:43,2026-09-08T17:58:32+09:00,2026/09/09,2026/09/10,2026-09,PUT,68625,3445,,,47.75,,3690,3,3330,8,,,,,
2026/09/08 17:43,2026-09-08T17:58:32+09:00,2026/09/09,2026/09/10,2026-09,CALL,68500,54,,7,34.04,33.54,42,1,39,1,33.51,-12,-22.22,42,09/08 17:36
2026/09/08 17:43,2026-09-08T17:58:32+09:00,2026/09/09,2026/09/10,2026-09,PUT,68500,3330,,,46.58,,3565,3,3230,3,,,,,
2026/09/08 17:43,2026-09-08T17:58:32+09:00,2026/09/09,2026/09/10,2026-09,CALL,68375,42,,,34.15,33.23,49,1,43,1,,,,,
2026/09/08 17:43,2026-09-08T17:58:32+09:00,2026/09/09,2026/09/10,2026-09,PUT,68375,3210,,,46.65,,3455,3,3105,8,,,,,
2026/09/08 17:43,2026-09-08T17:58:32+09:00,2026/09/09,2026/09/10,2026-09,CALL,68250,48,,2,33.99,33.43,55,1,51,1,33.62,-118,-71.52,47,09/08 17:13
2026/09/08 17:43,2026-09-08T17:58:32+09:00,2026/09/09,2026/09/10,2026-09,PUT,68250,3090,,,45.84,,3335,2,2980,8,,,,,
2026/09/08 17:43,2026-09-08T17:58:32+09:00,2026/09/09,2026/09/10,2026-09,CALL,68125,55,,,33.99,33.1,63,1,56,1,,,,,
2026/09/08 17:43,2026-09-08T17:58:32+09:00,2026/09/09,2026/09/10,2026-09,PUT,68125,2970,,,45,,3215,3,2865,8,,,,,
2026/09/08 17:43,2026-09-08T17:58:32+09:00,2026/09/09,2026/09/10,2026-09,CALL,68000,90,,63,33.88,33.3,71,1,66,1,33.56,-21,-23.33,69,09/08 17:41
2026/09/08 17:43,2026-09-08T17:58:32+09:00,2026/09/09,2026/09/10,2026-09,PUT,68000,2855,,1,47.75,,3145,22,2710,22,25,550,23.01,2940,09/08 17:04
2026/09/08 17:43,2026-09-08T17:58:32+09:00,2026/09/09,2026/09/10,2026-09,CALL,67875,71,,1,33.79,33.25,80,1,75,1,33.8,-240,-76.19,75,09/08 17:11
2026/09/08 17:43,2026-09-08T17:58:32+09:00,2026/09/09,2026/09/10,2026-09,PUT,67875,2740,,,43.98,,2985,3,2630,8,,,,,
2026/09/08 17:43,2026-09-08T17:58:32+09:00,2026/09/09,2026/09/10,2026-09,CALL,67750,117,,15,33.89,33.19,92,1,85,1,33.25,-30,-25.64,87,09/08 17:17
2026/09/08 17:43,2026-09-08T17:58:32+09:00,2026/09/09,2026/09/10,2026-09,PUT,67750,2625,,,43.39,,2870,2,2520,8,,,,,
2026/09/08 17:43,2026-09-08T17:58:32+09:00,2026/09/09,2026/09/10,2026-09,CALL,67625,94,,1,33.76,33.12,103,1,96,1,33.42,-260,-74.29,90,09/08 17:13
2026/09/08 17:43,2026-09-08T17:58:32+09:00,2026/09/09,2026/09/10,2026-09,PUT,67625,2510,,,42.76,,2755,3,2405,8,,,,,
2026/09/08 17:43,2026-09-08T17:58:32+09:00,2026/09/09,2026/09/10,2026-09,CALL,67500,125,,13,33.71,33.2,116,1,110,7,33.32,-27,-19.42,112,09/08 17:42
2026/09/08 17:43,2026-09-08T17:58:32+09:00,2026/09/09,2026/09/10,2026-09,PUT,67500,2400,,,41.75,,2635,3,2300,3,,,,,
2026/09/08 17:43,2026-09-08T17:58:32+09:00,2026/09/09,2026/09/10,2026-09,CALL,67375,121,,,33.95,33.07,134,1,123,1,,,,,
2026/09/08 17:43,2026-09-08T17:58:32+09:00,2026/09/09,2026/09/10,2026-09,PUT,67375,2290,,,41.99,,2535,3,2180,8,,,,,
2026/09/08 17:43,2026-09-08T17:58:32+09:00,2026/09/09,2026/09/10,2026-09,CALL,67250,142,,7,33.67,33.07,147,1,139,1,33.58,-175,-54.69,145,09/08 17:37
2026/09/08 17:43,2026-09-08T17:58:32+09:00,2026/09/09,2026/09/10,2026-09,PUT,67250,2185,,,36.03,30.78,2340,11,2270,11,,,,,
2026/09/08 17:43,2026-09-08T17:58:32+09:00,2026/09/09,2026/09/10,2026-09,CALL,67125,161,,2,33.72,33.16,166,11,158,1,34.1,-161,-48.79,169,09/08 17:04
2026/09/08 17:43,2026-09-08T17:58:32+09:00,2026/09/09,2026/09/10,2026-09,PUT,67125,2070,,,40.96,,2315,3,1960,8,,,,,
2026/09/08 17:43,2026-09-08T17:58:32+09:00,2026/09/09,2026/09/10,2026-09,CALL,67000,248,,36,33.85,33.26,188,30,179,1,33.4,-58,-23.39,190,09/08 17:35
2026/09/08 17:43,2026-09-08T17:58:32+09:00,2026/09/09,2026/09/10,2026-09,PUT,67000,1965,,,34.95,30.92,2115,4,2055,22,,,,,
2026/09/08 17:43,2026-09-08T17:58:32+09:00,2026/09/09,2026/09/10,2026-09,CALL,66875,202,,,33.91,33.03,211,1,197,1,,,,,
2026/09/08 17:43,2026-09-08T17:58:32+09:00,2026/09/09,2026/09/10,2026-09,PUT,66875,1860,,,37.71,14.02,2060,8,1790,8,,,,,
2026/09/08 17:43,2026-09-08T17:58:32+09:00,2026/09/09,2026/09/10,2026-09,CALL,66750,227,,18,33.72,33.07,232,13,221,1,32.82,-159,-43.56,206,09/08 17:25
2026/09/08 17:43,2026-09-08T17:58:32+09:00,2026/09/09,2026/09/10,2026-09,PUT,66750,1760,,,34.77,30.86,1910,4,1845,11,,,,,
2026/09/08 17:43,2026-09-08T17:58:32+09:00,2026/09/09,2026/09/10,2026-09,CALL,66625,244,,,51.34,32.97,605,1,245,1,,,,,
2026/09/08 17:43,2026-09-08T17:58:32+09:00,2026/09/09,2026/09/10,2026-09,PUT,66625,1660,,,57.91,,2280,2,1410,2,,,,,
2026/09/08 17:43,2026-09-08T17:58:32+09:00,2026/09/09,2026/09/10,2026-09,CALL,66500,300,,19,33.79,33.25,288,1,278,2,33.09,-39,-11.82,291,09/08 17:36
2026/09/08 17:43,2026-09-08T17:58:32+09:00,2026/09/09,2026/09/10,2026-09,PUT,66500,1665,,1,34.7,31.44,1715,16,1655,16,34.59,135,8.11,1800,09/08 17:00
2026/09/08 17:43,2026-09-08T17:58:32+09:00,2026/09/09,2026/09/10,2026-09,CALL,66375,320,,,33.85,33.08,320,11,305,13,,,,,
2026/09/08 17:43,2026-09-08T17:58:32+09:00,2026/09/09,2026/09/10,2026-09,PUT,66375,1475,,,56.65,,2085,2,885,8,,,,,
2026/09/08 17:43,2026-09-08T17:58:32+09:00,2026/09/09,2026/09/10,2026-09,CALL,66250,390,,,33.93,33.18,355,5,340,5,,,,,
2026/09/08 17:43,2026-09-08T17:58:32+09:00,2026/09/09,2026/09/10,2026-09,PUT,66250,1440,,,35.41,31.67,1545,11,1470,11,,,,,
2026/09/08 17:43,2026-09-08T17:58:32+09:00,2026/09/09,2026/09/10,2026-09,CALL,66125,390,,,33.88,33.16,390,2,375,3,,,,,
2026/09/08 17:43,2026-09-08T17:58:32+09:00,2026/09/09,2026/09/10,2026-09,PUT,66125,1290,,,55.59,,1900,2,1025,2,,,,,
2026/09/08 17:43,2026-09-08T17:58:32+09:00,2026/09/09,2026/09/10,2026-09,CALL,66000,485,,47,34.18,33.48,435,5,420,3,33.79,-55,-11.34,430,09/08 17:41
2026/09/08 17:43,2026-09-08T17:58:32+09:00,2026/09/09,2026/09/10,2026-09,PUT,66000,1355,,2,34.41,31.59,1350,4,1290,26,34.33,-30,-2.21,1325,09/08 17:05
2026/09/08 17:43,2026-09-08T17:58:32+09:00,2026/09/09,2026/09/10,2026-09,CALL,65875,475,,,34.11,33.43,475,2,460,3,,,,,
2026/09/08 17:43,2026-09-08T17:58:32+09:00,2026/09/09,2026/09/10,2026-09,PUT,65875,1125,,,54.91,,1730,2,560,8,,,,,
2026/09/08 17:43,2026-09-08T17:58:32+09:00,2026/09/09,2026/09/10,2026-09,CALL,65750,520,,,34.36,33.47,525,5,505,5,,,,,
2026/09/08 17:43,2026-09-08T17:58:32+09:00,2026/09/09,2026/09/10,2026-09,PUT,65750,1095,,,36.58,31.45,1235,5,1120,5,,,,,
2026/09/08 17:43,2026-09-08T17:58:32+09:00,2026/09/09,2026/09/10,2026-09,CALL,65625,570,,,34.48,33.6,575,3,555,3,,,,,
2026/09/08 17:43,2026-09-08T17:58:32+09:00,2026/09/09,2026/09/10,2026-09,PUT,65625,975,,,35.14,31.18,1125,4,1035,4,,,,,
2026/09/08 17:43,2026-09-08T17:58:32+09:00,2026/09/09,2026/09/10,2026-09,CALL,65500,685,,7,34.47,33.82,625,14,610,15,33.2,-85,-12.41,600,09/08 17:38
2026/09/08 17:43,2026-09-08T17:58:32+09:00,2026/09/09,2026/09/10,2026-09,PUT,65500,910,,,35.33,32.52,1055,4,990,4,,,,,
2026/09/08 17:43,2026-09-08T17:58:32+09:00,2026/09/09,2026/09/10,2026-09,CALL,65375,700,,,34.54,33.9,680,3,665,10,,,,,
2026/09/08 17:43,2026-09-08T17:58:32+09:00,2026/09/09,2026/09/10,2026-09,PUT,65375,880,,,34.75,31.97,970,4,905,10,,,,,
2026/09/08 17:43,2026-09-08T17:58:32+09:00,2026/09/09,2026/09/10,2026-09,CALL,65250,745,,,34.91,34.06,745,3,725,3,,,,,
2026/09/08 17:43,2026-09-08T17:58:32+09:00,2026/09/09,2026/09/10,2026-09,PUT,65250,810,,,35.34,31.5,915,4,825,4,,,,,
2026/09/08 17:43,2026-09-08T17:58:32+09:00,2026/09/09,2026/09/10,2026-09,CALL,65125,810,,,34.94,34.09,805,9,785,10,,,,,
2026/09/08 17:43,2026-09-08T17:58:32+09:00,2026/09/09,2026/09/10,2026-09,PUT,65125,760,,,34.94,34.09,840,4,820,5,,,,,
2026/09/08 17:43,2026-09-08T17:58:32+09:00,2026/09/09,2026/09/10,2026-09,CALL,65000,900,,9,36.11,34.41,895,33,855,2,34.01,-20,-2.22,880,09/08 17:36
2026/09/08 17:43,2026-09-08T17:58:32+09:00,2026/09/09,2026/09/10,2026-09,PUT,65000,630,,43,35.05,34.41,780,4,765,6,34.31,135,21.43,765,09/08 17:37
2026/09/08 17:43,2026-09-08T17:58:32+09:00,2026/09/09,2026/09/10,2026-09,CALL,64875,950,,,36.1,32.89,960,11,885,11,,,,,
2026/09/08 17:43,2026-09-08T17:58:32+09:00,2026/09/09,2026/09/10,2026-09,PUT,64875,650,,,35.25,34.39,725,3,705,3,,,,,
2026/09/08 17:43,2026-09-08T17:58:32+09:00,2026/09/09,2026/09/10,2026-09,CALL,64750,1030,,,36.83,33.37,1045,11,965,11,,,,,
2026/09/08 17:43,2026-09-08T17:58:32+09:00,2026/09/09,2026/09/10,2026-09,PUT,64750,600,,2,35.53,34.67,675,11,655,10,34.5,225,55.56,630,09/08 17:35
2026/09/08 17:43,2026-09-08T17:58:32+09:00,2026/09/09,2026/09/10,2026-09,CALL,64625,1110,,,37.01,33.51,1120,10,1040,10,,,,,
2026/09/08 17:43,2026-09-08T17:58:32+09:00,2026/09/09,2026/09/10,2026-09,PUT,64625,570,,,35.7,34.82,625,3,605,3,,,,,
2026/09/08 17:43,2026-09-08T17:58:32+09:00,2026/09/09,2026/09/10,2026-09,CALL,64500,1185,,,37.51,33.51,1205,8,1115,4,,,,,
2026/09/08 17:43,2026-09-08T17:58:32+09:00,2026/09/09,2026/09/10,2026-09,PUT,64500,525,,13,35.74,34.62,575,2,550,18,35.74,35,6.67,560,09/08 17:40
2026/09/08 17:43,2026-09-08T17:58:32+09:00,2026/09/09,2026/09/10,2026-09,CALL,64375,1275,,,37.9,33.6,1290,10,1195,10,,,,,
2026/09/08 17:43,2026-09-08T17:58:32+09:00,2026/09/09,2026/09/10,2026-09,PUT,64375,465,,,36.1,35.42,535,10,520,3,,,,,
2026/09/08 17:43,2026-09-08T17:58:32+09:00,2026/09/09,2026/09/10,2026-09,CALL,64250,1365,,,38.19,34.02,1375,11,1285,11,,,,,
2026/09/08 17:43,2026-09-08T17:58:32+09:00,2026/09/09,2026/09/10,2026-09,PUT,64250,450,,4,36.35,35.65,495,12,480,2,36.27,30,6.67,480,09/08 17:40
2026/09/08 17:43,2026-09-08T17:58:32+09:00,2026/09/09,2026/09/10,2026-09,CALL,64125,1455,,,38.83,30.67,1470,3,1300,8,,,,,
2026/09/08 17:43,2026-09-08T17:58:32+09:00,2026/09/09,2026/09/10,2026-09,PUT,64125,395,,,36.47,35.76,455,3,440,3,,,,,
2026/09/08 17:43,2026-09-08T17:58:32+09:00,2026/09/09,2026/09/10,2026-09,CALL,64000,1555,,1,37.94,35.01,1535,22,1475,22,37.65,-500,-25.64,1450,09/08 17:00
2026/09/08 17:43,2026-09-08T17:58:32+09:00,2026/09/09,2026/09/10,2026-09,PUT,64000,380,,53,36.97,36.48,425,8,415,5,36.32,20,5.26,400,09/08 17:40
2026/09/08 17:43,2026-09-08T17:58:32+09:00,2026/09/09,2026/09/10,2026-09,CALL,63875,1650,,,43.97,29.54,1745,8,1460,8,,,,,
2026/09/08 17:43,2026-09-08T17:58:32+09:00,2026/09/09,2026/09/10,2026-09,PUT,63875,330,,1,36.86,36.36,385,2,375,2,35.39,261,263.64,360,09/08 17:27
2026/09/08 17:43,2026-09-08T17:58:32+09:00,2026/09/09,2026/09/10,2026-09,CALL,63750,1745,,,38.68,33.42,1725,11,1625,12,,,,,
2026/09/08 17:43,2026-09-08T17:58:32+09:00,2026/09/09,2026/09/10,2026-09,PUT,63750,305,,4,37.13,36.61,355,4,345,5,36.7,149,82.32,330,09/08 17:36
2026/09/08 17:43,2026-09-08T17:58:32+09:00,2026/09/09,2026/09/10,2026-09,CALL,63625,1850,,,45.08,29.58,1940,8,1655,3,,,,,
2026/09/08 17:43,2026-09-08T17:58:32+09:00,2026/09/09,2026/09/10,2026-09,PUT,63625,278,,11,37.57,36.76,330,3,315,13,36.85,,,300,09/08 17:06
2026/09/08 17:43,2026-09-08T17:58:32+09:00,2026/09/09,2026/09/10,2026-09,CALL,63500,1950,,,38.46,36.21,1905,4,1865,16,,,,,
2026/09/08 17:43,2026-09-08T17:58:32+09:00,2026/09/09,2026/09/10,2026-09,PUT,63500,267,,3,37.9,37.23,305,20,293,2,36.57,21,7.87,288,09/08 17:31
2026/09/08 17:43,2026-09-08T17:58:32+09:00,2026/09/09,2026/09/10,2026-09,CALL,63375,2055,,,48.22,25.82,2180,8,1810,3,,,,,
2026/09/08 17:43,2026-09-08T17:58:32+09:00,2026/09/09,2026/09/10,2026-09,PUT,63375,233,,,38.31,25.48,283,3,91,11,,,,,
2026/09/08 17:43,2026-09-08T17:58:32+09:00,2026/09/09,2026/09/10,2026-09,CALL,63250,2160,,,40.06,35.78,2125,11,2055,11,,,,,
2026/09/08 17:43,2026-09-08T17:58:32+09:00,2026/09/09,2026/09/10,2026-09,PUT,63250,212,,1,38.45,37.84,258,2,248,3,37.3,178,247.22,250,09/08 17:25
2026/09/08 17:43,2026-09-08T17:58:32+09:00,2026/09/09,2026/09/10,2026-09,CALL,63125,2270,,,49.91,25.11,2395,8,2025,3,,,,,
2026/09/08 17:43,2026-09-08T17:58:32+09:00,2026/09/09,2026/09/10,2026-09,PUT,63125,215,,,38.84,38.14,239,13,228,3,,,,,
2026/09/08 17:43,2026-09-08T17:58:32+09:00,2026/09/09,2026/09/10,2026-09,CALL,63000,2375,,,40.45,37.13,2330,22,2280,22,,,,,
2026/09/08 17:43,2026-09-08T17:58:32+09:00,2026/09/09,2026/09/10,2026-09,PUT,63000,173,,61,39.08,38.55,219,37,211,1,38.21,32,18.5,205,09/08 17:39
2026/09/08 17:43,2026-09-08T17:58:32+09:00,2026/09/09,2026/09/10,2026-09,CALL,62875,2490,,,51.38,23.53,2610,8,2245,3,,,,,
2026/09/08 17:43,2026-09-08T17:58:32+09:00,2026/09/09,2026/09/10,2026-09,PUT,62875,165,,1,39.5,38.94,203,13,195,1,38.43,136,251.85,190,09/08 17:32
2026/09/08 17:43,2026-09-08T17:58:32+09:00,2026/09/09,2026/09/10,2026-09,CALL,62750,2600,,,41.81,37.04,2555,11,2490,11,,,,,
2026/09/08 17:43,2026-09-08T17:58:32+09:00,2026/09/09,2026/09/10,2026-09,PUT,62750,151,,,39.9,39.02,188,1,176,1,,,,,
2026/09/08 17:43,2026-09-08T17:58:32+09:00,2026/09/09,2026/09/10,2026-09,CALL,62625,2715,,,53.23,19.12,2835,8,2470,3,,,,,
2026/09/08 17:43,2026-09-08T17:58:32+09:00,2026/09/09,2026/09/10,2026-09,PUT,62625,139,,,40.3,30.13,174,1,62,1,,,,,
2026/09/08 17:43,2026-09-08T17:58:32+09:00,2026/09/09,2026/09/10,2026-09,CALL,62500,2830,,,42.55,38.12,2775,14,2720,16,,,,,
2026/09/08 17:43,2026-09-08T17:58:32+09:00,2026/09/09,2026/09/10,2026-09,PUT,62500,150,,9,40.69,39.96,161,1,152,1,40.05,-2,-1.33,148,09/08 17:40
2026/09/08 17:43,2026-09-08T17:58:32+09:00,2026/09/09,2026/09/10,2026-09,CALL,62375,2945,,,55.24,,3065,7,2700,3,,,,,
2026/09/08 17:43,2026-09-08T17:58:32+09:00,2026/09/09,2026/09/10,2026-09,PUT,62375,120,,,,34.03,,,75,14,,,,,
2026/09/08 17:43,2026-09-08T17:58:32+09:00,2026/09/09,2026/09/10,2026-09,CALL,62250,3060,,,43.77,38.42,3005,11,2945,11,,,,,
2026/09/08 17:43,2026-09-08T17:58:32+09:00,2026/09/09,2026/09/10,2026-09,PUT,62250,121,,1,41.4,40.77,137,4,130,1,40.04,28,29.47,123,09/08 17:20
2026/09/08 17:43,2026-09-08T17:58:32+09:00,2026/09/09,2026/09/10,2026-09,CALL,62125,3175,,,57.11,,3295,8,2930,3,,,,,
2026/09/08 17:43,2026-09-08T17:58:32+09:00,2026/09/09,2026/09/10,2026-09,PUT,62125,103,,,41.91,40.87,128,1,117,1,,,,,
2026/09/08 17:43,2026-09-08T17:58:32+09:00,2026/09/09,2026/09/10,2026-09,CALL,62000,3295,,,54.92,,3365,22,3055,22,,,,,
2026/09/08 17:43,2026-09-08T17:58:32+09:00,2026/09/09,2026/09/10,2026-09,PUT,62000,83,,66,42.35,41.66,119,1,112,10,42.01,32,38.55,115,09/08 17:42
2026/09/08 17:43,2026-09-08T17:58:32+09:00,2026/09/09,2026/09/10,2026-09,CALL,61875,3410,,,59.19,,3530,8,3165,3,,,,,
2026/09/08 17:43,2026-09-08T17:58:32+09:00,2026/09/09,2026/09/10,2026-09,PUT,61875,75,,,42.63,41.79,109,1,101,1,,,,,
2026/09/08 17:43,2026-09-08T17:58:32+09:00,2026/09/09,2026/09/10,2026-09,CALL,61750,3530,,,60.37,,3650,7,3290,2,,,,,
2026/09/08 17:43,2026-09-08T17:58:32+09:00,2026/09/09,2026/09/10,2026-09,PUT,61750,81,,,43.15,42.04,102,1,92,1,,,,,
2026/09/08 17:43,2026-09-08T17:58:32+09:00,2026/09/09,2026/09/10,2026-09,CALL,61625,3650,,,61.18,,3765,8,3405,3,,,,,
2026/09/08 17:43,2026-09-08T17:58:32+09:00,2026/09/09,2026/09/10,2026-09,PUT,61625,75,,,43.49,42.68,94,1,87,1,,,,,
2026/09/08 17:43,2026-09-08T17:58:32+09:00,2026/09/09,2026/09/10,2026-09,CALL,61500,3770,,,61.58,,3875,3,3535,3,,,,,
2026/09/08 17:43,2026-09-08T17:58:32+09:00,2026/09/09,2026/09/10,2026-09,PUT,61500,68,,29,43.88,43.39,87,1,83,1,43.75,15,22.06,83,09/08 17:40
2026/09/08 17:43,2026-09-08T17:58:32+09:00,2026/09/09,2026/09/10,2026-09,CALL,61375,3890,,,63.8,,4010,8,3645,3,,,,,
2026/09/08 17:43,2026-09-08T17:58:32+09:00,2026/09/09,2026/09/10,2026-09,PUT,61375,61,,,44.34,43.29,81,1,73,1,,,,,
2026/09/08 17:43,2026-09-08T17:58:32+09:00,2026/09/09,2026/09/10,2026-09,CALL,61250,4010,,,64.91,,4130,8,3765,2,,,,,
2026/09/08 17:43,2026-09-08T17:58:32+09:00,2026/09/09,2026/09/10,2026-09,PUT,61250,62,,,44.73,43.76,75,1,68,1,,,,,
2026/09/08 17:43,2026-09-08T17:58:32+09:00,2026/09/09,2026/09/10,2026-09,CALL,61125,4130,,,65.61,,4245,8,3885,3,,,,,
2026/09/08 17:43,2026-09-08T17:58:32+09:00,2026/09/09,2026/09/10,2026-09,PUT,61125,55,,,45.2,44.18,70,1,63,1,,,,,
2026/09/08 17:43,2026-09-08T17:58:32+09:00,2026/09/09,2026/09/10,2026-09,CALL,61000,4250,,,65.1,,4345,22,4005,22,,,,,
2026/09/08 17:43,2026-09-08T17:58:32+09:00,2026/09/09,2026/09/10,2026-09,PUT,61000,50,,40,45.62,45.01,65,13,61,13,45.2,12,24,62,09/08 17:42
2026/09/08 17:43,2026-09-08T17:58:32+09:00,2026/09/09,2026/09/10,2026-09,CALL,60875,4370,,,67.73,,4485,7,4125,3,,,,,
2026/09/08 17:43,2026-09-08T17:58:32+09:00,2026/09/09,2026/09/10,2026-09,PUT,60875,46,,,46.14,44.99,61,1,54,1,,,,,
2026/09/08 17:43,2026-09-08T17:58:32+09:00,2026/09/09,2026/09/10,2026-09,CALL,60750,4495,,,69.17,,4610,8,4250,2,,,,,
2026/09/08 17:43,2026-09-08T17:58:32+09:00,2026/09/09,2026/09/10,2026-09,PUT,60750,48,,5,46.44,45.75,56,1,52,1,45.23,26,118.18,48,09/08 17:16
2026/09/08 17:43,2026-09-08T17:58:32+09:00,2026/09/09,2026/09/10,2026-09,CALL,60625,4615,,,70.6,,4735,8,4370,3,,,,,
2026/09/08 17:43,2026-09-08T17:58:32+09:00,2026/09/09,2026/09/10,2026-09,PUT,60625,45,,1,47.03,46.31,53,13,49,1,46.49,26,123.81,47,09/08 17:06
2026/09/08 17:43,2026-09-08T17:58:32+09:00,2026/09/09,2026/09/10,2026-09,CALL,60500,4740,,,70.78,,4845,3,4505,3,,,,,
2026/09/08 17:43,2026-09-08T17:58:32+09:00,2026/09/09,2026/09/10,2026-09,PUT,60500,43,,22,47.4,46.82,49,1,46,1,46,1,2.33,44,09/08 17:30
2026/09/08 17:43,2026-09-08T17:58:32+09:00,2026/09/09,2026/09/10,2026-09,CALL,60375,4860,,,73.46,,4985,8,4615,3,,,,,
2026/09/08 17:43,2026-09-08T17:58:32+09:00,2026/09/09,2026/09/10,2026-09,PUT,60375,37,,16,47.7,47.09,45,1,42,1,47.17,3,8.11,40,09/08 17:36
2026/09/08 17:43,2026-09-08T17:58:32+09:00,2026/09/09,2026/09/10,2026-09,CALL,60250,4985,,,74.88,,5110,8,4740,2,,,,,
2026/09/08 17:43,2026-09-08T17:58:32+09:00,2026/09/09,2026/09/10,2026-09,PUT,60250,36,,,48.37,46.83,43,2,36,1,,,,,
2026/09/08 17:43,2026-09-08T17:58:32+09:00,2026/09/09,2026/09/10,2026-09,CALL,60125,5110,,,76.31,,5235,8,4865,3,,,,,
2026/09/08 17:43,2026-09-08T17:58:32+09:00,2026/09/09,2026/09/10,2026-09,PUT,60125,32,,,49.22,47.39,42,1,34,1,,,,,
2026/09/08 17:43,2026-09-08T17:58:32+09:00,2026/09/09,2026/09/10,2026-09,CALL,60000,5235,,,74.62,,5325,22,4995,22,,,,,
2026/09/08 17:43,2026-09-08T17:58:32+09:00,2026/09/09,2026/09/10,2026-09,PUT,60000,26,,57,49.38,48.67,38,52,35,13,48.46,8,30.77,34,09/08 17:39
2026/09/08 17:43,2026-09-08T17:58:32+09:00,2026/09/09,2026/09/10,2026-09,CALL,59875,5355,,,78.7,,5480,8,5110,3,,,,,
2026/09/08 17:43,2026-09-08T17:58:32+09:00,2026/09/09,2026/09/10,2026-09,PUT,59875,30,,,50.19,49.2,37,1,33,1,,,,,
2026/09/08 17:43,2026-09-08T17:58:32+09:00,2026/09/09,2026/09/10,2026-09,CALL,59750,5480,,,79.21,,5595,8,5235,2,,,,,
2026/09/08 17:43,2026-09-08T17:58:32+09:00,2026/09/09,2026/09/10,2026-09,PUT,59750,27,,1,49.97,49.43,32,1,30,6,48.61,1,3.7,28,09/08 17:21
2026/09/08 17:43,2026-09-08T17:58:32+09:00,2026/09/09,2026/09/10,2026-09,CALL,59625,5605,,,81.51,,5730,8,5365,3,,,,,
2026/09/08 17:43,2026-09-08T17:58:32+09:00,2026/09/09,2026/09/10,2026-09,PUT,59625,26,,,51.25,42.26,33,1,9,23,,,,,
2026/09/08 17:43,2026-09-08T17:58:32+09:00,2026/09/09,2026/09/10,2026-09,CALL,59500,5725,,,84.71,,5875,10,5475,12,,,,,
2026/09/08 17:43,2026-09-08T17:58:32+09:00,2026/09/09,2026/09/10,2026-09,PUT,59500,21,,8,51.17,50.27,29,9,26,9,49.63,3,14.29,24,09/08 17:28
2026/09/08 17:43,2026-09-08T17:58:32+09:00,2026/09/09,2026/09/10,2026-09,CALL,59375,5850,,,83.4,,5970,5,5600,6,,,,,
2026/09/08 17:43,2026-09-08T17:58:32+09:00,2026/09/09,2026/09/10,2026-09,PUT,59375,23,,1,51.57,50.94,27,1,25,1,50.39,19,475,23,09/08 17:17
2026/09/08 17:43,2026-09-08T17:58:32+09:00,2026/09/09,2026/09/10,2026-09,CALL,59250,5975,,,,,,,,,,,,,
2026/09/08 17:43,2026-09-08T17:58:32+09:00,2026/09/09,2026/09/10,2026-09,PUT,59250,19,,,51.94,51.26,25,1,23,6,,,,,
2026/09/08 17:43,2026-09-08T17:58:32+09:00,2026/09/09,2026/09/10,2026-09,CALL,59125,6100,,,,,,,,,,,,,
2026/09/08 17:43,2026-09-08T17:58:32+09:00,2026/09/09,2026/09/10,2026-09,PUT,59125,21,,,52.59,51.89,24,5,22,1,,,,,
2026/09/08 17:43,2026-09-08T17:58:32+09:00,2026/09/09,2026/09/10,2026-09,CALL,59000,6220,,,,,,,,,,,,,
2026/09/08 17:43,2026-09-08T17:58:32+09:00,2026/09/09,2026/09/10,2026-09,PUT,59000,20,,99,52.86,52.11,22,13,20,13,52.18,0,0,20,09/08 17:41
2026/09/08 17:43,2026-09-08T17:58:32+09:00,2026/09/09,2026/09/10,2026-09,CALL,58875,6345,,,,,,,,,,,,,
2026/09/08 17:43,2026-09-08T17:58:32+09:00,2026/09/09,2026/09/10,2026-09,PUT,58875,19,,,53.46,52.68,21,1,19,5,,,,,
2026/09/08 17:43,2026-09-08T17:58:32+09:00,2026/09/09,2026/09/10,2026-09,CALL,58750,6470,,,,,,,,,,,,,
2026/09/08 17:43,2026-09-08T17:58:32+09:00,2026/09/09,2026/09/10,2026-09,PUT,58750,18,,3,54.04,53.22,20,6,18,6,53.18,15,500,18,09/08 17:37
2026/09/08 17:43,2026-09-08T17:58:32+09:00,2026/09/09,2026/09/10,2026-09,CALL,58625,6595,,,,,,,,,,,,,
2026/09/08 17:43,2026-09-08T17:58:32+09:00,2026/09/09,2026/09/10,2026-09,PUT,58625,12,,1,54.59,53.73,19,5,17,4,53.37,,,16,09/08 17:17
2026/09/08 17:43,2026-09-08T17:58:32+09:00,2026/09/09,2026/09/10,2026-09,CALL,58500,6720,,,,,,,,,,,,,
2026/09/08 17:43,2026-09-08T17:58:32+09:00,2026/09/09,2026/09/10,2026-09,PUT,58500,15,,7,54.67,54.21,17,1,16,2,53.36,0,0,15,09/08 17:30
2026/09/08 17:43,2026-09-08T17:58:32+09:00,2026/09/09,2026/09/10,2026-09,CALL,58375,6845,,,,,,,,,,,,,
2026/09/08 17:43,2026-09-08T17:58:32+09:00,2026/09/09,2026/09/10,2026-09,PUT,58375,12,,,57.35,53.6,21,24,13,21,,,,,
2026/09/08 17:43,2026-09-08T17:58:32+09:00,2026/09/09,2026/09/10,2026-09,CALL,58250,6970,,,,,,,,,,,,,
2026/09/08 17:43,2026-09-08T17:58:32+09:00,2026/09/09,2026/09/10,2026-09,PUT,58250,12,,,58.32,51.24,21,28,8,28,,,,,
2026/09/08 17:43,2026-09-08T17:58:32+09:00,2026/09/09,2026/09/10,2026-09,CALL,58000,7220,,,,,,,,,,,,,
2026/09/08 17:43,2026-09-08T17:58:32+09:00,2026/09/09,2026/09/10,2026-09,PUT,58000,10,,12,56.93,55.15,14,12,11,15,56.4,3,30,13,09/08 17:42
2026/09/08 17:43,2026-09-08T17:58:32+09:00,2026/09/09,2026/09/10,2026-09,CALL,57750,7465,,,,,,,,,,,,,
2026/09/08 17:43,2026-09-08T17:58:32+09:00,2026/09/09,2026/09/10,2026-09,PUT,57750,8,,,60.85,47.16,18,28,2,28,,,,,
2026/09/08 17:43,2026-09-08T17:58:32+09:00,2026/09/09,2026/09/10,2026-09,CALL,57500,7715,,,,,,,,,,,,,
2026/09/08 17:43,2026-09-08T17:58:32+09:00,2026/09/09,2026/09/10,2026-09,PUT,57500,8,,3,58.78,56.51,11,2,8,39,57.23,1,12.5,9,09/08 17:27
2026/09/08 17:43,2026-09-08T17:58:32+09:00,2026/09/09,2026/09/10,2026-09,CALL,57250,7965,,,,,,,,,,,,,
2026/09/08 17:43,2026-09-08T17:58:32+09:00,2026/09/09,2026/09/10,2026-09,PUT,57250,8,,,60.59,57.36,11,20,7,37,,,,,
2026/09/08 17:43,2026-09-08T17:58:32+09:00,2026/09/09,2026/09/10,2026-09,CALL,57000,8215,,,,,,,,,,,,,
2026/09/08 17:43,2026-09-08T17:58:32+09:00,2026/09/09,2026/09/10,2026-09,PUT,57000,7,,55,61.68,60.03,10,120,8,11,60.09,1,14.29,8,09/08 17:41
2026/09/08 17:43,2026-09-08T17:58:32+09:00,2026/09/09,2026/09/10,2026-09,CALL,56750,8465,,,,,,,,,,,,,
2026/09/08 17:43,2026-09-08T17:58:32+09:00,2026/09/09,2026/09/10,2026-09,PUT,56750,6,,3,61.8,59.79,8,1,6,40,60.64,1,16.67,7,09/08 17:21
2026/09/08 17:43,2026-09-08T17:58:32+09:00,2026/09/09,2026/09/10,2026-09,CALL,56500,8715,,,,,,,,,,,,,
2026/09/08 17:43,2026-09-08T17:58:32+09:00,2026/09/09,2026/09/10,2026-09,PUT,56500,4,,15,63.57,61.51,8,66,6,65,61.42,4,200,6,09/08 17:18
2026/09/08 17:43,2026-09-08T17:58:32+09:00,2026/09/09,2026/09/10,2026-09,CALL,56250,8965,,,,,,,,,,,,,
2026/09/08 17:43,2026-09-08T17:58:32+09:00,2026/09/09,2026/09/10,2026-09,PUT,56250,4,,,65.34,60.54,8,37,4,37,,,,,
2026/09/08 17:43,2026-09-08T17:58:32+09:00,2026/09/09,2026/09/10,2026-09,CALL,56000,9215,,,,,,,,,,,,,
2026/09/08 17:43,2026-09-08T17:58:32+09:00,2026/09/09,2026/09/10,2026-09,PUT,56000,4,,5,64.96,63.68,6,24,5,16,64.93,2,50,6,09/08 17:37
2026/09/08 17:43,2026-09-08T17:58:32+09:00,2026/09/09,2026/09/10,2026-09,CALL,55750,9465,,,,,,,,,,,,,
2026/09/08 17:43,2026-09-08T17:58:32+09:00,2026/09/09,2026/09/10,2026-09,PUT,55750,4,,,66.7,63.87,6,37,4,37,,,,,
2026/09/08 17:43,2026-09-08T17:58:32+09:00,2026/09/09,2026/09/10,2026-09,CALL,55500,9715,,,,,,,,,,,,,
2026/09/08 17:43,2026-09-08T17:58:32+09:00,2026/09/09,2026/09/10,2026-09,PUT,55500,3,,6,67.1,63.68,5,15,3,66,65.94,1,33.33,4,09/08 17:34
2026/09/08 17:43,2026-09-08T17:58:32+09:00,2026/09/09,2026/09/10,2026-09,CALL,55250,9965,,,,,,,,,,,,,
2026/09/08 17:43,2026-09-08T17:58:32+09:00,2026/09/09,2026/09/10,2026-09,PUT,55250,2,,1,68.81,65.32,5,38,3,40,67.26,2,100,4,09/08 17:42
2026/09/08 17:43,2026-09-08T17:58:32+09:00,2026/09/09,2026/09/10,2026-09,CALL,55000,10215,,,,,,,,,,,,,
2026/09/08 17:43,2026-09-08T17:58:32+09:00,2026/09/09,2026/09/10,2026-09,PUT,55000,3,,2,68.91,66.97,4,30,3,100,67.35,0,0,3,09/08 17:06
2026/09/08 17:43,2026-09-08T17:58:32+09:00,2026/09/09,2026/09/10,2026-09,CALL,54750,10465,,,,,,,,,,,,,
2026/09/08 17:43,2026-09-08T17:58:32+09:00,2026/09/09,2026/09/10,2026-09,PUT,54750,1,,4,70.6,66.04,4,5,2,22,68.83,2,200,3,09/08 17:40
2026/09/08 17:43,2026-09-08T17:58:32+09:00,2026/09/09,2026/09/10,2026-09,CALL,54500,10710,,,,,,,,,,,,,
2026/09/08 17:43,2026-09-08T17:58:32+09:00,2026/09/09,2026/09/10,2026-09,PUT,54500,3,,,70.27,,3,2,,,,,,,
2026/09/08 17:43,2026-09-08T17:58:32+09:00,2026/09/09,2026/09/10,2026-09,CALL,54250,10960,,,,,,,,,,,,,
2026/09/08 17:43,2026-09-08T17:58:32+09:00,2026/09/09,2026/09/10,2026-09,PUT,54250,1,,,84.35,,13,17,,,,,,,
2026/09/08 17:43,2026-09-08T17:58:32+09:00,2026/09/09,2026/09/10,2026-09,CALL,54000,11210,,,,,,,,,,,,,
2026/09/08 17:43,2026-09-08T17:58:32+09:00,2026/09/09,2026/09/10,2026-09,PUT,54000,2,,1,73.59,70.86,3,51,2,12,66.16,-1,-50,1,09/08 17:00
2026/09/08 17:43,2026-09-08T17:58:32+09:00,2026/09/09,2026/09/10,2026-09,CALL,53750,11460,,,,,,,,,,,,,
2026/09/08 17:43,2026-09-08T17:58:32+09:00,2026/09/09,2026/09/10,2026-09,PUT,53750,1,,,88.15,,13,17,,,,,,,
2026/09/08 17:43,2026-09-08T17:58:32+09:00,2026/09/09,2026/09/10,2026-09,CALL,53500,11710,,,,,,,,,,,,,
2026/09/08 17:43,2026-09-08T17:58:32+09:00,2026/09/09,2026/09/10,2026-09,PUT,53500,1,,,86.25,,9,28,,,,,,,
2026/09/08 17:43,2026-09-08T17:58:32+09:00,2026/09/09,2026/09/10,2026-09,CALL,53250,11960,,,,,,,,,,,,,
2026/09/08 17:43,2026-09-08T17:58:32+09:00,2026/09/09,2026/09/10,2026-09,PUT,53250,1,,,91.1,71.36,12,17,1,32,,,,,
2026/09/08 17:43,2026-09-08T17:58:32+09:00,2026/09/09,2026/09/10,2026-09,CALL,53000,12210,,,,,,,,,,,,,
2026/09/08 17:43,2026-09-08T17:58:32+09:00,2026/09/09,2026/09/10,2026-09,PUT,53000,1,,17,77.35,72.9,2,54,1,58,73.18,0,0,1,09/08 17:15
2026/09/08 17:43,2026-09-08T17:58:32+09:00,2026/09/09,2026/09/10,2026-09,CALL,52750,12460,,,,,,,,,,,,,
2026/09/08 17:43,2026-09-08T17:58:32+09:00,2026/09/09,2026/09/10,2026-09,PUT,52750,1,,109,84.29,,4,22,,,74.38,0,0,1,09/08 17:32
2026/09/08 17:43,2026-09-08T17:58:32+09:00,2026/09/09,2026/09/10,2026-09,CALL,52500,12710,,,,,,,,,,,,,
2026/09/08 17:43,2026-09-08T17:58:32+09:00,2026/09/09,2026/09/10,2026-09,PUT,52500,1,,,76.02,,1,110,,,,,,,
2026/09/08 17:43,2026-09-08T17:58:32+09:00,2026/09/09,2026/09/10,2026-09,CALL,52250,12960,,,,,,,,,,,,,
2026/09/08 17:43,2026-09-08T17:58:32+09:00,2026/09/09,2026/09/10,2026-09,PUT,52250,1,,2,82.27,,2,5,,,77.61,0,0,1,09/08 17:42
2026/09/08 17:43,2026-09-08T17:58:32+09:00,2026/09/09,2026/09/10,2026-09,CALL,52000,13210,,,,,,,,,,,,,
2026/09/08 17:43,2026-09-08T17:58:32+09:00,2026/09/09,2026/09/10,2026-09,PUT,52000,1,,5,79.15,,1,107,,,78.88,0,0,1,09/08 17:25
2026/09/08 17:43,2026-09-08T17:58:32+09:00,2026/09/09,2026/09/10,2026-09,CALL,51750,13460,,,,,,,,,,,,,
2026/09/08 17:43,2026-09-08T17:58:32+09:00,2026/09/09,2026/09/10,2026-09,PUT,51750,1,,,80.73,,1,1,,,,,,,
2026/09/08 17:43,2026-09-08T17:58:32+09:00,2026/09/09,2026/09/10,2026-09,CALL,51500,13710,,,,,,,,,,,,,
2026/09/08 17:43,2026-09-08T17:58:32+09:00,2026/09/09,2026/09/10,2026-09,PUT,51500,1,,1,82.31,,1,43,,,82.36,0,0,1,09/08 17:41
2026/09/08 17:43,2026-09-08T17:58:32+09:00,2026/09/09,2026/09/10,2026-09,CALL,51250,13960,,,,,,,,,,,,,
2026/09/08 17:43,2026-09-08T17:58:32+09:00,2026/09/09,2026/09/10,2026-09,PUT,51250,1,,,83.9,,1,2,,,,,,,
2026/09/08 17:43,2026-09-08T17:58:32+09:00,2026/09/09,2026/09/10,2026-09,CALL,51000,14210,,,,,,,,,,,,,
2026/09/08 17:43,2026-09-08T17:58:32+09:00,2026/09/09,2026/09/10,2026-09,PUT,51000,1,,2,85.5,,1,275,,,85.45,0,0,1,09/08 17:20
2026/09/08 17:43,2026-09-08T17:58:32+09:00,2026/09/09,2026/09/10,2026-09,CALL,50750,14460,,,,,,,,,,,,,
2026/09/08 17:43,2026-09-08T17:58:32+09:00,2026/09/09,2026/09/10,2026-09,PUT,50750,1,,,87.1,,1,2,,,,,,,
2026/09/08 17:43,2026-09-08T17:58:32+09:00,2026/09/09,2026/09/10,2026-09,CALL,50500,14710,,,,,,,,,,,,,
2026/09/08 17:43,2026-09-08T17:58:32+09:00,2026/09/09,2026/09/10,2026-09,PUT,50500,1,,,88.71,,1,98,,,,,,,
2026/09/08 17:43,2026-09-08T17:58:32+09:00,2026/09/09,2026/09/10,2026-09,CALL,50250,14960,,,,,,,,,,,,,
2026/09/08 17:43,2026-09-08T17:58:32+09:00,2026/09/09,2026/09/10,2026-09,PUT,50250,1,,,90.32,,1,2,,,,,,,
2026/09/08 17:43,2026-09-08T17:58:32+09:00,2026/09/09,2026/09/10,2026-09,CALL,50000,15210,,,,,,,,,,,,,
2026/09/08 17:43,2026-09-08T17:58:32+09:00,2026/09/09,2026/09/10,2026-09,PUT,50000,1,,2,91.94,,1,803,,,91.89,0,0,1,09/08 17:20
2026/09/08 17:43,2026-09-08T17:58:32+09:00,2026/09/09,2026/09/10,2026-09,CALL,49750,15460,,,,,,,,,,,,,
2026/09/08 17:43,2026-09-08T17:58:32+09:00,2026/09/09,2026/09/10,2026-09,PUT,49750,1,,,93.57,,1,2,,,,,,,
2026/09/08 17:43,2026-09-08T17:58:32+09:00,2026/09/09,2026/09/10,2026-09,CALL,49500,15710,,,,,,,,,,,,,
2026/09/08 17:43,2026-09-08T17:58:32+09:00,2026/09/09,2026/09/10,2026-09,PUT,49500,1,,2,95.2,,1,59,,,95.37,0,0,1,09/08 17:05
2026/09/08 17:43,2026-09-08T17:58:32+09:00,2026/09/09,2026/09/10,2026-09,CALL,49250,15960,,,,,,,,,,,,,
2026/09/08 17:43,2026-09-08T17:58:32+09:00,2026/09/09,2026/09/10,2026-09,PUT,49250,1,,,96.84,,1,7,,,,,,,
2026/09/08 17:43,2026-09-08T17:58:32+09:00,2026/09/09,2026/09/10,2026-09,CALL,49000,16210,,,,,,,,,,,,,
2026/09/08 17:43,2026-09-08T17:58:32+09:00,2026/09/09,2026/09/10,2026-09,PUT,49000,1,,4,98.49,,1,143,,,98.41,0,0,1,09/08 17:27
2026/09/08 17:43,2026-09-08T17:58:32+09:00,2026/09/09,2026/09/10,2026-09,CALL,48750,16460,,,,,,,,,,,,,
2026/09/08 17:43,2026-09-08T17:58:32+09:00,2026/09/09,2026/09/10,2026-09,PUT,48750,1,,2,100.14,,1,36,,,100.17,0,0,1,09/08 17:42
2026/09/08 17:43,2026-09-08T17:58:32+09:00,2026/09/09,2026/09/10,2026-09,CALL,48500,16710,,,,,,,,,,,,,
2026/09/08 17:43,2026-09-08T17:58:32+09:00,2026/09/09,2026/09/10,2026-09,PUT,48500,1,,,101.8,,1,53,,,,,,,
2026/09/08 17:43,2026-09-08T17:58:32+09:00,2026/09/09,2026/09/10,2026-09,CALL,48250,16960,,,,,,,,,,,,,
2026/09/08 17:43,2026-09-08T17:58:32+09:00,2026/09/09,2026/09/10,2026-09,PUT,48250,1,,,103.47,,1,54,,,,,,,
2026/09/08 17:43,2026-09-08T17:58:32+09:00,2026/09/09,2026/09/10,2026-09,CALL,48000,17210,,,,,,,,,,,,,
2026/09/08 17:43,2026-09-08T17:58:32+09:00,2026/09/09,2026/09/10,2026-09,PUT,48000,1,,12,105.15,,1,165,,,105,0,0,1,09/08 17:31
2026/09/08 17:43,2026-09-08T17:58:32+09:00,2026/09/09,2026/09/10,2026-09,CALL,47750,17460,,,,,,,,,,,,,
2026/09/08 17:43,2026-09-08T17:58:32+09:00,2026/09/09,2026/09/10,2026-09,PUT,47750,1,,,106.83,,1,7,,,,,,,
2026/09/08 17:43,2026-09-08T17:58:32+09:00,2026/09/09,2026/09/10,2026-09,CALL,47500,17710,,,,,,,,,,,,,
2026/09/08 17:43,2026-09-08T17:58:32+09:00,2026/09/09,2026/09/10,2026-09,PUT,47500,1,,,108.52,,1,68,,,,,,,
2026/09/08 17:43,2026-09-08T17:58:32+09:00,2026/09/09,2026/09/10,2026-09,CALL,47250,17960,,,,,,,,,,,,,
2026/09/08 17:43,2026-09-08T17:58:32+09:00,2026/09/09,2026/09/10,2026-09,PUT,47250,1,,,110.22,,1,7,,,,,,,
2026/09/08 17:43,2026-09-08T17:58:32+09:00,2026/09/09,2026/09/10,2026-09,CALL,47000,18210,,,,,,,,,,,,,
2026/09/08 17:43,2026-09-08T17:58:32+09:00,2026/09/09,2026/09/10,2026-09,PUT,47000,1,,,111.93,,1,63,,,,,,,
2026/09/08 17:43,2026-09-08T17:58:32+09:00,2026/09/09,2026/09/10,2026-09,CALL,46750,18460,,,,,,,,,,,,,
2026/09/08 17:43,2026-09-08T17:58:32+09:00,2026/09/09,2026/09/10,2026-09,PUT,46750,1,,,113.64,,1,7,,,,,,,
2026/09/08 17:43,2026-09-08T17:58:32+09:00,2026/09/09,2026/09/10,2026-09,CALL,46500,18710,,,,,,,,,,,,,
2026/09/08 17:43,2026-09-08T17:58:32+09:00,2026/09/09,2026/09/10,2026-09,PUT,46500,1,,1,115.36,,1,59,,,115.29,0,0,1,09/08 17:18
2026/09/08 17:43,2026-09-08T17:58:32+09:00,2026/09/09,2026/09/10,2026-09,CALL,46250,18960,,,,,,,,,,,,,
2026/09/08 17:43,2026-09-08T17:58:32+09:00,2026/09/09,2026/09/10,2026-09,PUT,46250,1,,1,117.09,,1,7,,,117.09,,,1,09/08 17:19
2026/09/08 17:43,2026-09-08T17:58:32+09:00,2026/09/09,2026/10/08,2026-10,CALL,80000,13,,6,29.82,28.55,16,1,11,27,29.59,-1,-6.25,15,09/08 17:36
2026/09/08 17:43,2026-09-08T17:58:32+09:00,2026/09/09,2026/10/08,2026-10,PUT,80000,14985,,,,,,,,,,,,,
2026/09/08 17:43,2026-09-08T17:58:32+09:00,2026/09/09,2026/10/08,2026-10,CALL,79500,15,,,34.82,26.85,60,7,8,16,,,,,
2026/09/08 17:43,2026-09-08T17:58:32+09:00,2026/09/09,2026/10/08,2026-10,PUT,79500,14485,,,,,,,,,,,,,
2026/09/08 17:43,2026-09-08T17:58:32+09:00,2026/09/09,2026/10/08,2026-10,CALL,79000,18,,,29.91,25.33,25,1,6,7,,,,,
2026/09/08 17:43,2026-09-08T17:58:32+09:00,2026/09/09,2026/10/08,2026-10,PUT,79000,13990,,,,,,,,,,,,,
2026/09/08 17:43,2026-09-08T17:58:32+09:00,2026/09/09,2026/10/08,2026-10,CALL,78500,21,,,31.05,24.16,40,7,5,7,,,,,
2026/09/08 17:43,2026-09-08T17:58:32+09:00,2026/09/09,2026/10/08,2026-10,PUT,78500,13495,,,,,,,,,,,,,
2026/09/08 17:43,2026-09-08T17:58:32+09:00,2026/09/09,2026/10/08,2026-10,CALL,78000,25,,6,28.55,27.94,27,1,23,24,28.44,0,0,26,09/08 17:34
2026/09/08 17:43,2026-09-08T17:58:32+09:00,2026/09/09,2026/10/08,2026-10,PUT,78000,12995,,,,,,,,,,,,,
2026/09/08 17:43,2026-09-08T17:58:32+09:00,2026/09/09,2026/10/08,2026-10,CALL,77500,29,,,28.85,27.26,36,16,24,52,,,,,
2026/09/08 17:43,2026-09-08T17:58:32+09:00,2026/09/09,2026/10/08,2026-10,PUT,77500,12505,,,,,,,,,,,,,
2026/09/08 17:43,2026-09-08T17:58:32+09:00,2026/09/09,2026/10/08,2026-10,CALL,77000,39,,1,28.61,27.37,42,78,31,24,27.9,-4,-10.26,35,09/08 17:05
2026/09/08 17:43,2026-09-08T17:58:32+09:00,2026/09/09,2026/10/08,2026-10,PUT,77000,12010,,,,,,,,,,,,,
2026/09/08 17:43,2026-09-08T17:58:32+09:00,2026/09/09,2026/10/08,2026-10,CALL,76500,42,,,28.09,26.96,46,16,35,2,,,,,
2026/09/08 17:43,2026-09-08T17:58:32+09:00,2026/09/09,2026/10/08,2026-10,PUT,76500,11515,,,,,,,,,,,,,
2026/09/08 17:43,2026-09-08T17:58:32+09:00,2026/09/09,2026/10/08,2026-10,CALL,76250,47,,,27.99,27.44,50,10,44,8,,,,,
2026/09/08 17:43,2026-09-08T17:58:32+09:00,2026/09/09,2026/10/08,2026-10,PUT,76250,11270,,,,,,,,,,,,,
2026/09/08 17:43,2026-09-08T17:58:32+09:00,2026/09/09,2026/10/08,2026-10,CALL,76000,52,,,27.86,27.34,54,21,48,21,,,,,
2026/09/08 17:43,2026-09-08T17:58:32+09:00,2026/09/09,2026/10/08,2026-10,PUT,76000,11030,,,,,,,,,,,,,
2026/09/08 17:43,2026-09-08T17:58:32+09:00,2026/09/09,2026/10/08,2026-10,CALL,75750,56,,,28.17,26.96,64,2,49,2,,,,,
2026/09/08 17:43,2026-09-08T17:58:32+09:00,2026/09/09,2026/10/08,2026-10,PUT,75750,10780,,,,,,,,,,,,,
2026/09/08 17:43,2026-09-08T17:58:32+09:00,2026/09/09,2026/10/08,2026-10,CALL,75500,61,,1,27.75,27.14,65,14,57,14,27.61,-36,-37.5,60,09/08 17:10
2026/09/08 17:43,2026-09-08T17:58:32+09:00,2026/09/09,2026/10/08,2026-10,PUT,75500,10535,,,,,,,,,,,,,
2026/09/08 17:43,2026-09-08T17:58:32+09:00,2026/09/09,2026/10/08,2026-10,CALL,75250,68,,,27.67,27.18,71,8,64,8,,,,,
2026/09/08 17:43,2026-09-08T17:58:32+09:00,2026/09/09,2026/10/08,2026-10,PUT,75250,10295,,,,,,,,,,,,,
2026/09/08 17:43,2026-09-08T17:58:32+09:00,2026/09/09,2026/10/08,2026-10,CALL,75000,81,,12,27.5,27.17,76,1,71,18,27.48,-6,-7.41,75,09/08 17:34
2026/09/08 17:43,2026-09-08T17:58:32+09:00,2026/09/09,2026/10/08,2026-10,PUT,75000,10050,,,,,,,,,,,,,
2026/09/08 17:43,2026-09-08T17:58:32+09:00,2026/09/09,2026/10/08,2026-10,CALL,74750,84,,,27.6,27.12,86,9,78,7,,,,,
2026/09/08 17:43,2026-09-08T17:58:32+09:00,2026/09/09,2026/10/08,2026-10,PUT,74750,9810,,,,,,,,,,,,,
2026/09/08 17:43,2026-09-08T17:58:32+09:00,2026/09/09,2026/10/08,2026-10,CALL,74500,90,,,27.37,26.96,91,1,84,12,,,,,
2026/09/08 17:43,2026-09-08T17:58:32+09:00,2026/09/09,2026/10/08,2026-10,PUT,74500,9565,,,,,,,,,,,,,
2026/09/08 17:43,2026-09-08T17:58:32+09:00,2026/09/09,2026/10/08,2026-10,CALL,74250,100,,,27.44,27.01,102,7,94,7,,,,,
2026/09/08 17:43,2026-09-08T17:58:32+09:00,2026/09/09,2026/10/08,2026-10,PUT,74250,9325,,,,,,,,,,,,,
2026/09/08 17:43,2026-09-08T17:58:32+09:00,2026/09/09,2026/10/08,2026-10,CALL,74000,109,,1,27.45,27.1,113,21,106,1,27.2,-8,-6.96,107,09/08 17:33
2026/09/08 17:43,2026-09-08T17:58:32+09:00,2026/09/09,2026/10/08,2026-10,PUT,74000,9085,,,,,,,,,,,,,
2026/09/08 17:43,2026-09-08T17:58:32+09:00,2026/09/09,2026/10/08,2026-10,CALL,73750,123,,,27.46,26.89,125,6,113,2,,,,,
2026/09/08 17:43,2026-09-08T17:58:32+09:00,2026/09/09,2026/10/08,2026-10,PUT,73750,8850,,,,,,,,,,,,,
2026/09/08 17:43,2026-09-08T17:58:32+09:00,2026/09/09,2026/10/08,2026-10,CALL,73500,133,,,27.16,27.03,131,3,128,1,,,,,
2026/09/08 17:43,2026-09-08T17:58:32+09:00,2026/09/09,2026/10/08,2026-10,PUT,73500,8610,,,,,,,,,,,,,
2026/09/08 17:43,2026-09-08T17:58:32+09:00,2026/09/09,2026/10/08,2026-10,CALL,73250,148,,,27.34,26.84,149,22,137,5,,,,,
2026/09/08 17:43,2026-09-08T17:58:32+09:00,2026/09/09,2026/10/08,2026-10,PUT,73250,8375,,,32.83,,8735,1,8320,5,,,,,
2026/09/08 17:43,2026-09-08T17:58:32+09:00,2026/09/09,2026/10/08,2026-10,CALL,73000,161,,4,27.11,26.99,158,3,155,1,27.07,-23,-12.78,157,09/08 17:40
2026/09/08 17:43,2026-09-08T17:58:32+09:00,2026/09/09,2026/10/08,2026-10,PUT,73000,8140,,,33.52,,8535,15,7890,18,,,,,
2026/09/08 17:43,2026-09-08T17:58:32+09:00,2026/09/09,2026/10/08,2026-10,CALL,72750,181,,,27.25,26.81,178,22,166,5,,,,,
2026/09/08 17:43,2026-09-08T17:58:32+09:00,2026/09/09,2026/10/08,2026-10,PUT,72750,7910,,,32.85,,8285,1,7660,7,,,,,
2026/09/08 17:43,2026-09-08T17:58:32+09:00,2026/09/09,2026/10/08,2026-10,CALL,72500,195,,,27.09,26.95,191,3,187,1,,,,,
2026/09/08 17:43,2026-09-08T17:58:32+09:00,2026/09/09,2026/10/08,2026-10,PUT,72500,7675,,,31.9,,8025,2,7425,12,,,,,
2026/09/08 17:43,2026-09-08T17:58:32+09:00,2026/09/09,2026/10/08,2026-10,CALL,72250,218,,,27.15,26.83,212,5,202,5,,,,,
2026/09/08 17:43,2026-09-08T17:58:32+09:00,2026/09/09,2026/10/08,2026-10,PUT,72250,7445,,,35.66,,7965,6,7195,7,,,,,
2026/09/08 17:43,2026-09-08T17:58:32+09:00,2026/09/09,2026/10/08,2026-10,CALL,72125,227,,,27.21,26.84,224,5,212,3,,,,,
2026/09/08 17:43,2026-09-08T17:58:32+09:00,2026/09/09,2026/10/08,2026-10,PUT,72125,7330,,,36.56,,7900,6,7080,6,,,,,
2026/09/08 17:43,2026-09-08T17:58:32+09:00,2026/09/09,2026/10/08,2026-10,CALL,72000,241,,2,27.04,26.92,229,12,225,1,27.04,-12,-4.98,229,09/08 17:39
2026/09/08 17:43,2026-09-08T17:58:32+09:00,2026/09/09,2026/10/08,2026-10,PUT,72000,7215,,,35.87,,7760,15,6965,18,,,,,
2026/09/08 17:43,2026-09-08T17:58:32+09:00,2026/09/09,2026/10/08,2026-10,CALL,71875,247,,,27.14,26.78,243,3,231,3,,,,,
2026/09/08 17:43,2026-09-08T17:58:32+09:00,2026/09/09,2026/10/08,2026-10,PUT,71875,7100,,,33.35,,7535,5,7040,4,,,,,
2026/09/08 17:43,2026-09-08T17:58:32+09:00,2026/09/09,2026/10/08,2026-10,CALL,71750,262,,,27.24,26.86,258,5,245,2,,,,,
2026/09/08 17:43,2026-09-08T17:58:32+09:00,2026/09/09,2026/10/08,2026-10,PUT,71750,6990,,,31.27,,7335,6,6740,6,,,,,
2026/09/08 17:43,2026-09-08T17:58:32+09:00,2026/09/09,2026/10/08,2026-10,CALL,71625,274,,,27.13,26.82,266,3,255,3,,,,,
2026/09/08 17:43,2026-09-08T17:58:32+09:00,2026/09/09,2026/10/08,2026-10,PUT,71625,6880,,,31.94,,7255,5,6630,6,,,,,
2026/09/08 17:43,2026-09-08T17:58:32+09:00,2026/09/09,2026/10/08,2026-10,CALL,71500,285,,,27.04,26.9,275,3,270,1,,,,,
2026/09/08 17:43,2026-09-08T17:58:32+09:00,2026/09/09,2026/10/08,2026-10,PUT,71500,6765,,,32.44,,7170,10,6515,12,,,,,
2026/09/08 17:43,2026-09-08T17:58:32+09:00,2026/09/09,2026/10/08,2026-10,CALL,71375,298,,,27.15,26.8,292,3,279,3,,,,,
2026/09/08 17:43,2026-09-08T17:58:32+09:00,2026/09/09,2026/10/08,2026-10,PUT,71375,6655,,,36.12,17.88,7245,1,6590,4,,,,,
2026/09/08 17:43,2026-09-08T17:58:32+09:00,2026/09/09,2026/10/08,2026-10,CALL,71250,315,,,27.14,26.75,305,2,290,2,,,,,
2026/09/08 17:43,2026-09-08T17:58:32+09:00,2026/09/09,2026/10/08,2026-10,PUT,71250,6545,,,32.94,,6980,1,6295,6,,,,,
2026/09/08 17:43,2026-09-08T17:58:32+09:00,2026/09/09,2026/10/08,2026-10,CALL,71125,335,,,29.89,24.9,435,14,235,14,,,,,
2026/09/08 17:43,2026-09-08T17:58:32+09:00,2026/09/09,2026/10/08,2026-10,PUT,71125,6440,,,28.98,,6690,1,6190,6,,,,,
2026/09/08 17:43,2026-09-08T17:58:32+09:00,2026/09/09,2026/10/08,2026-10,CALL,71000,335,,8,27.06,26.82,330,2,320,3,27.03,-15,-4.48,320,09/08 17:20
2026/09/08 17:43,2026-09-08T17:58:32+09:00,2026/09/09,2026/10/08,2026-10,PUT,71000,6320,,,33.56,,6800,3,6070,18,,,,,
2026/09/08 17:43,2026-09-08T17:58:32+09:00,2026/09/09,2026/10/08,2026-10,CALL,70875,360,,,29.68,24.91,460,14,260,14,,,,,
2026/09/08 17:43,2026-09-08T17:58:32+09:00,2026/09/09,2026/10/08,2026-10,PUT,70875,6215,,,34.68,19.88,6755,1,6150,4,,,,,
2026/09/08 17:43,2026-09-08T17:58:32+09:00,2026/09/09,2026/10/08,2026-10,CALL,70750,380,,,27.17,26.82,365,2,350,2,,,,,
2026/09/08 17:43,2026-09-08T17:58:32+09:00,2026/09/09,2026/10/08,2026-10,PUT,70750,6105,,,33.61,,6595,6,5855,7,,,,,
2026/09/08 17:43,2026-09-08T17:58:32+09:00,2026/09/09,2026/10/08,2026-10,CALL,70625,395,,,29.65,25.11,495,14,295,14,,,,,
2026/09/08 17:43,2026-09-08T17:58:32+09:00,2026/09/09,2026/10/08,2026-10,PUT,70625,6000,,,28.81,,6250,1,5750,6,,,,,
2026/09/08 17:43,2026-09-08T17:58:32+09:00,2026/09/09,2026/10/08,2026-10,CALL,70500,410,,,27.11,26.89,395,3,385,3,,,,,
2026/09/08 17:43,2026-09-08T17:58:32+09:00,2026/09/09,2026/10/08,2026-10,PUT,70500,5890,,,30.87,,6245,10,5640,12,,,,,
2026/09/08 17:43,2026-09-08T17:58:32+09:00,2026/09/09,2026/10/08,2026-10,CALL,70375,435,,,29.67,25.36,535,12,335,12,,,,,
2026/09/08 17:43,2026-09-08T17:58:32+09:00,2026/09/09,2026/10/08,2026-10,PUT,70375,5785,,,28.76,20.93,6035,1,5715,4,,,,,
2026/09/08 17:43,2026-09-08T17:58:32+09:00,2026/09/09,2026/10/08,2026-10,CALL,70250,450,,,27.11,26.9,430,2,420,2,,,,,
2026/09/08 17:43,2026-09-08T17:58:32+09:00,2026/09/09,2026/10/08,2026-10,PUT,70250,5680,,,28.77,12.22,5930,7,5430,7,,,,,
2026/09/08 17:43,2026-09-08T17:58:32+09:00,2026/09/09,2026/10/08,2026-10,CALL,70125,475,,,29.65,25.52,575,12,375,12,,,,,
2026/09/08 17:43,2026-09-08T17:58:32+09:00,2026/09/09,2026/10/08,2026-10,PUT,70125,5580,,,28.87,21.58,5830,6,5510,4,,,,,
2026/09/08 17:43,2026-09-08T17:58:32+09:00,2026/09/09,2026/10/08,2026-10,CALL,70000,485,,2,27.16,26.95,470,3,460,2,27.16,-15,-3.09,470,09/08 17:41
2026/09/08 17:43,2026-09-08T17:58:32+09:00,2026/09/09,2026/10/08,2026-10,PUT,70000,5470,,,28.75,15.18,5720,18,5220,18,,,,,
2026/09/08 17:43,2026-09-08T17:58:32+09:00,2026/09/09,2026/10/08,2026-10,CALL,69875,515,,,29.85,26.24,630,12,445,10,,,,,
2026/09/08 17:43,2026-09-08T17:58:32+09:00,2026/09/09,2026/10/08,2026-10,PUT,69875,5370,,,28.82,16.16,5620,6,5120,6,,,,,
2026/09/08 17:43,2026-09-08T17:58:32+09:00,2026/09/09,2026/10/08,2026-10,CALL,69750,535,,,27.25,26.85,515,2,495,2,,,,,
2026/09/08 17:43,2026-09-08T17:58:32+09:00,2026/09/09,2026/10/08,2026-10,PUT,69750,5265,,,28.78,16.7,5515,7,5015,8,,,,,
2026/09/08 17:43,2026-09-08T17:58:32+09:00,2026/09/09,2026/10/08,2026-10,CALL,69625,565,,,28.91,26.44,625,2,495,2,,,,,
2026/09/08 17:43,2026-09-08T17:58:32+09:00,2026/09/09,2026/10/08,2026-10,PUT,69625,5170,,,28.91,22.05,5420,8,5085,3,,,,,
2026/09/08 17:43,2026-09-08T17:58:32+09:00,2026/09/09,2026/10/08,2026-10,CALL,69500,580,,,27.18,26.9,555,3,540,3,,,,,
2026/09/08 17:43,2026-09-08T17:58:32+09:00,2026/09/09,2026/10/08,2026-10,PUT,69500,5060,,,28.57,21.32,5300,2,4945,3,,,,,
2026/09/08 17:43,2026-09-08T17:58:32+09:00,2026/09/09,2026/10/08,2026-10,CALL,69375,610,,,29.38,,700,12,,,,,,,
2026/09/08 17:43,2026-09-08T17:58:32+09:00,2026/09/09,2026/10/08,2026-10,PUT,69375,4965,,,28.85,21.41,5215,6,4840,3,,,,,
2026/09/08 17:43,2026-09-08T17:58:32+09:00,2026/09/09,2026/10/08,2026-10,CALL,69250,630,,,27.34,26.97,610,2,590,2,,,,,
2026/09/08 17:43,2026-09-08T17:58:32+09:00,2026/09/09,2026/10/08,2026-10,PUT,69250,4860,,,28.76,21.26,5110,7,4725,2,,,,,
2026/09/08 17:43,2026-09-08T17:58:32+09:00,2026/09/09,2026/10/08,2026-10,CALL,69125,660,,,28.92,25.53,725,10,535,12,,,,,
2026/09/08 17:43,2026-09-08T17:58:32+09:00,2026/09/09,2026/10/08,2026-10,PUT,69125,4770,,,28.92,22.8,5020,8,4690,8,,,,,
2026/09/08 17:43,2026-09-08T17:58:32+09:00,2026/09/09,2026/10/08,2026-10,CALL,69000,680,,2,27.25,26.99,655,6,640,6,27.17,-90,-12.16,650,09/08 17:38
2026/09/08 17:43,2026-09-08T17:58:32+09:00,2026/09/09,2026/10/08,2026-10,PUT,69000,4665,,,28.81,22.08,4915,18,4550,22,,,,,
2026/09/08 17:43,2026-09-08T17:58:32+09:00,2026/09/09,2026/10/08,2026-10,CALL,68875,720,,,29.92,,840,10,,,,,,,
2026/09/08 17:43,2026-09-08T17:58:32+09:00,2026/09/09,2026/10/08,2026-10,PUT,68875,4575,,,28.93,23.06,4825,8,4495,8,,,,,
2026/09/08 17:43,2026-09-08T17:58:32+09:00,2026/09/09,2026/10/08,2026-10,CALL,68750,745,,,27.38,27.04,715,14,695,2,,,,,
2026/09/08 17:43,2026-09-08T17:58:32+09:00,2026/09/09,2026/10/08,2026-10,PUT,68750,4475,,,28.88,23.11,4725,8,4395,8,,,,,
2026/09/08 17:43,2026-09-08T17:58:32+09:00,2026/09/09,2026/10/08,2026-10,CALL,68625,780,,,28.89,25.89,835,1,655,10,,,,,
2026/09/08 17:43,2026-09-08T17:58:32+09:00,2026/09/09,2026/10/08,2026-10,PUT,68625,4385,,,28.97,23.24,4635,8,4300,8,,,,,
2026/09/08 17:43,2026-09-08T17:58:32+09:00,2026/09/09,2026/10/08,2026-10,CALL,68500,800,,,27.27,27.11,765,4,755,2,,,,,
2026/09/08 17:43,2026-09-08T17:58:32+09:00,2026/09/09,2026/10/08,2026-10,PUT,68500,4285,,,28.73,23.52,4525,2,4215,3,,,,,
2026/09/08 17:43,2026-09-08T17:58:32+09:00,2026/09/09,2026/10/08,2026-10,CALL,68375,845,,,29.35,,925,10,,,,,,,
2026/09/08 17:43,2026-09-08T17:58:32+09:00,2026/09/09,2026/10/08,2026-10,PUT,68375,4200,,,29.04,23.51,4450,8,4115,8,,,,,
2026/09/08 17:43,2026-09-08T17:58:32+09:00,2026/09/09,2026/10/08,2026-10,CALL,68250,870,,,27.59,27.04,845,2,810,2,,,,,
2026/09/08 17:43,2026-09-08T17:58:32+09:00,2026/09/09,2026/10/08,2026-10,PUT,68250,4100,,,28.93,23.39,4350,8,4010,8,,,,,
2026/09/08 17:43,2026-09-08T17:58:32+09:00,2026/09/09,2026/10/08,2026-10,CALL,68125,920,,,29.35,25.9,990,1,770,10,,,,,
2026/09/08 17:43,2026-09-08T17:58:32+09:00,2026/09/09,2026/10/08,2026-10,PUT,68125,4025,,,29.2,23.86,4275,8,3940,8,,,,,
2026/09/08 17:43,2026-09-08T17:58:32+09:00,2026/09/09,2026/10/08,2026-10,CALL,68000,930,,3,27.46,27.14,900,42,880,6,27.52,-125,-12.44,880,09/08 17:18
2026/09/08 17:43,2026-09-08T17:58:32+09:00,2026/09/09,2026/10/08,2026-10,PUT,68000,3915,,,32.36,16.62,4395,7,3445,4,,,,,
2026/09/08 17:43,2026-09-08T17:58:32+09:00,2026/09/09,2026/10/08,2026-10,CALL,67875,985,,,29.3,25.94,1055,1,835,9,,,,,
2026/09/08 17:43,2026-09-08T17:58:32+09:00,2026/09/09,2026/10/08,2026-10,PUT,67875,3840,,,29.15,23.88,4090,8,3750,8,,,,,
2026/09/08 17:43,2026-09-08T17:58:32+09:00,2026/09/09,2026/10/08,2026-10,CALL,67750,1015,,,27.65,27.04,980,2,940,2,,,,,
2026/09/08 17:43,2026-09-08T17:58:32+09:00,2026/09/09,2026/10/08,2026-10,PUT,67750,3745,,,29.07,23.86,3995,8,3655,8,,,,,
2026/09/08 17:43,2026-09-08T17:58:32+09:00,2026/09/09,2026/10/08,2026-10,CALL,67625,1060,,,31.17,,1255,9,,,,,,,
2026/09/08 17:43,2026-09-08T17:58:32+09:00,2026/09/09,2026/10/08,2026-10,PUT,67625,3665,,,29.2,23.99,3915,8,3570,8,,,,,
2026/09/08 17:43,2026-09-08T17:58:32+09:00,2026/09/09,2026/10/08,2026-10,CALL,67500,1085,,,27.55,27.25,1045,3,1025,3,,,,,
2026/09/08 17:43,2026-09-08T17:58:32+09:00,2026/09/09,2026/10/08,2026-10,PUT,67500,3570,,,28.94,24.09,3810,2,3485,3,,,,,
2026/09/08 17:43,2026-09-08T17:58:32+09:00,2026/09/09,2026/10/08,2026-10,CALL,67375,1145,,,28.9,25.52,1175,8,945,9,,,,,
2026/09/08 17:43,2026-09-08T17:58:32+09:00,2026/09/09,2026/10/08,2026-10,PUT,67375,3500,,,29.33,24.17,3750,8,3400,8,,,,,
2026/09/08 17:43,2026-09-08T17:58:32+09:00,2026/09/09,2026/10/08,2026-10,CALL,67250,1190,,,27.76,27.33,1135,2,1105,2,,,,,
2026/09/08 17:43,2026-09-08T17:58:32+09:00,2026/09/09,2026/10/08,2026-10,PUT,67250,3420,,,28.62,27.76,3615,9,3555,9,,,,,
2026/09/08 17:43,2026-09-08T17:58:32+09:00,2026/09/09,2026/10/08,2026-10,CALL,67125,1225,,,28.06,26.91,1195,1,1115,9,,,,,
2026/09/08 17:43,2026-09-08T17:58:32+09:00,2026/09/09,2026/10/08,2026-10,PUT,67125,3335,,,29.41,24.29,3585,8,3230,8,,,,,
2026/09/08 17:43,2026-09-08T17:58:32+09:00,2026/09/09,2026/10/08,2026-10,CALL,67000,1240,,5,27.69,27.48,1210,6,1195,2,27.99,-55,-4.44,1185,09/08 17:30
2026/09/08 17:43,2026-09-08T17:58:32+09:00,2026/09/09,2026/10/08,2026-10,PUT,67000,3310,,,29.32,27.12,3495,5,3340,9,,,,,
2026/09/08 17:43,2026-09-08T17:58:32+09:00,2026/09/09,2026/10/08,2026-10,CALL,66875,1325,,,28.59,26.9,1315,20,1195,20,,,,,
2026/09/08 17:43,2026-09-08T17:58:32+09:00,2026/09/09,2026/10/08,2026-10,PUT,66875,3180,,,29.57,24.4,3430,8,3065,8,,,,,
2026/09/08 17:43,2026-09-08T17:58:32+09:00,2026/09/09,2026/10/08,2026-10,CALL,66750,1375,,,27.99,27.22,1315,2,1260,1,,,,,
2026/09/08 17:43,2026-09-08T17:58:32+09:00,2026/09/09,2026/10/08,2026-10,PUT,66750,3170,,,29.03,27.85,3310,1,3225,1,,,,,
2026/09/08 17:43,2026-09-08T17:58:32+09:00,2026/09/09,2026/10/08,2026-10,CALL,66625,1405,,,28.28,27.03,1380,1,1290,8,,,,,
2026/09/08 17:43,2026-09-08T17:58:32+09:00,2026/09/09,2026/10/08,2026-10,PUT,66625,3030,,,29.66,24.59,3275,1,2910,6,,,,,
2026/09/08 17:43,2026-09-08T17:58:32+09:00,2026/09/09,2026/10/08,2026-10,CALL,66500,1450,,,27.87,27.53,1395,2,1370,2,,,,,
2026/09/08 17:43,2026-09-08T17:58:32+09:00,2026/09/09,2026/10/08,2026-10,PUT,66500,2980,,,29.11,27.73,3155,1,3055,1,,,,,
2026/09/08 17:43,2026-09-08T17:58:32+09:00,2026/09/09,2026/10/08,2026-10,CALL,66375,1505,,,28.75,27.11,1505,20,1385,20,,,,,
2026/09/08 17:43,2026-09-08T17:58:32+09:00,2026/09/09,2026/10/08,2026-10,PUT,66375,2880,,,,19.14,,,2360,6,,,,,
2026/09/08 17:43,2026-09-08T17:58:32+09:00,2026/09/09,2026/10/08,2026-10,CALL,66250,1550,,,28.25,27.63,1515,2,1470,2,,,,,
2026/09/08 17:43,2026-09-08T17:58:32+09:00,2026/09/09,2026/10/08,2026-10,PUT,66250,2870,,,28.86,27.97,2980,1,2915,1,,,,,
2026/09/08 17:43,2026-09-08T17:58:32+09:00,2026/09/09,2026/10/08,2026-10,CALL,66125,1600,,,28.27,27.19,1565,1,1485,20,,,,,
2026/09/08 17:43,2026-09-08T17:58:32+09:00,2026/09/09,2026/10/08,2026-10,PUT,66125,2740,,,,18.73,,,2165,6,,,,,
2026/09/08 17:43,2026-09-08T17:58:32+09:00,2026/09/09,2026/10/08,2026-10,CALL,66000,1645,,,28.08,27.88,1600,1,1585,1,,,,,
2026/09/08 17:43,2026-09-08T17:58:32+09:00,2026/09/09,2026/10/08,2026-10,PUT,66000,2715,,11,29.09,28.21,2845,4,2780,4,27.72,180,6.79,2830,09/08 17:00
2026/09/08 17:43,2026-09-08T17:58:32+09:00,2026/09/09,2026/10/08,2026-10,CALL,65875,1710,,,28.61,27.27,1690,7,1590,20,,,,,
2026/09/08 17:43,2026-09-08T17:58:32+09:00,2026/09/09,2026/10/08,2026-10,PUT,65875,2570,,,29.75,26.46,2820,6,2575,5,,,,,
2026/09/08 17:43,2026-09-08T17:58:32+09:00,2026/09/09,2026/10/08,2026-10,CALL,65750,1765,,,28.66,27.72,1745,1,1675,1,,,,,
2026/09/08 17:43,2026-09-08T17:58:32+09:00,2026/09/09,2026/10/08,2026-10,PUT,65750,2590,,,29.33,28.06,2715,2,2620,2,,,,,
2026/09/08 17:43,2026-09-08T17:58:32+09:00,2026/09/09,2026/10/08,2026-10,CALL,65625,1830,,,28.76,27.42,1805,1,1705,7,,,,,
2026/09/08 17:43,2026-09-08T17:58:32+09:00,2026/09/09,2026/10/08,2026-10,PUT,65625,2440,,,29.42,28.09,2650,5,2550,6,,,,,
2026/09/08 17:43,2026-09-08T17:58:32+09:00,2026/09/09,2026/10/08,2026-10,CALL,65500,1885,,1,28.37,28.11,1830,2,1810,1,28.55,,,1785,09/08 17:24
2026/09/08 17:43,2026-09-08T17:58:32+09:00,2026/09/09,2026/10/08,2026-10,PUT,65500,2500,,,29.31,28.44,2570,3,2505,3,,,,,
2026/09/08 17:43,2026-09-08T17:58:32+09:00,2026/09/09,2026/10/08,2026-10,CALL,65375,1950,,,28.98,27.51,1930,7,1820,7,,,,,
2026/09/08 17:43,2026-09-08T17:58:32+09:00,2026/09/09,2026/10/08,2026-10,PUT,65375,2315,,,29.51,28.04,2515,7,2405,7,,,,,
2026/09/08 17:43,2026-09-08T17:58:32+09:00,2026/09/09,2026/10/08,2026-10,CALL,65250,2020,,,28.96,28.16,1985,2,1925,2,,,,,
2026/09/08 17:43,2026-09-08T17:58:32+09:00,2026/09/09,2026/10/08,2026-10,PUT,65250,2320,,,29.49,28.7,2445,1,2385,1,,,,,
2026/09/08 17:43,2026-09-08T17:58:32+09:00,2026/09/09,2026/10/08,2026-10,CALL,65125,2075,,,29.13,27.67,2055,7,1945,7,,,,,
2026/09/08 17:43,2026-09-08T17:58:32+09:00,2026/09/09,2026/10/08,2026-10,PUT,65125,2200,,,29.66,28.73,2390,6,2320,7,,,,,
2026/09/08 17:43,2026-09-08T17:58:32+09:00,2026/09/09,2026/10/08,2026-10,CALL,65000,2140,,,28.62,28.23,2075,2,2045,1,,,,,
2026/09/08 17:43,2026-09-08T17:58:32+09:00,2026/09/09,2026/10/08,2026-10,PUT,65000,2220,,2,29.55,28.82,2315,4,2260,4,28.86,55,2.48,2275,09/08 17:05
2026/09/08 17:43,2026-09-08T17:58:32+09:00,2026/09/09,2026/10/08,2026-10,CALL,64875,2200,,,29.23,27.77,2180,7,2070,7,,,,,
2026/09/08 17:43,2026-09-08T17:58:32+09:00,2026/09/09,2026/10/08,2026-10,PUT,64875,2155,,,29.76,28.83,2265,6,2195,7,,,,,
2026/09/08 17:43,2026-09-08T17:58:32+09:00,2026/09/09,2026/10/08,2026-10,CALL,64750,2280,,,29.22,28.22,2240,2,2165,2,,,,,
2026/09/08 17:43,2026-09-08T17:58:32+09:00,2026/09/09,2026/10/08,2026-10,PUT,64750,2100,,,29.62,29.02,2190,2,2145,2,,,,,
2026/09/08 17:43,2026-09-08T17:58:32+09:00,2026/09/09,2026/10/08,2026-10,CALL,64625,2335,,,29.33,27.87,2310,7,2200,7,,,,,
2026/09/08 17:43,2026-09-08T17:58:32+09:00,2026/09/09,2026/10/08,2026-10,PUT,64625,2045,,,29.93,29,2150,7,2080,7,,,,,
2026/09/08 17:43,2026-09-08T17:58:32+09:00,2026/09/09,2026/10/08,2026-10,CALL,64500,2415,,,29.36,28.29,2375,1,2295,1,,,,,
2026/09/08 17:43,2026-09-08T17:58:32+09:00,2026/09/09,2026/10/08,2026-10,PUT,64500,1990,,,29.7,29.3,2070,2,2040,1,,,,,
2026/09/08 17:43,2026-09-08T17:58:32+09:00,2026/09/09,2026/10/08,2026-10,CALL,64375,2485,,,29.51,28.44,2450,7,2370,6,,,,,
2026/09/08 17:43,2026-09-08T17:58:32+09:00,2026/09/09,2026/10/08,2026-10,PUT,64375,1935,,,29.98,29.04,2030,7,1960,1,,,,,
2026/09/08 17:43,2026-09-08T17:58:32+09:00,2026/09/09,2026/10/08,2026-10,CALL,64250,2550,,,29.58,28.57,2520,8,2445,2,,,,,
2026/09/08 17:43,2026-09-08T17:58:32+09:00,2026/09/09,2026/10/08,2026-10,PUT,64250,1880,,,30.05,29.24,1975,1,1915,1,,,,,
2026/09/08 17:43,2026-09-08T17:58:32+09:00,2026/09/09,2026/10/08,2026-10,CALL,64125,2630,,,31.51,26.8,2730,5,2380,6,,,,,
2026/09/08 17:43,2026-09-08T17:58:32+09:00,2026/09/09,2026/10/08,2026-10,PUT,64125,1830,,,30.24,29.23,1930,7,1855,27,,,,,
2026/09/08 17:43,2026-09-08T17:58:32+09:00,2026/09/09,2026/10/08,2026-10,CALL,64000,2695,,,29.6,28.79,2655,4,2595,4,,,,,
2026/09/08 17:43,2026-09-08T17:58:32+09:00,2026/09/09,2026/10/08,2026-10,PUT,64000,1790,,7,30.01,29.74,1855,1,1835,4,28.97,110,6.51,1800,09/08 17:04
2026/09/08 17:43,2026-09-08T17:58:32+09:00,2026/09/09,2026/10/08,2026-10,CALL,63875,2785,,,30.91,27.04,2820,5,2535,6,,,,,
2026/09/08 17:43,2026-09-08T17:58:32+09:00,2026/09/09,2026/10/08,2026-10,PUT,63875,1730,,,30.3,28.81,1820,7,1710,7,,,,,
2026/09/08 17:43,2026-09-08T17:58:32+09:00,2026/09/09,2026/10/08,2026-10,CALL,63750,2845,,,30.04,28.95,2825,2,2745,2,,,,,
2026/09/08 17:43,2026-09-08T17:58:32+09:00,2026/09/09,2026/10/08,2026-10,PUT,63750,1680,,,30.38,29.56,1770,1,1710,1,,,,,
2026/09/08 17:43,2026-09-08T17:58:32+09:00,2026/09/09,2026/10/08,2026-10,CALL,63625,2955,,,32.57,27.42,3080,5,2705,6,,,,,
2026/09/08 17:43,2026-09-08T17:58:32+09:00,2026/09/09,2026/10/08,2026-10,PUT,63625,1635,,,30.51,29.55,1725,8,1655,8,,,,,
2026/09/08 17:43,2026-09-08T17:58:32+09:00,2026/09/09,2026/10/08,2026-10,CALL,63500,3040,,,30.29,28.98,2985,13,2890,3,,,,,
2026/09/08 17:43,2026-09-08T17:58:32+09:00,2026/09/09,2026/10/08,2026-10,PUT,63500,1595,,,30.36,30.01,1660,2,1635,2,,,,,
2026/09/08 17:43,2026-09-08T17:58:32+09:00,2026/09/09,2026/10/08,2026-10,CALL,63375,3085,,,32.33,27.19,3205,5,2835,6,,,,,
2026/09/08 17:43,2026-09-08T17:58:32+09:00,2026/09/09,2026/10/08,2026-10,PUT,63375,1525,,,30.81,29.14,1640,20,1520,20,,,,,
2026/09/08 17:43,2026-09-08T17:58:32+09:00,2026/09/09,2026/10/08,2026-10,CALL,63250,3195,,,30.55,29.22,3150,2,3055,2,,,,,
2026/09/08 17:43,2026-09-08T17:58:32+09:00,2026/09/09,2026/10/08,2026-10,PUT,63250,1505,,,30.69,30.06,1580,2,1535,2,,,,,
2026/09/08 17:43,2026-09-08T17:58:32+09:00,2026/09/09,2026/10/08,2026-10,CALL,63125,3270,,,32.81,27.66,3385,5,3020,6,,,,,
2026/09/08 17:43,2026-09-08T17:58:32+09:00,2026/09/09,2026/10/08,2026-10,PUT,63125,1440,,,31.4,29.85,1580,8,1470,8,,,,,
2026/09/08 17:43,2026-09-08T17:58:32+09:00,2026/09/09,2026/10/08,2026-10,CALL,63000,3355,,,30.76,29.13,3315,23,3200,19,,,,,
2026/09/08 17:43,2026-09-08T17:58:32+09:00,2026/09/09,2026/10/08,2026-10,PUT,63000,1450,,10,30.76,30.48,1485,5,1465,4,30.14,45,3.1,1495,09/08 17:00
2026/09/08 17:43,2026-09-08T17:58:32+09:00,2026/09/09,2026/10/08,2026-10,CALL,62875,3425,,,32.88,27.65,3540,5,3175,6,,,,,
2026/09/08 17:43,2026-09-08T17:58:32+09:00,2026/09/09,2026/10/08,2026-10,PUT,62875,1365,,,31.67,29.95,1500,20,1380,20,,,,,
2026/09/08 17:43,2026-09-08T17:58:32+09:00,2026/09/09,2026/10/08,2026-10,CALL,62750,3540,,,30.49,29.62,3450,9,3390,3,,,,,
2026/09/08 17:43,2026-09-08T17:58:32+09:00,2026/09/09,2026/10/08,2026-10,PUT,62750,1325,,,31.14,30.49,1415,1,1370,1,,,,,
2026/09/08 17:43,2026-09-08T17:58:32+09:00,2026/09/09,2026/10/08,2026-10,CALL,62625,3605,,,33.11,27.93,3710,8,3355,8,,,,,
2026/09/08 17:43,2026-09-08T17:58:32+09:00,2026/09/09,2026/10/08,2026-10,PUT,62625,1285,,,31.45,30.14,1390,9,1300,8,,,,,
2026/09/08 17:43,2026-09-08T17:58:32+09:00,2026/09/09,2026/10/08,2026-10,CALL,62500,3685,,,30.87,29.54,3635,5,3545,14,,,,,
2026/09/08 17:43,2026-09-08T17:58:32+09:00,2026/09/09,2026/10/08,2026-10,PUT,62500,1290,,,31.17,30.87,1325,5,1305,4,,,,,
2026/09/08 17:43,2026-09-08T17:58:32+09:00,2026/09/09,2026/10/08,2026-10,CALL,62375,3815,,,33.74,28.62,3910,8,3565,8,,,,,
2026/09/08 17:43,2026-09-08T17:58:32+09:00,2026/09/09,2026/10/08,2026-10,PUT,62375,1210,,,33,29.52,1405,8,1170,8,,,,,
2026/09/08 17:43,2026-09-08T17:58:32+09:00,2026/09/09,2026/10/08,2026-10,CALL,62250,3860,,,31.44,29.71,3835,4,3720,4,,,,,
2026/09/08 17:43,2026-09-08T17:58:32+09:00,2026/09/09,2026/10/08,2026-10,PUT,62250,1175,,,31.66,30.99,1270,2,1225,2,,,,,
2026/09/08 17:43,2026-09-08T17:58:32+09:00,2026/09/09,2026/10/08,2026-10,CALL,62125,3975,,,33.95,28.57,4085,8,3730,3,,,,,
2026/09/08 17:43,2026-09-08T17:58:32+09:00,2026/09/09,2026/10/08,2026-10,PUT,62125,1145,,,33.28,28.73,1335,8,1035,8,,,,,
2026/09/08 17:43,2026-09-08T17:58:32+09:00,2026/09/09,2026/10/08,2026-10,CALL,62000,4060,,,31.12,30.27,3980,20,3925,2,,,,,
2026/09/08 17:43,2026-09-08T17:58:32+09:00,2026/09/09,2026/10/08,2026-10,PUT,62000,1150,,1,31.58,31.27,1180,3,1160,41,30.98,25,2.17,1175,09/08 17:11
2026/09/08 17:43,2026-09-08T17:58:32+09:00,2026/09/09,2026/10/08,2026-10,CALL,61875,4195,,,34.42,29.25,4280,8,3945,8,,,,,
2026/09/08 17:43,2026-09-08T17:58:32+09:00,2026/09/09,2026/10/08,2026-10,PUT,61875,1060,,,33.43,29.72,1260,9,1020,8,,,,,
2026/09/08 17:43,2026-09-08T17:58:32+09:00,2026/09/09,2026/10/08,2026-10,CALL,61750,4265,,,34.76,29.45,4385,8,4045,8,,,,,
2026/09/08 17:43,2026-09-08T17:58:32+09:00,2026/09/09,2026/10/08,2026-10,PUT,61750,1065,,,31.9,31.51,1120,13,1095,13,,,,,
2026/09/08 17:43,2026-09-08T17:58:32+09:00,2026/09/09,2026/10/08,2026-10,CALL,61625,4355,,,34.47,29,4450,8,4105,8,,,,,
2026/09/08 17:43,2026-09-08T17:58:32+09:00,2026/09/09,2026/10/08,2026-10,PUT,61625,970,,,32.52,30.05,1120,9,965,8,,,,,
2026/09/08 17:43,2026-09-08T17:58:32+09:00,2026/09/09,2026/10/08,2026-10,CALL,61500,4460,,,37.03,29.42,4700,3,4220,3,,,,,
2026/09/08 17:43,2026-09-08T17:58:32+09:00,2026/09/09,2026/10/08,2026-10,PUT,61500,990,,,32.02,31.78,1050,3,1035,2,,,,,
2026/09/08 17:43,2026-09-08T17:58:32+09:00,2026/09/09,2026/10/08,2026-10,CALL,61375,4550,,,34.85,29.25,4645,8,4300,8,,,,,
2026/09/08 17:43,2026-09-08T17:58:32+09:00,2026/09/09,2026/10/08,2026-10,PUT,61375,915,,,32.86,29.42,1065,10,855,9,,,,,
2026/09/08 17:43,2026-09-08T17:58:32+09:00,2026/09/09,2026/10/08,2026-10,CALL,61250,4655,,,37.6,29.49,4905,8,4405,8,,,,,
2026/09/08 17:43,2026-09-08T17:58:32+09:00,2026/09/09,2026/10/08,2026-10,PUT,61250,920,,,32.32,31.91,995,2,970,2,,,,,
2026/09/08 17:43,2026-09-08T17:58:32+09:00,2026/09/09,2026/10/08,2026-10,CALL,61125,4755,,,35.28,29.63,4845,8,4505,8,,,,,
2026/09/08 17:43,2026-09-08T17:58:32+09:00,2026/09/09,2026/10/08,2026-10,PUT,61125,870,,,33.33,29.54,1020,10,795,10,,,,,
2026/09/08 17:43,2026-09-08T17:58:32+09:00,2026/09/09,2026/10/08,2026-10,CALL,61000,4850,,,37.5,29.66,5070,22,4600,22,,,,,
2026/09/08 17:43,2026-09-08T17:58:32+09:00,2026/09/09,2026/10/08,2026-10,PUT,61000,880,,1,32.5,32.25,935,3,920,45,31.77,325,54.62,920,09/08 17:26
2026/09/08 17:43,2026-09-08T17:58:32+09:00,2026/09/09,2026/10/08,2026-10,CALL,60875,4960,,,38.35,29.95,5210,8,4710,8,,,,,
2026/09/08 17:43,2026-09-08T17:58:32+09:00,2026/09/09,2026/10/08,2026-10,PUT,60875,825,,,33.75,29.87,975,10,750,1,,,,,
2026/09/08 17:43,2026-09-08T17:58:32+09:00,2026/09/09,2026/10/08,2026-10,CALL,60750,5055,,,38.48,29.97,5305,8,4805,8,,,,,
2026/09/08 17:43,2026-09-08T17:58:32+09:00,2026/09/09,2026/10/08,2026-10,PUT,60750,815,,,32.88,32.45,890,2,865,2,,,,,
2026/09/08 17:43,2026-09-08T17:58:32+09:00,2026/09/09,2026/10/08,2026-10,CALL,60625,5145,,,38.51,29.87,5395,8,4895,8,,,,,
2026/09/08 17:43,2026-09-08T17:58:32+09:00,2026/09/09,2026/10/08,2026-10,PUT,60625,780,,,33.71,30.42,905,10,720,10,,,,,
2026/09/08 17:43,2026-09-08T17:58:32+09:00,2026/09/09,2026/10/08,2026-10,CALL,60500,5260,,,38.79,30.41,5500,3,5020,3,,,,,
2026/09/08 17:43,2026-09-08T17:58:32+09:00,2026/09/09,2026/10/08,2026-10,PUT,60500,780,,3,33.05,32.78,835,3,820,5,32.53,315,60.58,835,09/08 17:31
2026/09/08 17:43,2026-09-08T17:58:32+09:00,2026/09/09,2026/10/08,2026-10,CALL,60375,5360,,,39.13,30.28,5610,8,5110,8,,,,,
2026/09/08 17:43,2026-09-08T17:58:32+09:00,2026/09/09,2026/10/08,2026-10,PUT,60375,725,,,33.87,30.57,850,11,670,1,,,,,
2026/09/08 17:43,2026-09-08T17:58:32+09:00,2026/09/09,2026/10/08,2026-10,CALL,60250,5460,,,39.31,30.33,5710,8,5210,8,,,,,
2026/09/08 17:43,2026-09-08T17:58:32+09:00,2026/09/09,2026/10/08,2026-10,PUT,60250,725,,,33.34,33.07,790,2,775,2,,,,,
2026/09/08 17:43,2026-09-08T17:58:32+09:00,2026/09/09,2026/10/08,2026-10,CALL,60125,5580,,,39.82,30.76,5830,8,5330,8,,,,,
2026/09/08 17:43,2026-09-08T17:58:32+09:00,2026/09/09,2026/10/08,2026-10,PUT,60125,695,,,34.44,30.85,820,12,630,10,,,,,
2026/09/08 17:43,2026-09-08T17:58:32+09:00,2026/09/09,2026/10/08,2026-10,CALL,60000,5675,,,33.97,31.28,5595,18,5455,18,,,,,
2026/09/08 17:43,2026-09-08T17:58:32+09:00,2026/09/09,2026/10/08,2026-10,PUT,60000,685,,3,33.6,33.31,745,10,730,20,32.95,55,8.03,740,09/08 17:13
2026/09/08 17:43,2026-09-08T17:58:32+09:00,2026/09/09,2026/10/08,2026-10,CALL,59875,5795,,,40.39,31.09,6045,6,5545,6,,,,,
2026/09/08 17:43,2026-09-08T17:58:32+09:00,2026/09/09,2026/10/08,2026-10,PUT,59875,660,,,34.89,31.2,785,12,595,10,,,,,
2026/09/08 17:43,2026-09-08T17:58:32+09:00,2026/09/09,2026/10/08,2026-10,CALL,59750,5880,,,40.27,30.78,6130,7,5630,7,,,,,
2026/09/08 17:43,2026-09-08T17:58:32+09:00,2026/09/09,2026/10/08,2026-10,PUT,59750,645,,,33.9,33.51,705,2,685,2,,,,,
2026/09/08 17:43,2026-09-08T17:58:32+09:00,2026/09/09,2026/10/08,2026-10,CALL,59625,5995,,,40.67,31.07,6245,6,5745,6,,,,,
2026/09/08 17:43,2026-09-08T17:58:32+09:00,2026/09/09,2026/10/08,2026-10,PUT,59625,610,,,35.02,31.29,735,12,550,2,,,,,
2026/09/08 17:43,2026-09-08T17:58:32+09:00,2026/09/09,2026/10/08,2026-10,CALL,59500,6100,,,40.88,31.15,6350,12,5850,12,,,,,
2026/09/08 17:43,2026-09-08T17:58:32+09:00,2026/09/09,2026/10/08,2026-10,PUT,59500,600,,,34.17,33.87,665,3,650,7,,,,,
2026/09/08 17:43,2026-09-08T17:58:32+09:00,2026/09/09,2026/10/08,2026-10,CALL,59375,6165,,,40.36,30.31,6415,6,5915,6,,,,,
2026/09/08 17:43,2026-09-08T17:58:32+09:00,2026/09/09,2026/10/08,2026-10,PUT,59375,530,,2,36.29,31.86,745,10,530,12,34.13,,,655,09/08 17:01
2026/09/08 17:43,2026-09-08T17:58:32+09:00,2026/09/09,2026/10/08,2026-10,CALL,59250,6285,,,40.83,30.68,6535,7,6035,7,,,,,
2026/09/08 17:43,2026-09-08T17:58:32+09:00,2026/09/09,2026/10/08,2026-10,PUT,59250,565,,2,34.49,34.18,630,4,615,2,33.9,45,7.96,610,09/08 17:04
2026/09/08 17:43,2026-09-08T17:58:32+09:00,2026/09/09,2026/10/08,2026-10,CALL,59125,6395,,,41.11,30.81,6645,6,6145,6,,,,,
2026/09/08 17:43,2026-09-08T17:58:32+09:00,2026/09/09,2026/10/08,2026-10,PUT,59125,510,,,35.11,31.28,635,12,460,10,,,,,
2026/09/08 17:43,2026-09-08T17:58:32+09:00,2026/09/09,2026/10/08,2026-10,CALL,59000,6510,,,41.48,31.05,6760,18,6260,18,,,,,
2026/09/08 17:43,2026-09-08T17:58:32+09:00,2026/09/09,2026/10/08,2026-10,PUT,59000,535,,7,34.78,34.56,595,19,585,2,34.44,45,8.41,580,09/08 17:35
2026/09/08 17:43,2026-09-08T17:58:32+09:00,2026/09/09,2026/10/08,2026-10,CALL,58875,6635,,,42.04,31.53,6885,6,6385,6,,,,,
2026/09/08 17:43,2026-09-08T17:58:32+09:00,2026/09/09,2026/10/08,2026-10,PUT,58875,500,,,35.93,31.65,625,12,435,12,,,,,
2026/09/08 17:43,2026-09-08T17:58:32+09:00,2026/09/09,2026/10/08,2026-10,CALL,58750,6755,,,42.5,31.88,7005,7,6505,7,,,,,
2026/09/08 17:43,2026-09-08T17:58:32+09:00,2026/09/09,2026/10/08,2026-10,PUT,58750,515,,,35.14,34.8,565,2,550,2,,,,,
2026/09/08 17:43,2026-09-08T17:58:32+09:00,2026/09/09,2026/10/08,2026-10,CALL,58625,6830,,,42.08,31.09,7080,6,6580,6,,,,,
2026/09/08 17:43,2026-09-08T17:58:32+09:00,2026/09/09,2026/10/08,2026-10,PUT,58625,445,,,35.75,31.86,570,10,405,12,,,,,
2026/09/08 17:43,2026-09-08T17:58:32+09:00,2026/09/09,2026/10/08,2026-10,CALL,58500,6955,,,42.63,31.56,7205,12,6705,12,,,,,
2026/09/08 17:43,2026-09-08T17:58:32+09:00,2026/09/09,2026/10/08,2026-10,PUT,58500,495,,,35.34,35.11,530,3,520,3,,,,,
2026/09/08 17:43,2026-09-08T17:58:32+09:00,2026/09/09,2026/10/08,2026-10,CALL,58375,7070,,,42.98,31.76,7320,6,6820,6,,,,,
2026/09/08 17:43,2026-09-08T17:58:32+09:00,2026/09/09,2026/10/08,2026-10,PUT,58375,440,,,36.07,32.54,540,13,395,13,,,,,
2026/09/08 17:43,2026-09-08T17:58:32+09:00,2026/09/09,2026/10/08,2026-10,CALL,58250,7190,,,43.42,32.08,7440,7,6940,7,,,,,
2026/09/08 17:43,2026-09-08T17:58:32+09:00,2026/09/09,2026/10/08,2026-10,PUT,58250,460,,,35.74,35.38,505,2,490,2,,,,,
2026/09/08 17:43,2026-09-08T17:58:32+09:00,2026/09/09,2026/10/08,2026-10,CALL,58000,7425,,,44.2,32.58,7675,18,7175,18,,,,,
2026/09/08 17:43,2026-09-08T17:58:32+09:00,2026/09/09,2026/10/08,2026-10,PUT,58000,430,,,36.11,35.74,480,23,465,3,,,,,
2026/09/08 17:43,2026-09-08T17:58:32+09:00,2026/09/09,2026/10/08,2026-10,CALL,57750,7655,,,44.87,32.92,7905,7,7405,7,,,,,
2026/09/08 17:43,2026-09-08T17:58:32+09:00,2026/09/09,2026/10/08,2026-10,PUT,57750,415,,,36.45,36.06,455,5,440,5,,,,,
2026/09/08 17:43,2026-09-08T17:58:32+09:00,2026/09/09,2026/10/08,2026-10,CALL,57500,7885,,,45.52,33.22,8135,12,7635,12,,,,,
2026/09/08 17:43,2026-09-08T17:58:32+09:00,2026/09/09,2026/10/08,2026-10,PUT,57500,385,,1,36.75,36.35,430,20,415,9,36.18,25,6.49,410,09/08 17:07
2026/09/08 17:43,2026-09-08T17:58:32+09:00,2026/09/09,2026/10/08,2026-10,CALL,57250,8110,,,46.05,33.32,8360,7,7860,7,,,,,
2026/09/08 17:43,2026-09-08T17:58:32+09:00,2026/09/09,2026/10/08,2026-10,PUT,57250,370,,,37.15,36.74,410,5,395,2,,,,,
2026/09/08 17:43,2026-09-08T17:58:32+09:00,2026/09/09,2026/10/08,2026-10,CALL,57000,8345,,,46.77,33.69,8595,18,8095,18,,,,,
2026/09/08 17:43,2026-09-08T17:58:32+09:00,2026/09/09,2026/10/08,2026-10,PUT,57000,345,,1,37.38,37.1,385,2,375,3,36.94,30,8.7,375,09/08 17:04
2026/09/08 17:43,2026-09-08T17:58:32+09:00,2026/09/09,2026/10/08,2026-10,CALL,56750,8580,,,47.49,34.04,8830,7,8330,7,,,,,
2026/09/08 17:43,2026-09-08T17:58:32+09:00,2026/09/09,2026/10/08,2026-10,PUT,56750,335,,1,37.87,37.57,370,5,360,3,37.12,160,82.05,355,09/08 17:08
2026/09/08 17:43,2026-09-08T17:58:32+09:00,2026/09/09,2026/10/08,2026-10,CALL,56500,8810,,,48.08,34.18,9060,12,8560,12,,,,,
2026/09/08 17:43,2026-09-08T17:58:32+09:00,2026/09/09,2026/10/08,2026-10,PUT,56500,310,,,38.18,37.87,350,9,340,3,,,,,
2026/09/08 17:43,2026-09-08T17:58:32+09:00,2026/09/09,2026/10/08,2026-10,CALL,56250,9050,,,48.89,34.64,9300,7,8800,6,,,,,
2026/09/08 17:43,2026-09-08T17:58:32+09:00,2026/09/09,2026/10/08,2026-10,PUT,56250,300,,,38.46,38.3,330,2,325,3,,,,,
2026/09/08 17:43,2026-09-08T17:58:32+09:00,2026/09/09,2026/10/08,2026-10,CALL,56000,9280,,,49.45,34.68,9530,18,9030,18,,,,,
2026/09/08 17:43,2026-09-08T17:58:32+09:00,2026/09/09,2026/10/08,2026-10,PUT,56000,281,,,38.87,38.54,315,23,305,3,,,,,
2026/09/08 17:43,2026-09-08T17:58:32+09:00,2026/09/09,2026/10/08,2026-10,CALL,55750,9515,,,50.12,34.88,9765,7,9265,7,,,,,
2026/09/08 17:43,2026-09-08T17:58:32+09:00,2026/09/09,2026/10/08,2026-10,PUT,55750,270,,,39.26,38.91,300,2,290,5,,,,,
2026/09/08 17:43,2026-09-08T17:58:32+09:00,2026/09/09,2026/10/08,2026-10,CALL,55500,9750,,,50.78,35.02,10000,12,9500,12,,,,,
2026/09/08 17:43,2026-09-08T17:58:32+09:00,2026/09/09,2026/10/08,2026-10,PUT,55500,255,,1,39.54,39.4,283,3,279,3,39.4,24,9.41,279,09/08 17:40
2026/09/08 17:43,2026-09-08T17:58:32+09:00,2026/09/09,2026/10/08,2026-10,CALL,55250,9990,,,51.55,35.36,10240,7,9740,7,,,,,
2026/09/08 17:43,2026-09-08T17:58:32+09:00,2026/09/09,2026/10/08,2026-10,PUT,55250,249,,,40.02,39.68,272,2,263,2,,,,,
2026/09/08 17:43,2026-09-08T17:58:32+09:00,2026/09/09,2026/10/08,2026-10,CALL,55000,10230,,,52.32,35.66,10480,18,9980,18,,,,,
2026/09/08 17:43,2026-09-08T17:58:32+09:00,2026/09/09,2026/10/08,2026-10,PUT,55000,239,,10,40.32,40.17,257,3,253,3,39.81,14,5.86,253,09/08 17:30
2026/09/08 17:43,2026-09-08T17:58:32+09:00,2026/09/09,2026/10/08,2026-10,CALL,54750,10470,,,53.08,35.93,10720,7,10220,7,,,,,
2026/09/08 17:43,2026-09-08T17:58:32+09:00,2026/09/09,2026/10/08,2026-10,PUT,54750,226,,,40.83,40.43,248,5,238,5,,,,,
2026/09/08 17:43,2026-09-08T17:58:32+09:00,2026/09/09,2026/10/08,2026-10,CALL,54500,10710,,,53.83,36.17,10960,10,10460,12,,,,,
2026/09/08 17:43,2026-09-08T17:58:32+09:00,2026/09/09,2026/10/08,2026-10,PUT,54500,211,,,41.12,40.96,234,3,230,3,,,,,
2026/09/08 17:43,2026-09-08T17:58:32+09:00,2026/09/09,2026/10/08,2026-10,CALL,54250,10945,,,53.47,36.06,11160,6,10695,7,,,,,
2026/09/08 17:43,2026-09-08T17:58:32+09:00,2026/09/09,2026/10/08,2026-10,PUT,54250,206,,,41.59,41.25,225,5,217,7,,,,,
2026/09/08 17:43,2026-09-08T17:58:32+09:00,2026/09/09,2026/10/08,2026-10,CALL,54000,11190,,,,,,,,,,,,,
2026/09/08 17:43,2026-09-08T17:58:32+09:00,2026/09/09,2026/10/08,2026-10,PUT,54000,192,,3,41.92,41.74,213,3,209,3,41.78,18,9.38,210,09/08 17:40
2026/09/08 17:43,2026-09-08T17:58:32+09:00,2026/09/09,2026/10/08,2026-10,CALL,53750,11430,,,,,,,,,,,,,
2026/09/08 17:43,2026-09-08T17:58:32+09:00,2026/09/09,2026/10/08,2026-10,PUT,53750,185,,,42.44,42.02,206,2,197,2,,,,,
2026/09/08 17:43,2026-09-08T17:58:32+09:00,2026/09/09,2026/10/08,2026-10,CALL,53500,11670,,,,,,,,,,,,,
2026/09/08 17:43,2026-09-08T17:58:32+09:00,2026/09/09,2026/10/08,2026-10,PUT,53500,181,,2,42.71,42.57,194,1,191,3,42.66,83,75.45,193,09/08 17:40
2026/09/08 17:43,2026-09-08T17:58:32+09:00,2026/09/09,2026/10/08,2026-10,CALL,53250,11915,,,,,,,,,,,,,
2026/09/08 17:43,2026-09-08T17:58:32+09:00,2026/09/09,2026/10/08,2026-10,PUT,53250,172,,,43.2,42.9,187,2,181,8,,,,,
2026/09/08 17:43,2026-09-08T17:58:32+09:00,2026/09/09,2026/10/08,2026-10,CALL,53000,12155,,,,,,,,,,,,,
2026/09/08 17:43,2026-09-08T17:58:32+09:00,2026/09/09,2026/10/08,2026-10,PUT,53000,163,,,43.52,43.37,177,1,174,3,,,,,
2026/09/08 17:43,2026-09-08T17:58:32+09:00,2026/09/09,2026/10/08,2026-10,CALL,52750,12400,,,,,,,,,,,,,
2026/09/08 17:43,2026-09-08T17:58:32+09:00,2026/09/09,2026/10/08,2026-10,PUT,52750,154,,,44.19,43.59,174,4,163,6,,,,,
2026/09/08 17:43,2026-09-08T17:58:32+09:00,2026/09/09,2026/10/08,2026-10,CALL,52500,12640,,,,,,,,,,,,,
2026/09/08 17:43,2026-09-08T17:58:32+09:00,2026/09/09,2026/10/08,2026-10,PUT,52500,151,,,44.36,44.19,162,1,159,3,,,,,
2026/09/08 17:43,2026-09-08T17:58:32+09:00,2026/09/09,2026/10/08,2026-10,CALL,52250,12885,,,,,,,,,,,,,
2026/09/08 17:43,2026-09-08T17:58:32+09:00,2026/09/09,2026/10/08,2026-10,PUT,52250,144,,,44.89,44.48,157,2,150,8,,,,,
2026/09/08 17:43,2026-09-08T17:58:32+09:00,2026/09/09,2026/10/08,2026-10,CALL,52000,13130,,,,,,,,,,,,,
2026/09/08 17:43,2026-09-08T17:58:32+09:00,2026/09/09,2026/10/08,2026-10,PUT,52000,137,,1,45.29,44.99,150,3,145,20,44.56,3,2.19,140,09/08 17:04
2026/09/08 17:43,2026-09-08T17:58:32+09:00,2026/09/09,2026/10/08,2026-10,CALL,51750,13375,,,,,,,,,,,,,
2026/09/08 17:43,2026-09-08T17:58:32+09:00,2026/09/09,2026/10/08,2026-10,PUT,51750,132,,,45.86,45.1,146,2,134,6,,,,,
2026/09/08 17:43,2026-09-08T17:58:32+09:00,2026/09/09,2026/10/08,2026-10,CALL,51500,13615,,,,,,,,,,,,,
2026/09/08 17:43,2026-09-08T17:58:32+09:00,2026/09/09,2026/10/08,2026-10,PUT,51500,123,,,46.17,45.78,138,2,132,14,,,,,
2026/09/08 17:43,2026-09-08T17:58:32+09:00,2026/09/09,2026/10/08,2026-10,CALL,51250,13865,,,,,,,,,,,,,
2026/09/08 17:43,2026-09-08T17:58:32+09:00,2026/09/09,2026/10/08,2026-10,PUT,51250,118,,,46.65,45.89,133,2,122,6,,,,,
2026/09/08 17:43,2026-09-08T17:58:32+09:00,2026/09/09,2026/10/08,2026-10,CALL,51000,14110,,,,,,,,,,,,,
2026/09/08 17:43,2026-09-08T17:58:32+09:00,2026/09/09,2026/10/08,2026-10,PUT,51000,113,,1,46.9,46.62,125,1,121,2,46.24,7,6.19,120,09/08 17:22
2026/09/08 17:43,2026-09-08T17:58:32+09:00,2026/09/09,2026/10/08,2026-10,CALL,50750,14355,,,,,,,,,,,,,
2026/09/08 17:43,2026-09-08T17:58:32+09:00,2026/09/09,2026/10/08,2026-10,PUT,50750,110,,,47.49,46.98,122,9,115,9,,,,,
2026/09/08 17:43,2026-09-08T17:58:32+09:00,2026/09/09,2026/10/08,2026-10,CALL,50500,14595,,,,,,,,,,,,,
2026/09/08 17:43,2026-09-08T17:58:32+09:00,2026/09/09,2026/10/08,2026-10,PUT,50500,100,,1,48,47.47,118,2,111,2,47.62,9,8.65,113,09/08 17:37
2026/09/08 17:43,2026-09-08T17:58:32+09:00,2026/09/09,2026/10/08,2026-10,CALL,50250,14845,,,,,,,,,,,,,
2026/09/08 17:43,2026-09-08T17:58:32+09:00,2026/09/09,2026/10/08,2026-10,PUT,50250,95,,,48.34,47.87,112,2,106,10,,,,,
2026/09/08 17:43,2026-09-08T17:58:32+09:00,2026/09/09,2026/10/08,2026-10,CALL,50000,15090,,,,,,,,,,,,,
2026/09/08 17:43,2026-09-08T17:58:32+09:00,2026/09/09,2026/10/08,2026-10,PUT,50000,96,,21,48.74,48.33,107,2,102,2,48.58,9,9.38,105,09/08 17:40
2026/09/08 17:43,2026-09-08T17:58:32+09:00,2026/09/09,2026/10/08,2026-10,CALL,49750,15340,,,,,,,,,,,,,
2026/09/08 17:43,2026-09-08T17:58:32+09:00,2026/09/09,2026/10/08,2026-10,PUT,49750,88,,,49.21,48.7,103,1,97,9,,,,,
2026/09/08 17:43,2026-09-08T17:58:32+09:00,2026/09/09,2026/10/08,2026-10,CALL,49500,15585,,,,,,,,,,,,,
2026/09/08 17:43,2026-09-08T17:58:32+09:00,2026/09/09,2026/10/08,2026-10,PUT,49500,84,,,49.57,49.13,98,1,93,1,,,,,
2026/09/08 17:43,2026-09-08T17:58:32+09:00,2026/09/09,2026/10/08,2026-10,CALL,49250,15830,,,,,,,,,,,,,
2026/09/08 17:43,2026-09-08T17:58:32+09:00,2026/09/09,2026/10/08,2026-10,PUT,49250,84,,,50.19,49.45,96,8,88,11,,,,,
2026/09/08 17:43,2026-09-08T17:58:32+09:00,2026/09/09,2026/10/08,2026-10,CALL,49000,16075,,,,,,,,,,,,,
2026/09/08 17:43,2026-09-08T17:58:32+09:00,2026/09/09,2026/10/08,2026-10,PUT,49000,81,,3,50.7,49.95,93,25,85,21,50.33,8,9.88,89,09/08 17:37
2026/09/08 17:43,2026-09-08T17:58:32+09:00,2026/09/09,2026/10/08,2026-10,CALL,48750,16320,,,,,,,,,,,,,
2026/09/08 17:43,2026-09-08T17:58:32+09:00,2026/09/09,2026/10/08,2026-10,PUT,48750,73,,,51.4,50.02,92,2,78,2,,,,,
2026/09/08 17:43,2026-09-08T17:58:32+09:00,2026/09/09,2026/10/08,2026-10,CALL,48500,16570,,,,,,,,,,,,,
2026/09/08 17:43,2026-09-08T17:58:32+09:00,2026/09/09,2026/10/08,2026-10,PUT,48500,71,,,51.51,50.9,85,18,79,14,,,,,
2026/09/08 17:43,2026-09-08T17:58:32+09:00,2026/09/09,2026/10/08,2026-10,CALL,48250,16815,,,,,,,,,,,,,
2026/09/08 17:43,2026-09-08T17:58:32+09:00,2026/09/09,2026/10/08,2026-10,PUT,48250,68,,,52,51.25,82,4,75,8,,,,,
2026/09/08 17:43,2026-09-08T17:58:32+09:00,2026/09/09,2026/10/08,2026-10,CALL,48000,17065,,,,,,,,,,,,,
2026/09/08 17:43,2026-09-08T17:58:32+09:00,2026/09/09,2026/10/08,2026-10,PUT,48000,67,,,52.47,51.7,79,27,72,24,,,,,
2026/09/08 17:43,2026-09-08T17:58:32+09:00,2026/09/09,2026/10/08,2026-10,CALL,47750,17310,,,,,,,,,,,,,
2026/09/08 17:43,2026-09-08T17:58:32+09:00,2026/09/09,2026/10/08,2026-10,PUT,47750,65,,,52.93,52.13,76,2,69,10,,,,,
2026/09/08 17:43,2026-09-08T17:58:32+09:00,2026/09/09,2026/10/08,2026-10,CALL,47500,17560,,,,,,,,,,,,,
2026/09/08 17:43,2026-09-08T17:58:32+09:00,2026/09/09,2026/10/08,2026-10,PUT,47500,61,,,53.37,52.42,73,20,65,20,,,,,
2026/09/08 17:43,2026-09-08T17:58:32+09:00,2026/09/09,2026/10/08,2026-10,CALL,47250,17805,,,,,,,,,,,,,
2026/09/08 17:43,2026-09-08T17:58:32+09:00,2026/09/09,2026/10/08,2026-10,PUT,47250,59,,,53.8,52.81,70,14,62,14,,,,,
2026/09/08 17:43,2026-09-08T17:58:32+09:00,2026/09/09,2026/10/08,2026-10,CALL,47000,18055,,,,,,,,,,,,,
2026/09/08 17:43,2026-09-08T17:58:32+09:00,2026/09/09,2026/10/08,2026-10,PUT,47000,56,,1,54.22,53.32,67,2,60,28,53.66,6,10.34,64,09/08 17:29
2026/09/08 17:43,2026-09-08T17:58:32+09:00,2026/09/09,2026/10/08,2026-10,CALL,46750,18300,,,,,,,,,,,,,
2026/09/08 17:43,2026-09-08T17:58:32+09:00,2026/09/09,2026/10/08,2026-10,PUT,46750,55,,,54.75,53.96,65,14,59,10,,,,,
2026/09/08 17:43,2026-09-08T17:58:32+09:00,2026/09/09,2026/10/08,2026-10,CALL,46500,18550,,,,,,,,,,,,,
2026/09/08 17:43,2026-09-08T17:58:32+09:00,2026/09/09,2026/10/08,2026-10,PUT,46500,53,,,55.14,54.31,62,2,56,16,,,,,
2026/09/08 17:43,2026-09-08T17:58:32+09:00,2026/09/09,2026/10/08,2026-10,CALL,46250,18795,,,,,,,,,,,,,
2026/09/08 17:43,2026-09-08T17:58:32+09:00,2026/09/09,2026/10/08,2026-10,PUT,46250,49,,,55.65,54.64,60,14,53,14,,,,,
2026/09/08 17:43,2026-09-08T17:58:32+09:00,2026/09/09,2026/10/08,2026-10,CALL,46000,19040,,,,,,,,,,,,,
2026/09/08 17:43,2026-09-08T17:58:32+09:00,2026/09/09,2026/10/08,2026-10,PUT,46000,47,,,56.15,55.26,58,28,52,24,,,,,
2026/09/08 17:43,2026-09-08T17:58:32+09:00,2026/09/09,2026/10/08,2026-10,CALL,45750,19290,,,,,,,,,,,,,
2026/09/08 17:43,2026-09-08T17:58:32+09:00,2026/09/09,2026/10/08,2026-10,PUT,45750,45,,,56.64,55.72,56,14,50,10,,,,,
2026/09/08 17:43,2026-09-08T17:58:32+09:00,2026/09/09,2026/10/08,2026-10,CALL,45500,19540,,,,,,,,,,,,,
2026/09/08 17:43,2026-09-08T17:58:32+09:00,2026/09/09,2026/10/08,2026-10,PUT,45500,48,,,57.12,56,54,2,47,1,,,,,
2026/09/08 17:43,2026-09-08T17:58:32+09:00,2026/09/09,2026/10/08,2026-10,CALL,45250,19775,,,,,,,,,,,,,
2026/09/08 17:43,2026-09-08T17:58:32+09:00,2026/09/09,2026/10/08,2026-10,PUT,45250,39,,,57.59,56.6,52,2,46,10,,,,,
2026/09/08 17:43,2026-09-08T17:58:32+09:00,2026/09/09,2026/10/08,2026-10,CALL,45000,20025,,,,,,,,,,,,,
2026/09/08 17:43,2026-09-08T17:58:32+09:00,2026/09/09,2026/10/08,2026-10,PUT,45000,42,,9,58.05,56.84,50,6,43,28,57.28,5,11.9,47,09/08 17:30
2026/09/08 17:43,2026-09-08T17:58:32+09:00,2026/09/09,2026/10/08,2026-10,CALL,44750,20275,,,,,,,,,,,,,
2026/09/08 17:43,2026-09-08T17:58:32+09:00,2026/09/09,2026/10/08,2026-10,PUT,44750,38,,,59,56.66,51,2,38,2,,,,,
2026/09/08 17:43,2026-09-08T17:58:32+09:00,2026/09/09,2026/10/08,2026-10,CALL,44500,20520,,,,,,,,,,,,,
2026/09/08 17:43,2026-09-08T17:58:32+09:00,2026/09/09,2026/10/08,2026-10,PUT,44500,34,,,59.45,57.21,49,4,37,4,,,,,
2026/09/08 17:43,2026-09-08T17:58:32+09:00,2026/09/09,2026/10/08,2026-10,CALL,44250,20770,,,,,,,,,,,,,
2026/09/08 17:43,2026-09-08T17:58:32+09:00,2026/09/09,2026/10/08,2026-10,PUT,44250,28,,,60.07,57.56,48,2,35,2,,,,,
2026/09/08 17:43,2026-09-08T17:58:32+09:00,2026/09/09,2026/10/08,2026-10,CALL,44000,21020,,,,,,,,,,,,,
2026/09/08 17:43,2026-09-08T17:58:32+09:00,2026/09/09,2026/10/08,2026-10,PUT,44000,31,,2,60.13,58.75,44,2,37,28,59.16,6,17.65,40,09/08 17:09
2026/09/08 17:43,2026-09-08T17:58:32+09:00,2026/09/09,2026/10/08,2026-10,CALL,43750,21265,,,,,,,,,,,,,
2026/09/08 17:43,2026-09-08T17:58:32+09:00,2026/09/09,2026/10/08,2026-10,PUT,43750,25,,,72.07,45.47,132,6,3,26,,,,,
2026/09/08 17:43,2026-09-08T17:58:32+09:00,2026/09/09,2026/10/08,2026-10,CALL,43500,21515,,,,,,,,,,,,,
2026/09/08 17:43,2026-09-08T17:58:32+09:00,2026/09/09,2026/10/08,2026-10,PUT,43500,28,,,72.79,46.08,130,6,3,26,,,,,
2026/09/08 17:43,2026-09-08T17:58:32+09:00,2026/09/09,2026/10/08,2026-10,CALL,43250,21765,,,,,,,,,,,,,
2026/09/08 17:43,2026-09-08T17:58:32+09:00,2026/09/09,2026/10/08,2026-10,PUT,43250,26,,,73.6,46.7,129,6,3,26,,,,,
2026/09/08 17:43,2026-09-08T17:58:32+09:00,2026/09/09,2026/10/08,2026-10,CALL,43000,22015,,,,,,,,,,,,,
2026/09/08 17:43,2026-09-08T17:58:32+09:00,2026/09/09,2026/10/08,2026-10,PUT,43000,26,,,61.41,49.56,35,2,5,7,,,,,
2026/09/08 17:43,2026-09-08T17:58:32+09:00,2026/09/09,2026/10/08,2026-10,CALL,42750,22260,,,,,,,,,,,,,
2026/09/08 17:43,2026-09-08T17:58:32+09:00,2026/09/09,2026/10/08,2026-10,PUT,42750,18,,,75.13,47.95,126,6,3,26,,,,,
2026/09/08 17:43,2026-09-08T17:58:32+09:00,2026/09/09,2026/10/08,2026-10,CALL,42000,23005,,,,,,,,,,,,,
2026/09/08 17:43,2026-09-08T17:58:32+09:00,2026/09/09,2026/10/08,2026-10,PUT,42000,22,,,67.71,55.87,50,8,10,7,,,,,
2026/09/08 17:43,2026-09-08T17:58:32+09:00,2026/09/09,2026/10/08,2026-10,CALL,41000,24000,,,,,,,,,,,,,
2026/09/08 17:43,2026-09-08T17:58:32+09:00,2026/09/09,2026/10/08,2026-10,PUT,41000,16,,,71.82,63.33,54,7,20,1,,,,,
2026/09/08 17:43,2026-09-08T17:58:32+09:00,2026/09/09,2026/10/08,2026-10,CALL,40000,24995,,,,,,,,,,,,,
2026/09/08 17:43,2026-09-08T17:58:32+09:00,2026/09/09,2026/10/08,2026-10,PUT,40000,20,,,68.2,63.85,25,1,14,6,,,,,
2026/09/08 17:43,2026-09-08T17:58:32+09:00,2026/09/09,2026/10/08,2026-10,CALL,39000,25990,,,,,,,,,,,,,
2026/09/08 17:43,2026-09-08T17:58:32+09:00,2026/09/09,2026/10/08,2026-10,PUT,39000,18,,2,70.39,66.93,22,1,14,27,68.98,1,5.56,19,09/08 17:30
2026/09/08 17:43,2026-09-08T17:58:32+09:00,2026/09/09,2026/10/08,2026-10,CALL,38000,26990,,,,,,,,,,,,,
2026/09/08 17:43,2026-09-08T17:58:32+09:00,2026/09/09,2026/10/08,2026-10,PUT,38000,15,,,91.19,66.18,108,6,8,10,,,,,
2026/09/08 17:43,2026-09-08T17:58:32+09:00,2026/09/09,2026/10/08,2026-10,CALL,37000,27990,,,,,,,,,,,,,
2026/09/08 17:43,2026-09-08T17:58:32+09:00,2026/09/09,2026/10/08,2026-10,PUT,37000,10,,2,73.84,70.05,15,3,9,27,72.57,2,18.18,13,09/08 17:14
2026/09/08 17:43,2026-09-08T17:58:32+09:00,2026/09/09,2026/10/08,2026-10,CALL,36000,28985,,,,,,,,,,,,,
2026/09/08 17:43,2026-09-08T17:58:32+09:00,2026/09/09,2026/10/08,2026-10,PUT,36000,7,,,98.93,74,105,6,10,10,,,,,
2026/09/08 17:43,2026-09-08T17:58:32+09:00,2026/09/09,2026/10/08,2026-10,CALL,35000,29985,,,,,,,,,,,,,
2026/09/08 17:43,2026-09-08T17:58:32+09:00,2026/09/09,2026/10/08,2026-10,PUT,35000,7,,,77.29,76.49,10,2,9,27,,,,,
2026/09/08 17:43,2026-09-08T17:58:32+09:00,2026/09/09,2026/10/08,2026-10,CALL,34000,30985,,,,,,,,,,,,,
2026/09/08 17:43,2026-09-08T17:58:32+09:00,2026/09/09,2026/10/08,2026-10,PUT,34000,8,,,81.45,77.95,11,15,7,25,,,,,
2026/09/08 17:43,2026-09-08T17:58:32+09:00,2026/09/09,2026/10/08,2026-10,CALL,33000,31985,,,,,,,,,,,,,
2026/09/08 17:43,2026-09-08T17:58:32+09:00,2026/09/09,2026/10/08,2026-10,PUT,33000,6,,,84.16,78.86,10,15,5,25,,,,,
2026/09/08 17:43,2026-09-08T17:58:32+09:00,2026/09/09,2026/10/08,2026-10,CALL,32000,32985,,,,,,,,,,,,,
2026/09/08 17:43,2026-09-08T17:58:32+09:00,2026/09/09,2026/10/08,2026-10,PUT,32000,3,,,86.85,78.72,9,15,3,16,,,,,
2026/09/08 17:43,2026-09-08T17:58:32+09:00,2026/09/09,2026/10/08,2026-10,CALL,31000,33980,,,,,,,,,,,,,
2026/09/08 17:43,2026-09-08T17:58:32+09:00,2026/09/09,2026/10/08,2026-10,PUT,31000,2,,,89.51,79.44,8,15,2,15,,,,,
2026/09/08 17:43,2026-09-08T17:58:32+09:00,2026/09/09,2026/10/08,2026-10,CALL,30000,34980,,,,,,,,,,,,,
2026/09/08 17:43,2026-09-08T17:58:32+09:00,2026/09/09,2026/10/08,2026-10,PUT,30000,3,,,90.8,87.62,6,15,4,3,,,,,
2026/09/08 17:43,2026-09-08T17:58:32+09:00,2026/09/09,2026/10/08,2026-10,CALL,29000,35980,,,,,,,,,,,,,
2026/09/08 17:43,2026-09-08T17:58:32+09:00,2026/09/09,2026/10/08,2026-10,PUT,29000,2,,,93.06,81.93,5,17,1,85,,,,,
2026/09/08 17:43,2026-09-08T17:58:32+09:00,2026/09/09,2026/10/08,2026-10,CALL,28000,36980,,,,,,,,,,,,,
2026/09/08 17:43,2026-09-08T17:58:32+09:00,2026/09/09,2026/10/08,2026-10,PUT,28000,2,,,98.49,89.87,6,17,2,16,,,,,
2026/09/08 17:43,2026-09-08T17:58:32+09:00,2026/09/09,2026/10/08,2026-10,CALL,27000,37975,,,,,,,,,,,,,
2026/09/08 17:43,2026-09-08T17:58:32+09:00,2026/09/09,2026/10/08,2026-10,PUT,27000,1,,,98.98,88.9,4,2,1,91,,,,,
2026/09/08 17:43,2026-09-08T17:58:32+09:00,2026/09/09,2026/10/08,2026-10,CALL,26000,38975,,,,,,,,,,,,,
2026/09/08 17:43,2026-09-08T17:58:32+09:00,2026/09/09,2026/10/08,2026-10,PUT,26000,1,,,100.63,92.59,3,1,1,81,,,,,
2026/09/08 17:43,2026-09-08T17:58:32+09:00,2026/09/09,2026/10/08,2026-10,CALL,25000,39975,,,,,,,,,,,,,
2026/09/08 17:43,2026-09-08T17:58:32+09:00,2026/09/09,2026/10/08,2026-10,PUT,25000,2,,,104.76,96.41,3,6,1,197,,,,,
2026/09/08 17:43,2026-09-08T17:58:32+09:00,2026/09/09,2026/10/08,2026-10,CALL,22500,42470,,,,,,,,,,,,,
2026/09/08 17:43,2026-09-08T17:58:32+09:00,2026/09/09,2026/10/08,2026-10,PUT,22500,1,,1,112.25,106.7,2,18,1,58,112.07,0,0,2,09/08 17:24
2026/09/08 17:43,2026-09-08T17:58:32+09:00,2026/09/09,2026/10/08,2026-10,CALL,20000,44970,,,,,,,,,,,,,
2026/09/08 17:43,2026-09-08T17:58:32+09:00,2026/09/09,2026/10/08,2026-10,PUT,20000,1,,4,124.33,118.2,2,103,1,50,124.21,1,100,2,09/08 17:29
2026/09/08 17:43,2026-09-08T17:58:32+09:00,2026/09/09,2026/12/10,2026-12,CALL,67500,2365,,,26.57,25.64,2430,20,2310,20,,,,,
2026/09/08 17:43,2026-09-08T17:58:32+09:00,2026/09/09,2026/12/10,2026-12,PUT,67500,4855,,,,,,,,,,,,,
2026/09/08 17:43,2026-09-08T17:58:32+09:00,2026/09/09,2026/12/10,2026-12,CALL,67250,2465,,,26.64,25.71,2530,20,2410,20,,,,,
2026/09/08 17:43,2026-09-08T17:58:32+09:00,2026/09/09,2026/12/10,2026-12,PUT,67250,4710,,,,,,,,,,,,,
2026/09/08 17:43,2026-09-08T17:58:32+09:00,2026/09/09,2026/12/10,2026-12,CALL,67000,2575,,,26.68,25.75,2630,20,2510,20,,,,,
2026/09/08 17:43,2026-09-08T17:58:32+09:00,2026/09/09,2026/12/10,2026-12,PUT,67000,4560,,,26.41,25.48,4640,20,4520,20,,,,,
2026/09/08 17:43,2026-09-08T17:58:32+09:00,2026/09/09,2026/12/10,2026-12,CALL,66750,2680,,,26.7,25.78,2730,20,2610,20,,,,,
2026/09/08 17:43,2026-09-08T17:58:32+09:00,2026/09/09,2026/12/10,2026-12,PUT,66750,4420,,,26.7,25.78,4525,20,4405,20,,,,,
2026/09/08 17:43,2026-09-08T17:58:32+09:00,2026/09/09,2026/12/10,2026-12,CALL,66500,2785,,,26.78,25.86,2840,20,2720,20,,,,,
2026/09/08 17:43,2026-09-08T17:58:32+09:00,2026/09/09,2026/12/10,2026-12,PUT,66500,4280,,,26.74,25.82,4380,20,4260,20,,,,,
2026/09/08 17:43,2026-09-08T17:58:32+09:00,2026/09/09,2026/12/10,2026-12,CALL,66250,2900,,,26.84,25.92,2950,20,2830,20,,,,,
2026/09/08 17:43,2026-09-08T17:58:32+09:00,2026/09/09,2026/12/10,2026-12,PUT,66250,4125,,,26.8,25.88,4240,20,4120,20,,,,,
2026/09/08 17:43,2026-09-08T17:58:32+09:00,2026/09/09,2026/12/10,2026-12,CALL,66000,3005,,,26.83,25.92,3055,20,2935,20,,,,,
2026/09/08 17:43,2026-09-08T17:58:32+09:00,2026/09/09,2026/12/10,2026-12,PUT,66000,3980,,,26.87,25.96,4105,20,3985,20,,,,,
2026/09/08 17:43,2026-09-08T17:58:32+09:00,2026/09/09,2026/12/10,2026-12,CALL,65750,3130,,,26.92,26.01,3175,20,3055,20,,,,,
2026/09/08 17:43,2026-09-08T17:58:32+09:00,2026/09/09,2026/12/10,2026-12,PUT,65750,3850,,,26.96,26.05,3975,20,3855,20,,,,,
2026/09/08 17:43,2026-09-08T17:58:32+09:00,2026/09/09,2026/12/10,2026-12,CALL,65500,3250,,,27,26.08,3295,20,3175,20,,,,,
2026/09/08 17:43,2026-09-08T17:58:32+09:00,2026/09/09,2026/12/10,2026-12,PUT,65500,3725,,,27,26.08,3840,20,3720,20,,,,,
2026/09/08 17:43,2026-09-08T17:58:32+09:00,2026/09/09,2026/12/10,2026-12,CALL,65250,3375,,,27.08,26.17,3420,20,3300,20,,,,,
2026/09/08 17:43,2026-09-08T17:58:32+09:00,2026/09/09,2026/12/10,2026-12,PUT,65250,3600,,,27.08,26.17,3715,20,3595,20,,,,,
2026/09/08 17:43,2026-09-08T17:58:32+09:00,2026/09/09,2026/12/10,2026-12,CALL,65000,3500,,,27.15,26.23,3545,20,3425,20,,,,,
2026/09/08 17:43,2026-09-08T17:58:32+09:00,2026/09/09,2026/12/10,2026-12,PUT,65000,3480,,,27.15,26.23,3590,20,3470,20,,,,,
2026/09/08 17:43,2026-09-08T17:58:32+09:00,2026/09/09,2026/12/10,2026-12,CALL,64750,3630,,,27.23,26.32,3675,20,3555,20,,,,,
2026/09/08 17:43,2026-09-08T17:58:32+09:00,2026/09/09,2026/12/10,2026-12,PUT,64750,3360,,,27.23,26.32,3470,20,3350,20,,,,,
2026/09/08 17:43,2026-09-08T17:58:32+09:00,2026/09/09,2026/12/10,2026-12,CALL,64500,3765,,,27.26,26.38,3800,1,3685,20,,,,,
2026/09/08 17:43,2026-09-08T17:58:32+09:00,2026/09/09,2026/12/10,2026-12,PUT,64500,3250,,,27.33,26.41,3355,20,3235,20,,,,,
2026/09/08 17:43,2026-09-08T17:58:32+09:00,2026/09/09,2026/12/10,2026-12,CALL,64250,3900,,,,,,,,,,,,,
2026/09/08 17:43,2026-09-08T17:58:32+09:00,2026/09/09,2026/12/10,2026-12,PUT,64250,3135,,,27.41,26.49,3240,20,3120,20,,,,,
2026/09/08 17:43,2026-09-08T17:58:32+09:00,2026/09/09,2026/12/10,2026-12,CALL,64000,4040,,,,,,,,,,,,,
2026/09/08 17:43,2026-09-08T17:58:32+09:00,2026/09/09,2026/12/10,2026-12,PUT,64000,3030,,,27.51,26.59,3130,20,3010,20,,,,,
2026/09/08 17:43,2026-09-08T17:58:32+09:00,2026/09/09,2026/12/10,2026-12,CALL,63750,4120,,,,,,,,,,,,,
2026/09/08 17:43,2026-09-08T17:58:32+09:00,2026/09/09,2026/12/10,2026-12,PUT,63750,2925,,,27.63,26.7,3025,20,2905,20,,,,,
2026/09/08 17:43,2026-09-08T17:58:32+09:00,2026/09/09,2026/12/10,2026-12,CALL,63500,4270,,,,,,,,,,,,,
2026/09/08 17:43,2026-09-08T17:58:32+09:00,2026/09/09,2026/12/10,2026-12,PUT,63500,2825,,,27.73,26.79,2920,20,2800,20,,,,,
2026/09/08 17:43,2026-09-08T17:58:32+09:00,2026/09/09,2026/12/10,2026-12,CALL,63250,4400,,,,,,,,,,,,,
2026/09/08 17:43,2026-09-08T17:58:32+09:00,2026/09/09,2026/12/10,2026-12,PUT,63250,2705,,,27.8,26.86,2815,20,2695,20,,,,,
2026/09/08 17:43,2026-09-08T17:58:32+09:00,2026/09/09,2026/12/10,2026-12,CALL,63000,4555,,,,,,,,,,,,,
2026/09/08 17:43,2026-09-08T17:58:32+09:00,2026/09/09,2026/12/10,2026-12,PUT,63000,2610,,,27.89,26.94,2715,20,2595,20,,,,,
2026/09/08 17:43,2026-09-08T17:58:32+09:00,2026/09/09,2026/12/10,2026-12,CALL,62750,4710,,,,,,,,,,,,,
2026/09/08 17:43,2026-09-08T17:58:32+09:00,2026/09/09,2026/12/10,2026-12,PUT,62750,2520,,,28.01,27.05,2620,20,2500,20,,,,,
2026/09/08 17:43,2026-09-08T17:58:32+09:00,2026/09/09,2026/12/10,2026-12,CALL,62500,4870,,,,,,,,,,,,,
2026/09/08 17:43,2026-09-08T17:58:32+09:00,2026/09/09,2026/12/10,2026-12,PUT,62500,2430,,,28.14,27.17,2530,20,2410,20,,,,,
2026/09/08 17:43,2026-09-08T17:58:32+09:00,2026/09/09,2026/12/10,2026-12,CALL,62250,5030,,,,,,,,,,,,,
2026/09/08 17:43,2026-09-08T17:58:32+09:00,2026/09/09,2026/12/10,2026-12,PUT,62250,2340,,,28.3,27.32,2445,20,2325,20,,,,,
2026/09/08 17:43,2026-09-08T17:58:32+09:00,2026/09/09,2026/12/10,2026-12,CALL,62000,5210,,,,,,,,,,,,,
2026/09/08 17:43,2026-09-08T17:58:32+09:00,2026/09/09,2026/12/10,2026-12,PUT,62000,2270,,,28.43,27.44,2360,20,2240,20,,,,,
2026/09/08 17:43,2026-09-08T17:58:32+09:00,2026/09/09,2026/12/10,2026-12,CALL,61750,5365,,,,,,,,,,,,,
2026/09/08 17:43,2026-09-08T17:58:32+09:00,2026/09/09,2026/12/10,2026-12,PUT,61750,2180,,,28.55,27.55,2275,20,2155,20,,,,,
2026/09/08 17:43,2026-09-08T17:58:32+09:00,2026/09/09,2026/12/10,2026-12,CALL,61500,5535,,,,,,,,,,,,,
2026/09/08 17:43,2026-09-08T17:58:32+09:00,2026/09/09,2026/12/10,2026-12,PUT,61500,2100,,,28.98,27.97,2230,20,2110,20,,,,,
2026/09/08 17:43,2026-09-08T17:58:32+09:00,2026/09/09,2026/12/10,2026-12,CALL,61250,5705,,,,,,,,,,,,,
2026/09/08 17:43,2026-09-08T17:58:32+09:00,2026/09/09,2026/12/10,2026-12,PUT,61250,2020,,,29.1,28.08,2150,20,2030,20,,,,,
2026/09/08 17:43,2026-09-08T17:58:32+09:00,2026/09/09,2026/12/10,2026-12,CALL,61000,5880,,,,,,,1,10,,,,,
2026/09/08 17:43,2026-09-08T17:58:32+09:00,2026/09/09,2026/12/10,2026-12,PUT,61000,1945,,,,6.08,,,15,1,,,,,
2026/09/08 17:43,2026-09-08T17:58:32+09:00,2026/09/09,2026/12/10,2026-12,CALL,60750,6055,,,,,,,1,10,,,,,
2026/09/08 17:43,2026-09-08T17:58:32+09:00,2026/09/09,2026/12/10,2026-12,PUT,60750,1875,,,,,,,,,,,,,
2026/09/08 17:43,2026-09-08T17:58:32+09:00,2026/09/09,2026/12/10,2026-12,CALL,60500,6235,,,,,,,1,10,,,,,
2026/09/08 17:43,2026-09-08T17:58:32+09:00,2026/09/09,2026/12/10,2026-12,PUT,60500,1805,,,,,,,,,,,,,
2026/09/08 17:43,2026-09-08T17:58:32+09:00,2026/09/09,2026/12/10,2026-12,CALL,60250,6415,,,,,,,,,,,,,
2026/09/08 17:43,2026-09-08T17:58:32+09:00,2026/09/09,2026/12/10,2026-12,PUT,60250,1735,,,,,,,,,,,,,
2026/09/08 17:43,2026-09-08T17:58:32+09:00,2026/09/09,2026/12/10,2026-12,CALL,60000,6600,,,,,,,,,,,,,
2026/09/08 17:43,2026-09-08T17:58:32+09:00,2026/09/09,2026/12/10,2026-12,PUT,60000,1670,,,,24.52,,,1230,1,,,,,
2026/09/08 17:43,2026-09-08T17:58:32+09:00,2026/09/09,2026/12/10,2026-12,CALL,59750,6785,,,,,,,,,,,,,
2026/09/08 17:43,2026-09-08T17:58:32+09:00,2026/09/09,2026/12/10,2026-12,PUT,59750,1605,,,,,,,,,,,,,
2026/09/08 17:43,2026-09-08T17:58:32+09:00,2026/09/09,2026/12/10,2026-12,CALL,59500,6975,,,,,,,,,,,,,
2026/09/08 17:43,2026-09-08T17:58:32+09:00,2026/09/09,2026/12/10,2026-12,PUT,59500,1550,,,,,,,,,,,,,
2026/09/08 17:43,2026-09-08T17:58:32+09:00,2026/09/09,2026/12/10,2026-12,CALL,59250,7165,,,,,,,,,,,,,
2026/09/08 17:43,2026-09-08T17:58:32+09:00,2026/09/09,2026/12/10,2026-12,PUT,59250,1490,,,,,,,,,,,,,
2026/09/08 17:43,2026-09-08T17:58:32+09:00,2026/09/09,2026/12/10,2026-12,CALL,59000,7360,,,,,,,,,,,,,
2026/09/08 17:43,2026-09-08T17:58:32+09:00,2026/09/09,2026/12/10,2026-12,PUT,59000,1435,,,,8.3,,,10,1,,,,,
2026/09/08 17:43,2026-09-08T17:58:32+09:00,2026/09/09,2026/12/10,2026-12,CALL,58750,7555,,,,,,,,,,,,,
2026/09/08 17:43,2026-09-08T17:58:32+09:00,2026/09/09,2026/12/10,2026-12,PUT,58750,1380,,,,,,,,,,,,,
2026/09/08 17:43,2026-09-08T17:58:32+09:00,2026/09/09,2026/12/10,2026-12,CALL,58500,7750,,,,,,,,,,,,,
2026/09/08 17:43,2026-09-08T17:58:32+09:00,2026/09/09,2026/12/10,2026-12,PUT,58500,1330,,,,7,,,1,1,,,,,
2026/09/08 17:43,2026-09-08T17:58:32+09:00,2026/09/09,2026/12/10,2026-12,CALL,58250,7950,,,,,,,,,,,,,
2026/09/08 17:43,2026-09-08T17:58:32+09:00,2026/09/09,2026/12/10,2026-12,PUT,58250,1280,,,,,,,,,,,,,
2026/09/08 17:43,2026-09-08T17:58:32+09:00,2026/09/09,2026/12/10,2026-12,CALL,58000,8150,,,,,,,,,,,,,
2026/09/08 17:43,2026-09-08T17:58:32+09:00,2026/09/09,2026/12/10,2026-12,PUT,58000,1230,,,,9.58,,,10,1,,,,,
2026/09/08 17:43,2026-09-08T17:58:32+09:00,2026/09/09,2026/12/10,2026-12,CALL,57750,8355,,,,,,,,,,,,,
2026/09/08 17:43,2026-09-08T17:58:32+09:00,2026/09/09,2026/12/10,2026-12,PUT,57750,1185,,,,,,,,,,,,,
2026/09/08 17:43,2026-09-08T17:58:32+09:00,2026/09/09,2026/12/10,2026-12,CALL,57500,8560,,,,,,,,,,,,,
2026/09/08 17:43,2026-09-08T17:58:32+09:00,2026/09/09,2026/12/10,2026-12,PUT,57500,1140,,,,,,,,,,,,,
2026/09/08 17:43,2026-09-08T17:58:32+09:00,2026/09/09,2026/12/10,2026-12,CALL,57250,8770,,,,,,,,,,,,,
2026/09/08 17:43,2026-09-08T17:58:32+09:00,2026/09/09,2026/12/10,2026-12,PUT,57250,1100,,,,,,,,,,,,,
2026/09/08 17:43,2026-09-08T17:58:32+09:00,2026/09/09,2026/12/10,2026-12,CALL,57000,8975,,,,,,,,,,,,,
2026/09/08 17:43,2026-09-08T17:58:32+09:00,2026/09/09,2026/12/10,2026-12,PUT,57000,1060,,,,10.87,,,10,1,,,,,
2026/09/08 17:43,2026-09-08T17:58:32+09:00,2026/09/09,2026/12/10,2026-12,CALL,56750,9185,,,,,,,,,,,,,
2026/09/08 17:43,2026-09-08T17:58:32+09:00,2026/09/09,2026/12/10,2026-12,PUT,56750,1020,,,,,,,,,,,,,
2026/09/08 17:43,2026-09-08T17:58:32+09:00,2026/09/09,2026/12/10,2026-12,CALL,56500,9395,,,,,,,,,,,,,
2026/09/08 17:43,2026-09-08T17:58:32+09:00,2026/09/09,2026/12/10,2026-12,PUT,56500,980,,,,,,,,,,,,,
2026/09/08 17:43,2026-09-08T17:58:32+09:00,2026/09/09,2026/12/10,2026-12,CALL,56250,9610,,,,,,,,,,,,,
2026/09/08 17:43,2026-09-08T17:58:32+09:00,2026/09/09,2026/12/10,2026-12,PUT,56250,945,,,,,,,,,,,,,
2026/09/08 17:43,2026-09-08T17:58:32+09:00,2026/09/09,2026/12/10,2026-12,CALL,56000,9825,,,,,,,,,,,,,
2026/09/08 17:43,2026-09-08T17:58:32+09:00,2026/09/09,2026/12/10,2026-12,PUT,56000,910,,,,12.16,,,10,1,,,,,
2026/09/08 17:43,2026-09-08T17:58:32+09:00,2026/09/09,2026/12/10,2026-12,CALL,55750,10040,,,,,,,,,,,,,
2026/09/08 17:43,2026-09-08T17:58:32+09:00,2026/09/09,2026/12/10,2026-12,PUT,55750,880,,,,,,,,,,,,,
2026/09/08 17:43,2026-09-08T17:58:32+09:00,2026/09/09,2026/12/10,2026-12,CALL,55500,10255,,,,,,,,,,,,,
2026/09/08 17:43,2026-09-08T17:58:32+09:00,2026/09/09,2026/12/10,2026-12,PUT,55500,845,,,,,,,,,,,,,
2026/09/08 17:43,2026-09-08T17:58:32+09:00,2026/09/09,2026/12/10,2026-12,CALL,55250,10475,,,,,,,,,,,,,
2026/09/08 17:43,2026-09-08T17:58:32+09:00,2026/09/09,2026/12/10,2026-12,PUT,55250,815,,,,,,,,,,,,,
2026/09/08 17:43,2026-09-08T17:58:32+09:00,2026/09/09,2026/12/10,2026-12,CALL,55000,10695,,,,,,,,,,,,,
2026/09/08 17:43,2026-09-08T17:58:32+09:00,2026/09/09,2026/12/10,2026-12,PUT,55000,785,,,,13.47,,,10,1,,,,,
2026/09/08 17:43,2026-09-08T17:58:32+09:00,2026/09/09,2026/12/10,2026-12,CALL,54750,10915,,,,,,,,,,,,,
2026/09/08 17:43,2026-09-08T17:58:32+09:00,2026/09/09,2026/12/10,2026-12,PUT,54750,760,,,,10.99,,,1,1,,,,,
2026/09/08 17:43,2026-09-08T17:58:32+09:00,2026/09/09,2026/12/10,2026-12,CALL,54500,11140,,,,,,,,,,,,,
2026/09/08 17:43,2026-09-08T17:58:32+09:00,2026/09/09,2026/12/10,2026-12,PUT,54500,730,,,,,,,,,,,,,
2026/09/08 17:43,2026-09-08T17:58:32+09:00,2026/09/09,2026/12/10,2026-12,CALL,54250,11365,,,,,,,,,,,,,
2026/09/08 17:43,2026-09-08T17:58:32+09:00,2026/09/09,2026/12/10,2026-12,PUT,54250,705,,,,,,,,,,,,,
2026/09/08 17:43,2026-09-08T17:58:32+09:00,2026/09/09,2026/12/10,2026-12,CALL,54000,11585,,,,,,,,,,,,,
2026/09/08 17:43,2026-09-08T17:58:32+09:00,2026/09/09,2026/12/10,2026-12,PUT,54000,680,,,,14.79,,,10,1,,,,,
2026/09/08 17:43,2026-09-08T17:58:32+09:00,2026/09/09,2026/12/10,2026-12,CALL,53750,11815,,,,,,,,,,,,,
2026/09/08 17:43,2026-09-08T17:58:32+09:00,2026/09/09,2026/12/10,2026-12,PUT,53750,660,,,,,,,,,,,,,
2026/09/08 17:43,2026-09-08T17:58:32+09:00,2026/09/09,2026/12/10,2026-12,CALL,53500,12040,,,,,,,,,,,,,
2026/09/08 17:43,2026-09-08T17:58:32+09:00,2026/09/09,2026/12/10,2026-12,PUT,53500,635,,,,,,,,,,,,,
2026/09/08 17:43,2026-09-08T17:58:32+09:00,2026/09/09,2026/12/10,2026-12,CALL,53250,12265,,,,,,,,,,,,,
2026/09/08 17:43,2026-09-08T17:58:32+09:00,2026/09/09,2026/12/10,2026-12,PUT,53250,610,,,,,,,,,,,,,
2026/09/08 17:43,2026-09-08T17:58:32+09:00,2026/09/09,2026/12/10,2026-12,CALL,53000,12490,,,,,,,,,,,,,
2026/09/08 17:43,2026-09-08T17:58:32+09:00,2026/09/09,2026/12/10,2026-12,PUT,53000,585,,,34.98,34.57,650,60,625,55,,,,,
2026/09/08 17:43,2026-09-08T17:58:32+09:00,2026/09/09,2026/12/10,2026-12,CALL,52750,12725,,,,,,,,,,,,,
2026/09/08 17:43,2026-09-08T17:58:32+09:00,2026/09/09,2026/12/10,2026-12,PUT,52750,575,,,,,,,,,,,,,
2026/09/08 17:43,2026-09-08T17:58:32+09:00,2026/09/09,2026/12/10,2026-12,CALL,52500,12950,,,,,,,,,,,,,
2026/09/08 17:43,2026-09-08T17:58:32+09:00,2026/09/09,2026/12/10,2026-12,PUT,52500,550,,,,,,,,,,,,,
2026/09/08 17:43,2026-09-08T17:58:32+09:00,2026/09/09,2026/12/10,2026-12,CALL,52250,13180,,,,,,,,,,,,,
2026/09/08 17:43,2026-09-08T17:58:32+09:00,2026/09/09,2026/12/10,2026-12,PUT,52250,535,,,,,,,,,,,,,
2026/09/08 17:43,2026-09-08T17:58:32+09:00,2026/09/09,2026/12/10,2026-12,CALL,52000,13415,,,,,,,,,,,,,
2026/09/08 17:43,2026-09-08T17:58:32+09:00,2026/09/09,2026/12/10,2026-12,PUT,52000,515,,,,24.26,,,100,1,,,,,
2026/09/08 17:43,2026-09-08T17:58:32+09:00,2026/09/09,2026/12/10,2026-12,CALL,51750,13645,,,,,,,,,,,,,
2026/09/08 17:43,2026-09-08T17:58:32+09:00,2026/09/09,2026/12/10,2026-12,PUT,51750,500,,,,,,,,,,,,,
2026/09/08 17:43,2026-09-08T17:58:32+09:00,2026/09/09,2026/12/10,2026-12,CALL,51500,13880,,,,,,,,,,,,,
2026/09/08 17:43,2026-09-08T17:58:32+09:00,2026/09/09,2026/12/10,2026-12,PUT,51500,480,,,,,,,,,,,,,
2026/09/08 17:43,2026-09-08T17:58:32+09:00,2026/09/09,2026/12/10,2026-12,CALL,51250,14115,,,,,,,,,,,,,
2026/09/08 17:43,2026-09-08T17:58:32+09:00,2026/09/09,2026/12/10,2026-12,PUT,51250,470,,,,,,,,,,,,,
2026/09/08 17:43,2026-09-08T17:58:32+09:00,2026/09/09,2026/12/10,2026-12,CALL,51000,14345,,,,,,,,,,,,,
2026/09/08 17:43,2026-09-08T17:58:32+09:00,2026/09/09,2026/12/10,2026-12,PUT,51000,450,,,,18.84,,,10,1,,,,,
2026/09/08 17:43,2026-09-08T17:58:32+09:00,2026/09/09,2026/12/10,2026-12,CALL,50750,14580,,,,,,,,,,,,,
2026/09/08 17:43,2026-09-08T17:58:32+09:00,2026/09/09,2026/12/10,2026-12,PUT,50750,440,,,,,,,,,,,,,
2026/09/08 17:43,2026-09-08T17:58:32+09:00,2026/09/09,2026/12/10,2026-12,CALL,50500,14820,,,,,,,,,,,,,
2026/09/08 17:43,2026-09-08T17:58:32+09:00,2026/09/09,2026/12/10,2026-12,PUT,50500,425,,,,,,,,,,,,,
2026/09/08 17:43,2026-09-08T17:58:32+09:00,2026/09/09,2026/12/10,2026-12,CALL,50250,15050,,,,,,,,,,,,,
2026/09/08 17:43,2026-09-08T17:58:32+09:00,2026/09/09,2026/12/10,2026-12,PUT,50250,410,,,,,,,,,,,,,
2026/09/08 17:43,2026-09-08T17:58:32+09:00,2026/09/09,2026/12/10,2026-12,CALL,50000,15290,,,,,,,,,,,,,
2026/09/08 17:43,2026-09-08T17:58:32+09:00,2026/09/09,2026/12/10,2026-12,PUT,50000,400,,,,32.51,,,225,1,,,,,
2026/09/08 17:43,2026-09-08T17:58:32+09:00,2026/09/09,2026/12/10,2026-12,CALL,49750,15525,,,,,,,,,,,,,
2026/09/08 17:43,2026-09-08T17:58:32+09:00,2026/09/09,2026/12/10,2026-12,PUT,49750,385,,,,,,,,,,,,,
2026/09/08 17:43,2026-09-08T17:58:32+09:00,2026/09/09,2026/12/10,2026-12,CALL,49500,15760,,,,,,,,,,,,,
2026/09/08 17:43,2026-09-08T17:58:32+09:00,2026/09/09,2026/12/10,2026-12,PUT,49500,375,,,,,,,,,,,,,
2026/09/08 17:43,2026-09-08T17:58:32+09:00,2026/09/09,2026/12/10,2026-12,CALL,49250,16000,,,,,,,,,,,,,
2026/09/08 17:43,2026-09-08T17:58:32+09:00,2026/09/09,2026/12/10,2026-12,PUT,49250,365,,,,,,,,,,,,,
2026/09/08 17:43,2026-09-08T17:58:32+09:00,2026/09/09,2026/12/10,2026-12,CALL,49000,16240,,,,,,,,,,,,,
2026/09/08 17:43,2026-09-08T17:58:32+09:00,2026/09/09,2026/12/10,2026-12,PUT,49000,355,,,,,,,,,,,,,
2026/09/08 17:43,2026-09-08T17:58:32+09:00,2026/09/09,2026/12/10,2026-12,CALL,48750,16475,,,,,,,,,,,,,
2026/09/08 17:43,2026-09-08T17:58:32+09:00,2026/09/09,2026/12/10,2026-12,PUT,48750,345,,,,,,,,,,,,,
2026/09/08 17:43,2026-09-08T17:58:32+09:00,2026/09/09,2026/12/10,2026-12,CALL,48500,16720,,,,,,,,,,,,,
2026/09/08 17:43,2026-09-08T17:58:32+09:00,2026/09/09,2026/12/10,2026-12,PUT,48500,335,,,,25.5,,,30,1,,,,,
2026/09/08 17:43,2026-09-08T17:58:32+09:00,2026/09/09,2026/12/10,2026-12,CALL,48250,16955,,,,,,,,,,,,,
2026/09/08 17:43,2026-09-08T17:58:32+09:00,2026/09/09,2026/12/10,2026-12,PUT,48250,325,,,,,,,,,,,,,
2026/09/08 17:43,2026-09-08T17:58:32+09:00,2026/09/09,2026/12/10,2026-12,CALL,48000,17185,,,,,,,,,,,,,
2026/09/08 17:43,2026-09-08T17:58:32+09:00,2026/09/09,2026/12/10,2026-12,PUT,48000,300,,,,30.35,,,80,1,,,,,
2026/09/08 17:43,2026-09-08T17:58:32+09:00,2026/09/09,2026/12/10,2026-12,CALL,47750,17430,,,,,,,,,,,,,
2026/09/08 17:43,2026-09-08T17:58:32+09:00,2026/09/09,2026/12/10,2026-12,PUT,47750,298,,,,,,,,,,,,,
2026/09/08 17:43,2026-09-08T17:58:32+09:00,2026/09/09,2026/12/10,2026-12,CALL,47500,17675,,,,,,,,,,,,,
2026/09/08 17:43,2026-09-08T17:58:32+09:00,2026/09/09,2026/12/10,2026-12,PUT,47500,294,,,,,,,,,,,,,
2026/09/08 17:43,2026-09-08T17:58:32+09:00,2026/09/09,2026/12/10,2026-12,CALL,47250,17845,,,,,,,,,,,,,
2026/09/08 17:43,2026-09-08T17:58:32+09:00,2026/09/09,2026/12/10,2026-12,PUT,47250,285,,,,,,,,,,,,,
2026/09/08 17:43,2026-09-08T17:58:32+09:00,2026/09/09,2026/12/10,2026-12,CALL,47000,18085,,,,,,,,,,,,,
2026/09/08 17:43,2026-09-08T17:58:32+09:00,2026/09/09,2026/12/10,2026-12,PUT,47000,276,,,,19.88,,,1,1,,,,,
2026/09/08 17:43,2026-09-08T17:58:32+09:00,2026/09/09,2026/12/10,2026-12,CALL,46750,18325,,,,,,,,,,,,,
2026/09/08 17:43,2026-09-08T17:58:32+09:00,2026/09/09,2026/12/10,2026-12,PUT,46750,268,,,,,,,,,,,,,
2026/09/08 17:43,2026-09-08T17:58:32+09:00,2026/09/09,2026/12/10,2026-12,CALL,46500,18575,,,,,,,,,,,,,
2026/09/08 17:43,2026-09-08T17:58:32+09:00,2026/09/09,2026/12/10,2026-12,PUT,46500,260,,,,,,,,,,,,,
2026/09/08 17:43,2026-09-08T17:58:32+09:00,2026/09/09,2026/12/10,2026-12,CALL,46250,18810,,,,,,,,,,,,,
2026/09/08 17:43,2026-09-08T17:58:32+09:00,2026/09/09,2026/12/10,2026-12,PUT,46250,183,,,,,,,,,,,,,
2026/09/08 17:43,2026-09-08T17:58:32+09:00,2026/09/09,2026/12/10,2026-12,CALL,46000,19055,,,,,,,,,,,,,
2026/09/08 17:43,2026-09-08T17:58:32+09:00,2026/09/09,2026/12/10,2026-12,PUT,46000,182,,,,30.63,,,39,1,,,,,
2026/09/08 17:43,2026-09-08T17:58:32+09:00,2026/09/09,2026/12/10,2026-12,CALL,45750,19295,,,,,,,,,,,,,
2026/09/08 17:43,2026-09-08T17:58:32+09:00,2026/09/09,2026/12/10,2026-12,PUT,45750,170,,,,,,,,,,,,,
2026/09/08 17:43,2026-09-08T17:58:32+09:00,2026/09/09,2026/12/10,2026-12,CALL,45500,19540,,,,,,,,,,,,,
2026/09/08 17:43,2026-09-08T17:58:32+09:00,2026/09/09,2026/12/10,2026-12,PUT,45500,169,,,,,,,,,,,,,
2026/09/08 17:43,2026-09-08T17:58:32+09:00,2026/09/09,2026/12/10,2026-12,CALL,45250,19790,,,,,,,,,,,,,
2026/09/08 17:43,2026-09-08T17:58:32+09:00,2026/09/09,2026/12/10,2026-12,PUT,45250,167,,,,,,,,,,,,,
2026/09/08 17:43,2026-09-08T17:58:32+09:00,2026/09/09,2026/12/10,2026-12,CALL,45000,20035,,,,,,,,,,,,,
2026/09/08 17:43,2026-09-08T17:58:32+09:00,2026/09/09,2026/12/10,2026-12,PUT,45000,165,,,51.27,24.48,500,1,3,1,,,,,
2026/09/08 17:43,2026-09-08T17:58:32+09:00,2026/09/09,2026/12/10,2026-12,CALL,44750,20285,,,,,,,,,,,,,
2026/09/08 17:43,2026-09-08T17:58:32+09:00,2026/09/09,2026/12/10,2026-12,PUT,44750,164,,,,,,,,,,,,,
2026/09/08 17:43,2026-09-08T17:58:32+09:00,2026/09/09,2026/12/10,2026-12,CALL,44500,20530,,,,,,,,,,,,,
2026/09/08 17:43,2026-09-08T17:58:32+09:00,2026/09/09,2026/12/10,2026-12,PUT,44500,162,,,,,,,,,,,,,
2026/09/08 17:43,2026-09-08T17:58:32+09:00,2026/09/09,2026/12/10,2026-12,CALL,44250,20780,,,,,,,,,,,,,
2026/09/08 17:43,2026-09-08T17:58:32+09:00,2026/09/09,2026/12/10,2026-12,PUT,44250,161,,,,,,,,,,,,,
2026/09/08 17:43,2026-09-08T17:58:32+09:00,2026/09/09,2026/12/10,2026-12,CALL,44000,21025,,,,,,,,,,,,,
2026/09/08 17:43,2026-09-08T17:58:32+09:00,2026/09/09,2026/12/10,2026-12,PUT,44000,159,,,,23.65,,,1,10,,,,,
2026/09/08 17:43,2026-09-08T17:58:32+09:00,2026/09/09,2026/12/10,2026-12,CALL,43750,21240,,,,,,,,,,,,,
2026/09/08 17:43,2026-09-08T17:58:32+09:00,2026/09/09,2026/12/10,2026-12,PUT,43750,124,,,,,,,,,,,,,
2026/09/08 17:43,2026-09-08T17:58:32+09:00,2026/09/09,2026/12/10,2026-12,CALL,43500,21485,,,,,,,,,,,,,
2026/09/08 17:43,2026-09-08T17:58:32+09:00,2026/09/09,2026/12/10,2026-12,PUT,43500,119,,,,,,,,,,,,,
2026/09/08 17:43,2026-09-08T17:58:32+09:00,2026/09/09,2026/12/10,2026-12,CALL,43250,21730,,,,,,,,,,,,,
2026/09/08 17:43,2026-09-08T17:58:32+09:00,2026/09/09,2026/12/10,2026-12,PUT,43250,115,,,,,,,,,,,,,
2026/09/08 17:43,2026-09-08T17:58:32+09:00,2026/09/09,2026/12/10,2026-12,CALL,43000,21975,,,,,,,,,,,,,
2026/09/08 17:43,2026-09-08T17:58:32+09:00,2026/09/09,2026/12/10,2026-12,PUT,43000,110,,,,24.96,,,1,10,,,,,
2026/09/08 17:43,2026-09-08T17:58:32+09:00,2026/09/09,2026/12/10,2026-12,CALL,42750,22220,,,,,,,,,,,,,
2026/09/08 17:43,2026-09-08T17:58:32+09:00,2026/09/09,2026/12/10,2026-12,PUT,42750,109,,,,,,,,,,,,,
2026/09/08 17:43,2026-09-08T17:58:32+09:00,2026/09/09,2026/12/10,2026-12,CALL,42500,22470,,,,,,,,,,,,,
2026/09/08 17:43,2026-09-08T17:58:32+09:00,2026/09/09,2026/12/10,2026-12,PUT,42500,108,,,,,,,,,,,,,
2026/09/08 17:43,2026-09-08T17:58:32+09:00,2026/09/09,2026/12/10,2026-12,CALL,42250,22715,,,,,,,,,,,,,
2026/09/08 17:43,2026-09-08T17:58:32+09:00,2026/09/09,2026/12/10,2026-12,PUT,42250,107,,,,,,,,,,,,,
2026/09/08 17:43,2026-09-08T17:58:32+09:00,2026/09/09,2026/12/10,2026-12,CALL,42000,22955,,,,,,,,,,,,,
2026/09/08 17:43,2026-09-08T17:58:32+09:00,2026/09/09,2026/12/10,2026-12,PUT,42000,94,,,,26.3,,,1,10,,,,,
2026/09/08 17:43,2026-09-08T17:58:32+09:00,2026/09/09,2026/12/10,2026-12,CALL,41750,23200,,,,,,,,,,,,,
2026/09/08 17:43,2026-09-08T17:58:32+09:00,2026/09/09,2026/12/10,2026-12,PUT,41750,91,,,,,,,,,,,,,
2026/09/08 17:43,2026-09-08T17:58:32+09:00,2026/09/09,2026/12/10,2026-12,CALL,41500,23445,,,,,,,,,,,,,
2026/09/08 17:43,2026-09-08T17:58:32+09:00,2026/09/09,2026/12/10,2026-12,PUT,41500,87,,,,,,,,,,,,,
2026/09/08 17:43,2026-09-08T17:58:32+09:00,2026/09/09,2026/12/10,2026-12,CALL,41250,23690,,,,,,,,,,,,,
2026/09/08 17:43,2026-09-08T17:58:32+09:00,2026/09/09,2026/12/10,2026-12,PUT,41250,86,,,,,,,,,,,,,
2026/09/08 17:43,2026-09-08T17:58:32+09:00,2026/09/09,2026/12/10,2026-12,CALL,41000,23940,,,,,,,,,,,,,
2026/09/08 17:43,2026-09-08T17:58:32+09:00,2026/09/09,2026/12/10,2026-12,PUT,41000,85,,,,27.67,,,1,10,,,,,
2026/09/08 17:43,2026-09-08T17:58:32+09:00,2026/09/09,2026/12/10,2026-12,CALL,40750,24185,,,,,,,,,,,,,
2026/09/08 17:43,2026-09-08T17:58:32+09:00,2026/09/09,2026/12/10,2026-12,PUT,40750,83,,,,,,,,,,,,,
2026/09/08 17:43,2026-09-08T17:58:32+09:00,2026/09/09,2026/12/10,2026-12,CALL,40500,24425,,,,,,,,,,,,,
2026/09/08 17:43,2026-09-08T17:58:32+09:00,2026/09/09,2026/12/10,2026-12,PUT,40500,75,,,,,,,,,,,,,
2026/09/08 17:43,2026-09-08T17:58:32+09:00,2026/09/09,2026/12/10,2026-12,CALL,40250,24675,,,,,,,,,,,,,
2026/09/08 17:43,2026-09-08T17:58:32+09:00,2026/09/09,2026/12/10,2026-12,PUT,40250,72,,,,,,,,,,,,,
2026/09/08 17:43,2026-09-08T17:58:32+09:00,2026/09/09,2026/12/10,2026-12,CALL,40000,24920,,,,,,,,,,,,,
2026/09/08 17:43,2026-09-08T17:58:32+09:00,2026/09/09,2026/12/10,2026-12,PUT,40000,80,,,,45.88,,,80,1,,,,,
2026/09/08 17:43,2026-09-08T17:58:32+09:00,2026/09/09,2026/12/10,2026-12,CALL,39750,25165,,,,,,,,,,,,,
2026/09/08 17:43,2026-09-08T17:58:32+09:00,2026/09/09,2026/12/10,2026-12,PUT,39750,66,,,,,,,,,,,,,
2026/09/08 17:43,2026-09-08T17:58:32+09:00,2026/09/09,2026/12/10,2026-12,CALL,39500,25410,,,,,,,,,,,,,
2026/09/08 17:43,2026-09-08T17:58:32+09:00,2026/09/09,2026/12/10,2026-12,PUT,39500,64,,,,29.78,,,1,10,,,,,
2026/09/08 17:43,2026-09-08T17:58:32+09:00,2026/09/09,2026/12/10,2026-12,CALL,39250,25660,,,,,,,,,,,,,
2026/09/08 17:43,2026-09-08T17:58:32+09:00,2026/09/09,2026/12/10,2026-12,PUT,39250,61,,,,,,,,,,,,,
2026/09/08 17:43,2026-09-08T17:58:32+09:00,2026/09/09,2026/12/10,2026-12,CALL,39000,25905,,,,,,,,,,,,,
2026/09/08 17:43,2026-09-08T17:58:32+09:00,2026/09/09,2026/12/10,2026-12,PUT,39000,59,,,,30.5,,,1,10,,,,,
2026/09/08 17:43,2026-09-08T17:58:32+09:00,2026/09/09,2026/12/10,2026-12,CALL,38750,26150,,,,,,,,,,,,,
2026/09/08 17:43,2026-09-08T17:58:32+09:00,2026/09/09,2026/12/10,2026-12,PUT,38750,57,,,,,,,,,,,,,
2026/09/08 17:43,2026-09-08T17:58:32+09:00,2026/09/09,2026/12/10,2026-12,CALL,38500,26400,,,,,,,,,,,,,
2026/09/08 17:43,2026-09-08T17:58:32+09:00,2026/09/09,2026/12/10,2026-12,PUT,38500,55,,,,,,,,,,,,,
2026/09/08 17:43,2026-09-08T17:58:32+09:00,2026/09/09,2026/12/10,2026-12,CALL,38250,26645,,,,,,,,,,,,,
2026/09/08 17:43,2026-09-08T17:58:32+09:00,2026/09/09,2026/12/10,2026-12,PUT,38250,52,,,,,,,,,,,,,
2026/09/08 17:43,2026-09-08T17:58:32+09:00,2026/09/09,2026/12/10,2026-12,CALL,38000,26890,,,,,,,,,,,,,
2026/09/08 17:43,2026-09-08T17:58:32+09:00,2026/09/09,2026/12/10,2026-12,PUT,38000,50,,,,34.87,,,3,1,,,,,
2026/09/08 17:43,2026-09-08T17:58:32+09:00,2026/09/09,2026/12/10,2026-12,CALL,37750,27140,,,,,,,,,,,,,
2026/09/08 17:43,2026-09-08T17:58:32+09:00,2026/09/09,2026/12/10,2026-12,PUT,37750,48,,,,,,,,,,,,,
2026/09/08 17:43,2026-09-08T17:58:32+09:00,2026/09/09,2026/12/10,2026-12,CALL,37500,27385,,,,,,,,,,,,,
2026/09/08 17:43,2026-09-08T17:58:32+09:00,2026/09/09,2026/12/10,2026-12,PUT,37500,46,,,,,,,,,,,,,
2026/09/08 17:43,2026-09-08T17:58:32+09:00,2026/09/09,2026/12/10,2026-12,CALL,37250,27635,,,,,,,,,,,,,
2026/09/08 17:43,2026-09-08T17:58:32+09:00,2026/09/09,2026/12/10,2026-12,PUT,37250,44,,,,,,,,,,,,,
2026/09/08 17:43,2026-09-08T17:58:32+09:00,2026/09/09,2026/12/10,2026-12,CALL,37000,27880,,,,,,,,,,,,,
2026/09/08 17:43,2026-09-08T17:58:32+09:00,2026/09/09,2026/12/10,2026-12,PUT,37000,44,,,,33.47,,,1,10,,,,,
2026/09/08 17:43,2026-09-08T17:58:32+09:00,2026/09/09,2026/12/10,2026-12,CALL,36750,28130,,,,,,,,,,,,,
2026/09/08 17:43,2026-09-08T17:58:32+09:00,2026/09/09,2026/12/10,2026-12,PUT,36750,43,,,,,,,,,,,,,
2026/09/08 17:43,2026-09-08T17:58:32+09:00,2026/09/09,2026/12/10,2026-12,CALL,36500,28375,,,,,,,,,,,,,
2026/09/08 17:43,2026-09-08T17:58:32+09:00,2026/09/09,2026/12/10,2026-12,PUT,36500,39,,,,,,,,,,,,,
2026/09/08 17:43,2026-09-08T17:58:32+09:00,2026/09/09,2026/12/10,2026-12,CALL,36250,28625,,,,,,,,,,,,,
2026/09/08 17:43,2026-09-08T17:58:32+09:00,2026/09/09,2026/12/10,2026-12,PUT,36250,38,,,,,,,,,,,,,
2026/09/08 17:43,2026-09-08T17:58:32+09:00,2026/09/09,2026/12/10,2026-12,CALL,36000,28870,,,,,,,,,,,,,
2026/09/08 17:43,2026-09-08T17:58:32+09:00,2026/09/09,2026/12/10,2026-12,PUT,36000,36,,,,35.01,,,1,10,,,,,
2026/09/08 17:43,2026-09-08T17:58:32+09:00,2026/09/09,2026/12/10,2026-12,CALL,35750,29120,,,,,,,,,,,,,
2026/09/08 17:43,2026-09-08T17:58:32+09:00,2026/09/09,2026/12/10,2026-12,PUT,35750,35,,,,,,,,,,,,,
2026/09/08 17:43,2026-09-08T17:58:32+09:00,2026/09/09,2026/12/10,2026-12,CALL,35500,29365,,,,,,,,,,,,,
2026/09/08 17:43,2026-09-08T17:58:32+09:00,2026/09/09,2026/12/10,2026-12,PUT,35500,33,,,,,,,,,,,,,
2026/09/08 17:43,2026-09-08T17:58:32+09:00,2026/09/09,2026/12/10,2026-12,CALL,35250,29615,,,,,,,,,,,,,
2026/09/08 17:43,2026-09-08T17:58:32+09:00,2026/09/09,2026/12/10,2026-12,PUT,35250,32,,,,,,,,,,,,,
2026/09/08 17:43,2026-09-08T17:58:32+09:00,2026/09/09,2026/12/10,2026-12,CALL,35000,29860,,,,,,,,,,,,,
2026/09/08 17:43,2026-09-08T17:58:32+09:00,2026/09/09,2026/12/10,2026-12,PUT,35000,45,,,,52.76,,,45,2,,,,,
2026/09/08 17:43,2026-09-08T17:58:32+09:00,2026/09/09,2026/12/10,2026-12,CALL,34750,30110,,,,,,,,,,,,,
2026/09/08 17:43,2026-09-08T17:58:32+09:00,2026/09/09,2026/12/10,2026-12,PUT,34750,39,,,,,,,,,,,,,
2026/09/08 17:43,2026-09-08T17:58:32+09:00,2026/09/09,2026/12/10,2026-12,CALL,34500,30355,,,,,,,,,,,,,
2026/09/08 17:43,2026-09-08T17:58:32+09:00,2026/09/09,2026/12/10,2026-12,PUT,34500,28,,,,,,,,,,,,,
2026/09/08 17:43,2026-09-08T17:58:32+09:00,2026/09/09,2026/12/10,2026-12,CALL,34250,30605,,,,,,,,,,,,,
2026/09/08 17:43,2026-09-08T17:58:32+09:00,2026/09/09,2026/12/10,2026-12,PUT,34250,27,,,,,,,,,,,,,
2026/09/08 17:43,2026-09-08T17:58:32+09:00,2026/09/09,2026/12/10,2026-12,CALL,34000,30850,,,,,,,,,,,,,
2026/09/08 17:43,2026-09-08T17:58:32+09:00,2026/09/09,2026/12/10,2026-12,PUT,34000,26,,,,38.23,,,1,10,,,,,
2026/09/08 17:43,2026-09-08T17:58:32+09:00,2026/09/09,2026/12/10,2026-12,CALL,33750,31100,,,,,,,,,,,,,
2026/09/08 17:43,2026-09-08T17:58:32+09:00,2026/09/09,2026/12/10,2026-12,PUT,33750,25,,,,,,,,,,,,,
2026/09/08 17:43,2026-09-08T17:58:32+09:00,2026/09/09,2026/12/10,2026-12,CALL,33500,31345,,,,,,,,,,,,,
2026/09/08 17:43,2026-09-08T17:58:32+09:00,2026/09/09,2026/12/10,2026-12,PUT,33500,24,,,,,,,,,,,,,
2026/09/08 17:43,2026-09-08T17:58:32+09:00,2026/09/09,2026/12/10,2026-12,CALL,33250,31595,,,,,,,,,,,,,
2026/09/08 17:43,2026-09-08T17:58:32+09:00,2026/09/09,2026/12/10,2026-12,PUT,33250,23,,,,,,,,,,,,,
2026/09/08 17:43,2026-09-08T17:58:32+09:00,2026/09/09,2026/12/10,2026-12,CALL,33000,31845,,,,,,,,,,,,,
2026/09/08 17:43,2026-09-08T17:58:32+09:00,2026/09/09,2026/12/10,2026-12,PUT,33000,22,,,,50.5,,,15,1,,,,,
2026/09/08 17:43,2026-09-08T17:58:32+09:00,2026/09/09,2026/12/10,2026-12,CALL,32750,32090,,,,,,,,,,,,,
2026/09/08 17:43,2026-09-08T17:58:32+09:00,2026/09/09,2026/12/10,2026-12,PUT,32750,21,,,,,,,,,,,,,
2026/09/08 17:43,2026-09-08T17:58:32+09:00,2026/09/09,2026/12/10,2026-12,CALL,32500,32340,,,,,,,,,,,,,
2026/09/08 17:43,2026-09-08T17:58:32+09:00,2026/09/09,2026/12/10,2026-12,PUT,32500,20,,,,,,,,,,,,,
2026/09/08 17:43,2026-09-08T17:58:32+09:00,2026/09/09,2026/12/10,2026-12,CALL,32250,32590,,,,,,,,,,,,,
2026/09/08 17:43,2026-09-08T17:58:32+09:00,2026/09/09,2026/12/10,2026-12,PUT,32250,19,,,,,,,,,,,,,
2026/09/08 17:43,2026-09-08T17:58:32+09:00,2026/09/09,2026/12/10,2026-12,CALL,32000,32835,,,,,,,,,,,,,
2026/09/08 17:43,2026-09-08T17:58:32+09:00,2026/09/09,2026/12/10,2026-12,PUT,32000,18,,,,41.63,,,1,10,,,,,
2026/09/08 17:43,2026-09-08T17:58:32+09:00,2026/09/09,2026/12/10,2026-12,CALL,31750,33085,,,,,,,,,,,,,
2026/09/08 17:43,2026-09-08T17:58:32+09:00,2026/09/09,2026/12/10,2026-12,PUT,31750,17,,,,,,,,,,,,,
2026/09/08 17:43,2026-09-08T17:58:32+09:00,2026/09/09,2026/12/10,2026-12,CALL,31500,33330,,,,,,,,,,,,,
2026/09/08 17:43,2026-09-08T17:58:32+09:00,2026/09/09,2026/12/10,2026-12,PUT,31500,17,,,,,,,,,,,,,
2026/09/08 17:43,2026-09-08T17:58:32+09:00,2026/09/09,2026/12/10,2026-12,CALL,31250,33580,,,,,,,,,,,,,
2026/09/08 17:43,2026-09-08T17:58:32+09:00,2026/09/09,2026/12/10,2026-12,PUT,31250,16,,,,,,,,,,,,,
2026/09/08 17:43,2026-09-08T17:58:32+09:00,2026/09/09,2026/12/10,2026-12,CALL,31000,33830,,,,,,,,,,,,,
2026/09/08 17:43,2026-09-08T17:58:32+09:00,2026/09/09,2026/12/10,2026-12,PUT,31000,15,,,,43.41,,,1,10,,,,,
2026/09/08 17:43,2026-09-08T17:58:32+09:00,2026/09/09,2026/12/10,2026-12,CALL,30750,34075,,,,,,,,,,,,,
2026/09/08 17:43,2026-09-08T17:58:32+09:00,2026/09/09,2026/12/10,2026-12,PUT,30750,14,,,,,,,,,,,,,
2026/09/08 17:43,2026-09-08T17:58:32+09:00,2026/09/09,2026/12/10,2026-12,CALL,30500,34325,,,,,,,,,,,,,
2026/09/08 17:43,2026-09-08T17:58:32+09:00,2026/09/09,2026/12/10,2026-12,PUT,30500,14,,,80.23,,220,1,,,,,,,
2026/09/08 17:43,2026-09-08T17:58:32+09:00,2026/09/09,2026/12/10,2026-12,CALL,30250,34575,,,,,,,,,,,,,
2026/09/08 17:43,2026-09-08T17:58:32+09:00,2026/09/09,2026/12/10,2026-12,PUT,30250,13,,,,,,,,,,,,,
2026/09/08 17:43,2026-09-08T17:58:32+09:00,2026/09/09,2026/12/10,2026-12,CALL,30000,34820,,,,,,,,,,,,,
2026/09/08 17:43,2026-09-08T17:58:32+09:00,2026/09/09,2026/12/10,2026-12,PUT,30000,20,,2,65.61,61.88,50,3,31,12,64.46,,,44,09/08 17:13
2026/09/08 17:43,2026-09-08T17:58:32+09:00,2026/09/09,2026/12/10,2026-12,CALL,29750,35070,,,,,,,,,,,,,
2026/09/08 17:43,2026-09-08T17:58:32+09:00,2026/09/09,2026/12/10,2026-12,PUT,29750,12,,,,,,,,,,,,,
2026/09/08 17:43,2026-09-08T17:58:32+09:00,2026/09/09,2026/12/10,2026-12,CALL,29500,35320,,,,,,,,,,,,,
2026/09/08 17:43,2026-09-08T17:58:32+09:00,2026/09/09,2026/12/10,2026-12,PUT,29500,11,,,,,,,,,,,,,
2026/09/08 17:43,2026-09-08T17:58:32+09:00,2026/09/09,2026/12/10,2026-12,CALL,29250,35565,,,,,,,,,,,,,
2026/09/08 17:43,2026-09-08T17:58:32+09:00,2026/09/09,2026/12/10,2026-12,PUT,29250,11,,,,,,,,,,,,,
2026/09/08 17:43,2026-09-08T17:58:32+09:00,2026/09/09,2026/12/10,2026-12,CALL,29000,35815,,,,,,,,,,,,,
2026/09/08 17:43,2026-09-08T17:58:32+09:00,2026/09/09,2026/12/10,2026-12,PUT,29000,10,,,,53.55,,,5,1,,,,,
2026/09/08 17:43,2026-09-08T17:58:32+09:00,2026/09/09,2026/12/10,2026-12,CALL,28750,36065,,,,,,,,,,,,,
2026/09/08 17:43,2026-09-08T17:58:32+09:00,2026/09/09,2026/12/10,2026-12,PUT,28750,10,,,,,,,,,,,,,
2026/09/08 17:43,2026-09-08T17:58:32+09:00,2026/09/09,2026/12/10,2026-12,CALL,28500,36315,,,,,,,,,,,,,
2026/09/08 17:43,2026-09-08T17:58:32+09:00,2026/09/09,2026/12/10,2026-12,PUT,28500,9,,,,,,,,,,,,,
2026/09/08 17:43,2026-09-08T17:58:32+09:00,2026/09/09,2026/12/10,2026-12,CALL,28250,36560,,,,,,,,,,,,,
2026/09/08 17:43,2026-09-08T17:58:32+09:00,2026/09/09,2026/12/10,2026-12,PUT,28250,9,,,,,,,,,,,,,
2026/09/08 17:43,2026-09-08T17:58:32+09:00,2026/09/09,2026/12/10,2026-12,CALL,28000,36810,,,,,,,,,,,,,
2026/09/08 17:43,2026-09-08T17:58:32+09:00,2026/09/09,2026/12/10,2026-12,PUT,28000,18,,,,59.99,,,11,1,,,,,
2026/09/08 17:43,2026-09-08T17:58:32+09:00,2026/09/09,2026/12/10,2026-12,CALL,27750,37060,,,,,,,,,,,,,
2026/09/08 17:43,2026-09-08T17:58:32+09:00,2026/09/09,2026/12/10,2026-12,PUT,27750,8,,,,,,,,,,,,,
2026/09/08 17:43,2026-09-08T17:58:32+09:00,2026/09/09,2026/12/10,2026-12,CALL,27500,37305,,,,,,,,,,,,,
2026/09/08 17:43,2026-09-08T17:58:32+09:00,2026/09/09,2026/12/10,2026-12,PUT,27500,7,,,,,,,,,,,,,
2026/09/08 17:43,2026-09-08T17:58:32+09:00,2026/09/09,2026/12/10,2026-12,CALL,27250,37555,,,,,,,,,,,,,
2026/09/08 17:43,2026-09-08T17:58:32+09:00,2026/09/09,2026/12/10,2026-12,PUT,27250,7,,,,,,,,,,,,,
2026/09/08 17:43,2026-09-08T17:58:32+09:00,2026/09/09,2026/12/10,2026-12,CALL,27000,37805,,,,,,,,,,,,,
2026/09/08 17:43,2026-09-08T17:58:32+09:00,2026/09/09,2026/12/10,2026-12,PUT,27000,13,,,,56.95,,,4,5,,,,,
2026/09/08 17:43,2026-09-08T17:58:32+09:00,2026/09/09,2026/12/10,2026-12,CALL,26750,38055,,,,,,,,,,,,,
2026/09/08 17:43,2026-09-08T17:58:32+09:00,2026/09/09,2026/12/10,2026-12,PUT,26750,6,,,,,,,,,,,,,
2026/09/08 17:43,2026-09-08T17:58:32+09:00,2026/09/09,2026/12/10,2026-12,CALL,26500,38300,,,,,,,,,,,,,
2026/09/08 17:43,2026-09-08T17:58:32+09:00,2026/09/09,2026/12/10,2026-12,PUT,26500,10,,,,63.12,,,10,2,,,,,
2026/09/08 17:43,2026-09-08T17:58:32+09:00,2026/09/09,2026/12/10,2026-12,CALL,26250,38550,,,,,,,,,,,,,
2026/09/08 17:43,2026-09-08T17:58:32+09:00,2026/09/09,2026/12/10,2026-12,PUT,26250,6,,,,,,,,,,,,,
2026/09/08 17:43,2026-09-08T17:58:32+09:00,2026/09/09,2026/12/10,2026-12,CALL,26000,38800,,,,,,,,,,,,,
2026/09/08 17:43,2026-09-08T17:58:32+09:00,2026/09/09,2026/12/10,2026-12,PUT,26000,5,,,76.84,53.27,50,1,1,10,,,,,
2026/09/08 17:43,2026-09-08T17:58:32+09:00,2026/09/09,2026/12/10,2026-12,CALL,25750,39045,,,,,,,,,,,,,
2026/09/08 17:43,2026-09-08T17:58:32+09:00,2026/09/09,2026/12/10,2026-12,PUT,25750,5,,,,,,,,,,,,,
2026/09/08 17:43,2026-09-08T17:58:32+09:00,2026/09/09,2026/12/10,2026-12,CALL,25500,39295,,,,,,,,,,,,,
2026/09/08 17:43,2026-09-08T17:58:32+09:00,2026/09/09,2026/12/10,2026-12,PUT,25500,5,,,,,,,,,,,,,
2026/09/08 17:43,2026-09-08T17:58:32+09:00,2026/09/09,2026/12/10,2026-12,CALL,25250,39545,,,,,,,,,,,,,
2026/09/08 17:43,2026-09-08T17:58:32+09:00,2026/09/09,2026/12/10,2026-12,PUT,25250,5,,,,,,,,,,,,,
2026/09/08 17:43,2026-09-08T17:58:32+09:00,2026/09/09,2026/12/10,2026-12,CALL,25000,39795,,,,,,,,,,,,,
2026/09/08 17:43,2026-09-08T17:58:32+09:00,2026/09/09,2026/12/10,2026-12,PUT,25000,6,,,75.18,63.92,30,1,6,8,,,,,
2026/09/08 17:43,2026-09-08T17:58:32+09:00,2026/09/09,2026/12/10,2026-12,CALL,24750,40040,,,,,,,,,,,,,
2026/09/08 17:43,2026-09-08T17:58:32+09:00,2026/09/09,2026/12/10,2026-12,PUT,24750,4,,,,,,,,,,,,,
2026/09/08 17:43,2026-09-08T17:58:32+09:00,2026/09/09,2026/12/10,2026-12,CALL,24500,40290,,,,,,,,,,,,,
2026/09/08 17:43,2026-09-08T17:58:32+09:00,2026/09/09,2026/12/10,2026-12,PUT,24500,4,,,,,,,,,,,,,
2026/09/08 17:43,2026-09-08T17:58:32+09:00,2026/09/09,2026/12/10,2026-12,CALL,24250,40540,,,,,,,,,,,,,
2026/09/08 17:43,2026-09-08T17:58:32+09:00,2026/09/09,2026/12/10,2026-12,PUT,24250,4,,,,,,,,,,,,,
2026/09/08 17:43,2026-09-08T17:58:32+09:00,2026/09/09,2026/12/10,2026-12,CALL,24000,40790,,,,,,,,,,,,,
2026/09/08 17:43,2026-09-08T17:58:32+09:00,2026/09/09,2026/12/10,2026-12,PUT,24000,3,,,80.89,,40,1,,,,,,,
2026/09/08 17:43,2026-09-08T17:58:32+09:00,2026/09/09,2026/12/10,2026-12,CALL,23750,41035,,,,,,,,,,,,,
2026/09/08 17:43,2026-09-08T17:58:32+09:00,2026/09/09,2026/12/10,2026-12,PUT,23750,3,,,,,,,,,,,,,
2026/09/08 17:43,2026-09-08T17:58:32+09:00,2026/09/09,2026/12/10,2026-12,CALL,23500,41285,,,,,,,,,,,,,
2026/09/08 17:43,2026-09-08T17:58:32+09:00,2026/09/09,2026/12/10,2026-12,PUT,23500,3,,,,,,,,,,,,,
2026/09/08 17:43,2026-09-08T17:58:32+09:00,2026/09/09,2026/12/10,2026-12,CALL,23250,41535,,,,,,,,,,,,,
2026/09/08 17:43,2026-09-08T17:58:32+09:00,2026/09/09,2026/12/10,2026-12,PUT,23250,7,,,,69.52,,,7,1,,,,,
2026/09/08 17:43,2026-09-08T17:58:32+09:00,2026/09/09,2026/12/10,2026-12,CALL,23000,41785,,,,,,,,,,,,,
2026/09/08 17:43,2026-09-08T17:58:32+09:00,2026/09/09,2026/12/10,2026-12,PUT,23000,3,,,,63.28,,,2,1,,,,,
2026/09/08 17:43,2026-09-08T17:58:32+09:00,2026/09/09,2026/12/10,2026-12,CALL,22750,42030,,,,,,,,,,,,,
2026/09/08 17:43,2026-09-08T17:58:32+09:00,2026/09/09,2026/12/10,2026-12,PUT,22750,2,,,,,,,,,,,,,
2026/09/08 17:43,2026-09-08T17:58:32+09:00,2026/09/09,2026/12/10,2026-12,CALL,22500,42280,,,,,,,,,,,,,
2026/09/08 17:43,2026-09-08T17:58:32+09:00,2026/09/09,2026/12/10,2026-12,PUT,22500,2,,,,,,,,,,,,,
2026/09/08 17:43,2026-09-08T17:58:32+09:00,2026/09/09,2026/12/10,2026-12,CALL,22250,42530,,,,,,,,,,,,,
2026/09/08 17:43,2026-09-08T17:58:32+09:00,2026/09/09,2026/12/10,2026-12,PUT,22250,2,,,,,,,,,,,,,
2026/09/08 17:43,2026-09-08T17:58:32+09:00,2026/09/09,2026/12/10,2026-12,CALL,22000,42780,,,,,,,,,,,,,
2026/09/08 17:43,2026-09-08T17:58:32+09:00,2026/09/09,2026/12/10,2026-12,PUT,22000,2,,,98.65,62.63,100,1,1,2,,,,,
2026/09/08 17:43,2026-09-08T17:58:32+09:00,2026/09/09,2026/12/10,2026-12,CALL,21750,43030,,,,,,,,,,,,,
2026/09/08 17:43,2026-09-08T17:58:32+09:00,2026/09/09,2026/12/10,2026-12,PUT,21750,2,,,,,,,,,,,,,
2026/09/08 17:43,2026-09-08T17:58:32+09:00,2026/09/09,2026/12/10,2026-12,CALL,21500,43275,,,,,,,,,,,,,
2026/09/08 17:43,2026-09-08T17:58:32+09:00,2026/09/09,2026/12/10,2026-12,PUT,21500,2,,,,,,,,,,,,,
2026/09/08 17:43,2026-09-08T17:58:32+09:00,2026/09/09,2026/12/10,2026-12,CALL,21250,43525,,,,,,,,,,,,,
2026/09/08 17:43,2026-09-08T17:58:32+09:00,2026/09/09,2026/12/10,2026-12,PUT,21250,2,,,,,,,,,,,,,
2026/09/08 17:43,2026-09-08T17:58:32+09:00,2026/09/09,2026/12/10,2026-12,CALL,21000,43775,,,,,,,,,,,,,
2026/09/08 17:43,2026-09-08T17:58:32+09:00,2026/09/09,2026/12/10,2026-12,PUT,21000,2,,,,,,,,,,,,,
2026/09/08 17:43,2026-09-08T17:58:32+09:00,2026/09/09,2026/12/10,2026-12,CALL,20750,44025,,,,,,,,,,,,,
2026/09/08 17:43,2026-09-08T17:58:32+09:00,2026/09/09,2026/12/10,2026-12,PUT,20750,2,,,,,,,,,,,,,
2026/09/08 17:43,2026-09-08T17:58:32+09:00,2026/09/09,2026/12/10,2026-12,CALL,20500,44270,,,,,,,,,,,,,
2026/09/08 17:43,2026-09-08T17:58:32+09:00,2026/09/09,2026/12/10,2026-12,PUT,20500,2,,,,,,,,,,,,,
2026/09/08 17:43,2026-09-08T17:58:32+09:00,2026/09/09,2026/12/10,2026-12,CALL,20250,44520,,,,,,,,,,,,,
2026/09/08 17:43,2026-09-08T17:58:32+09:00,2026/09/09,2026/12/10,2026-12,PUT,20250,2,,,,,,,,,,,,,
2026/09/08 17:43,2026-09-08T17:58:32+09:00,2026/09/09,2026/12/10,2026-12,CALL,20000,44770,,,,,,,,,,,,,
2026/09/08 17:43,2026-09-08T17:58:32+09:00,2026/09/09,2026/12/10,2026-12,PUT,20000,9,,,87.82,81.14,20,1,9,1,,,,,
2026/09/08 17:43,2026-09-08T17:58:32+09:00,2026/09/09,2026/12/10,2026-12,CALL,19750,45020,,,,,,,,,,,,,
2026/09/08 17:43,2026-09-08T17:58:32+09:00,2026/09/09,2026/12/10,2026-12,PUT,19750,2,,,,,,,,,,,,,
2026/09/08 17:43,2026-09-08T17:58:32+09:00,2026/09/09,2026/12/10,2026-12,CALL,19500,45270,,,,,,,,,,,,,
2026/09/08 17:43,2026-09-08T17:58:32+09:00,2026/09/09,2026/12/10,2026-12,PUT,19500,2,,,,,,,,,,,,,
2026/09/08 17:43,2026-09-08T17:58:32+09:00,2026/09/09,2026/12/10,2026-12,CALL,19250,45515,,,,,,,,,,,,,
2026/09/08 17:43,2026-09-08T17:58:32+09:00,2026/09/09,2026/12/10,2026-12,PUT,19250,2,,,,,,,,,,,,,
2026/09/08 17:43,2026-09-08T17:58:32+09:00,2026/09/09,2026/12/10,2026-12,CALL,19000,45765,,,,,,,,,,,,,
2026/09/08 17:43,2026-09-08T17:58:32+09:00,2026/09/09,2026/12/10,2026-12,PUT,19000,1,,,,70.86,,,1,1,,,,,
2026/09/08 17:43,2026-09-08T17:58:32+09:00,2026/09/09,2026/12/10,2026-12,CALL,18750,46015,,,,,,,,,,,,,
2026/09/08 17:43,2026-09-08T17:58:32+09:00,2026/09/09,2026/12/10,2026-12,PUT,18750,1,,,,,,,,,,,,,
2026/09/08 17:43,2026-09-08T17:58:32+09:00,2026/09/09,2026/12/10,2026-12,CALL,18500,46265,,,,,,,,,,,,,
2026/09/08 17:43,2026-09-08T17:58:32+09:00,2026/09/09,2026/12/10,2026-12,PUT,18500,1,,,,,,,,,,,,,
2026/09/08 17:43,2026-09-08T17:58:32+09:00,2026/09/09,2026/12/10,2026-12,CALL,18250,46510,,,,,,,,,,,,,
2026/09/08 17:43,2026-09-08T17:58:32+09:00,2026/09/09,2026/12/10,2026-12,PUT,18250,1,,,,,,,,,,,,,
2026/09/08 17:43,2026-09-08T17:58:32+09:00,2026/09/09,2026/12/10,2026-12,CALL,18000,46760,,,,,,,,,,,,,
2026/09/08 17:43,2026-09-08T17:58:32+09:00,2026/09/09,2026/12/10,2026-12,PUT,18000,2,,,,77.72,,,2,1,,,,,
2026/09/08 17:43,2026-09-08T17:58:32+09:00,2026/09/09,2026/12/10,2026-12,CALL,17750,47010,,,,,,,,,,,,,
2026/09/08 17:43,2026-09-08T17:58:32+09:00,2026/09/09,2026/12/10,2026-12,PUT,17750,1,,,,,,,,,,,,,
2026/09/08 17:43,2026-09-08T17:58:32+09:00,2026/09/09,2026/12/10,2026-12,CALL,17500,47260,,,,,,,,,,,,,
2026/09/08 17:43,2026-09-08T17:58:32+09:00,2026/09/09,2026/12/10,2026-12,PUT,17500,1,,,,,,,,,,,,,
2026/09/08 17:43,2026-09-08T17:58:32+09:00,2026/09/09,2026/12/10,2026-12,CALL,17250,47510,,,,,,,,,,,,,
2026/09/08 17:43,2026-09-08T17:58:32+09:00,2026/09/09,2026/12/10,2026-12,PUT,17250,1,,,,,,,,,,,,,
2026/09/08 17:43,2026-09-08T17:58:32+09:00,2026/09/09,2026/12/10,2026-12,CALL,17000,47755,,,,,,,,,,,,,
2026/09/08 17:43,2026-09-08T17:58:32+09:00,2026/09/09,2026/12/10,2026-12,PUT,17000,1,,,,,,,,,,,,,
2026/09/08 17:43,2026-09-08T17:58:32+09:00,2026/09/09,2026/12/10,2026-12,CALL,16750,48005,,,,,,,,,,,,,
2026/09/08 17:43,2026-09-08T17:58:32+09:00,2026/09/09,2026/12/10,2026-12,PUT,16750,1,,,,,,,,,,,,,
2026/09/08 17:43,2026-09-08T17:58:32+09:00,2026/09/09,2026/12/10,2026-12,CALL,16500,48255,,,,,,,,,,,,,
2026/09/08 17:43,2026-09-08T17:58:32+09:00,2026/09/09,2026/12/10,2026-12,PUT,16500,1,,,,,,,,,,,,,
2026/09/08 17:43,2026-09-08T17:58:32+09:00,2026/09/09,2026/12/10,2026-12,CALL,16250,48505,,,,,,,,,,,,,
2026/09/08 17:43,2026-09-08T17:58:32+09:00,2026/09/09,2026/12/10,2026-12,PUT,16250,1,,,,,,,,,,,,,
2026/09/08 17:43,2026-09-08T17:58:32+09:00,2026/09/09,2026/12/10,2026-12,CALL,16000,48755,,,,,,,,,,,,,
2026/09/08 17:43,2026-09-08T17:58:32+09:00,2026/09/09,2026/12/10,2026-12,PUT,16000,1,,,,80.54,,,1,1,,,,,
2026/09/08 17:43,2026-09-08T17:58:32+09:00,2026/09/09,2026/12/10,2026-12,CALL,15750,49000,,,,,,,,,,,,,
2026/09/08 17:43,2026-09-08T17:58:32+09:00,2026/09/09,2026/12/10,2026-12,PUT,15750,1,,,,,,,,,,,,,
2026/09/08 17:43,2026-09-08T17:58:32+09:00,2026/09/09,2026/12/10,2026-12,CALL,15500,49250,,,,,,,,,,,,,
2026/09/08 17:43,2026-09-08T17:58:32+09:00,2026/09/09,2026/12/10,2026-12,PUT,15500,1,,,,,,,,,,,,,
2026/09/08 17:43,2026-09-08T17:58:32+09:00,2026/09/09,2026/12/10,2026-12,CALL,15250,49500,,,,,,,,,,,,,
2026/09/08 17:43,2026-09-08T17:58:32+09:00,2026/09/09,2026/12/10,2026-12,PUT,15250,1,,,,,,,,,,,,,
2026/09/08 17:43,2026-09-08T17:58:32+09:00,2026/09/09,2026/12/10,2026-12,CALL,15000,49750,,,,,,,,,,,,,
2026/09/08 17:43,2026-09-08T17:58:32+09:00,2026/09/09,2026/12/10,2026-12,PUT,15000,3,,,,88.52,,,2,1,,,,,
2026/09/08 17:43,2026-09-08T17:58:32+09:00,2026/09/09,2026/12/10,2026-12,CALL,14750,50000,,,,,,,,,,,,,
2026/09/08 17:43,2026-09-08T17:58:32+09:00,2026/09/09,2026/12/10,2026-12,PUT,14750,1,,,,,,,,,,,,,
2026/09/08 17:43,2026-09-08T17:58:32+09:00,2026/09/09,2026/12/10,2026-12,CALL,14500,50245,,,,,,,,,,,,,
2026/09/08 17:43,2026-09-08T17:58:32+09:00,2026/09/09,2026/12/10,2026-12,PUT,14500,1,,,,,,,,,,,,,
2026/09/08 17:43,2026-09-08T17:58:32+09:00,2026/09/09,2026/12/10,2026-12,CALL,14250,50495,,,,,,,,,,,,,
2026/09/08 17:43,2026-09-08T17:58:32+09:00,2026/09/09,2026/12/10,2026-12,PUT,14250,1,,,,,,,,,,,,,
2026/09/08 17:43,2026-09-08T17:58:32+09:00,2026/09/09,2026/12/10,2026-12,CALL,14000,50745,,,,,,,,,,,,,
2026/09/08 17:43,2026-09-08T17:58:32+09:00,2026/09/09,2026/12/10,2026-12,PUT,14000,2,,,,92.62,,,2,1,,,,,
2026/09/08 17:43,2026-09-08T17:58:32+09:00,2026/09/09,2026/12/10,2026-12,CALL,13750,50995,,,,,,,,,,,,,
2026/09/08 17:43,2026-09-08T17:58:32+09:00,2026/09/09,2026/12/10,2026-12,PUT,13750,1,,,,,,,,,,,,,
2026/09/08 17:43,2026-09-08T17:58:32+09:00,2026/09/09,2026/12/10,2026-12,CALL,13500,51245,,,,,,,,,,,,,
2026/09/08 17:43,2026-09-08T17:58:32+09:00,2026/09/09,2026/12/10,2026-12,PUT,13500,1,,,,90.15,,,1,100,,,,,
2026/09/08 17:43,2026-09-08T17:58:32+09:00,2026/09/09,2026/12/10,2026-12,CALL,13250,51490,,,,,,,,,,,,,
2026/09/08 17:43,2026-09-08T17:58:32+09:00,2026/09/09,2026/12/10,2026-12,PUT,13250,1,,,,,,,,,,,,,
2026/09/08 17:43,2026-09-08T17:58:32+09:00,2026/09/09,2026/12/10,2026-12,CALL,13000,51740,,,,,,,,,,,,,
2026/09/08 17:43,2026-09-08T17:58:32+09:00,2026/09/09,2026/12/10,2026-12,PUT,13000,3,,,,102.48,,,4,1,,,,,
2026/09/08 17:43,2026-09-08T17:58:32+09:00,2026/09/09,2026/12/10,2026-12,CALL,12750,51990,,,,,,,,,,,,,
2026/09/08 17:43,2026-09-08T17:58:32+09:00,2026/09/09,2026/12/10,2026-12,PUT,12750,1,,,,93.4,,,1,1,,,,,
2026/09/08 17:43,2026-09-08T17:58:32+09:00,2026/09/09,2026/12/10,2026-12,CALL,12500,52240,,,,,,,,,,,,,
2026/09/08 17:43,2026-09-08T17:58:32+09:00,2026/09/09,2026/12/10,2026-12,PUT,12500,4,,3,108.62,106.93,6,3,5,3,108.61,2,50,6,09/08 17:26
