qri_update_time,collected_at,trading_day,last_trading_day,contract,option_type,strike,settlement,open_interest,volume,ask_iv,bid_iv,ask_price,ask_quantity,bid_price,bid_quantity,iv,change,change_percent,last_price,trade_time
2026/09/10 17:48,2026-09-10T18:03:19+09:00,2026/09/11,2026/10/08,2026-09,CALL,80000,7,,4,28.63,27.67,7,36,5,20,28.11,-1,-14.29,6,09/10 17:45
2026/09/10 17:48,2026-09-10T18:03:19+09:00,2026/09/11,2026/10/08,2026-09,PUT,80000,15020,,,,,,,,,,,,,
2026/09/10 17:48,2026-09-10T18:03:19+09:00,2026/09/11,2026/10/08,2026-09,CALL,79500,8,,,28.65,27.45,9,23,6,15,,,,,
2026/09/10 17:48,2026-09-10T18:03:19+09:00,2026/09/11,2026/10/08,2026-09,PUT,79500,14520,,,,,,,,,,,,,
2026/09/10 17:48,2026-09-10T18:03:19+09:00,2026/09/11,2026/10/08,2026-09,CALL,79000,10,,1,27.88,27.14,9,27,7,28,27.09,-2,-20,8,09/10 17:02
2026/09/10 17:48,2026-09-10T18:03:19+09:00,2026/09/11,2026/10/08,2026-09,PUT,79000,14025,,,,,,,,,,,,,
2026/09/10 17:48,2026-09-10T18:03:19+09:00,2026/09/11,2026/10/08,2026-09,CALL,78500,12,,,28.01,26.77,12,23,8,15,,,,,
2026/09/10 17:48,2026-09-10T18:03:19+09:00,2026/09/11,2026/10/08,2026-09,PUT,78500,13525,,,,,,,,,,,,,
2026/09/10 17:48,2026-09-10T18:03:19+09:00,2026/09/11,2026/10/08,2026-09,CALL,78000,15,,,27.47,26.65,13,3,10,7,,,,,
2026/09/10 17:48,2026-09-10T18:03:19+09:00,2026/09/11,2026/10/08,2026-09,PUT,78000,13030,,,,,,,,,,,,,
2026/09/10 17:48,2026-09-10T18:03:19+09:00,2026/09/11,2026/10/08,2026-09,CALL,77500,18,,,27.54,26.4,17,11,12,8,,,,,
2026/09/10 17:48,2026-09-10T18:03:19+09:00,2026/09/11,2026/10/08,2026-09,PUT,77500,12535,,,,,,,,,,,,,
2026/09/10 17:48,2026-09-10T18:03:19+09:00,2026/09/11,2026/10/08,2026-09,CALL,77000,18,,70,26.69,26.28,17,10,15,2,26.41,-2,-11.11,16,09/10 17:43
2026/09/10 17:48,2026-09-10T18:03:19+09:00,2026/09/11,2026/10/08,2026-09,PUT,77000,12035,,,,,,,,,,,,,
2026/09/10 17:48,2026-09-10T18:03:19+09:00,2026/09/11,2026/10/08,2026-09,CALL,76500,25,,,26.72,26.03,22,11,18,8,,,,,
2026/09/10 17:48,2026-09-10T18:03:19+09:00,2026/09/11,2026/10/08,2026-09,PUT,76500,11540,,,,,,,,,,,,,
2026/09/10 17:48,2026-09-10T18:03:19+09:00,2026/09/11,2026/10/08,2026-09,CALL,76250,26,,,27.68,25.01,32,8,15,28,,,,,
2026/09/10 17:48,2026-09-10T18:03:19+09:00,2026/09/11,2026/10/08,2026-09,PUT,76250,11295,,,,,,,,,,,,,
2026/09/10 17:48,2026-09-10T18:03:19+09:00,2026/09/11,2026/10/08,2026-09,CALL,76000,28,,,26.43,25.83,26,1,22,1,,,,,
2026/09/10 17:48,2026-09-10T18:03:19+09:00,2026/09/11,2026/10/08,2026-09,PUT,76000,11045,,,,,,,,,,,,,
2026/09/10 17:48,2026-09-10T18:03:19+09:00,2026/09/11,2026/10/08,2026-09,CALL,75750,31,,,29.15,21.73,56,25,6,25,,,,,
2026/09/10 17:48,2026-09-10T18:03:19+09:00,2026/09/11,2026/10/08,2026-09,PUT,75750,10800,,,,,,,,,,,,,
2026/09/10 17:48,2026-09-10T18:03:19+09:00,2026/09/11,2026/10/08,2026-09,CALL,75500,34,,,26.4,25.65,33,8,27,8,,,,,
2026/09/10 17:48,2026-09-10T18:03:19+09:00,2026/09/11,2026/10/08,2026-09,PUT,75500,10555,,,,,,,,,,,,,
2026/09/10 17:48,2026-09-10T18:03:19+09:00,2026/09/11,2026/10/08,2026-09,CALL,75250,37,,,28.56,24.33,61,28,21,25,,,,,
2026/09/10 17:48,2026-09-10T18:03:19+09:00,2026/09/11,2026/10/08,2026-09,PUT,75250,10310,,,,,,,,,,,,,
2026/09/10 17:48,2026-09-10T18:03:19+09:00,2026/09/11,2026/10/08,2026-09,CALL,75000,39,,1,25.9,25.22,37,12,31,54,25.23,-4,-10.26,35,09/10 17:28
2026/09/10 17:48,2026-09-10T18:03:19+09:00,2026/09/11,2026/10/08,2026-09,PUT,75000,10065,,,,,,,,,,,,,
2026/09/10 17:48,2026-09-10T18:03:19+09:00,2026/09/11,2026/10/08,2026-09,CALL,74750,45,,2,26.01,25.2,43,5,35,22,25.36,-15,-27.27,40,09/10 17:25
2026/09/10 17:48,2026-09-10T18:03:19+09:00,2026/09/11,2026/10/08,2026-09,PUT,74750,9820,,,34.75,,10400,5,10070,7,,,,,
2026/09/10 17:48,2026-09-10T18:03:19+09:00,2026/09/11,2026/10/08,2026-09,CALL,74500,49,,,25.79,25.33,46,1,41,8,,,,,
2026/09/10 17:48,2026-09-10T18:03:19+09:00,2026/09/11,2026/10/08,2026-09,PUT,74500,9575,,,30.62,,10070,2,9825,10,,,,,
2026/09/10 17:48,2026-09-10T18:03:19+09:00,2026/09/11,2026/10/08,2026-09,CALL,74250,56,,,25.63,25.29,50,5,46,5,,,,,
2026/09/10 17:48,2026-09-10T18:03:19+09:00,2026/09/11,2026/10/08,2026-09,PUT,74250,9330,,,32.13,,9865,1,9580,7,,,,,
2026/09/10 17:48,2026-09-10T18:03:19+09:00,2026/09/11,2026/10/08,2026-09,CALL,74000,61,,,25.6,25.29,56,12,52,12,,,,,
2026/09/10 17:48,2026-09-10T18:03:19+09:00,2026/09/11,2026/10/08,2026-09,PUT,74000,9090,,,30.44,,9590,3,9340,18,,,,,
2026/09/10 17:48,2026-09-10T18:03:19+09:00,2026/09/11,2026/10/08,2026-09,CALL,73750,68,,,25.6,25.08,63,11,56,15,,,,,
2026/09/10 17:48,2026-09-10T18:03:19+09:00,2026/09/11,2026/10/08,2026-09,PUT,73750,8845,,,33.05,,9420,7,9095,6,,,,,
2026/09/10 17:48,2026-09-10T18:03:19+09:00,2026/09/11,2026/10/08,2026-09,CALL,73500,74,,3,25.48,25.21,69,1,65,1,25.04,2,3.08,67,09/10 17:37
2026/09/10 17:48,2026-09-10T18:03:19+09:00,2026/09/11,2026/10/08,2026-09,PUT,73500,8605,,,25.21,,9015,2,8855,10,,,,,
2026/09/10 17:48,2026-09-10T18:03:19+09:00,2026/09/11,2026/10/08,2026-09,CALL,73250,84,,,25.44,25.06,77,5,71,5,,,,,
2026/09/10 17:48,2026-09-10T18:03:19+09:00,2026/09/11,2026/10/08,2026-09,PUT,73250,8365,,,29.31,,8855,1,8615,7,,,,,
2026/09/10 17:48,2026-09-10T18:03:19+09:00,2026/09/11,2026/10/08,2026-09,CALL,73000,90,,5,25.36,25.07,85,1,80,1,24.93,-2,-2.35,83,09/10 17:37
2026/09/10 17:48,2026-09-10T18:03:19+09:00,2026/09/11,2026/10/08,2026-09,PUT,73000,8125,,,26.17,,8550,12,8375,18,,,,,
2026/09/10 17:48,2026-09-10T18:03:19+09:00,2026/09/11,2026/10/08,2026-09,CALL,72750,102,,,25.28,24.9,94,5,87,11,,,,,
2026/09/10 17:48,2026-09-10T18:03:19+09:00,2026/09/11,2026/10/08,2026-09,PUT,72750,7885,,,29.26,,8385,1,8135,7,,,,,
2026/09/10 17:48,2026-09-10T18:03:19+09:00,2026/09/11,2026/10/08,2026-09,CALL,72500,109,,3,25.31,24.96,106,1,99,1,24.64,-6,-5.5,103,09/10 17:28
2026/09/10 17:48,2026-09-10T18:03:19+09:00,2026/09/11,2026/10/08,2026-09,PUT,72500,7655,,,28.99,,8145,10,7905,10,,,,,
2026/09/10 17:48,2026-09-10T18:03:19+09:00,2026/09/11,2026/10/08,2026-09,CALL,72250,125,,,25.19,24.91,116,5,110,5,,,,,
2026/09/10 17:48,2026-09-10T18:03:19+09:00,2026/09/11,2026/10/08,2026-09,PUT,72250,7415,,,25.6,,7825,1,7665,6,,,,,
2026/09/10 17:48,2026-09-10T18:03:19+09:00,2026/09/11,2026/10/08,2026-09,CALL,72125,135,,,25.25,24.89,124,4,116,3,,,,,
2026/09/10 17:48,2026-09-10T18:03:19+09:00,2026/09/11,2026/10/08,2026-09,PUT,72125,7295,,,31.33,,7875,6,7545,6,,,,,
2026/09/10 17:48,2026-09-10T18:03:19+09:00,2026/09/11,2026/10/08,2026-09,CALL,72000,136,,1,25.12,24.9,128,1,123,1,24.66,-12,-8.82,124,09/10 17:19
2026/09/10 17:48,2026-09-10T18:03:19+09:00,2026/09/11,2026/10/08,2026-09,PUT,72000,7180,,,26.22,,7605,3,7430,18,,,,,
2026/09/10 17:48,2026-09-10T18:03:19+09:00,2026/09/11,2026/10/08,2026-09,CALL,71875,147,,,25.19,24.85,137,3,129,3,,,,,
2026/09/10 17:48,2026-09-10T18:03:19+09:00,2026/09/11,2026/10/08,2026-09,PUT,71875,7065,,,30.2,,7610,1,7315,1,,,,,
2026/09/10 17:48,2026-09-10T18:03:19+09:00,2026/09/11,2026/10/08,2026-09,CALL,71750,157,,,25.16,24.79,144,3,135,8,,,,,
2026/09/10 17:48,2026-09-10T18:03:19+09:00,2026/09/11,2026/10/08,2026-09,PUT,71750,6950,,,28.5,0,7440,1,7200,1,,,,,
2026/09/10 17:48,2026-09-10T18:03:19+09:00,2026/09/11,2026/10/08,2026-09,CALL,71625,163,,,25.11,24.84,151,3,144,3,,,,,
2026/09/10 17:48,2026-09-10T18:03:19+09:00,2026/09/11,2026/10/08,2026-09,PUT,71625,6830,,,27.69,14.56,7300,1,7080,1,,,,,
2026/09/10 17:48,2026-09-10T18:03:19+09:00,2026/09/11,2026/10/08,2026-09,CALL,71500,171,,,25.06,24.83,158,1,152,1,,,,,
2026/09/10 17:48,2026-09-10T18:03:19+09:00,2026/09/11,2026/10/08,2026-09,PUT,71500,6720,,,26.54,,7150,10,6665,10,,,,,
2026/09/10 17:48,2026-09-10T18:03:19+09:00,2026/09/11,2026/10/08,2026-09,CALL,71375,181,,,25.1,24.81,168,3,160,5,,,,,
2026/09/10 17:48,2026-09-10T18:03:19+09:00,2026/09/11,2026/10/08,2026-09,PUT,71375,6605,,,30.81,,7185,5,6535,5,,,,,
2026/09/10 17:48,2026-09-10T18:03:19+09:00,2026/09/11,2026/10/08,2026-09,CALL,71250,191,,,25.09,24.77,177,3,168,12,,,,,
2026/09/10 17:48,2026-09-10T18:03:19+09:00,2026/09/11,2026/10/08,2026-09,PUT,71250,6490,,,26.35,,6915,1,6425,6,,,,,
2026/09/10 17:48,2026-09-10T18:03:19+09:00,2026/09/11,2026/10/08,2026-09,CALL,71125,202,,,25.07,24.79,186,3,178,13,,,,,
2026/09/10 17:48,2026-09-10T18:03:19+09:00,2026/09/11,2026/10/08,2026-09,PUT,71125,6375,,,27.51,,6840,1,6305,5,,,,,
2026/09/10 17:48,2026-09-10T18:03:19+09:00,2026/09/11,2026/10/08,2026-09,CALL,71000,210,,6,25.09,24.83,197,1,189,1,24.64,-14,-6.67,196,09/10 17:32
2026/09/10 17:48,2026-09-10T18:03:19+09:00,2026/09/11,2026/10/08,2026-09,PUT,71000,6265,,,26.28,,6685,15,6200,12,,,,,
2026/09/10 17:48,2026-09-10T18:03:19+09:00,2026/09/11,2026/10/08,2026-09,CALL,70875,224,,,25.17,24.75,210,14,197,11,,,,,
2026/09/10 17:48,2026-09-10T18:03:19+09:00,2026/09/11,2026/10/08,2026-09,PUT,70875,6150,,,28.56,,6655,5,6080,5,,,,,
2026/09/10 17:48,2026-09-10T18:03:19+09:00,2026/09/11,2026/10/08,2026-09,CALL,70750,237,,,25.07,24.79,218,3,209,13,,,,,
2026/09/10 17:48,2026-09-10T18:03:19+09:00,2026/09/11,2026/10/08,2026-09,PUT,70750,6040,,,24.67,,6405,1,5975,5,,,,,
2026/09/10 17:48,2026-09-10T18:03:19+09:00,2026/09/11,2026/10/08,2026-09,CALL,70625,250,,,25.05,24.75,229,3,219,13,,,,,
2026/09/10 17:48,2026-09-10T18:03:19+09:00,2026/09/11,2026/10/08,2026-09,PUT,70625,5925,,,25.52,,6320,5,5855,5,,,,,
2026/09/10 17:48,2026-09-10T18:03:19+09:00,2026/09/11,2026/10/08,2026-09,CALL,70500,259,,3,25.04,24.84,241,7,234,1,24.59,0,0,245,09/10 17:29
2026/09/10 17:48,2026-09-10T18:03:19+09:00,2026/09/11,2026/10/08,2026-09,PUT,70500,5820,,,27.44,,6280,2,5745,8,,,,,
2026/09/10 17:48,2026-09-10T18:03:19+09:00,2026/09/11,2026/10/08,2026-09,CALL,70375,280,,,25.05,24.77,254,3,244,8,,,,,
2026/09/10 17:48,2026-09-10T18:03:19+09:00,2026/09/11,2026/10/08,2026-09,PUT,70375,5705,,,27.43,,6170,5,5635,5,,,,,
2026/09/10 17:48,2026-09-10T18:03:19+09:00,2026/09/11,2026/10/08,2026-09,CALL,70250,293,,,25.07,24.77,268,3,257,10,,,,,
2026/09/10 17:48,2026-09-10T18:03:19+09:00,2026/09/11,2026/10/08,2026-09,PUT,70250,5600,,,26.3,,6015,6,5525,5,,,,,
2026/09/10 17:48,2026-09-10T18:03:19+09:00,2026/09/11,2026/10/08,2026-09,CALL,70125,330,,,25.07,24.81,282,3,272,11,,,,,
2026/09/10 17:48,2026-09-10T18:03:19+09:00,2026/09/11,2026/10/08,2026-09,PUT,70125,5495,,,28.98,,6020,1,5420,4,,,,,
2026/09/10 17:48,2026-09-10T18:03:19+09:00,2026/09/11,2026/10/08,2026-09,CALL,70000,320,,7,25.14,24.86,299,1,288,1,24.74,-4,-1.33,296,09/10 17:38
2026/09/10 17:48,2026-09-10T18:03:19+09:00,2026/09/11,2026/10/08,2026-09,PUT,70000,5385,,,25.16,,5750,3,5205,18,,,,,
2026/09/10 17:48,2026-09-10T18:03:19+09:00,2026/09/11,2026/10/08,2026-09,CALL,69875,345,,,25.16,24.78,315,16,300,2,,,,,
2026/09/10 17:48,2026-09-10T18:03:19+09:00,2026/09/11,2026/10/08,2026-09,PUT,69875,5275,,,29.87,,5850,6,5200,4,,,,,
2026/09/10 17:48,2026-09-10T18:03:19+09:00,2026/09/11,2026/10/08,2026-09,CALL,69750,360,,1,25.14,24.89,330,6,320,4,24.56,10,3.13,330,09/10 17:24
2026/09/10 17:48,2026-09-10T18:03:19+09:00,2026/09/11,2026/10/08,2026-09,PUT,69750,5170,,,24.89,,5520,7,5095,7,,,,,
2026/09/10 17:48,2026-09-10T18:03:19+09:00,2026/09/11,2026/10/08,2026-09,CALL,69625,400,,,25.22,24.87,350,14,335,2,,,,,
2026/09/10 17:48,2026-09-10T18:03:19+09:00,2026/09/11,2026/10/08,2026-09,PUT,69625,5065,,,25.8,,5450,7,4985,8,,,,,
2026/09/10 17:48,2026-09-10T18:03:19+09:00,2026/09/11,2026/10/08,2026-09,CALL,69500,395,,1,25.17,24.94,365,9,355,5,24.59,-5,-1.35,365,09/10 17:21
2026/09/10 17:48,2026-09-10T18:03:19+09:00,2026/09/11,2026/10/08,2026-09,PUT,69500,4965,,,26.17,,5360,3,4895,11,,,,,
2026/09/10 17:48,2026-09-10T18:03:19+09:00,2026/09/11,2026/10/08,2026-09,CALL,69375,435,,,25.21,24.88,385,14,370,3,,,,,
2026/09/10 17:48,2026-09-10T18:03:19+09:00,2026/09/11,2026/10/08,2026-09,PUT,69375,4860,,,28.16,,5350,3,4780,8,,,,,
2026/09/10 17:48,2026-09-10T18:03:19+09:00,2026/09/11,2026/10/08,2026-09,CALL,69250,440,,,25.24,24.91,405,18,390,4,,,,,
2026/09/10 17:48,2026-09-10T18:03:19+09:00,2026/09/11,2026/10/08,2026-09,PUT,69250,4755,,,28.72,,5275,2,4675,8,,,,,
2026/09/10 17:48,2026-09-10T18:03:19+09:00,2026/09/11,2026/10/08,2026-09,CALL,69125,480,,,25.25,24.93,425,4,410,2,,,,,
2026/09/10 17:48,2026-09-10T18:03:19+09:00,2026/09/11,2026/10/08,2026-09,PUT,69125,4655,,,26.49,,5060,3,4570,8,,,,,
2026/09/10 17:48,2026-09-10T18:03:19+09:00,2026/09/11,2026/10/08,2026-09,CALL,69000,485,,4,25.25,25.04,445,10,435,5,24.81,-15,-3.26,445,09/10 17:36
2026/09/10 17:48,2026-09-10T18:03:19+09:00,2026/09/11,2026/10/08,2026-09,PUT,69000,4560,,,26.86,14.04,4975,4,4500,22,,,,,
2026/09/10 17:48,2026-09-10T18:03:19+09:00,2026/09/11,2026/10/08,2026-09,CALL,68875,540,,,25.33,25.02,470,14,455,4,,,,,
2026/09/10 17:48,2026-09-10T18:03:19+09:00,2026/09/11,2026/10/08,2026-09,PUT,68875,4455,,,27.76,13.45,4920,3,4370,8,,,,,
2026/09/10 17:48,2026-09-10T18:03:19+09:00,2026/09/11,2026/10/08,2026-09,CALL,68750,535,,,25.29,24.99,490,4,475,4,,,,,
2026/09/10 17:48,2026-09-10T18:03:19+09:00,2026/09/11,2026/10/08,2026-09,PUT,68750,4365,,,29.49,14.83,4915,7,4280,8,,,,,
2026/09/10 17:48,2026-09-10T18:03:19+09:00,2026/09/11,2026/10/08,2026-09,CALL,68625,595,,,25.33,25.14,515,4,505,2,,,,,
2026/09/10 17:48,2026-09-10T18:03:19+09:00,2026/09/11,2026/10/08,2026-09,PUT,68625,4260,,,25.52,15.09,4600,7,4170,8,,,,,
2026/09/10 17:48,2026-09-10T18:03:19+09:00,2026/09/11,2026/10/08,2026-09,CALL,68500,590,,3,25.35,25.17,540,4,530,5,24.74,-40,-7.02,530,09/10 17:18
2026/09/10 17:48,2026-09-10T18:03:19+09:00,2026/09/11,2026/10/08,2026-09,PUT,68500,4170,,,26.29,16.42,4540,1,4095,3,,,,,
2026/09/10 17:48,2026-09-10T18:03:19+09:00,2026/09/11,2026/10/08,2026-09,CALL,68375,660,,,25.46,25.08,570,12,550,12,,,,,
2026/09/10 17:48,2026-09-10T18:03:19+09:00,2026/09/11,2026/10/08,2026-09,PUT,68375,4075,,,25.73,16.35,4410,7,3980,8,,,,,
2026/09/10 17:48,2026-09-10T18:03:19+09:00,2026/09/11,2026/10/08,2026-09,CALL,68250,660,,,25.54,25.17,600,5,580,4,,,,,
2026/09/10 17:48,2026-09-10T18:03:19+09:00,2026/09/11,2026/10/08,2026-09,PUT,68250,3980,,,25.99,16.81,4325,2,3885,8,,,,,
2026/09/10 17:48,2026-09-10T18:03:19+09:00,2026/09/11,2026/10/08,2026-09,CALL,68125,705,,,25.51,25.24,625,3,610,3,,,,,
2026/09/10 17:48,2026-09-10T18:03:19+09:00,2026/09/11,2026/10/08,2026-09,PUT,68125,3880,,,26.21,16.94,4240,7,3780,8,,,,,
2026/09/10 17:48,2026-09-10T18:03:19+09:00,2026/09/11,2026/10/08,2026-09,CALL,68000,720,,3,25.55,25.38,655,7,645,5,24.86,-40,-5.76,655,09/10 17:21
2026/09/10 17:48,2026-09-10T18:03:19+09:00,2026/09/11,2026/10/08,2026-09,PUT,68000,3800,,,27.86,18.32,4240,7,3730,22,,,,,
2026/09/10 17:48,2026-09-10T18:03:19+09:00,2026/09/11,2026/10/08,2026-09,CALL,67875,755,,,25.66,25.32,690,3,670,3,,,,,
2026/09/10 17:48,2026-09-10T18:03:19+09:00,2026/09/11,2026/10/08,2026-09,PUT,67875,3710,,,26.6,17.78,4070,7,3600,8,,,,,
2026/09/10 17:48,2026-09-10T18:03:19+09:00,2026/09/11,2026/10/08,2026-09,CALL,67750,790,,,25.67,25.42,720,5,705,5,,,,,
2026/09/10 17:48,2026-09-10T18:03:19+09:00,2026/09/11,2026/10/08,2026-09,PUT,67750,3620,,,26.09,18.11,3945,2,3510,8,,,,,
2026/09/10 17:48,2026-09-10T18:03:19+09:00,2026/09/11,2026/10/08,2026-09,CALL,67625,825,,,25.75,25.5,755,12,740,3,,,,,
2026/09/10 17:48,2026-09-10T18:03:19+09:00,2026/09/11,2026/10/08,2026-09,PUT,67625,3530,,,28.02,18.29,3970,3,3415,8,,,,,
2026/09/10 17:48,2026-09-10T18:03:19+09:00,2026/09/11,2026/10/08,2026-09,CALL,67500,865,,,25.8,25.56,790,6,775,5,,,,,
2026/09/10 17:48,2026-09-10T18:03:19+09:00,2026/09/11,2026/10/08,2026-09,PUT,67500,3450,,,25.15,21.22,3700,12,3470,13,,,,,
2026/09/10 17:48,2026-09-10T18:03:19+09:00,2026/09/11,2026/10/08,2026-09,CALL,67375,910,,,25.84,25.52,825,3,805,11,,,,,
2026/09/10 17:48,2026-09-10T18:03:19+09:00,2026/09/11,2026/10/08,2026-09,PUT,67375,3355,,,27.19,18.73,3735,7,3235,8,,,,,
2026/09/10 17:48,2026-09-10T18:03:19+09:00,2026/09/11,2026/10/08,2026-09,CALL,67250,945,,,25.94,25.62,865,5,845,5,,,,,
2026/09/10 17:48,2026-09-10T18:03:19+09:00,2026/09/11,2026/10/08,2026-09,PUT,67250,3285,,,25.38,19.26,3530,1,3165,8,,,,,
2026/09/10 17:48,2026-09-10T18:03:19+09:00,2026/09/11,2026/10/08,2026-09,CALL,67125,985,,,26.01,25.62,905,2,880,11,,,,,
2026/09/10 17:48,2026-09-10T18:03:19+09:00,2026/09/11,2026/10/08,2026-09,PUT,67125,3190,,,25.39,19.21,3440,6,3065,8,,,,,
2026/09/10 17:48,2026-09-10T18:03:19+09:00,2026/09/11,2026/10/08,2026-09,CALL,67000,1030,,,26.08,25.84,945,8,930,5,,,,,
2026/09/10 17:48,2026-09-10T18:03:19+09:00,2026/09/11,2026/10/08,2026-09,PUT,67000,3125,,,25.61,24.45,3365,18,3290,18,,,,,
2026/09/10 17:48,2026-09-10T18:03:19+09:00,2026/09/11,2026/10/08,2026-09,CALL,66875,1095,,,26.12,25.74,985,11,960,11,,,,,
2026/09/10 17:48,2026-09-10T18:03:19+09:00,2026/09/11,2026/10/08,2026-09,PUT,66875,3020,,,25.51,21.52,3270,6,3015,8,,,,,
2026/09/10 17:48,2026-09-10T18:03:19+09:00,2026/09/11,2026/10/08,2026-09,CALL,66750,1135,,,26.22,25.84,1030,11,1005,11,,,,,
2026/09/10 17:48,2026-09-10T18:03:19+09:00,2026/09/11,2026/10/08,2026-09,PUT,66750,2950,,,25.77,19.85,3200,7,2820,6,,,,,
2026/09/10 17:48,2026-09-10T18:03:19+09:00,2026/09/11,2026/10/08,2026-09,CALL,66625,1185,,,26.3,25.93,1075,10,1050,10,,,,,
2026/09/10 17:48,2026-09-10T18:03:19+09:00,2026/09/11,2026/10/08,2026-09,PUT,66625,2865,,,25.78,21.68,3115,6,2845,5,,,,,
2026/09/10 17:48,2026-09-10T18:03:19+09:00,2026/09/11,2026/10/08,2026-09,CALL,66500,1220,,,26.36,26.14,1120,18,1105,3,,,,,
2026/09/10 17:48,2026-09-10T18:03:19+09:00,2026/09/11,2026/10/08,2026-09,PUT,66500,2810,,,25.85,24.21,3035,10,2925,16,,,,,
2026/09/10 17:48,2026-09-10T18:03:19+09:00,2026/09/11,2026/10/08,2026-09,CALL,66375,1285,,,26.55,26.04,1175,10,1140,10,,,,,
2026/09/10 17:48,2026-09-10T18:03:19+09:00,2026/09/11,2026/10/08,2026-09,PUT,66375,2720,,,26.11,22.04,2970,6,2695,5,,,,,
2026/09/10 17:48,2026-09-10T18:03:19+09:00,2026/09/11,2026/10/08,2026-09,CALL,66250,1335,,,26.58,26.07,1220,11,1185,11,,,,,
2026/09/10 17:48,2026-09-10T18:03:19+09:00,2026/09/11,2026/10/08,2026-09,PUT,66250,2655,,,26.36,22.34,2905,7,2630,6,,,,,
2026/09/10 17:48,2026-09-10T18:03:19+09:00,2026/09/11,2026/10/08,2026-09,CALL,66125,1400,,,26.8,26.16,1280,10,1235,10,,,,,
2026/09/10 17:48,2026-09-10T18:03:19+09:00,2026/09/11,2026/10/08,2026-09,PUT,66125,2575,,,26.37,22.17,2825,6,2535,5,,,,,
2026/09/10 17:48,2026-09-10T18:03:19+09:00,2026/09/11,2026/10/08,2026-09,CALL,66000,1430,,,26.65,26.44,1315,5,1300,3,,,,,
2026/09/10 17:48,2026-09-10T18:03:19+09:00,2026/09/11,2026/10/08,2026-09,PUT,66000,2520,,,26.58,24.79,2760,22,2635,22,,,,,
2026/09/10 17:48,2026-09-10T18:03:19+09:00,2026/09/11,2026/10/08,2026-09,CALL,65875,1520,,,26.84,26.48,1375,9,1350,3,,,,,
2026/09/10 17:48,2026-09-10T18:03:19+09:00,2026/09/11,2026/10/08,2026-09,PUT,65875,2440,,,26.7,22.42,2690,6,2390,5,,,,,
2026/09/10 17:48,2026-09-10T18:03:19+09:00,2026/09/11,2026/10/08,2026-09,CALL,65750,1565,,,26.87,26.51,1425,2,1400,10,,,,,
2026/09/10 17:48,2026-09-10T18:03:19+09:00,2026/09/11,2026/10/08,2026-09,PUT,65750,2375,,,26.87,22.62,2625,7,2325,6,,,,,
2026/09/10 17:48,2026-09-10T18:03:19+09:00,2026/09/11,2026/10/08,2026-09,CALL,65625,1625,,,27.16,26.6,1495,9,1455,9,,,,,
2026/09/10 17:48,2026-09-10T18:03:19+09:00,2026/09/11,2026/10/08,2026-09,PUT,65625,2310,,,27.02,24.63,2560,6,2390,7,,,,,
2026/09/10 17:48,2026-09-10T18:03:19+09:00,2026/09/11,2026/10/08,2026-09,CALL,65500,1665,,,27.01,26.8,1535,16,1520,1,,,,,
2026/09/10 17:48,2026-09-10T18:03:19+09:00,2026/09/11,2026/10/08,2026-09,PUT,65500,2255,,,26.45,25.61,2445,10,2385,14,,,,,
2026/09/10 17:48,2026-09-10T18:03:19+09:00,2026/09/11,2026/10/08,2026-09,CALL,65375,1750,,,27.12,26.5,1595,9,1550,9,,,,,
2026/09/10 17:48,2026-09-10T18:03:19+09:00,2026/09/11,2026/10/08,2026-09,PUT,65375,2180,,,26.43,25.87,2370,11,2330,11,,,,,
2026/09/10 17:48,2026-09-10T18:03:19+09:00,2026/09/11,2026/10/08,2026-09,CALL,65250,1815,,,27.22,26.87,1655,10,1630,10,,,,,
2026/09/10 17:48,2026-09-10T18:03:19+09:00,2026/09/11,2026/10/08,2026-09,PUT,65250,2115,,,26.46,26.11,2300,12,2275,4,,,,,
2026/09/10 17:48,2026-09-10T18:03:19+09:00,2026/09/11,2026/10/08,2026-09,CALL,65125,1875,,,27.58,27.02,1735,11,1695,4,,,,,
2026/09/10 17:48,2026-09-10T18:03:19+09:00,2026/09/11,2026/10/08,2026-09,PUT,65125,2055,,,26.68,25.85,2245,9,2185,9,,,,,
2026/09/10 17:48,2026-09-10T18:03:19+09:00,2026/09/11,2026/10/08,2026-09,CALL,65000,1925,,,27.36,27.16,1775,7,1760,1,,,,,
2026/09/10 17:48,2026-09-10T18:03:19+09:00,2026/09/11,2026/10/08,2026-09,PUT,65000,1985,,5,26.6,26.33,2170,5,2150,2,28.8,190,9.57,2175,09/10 17:00
2026/09/10 17:48,2026-09-10T18:03:19+09:00,2026/09/11,2026/10/08,2026-09,CALL,64875,2015,,,27.75,26.93,1860,1,1800,1,,,,,
2026/09/10 17:48,2026-09-10T18:03:19+09:00,2026/09/11,2026/10/08,2026-09,PUT,64875,1940,,,26.86,26.37,2120,9,2085,9,,,,,
2026/09/10 17:48,2026-09-10T18:03:19+09:00,2026/09/11,2026/10/08,2026-09,CALL,64750,2105,,,27.85,26.75,1925,1,1845,1,,,,,
2026/09/10 17:48,2026-09-10T18:03:19+09:00,2026/09/11,2026/10/08,2026-09,PUT,64750,1880,,,26.82,26.4,2050,10,2020,10,,,,,
2026/09/10 17:48,2026-09-10T18:03:19+09:00,2026/09/11,2026/10/08,2026-09,CALL,64625,2195,,,27.86,27.31,1985,1,1945,7,,,,,
2026/09/10 17:48,2026-09-10T18:03:19+09:00,2026/09/11,2026/10/08,2026-09,PUT,64625,1840,,,26.9,26.34,1990,3,1950,9,,,,,
2026/09/10 17:48,2026-09-10T18:03:19+09:00,2026/09/11,2026/10/08,2026-09,CALL,64500,2250,,,27.92,27.16,2050,2,1995,12,,,,,
2026/09/10 17:48,2026-09-10T18:03:19+09:00,2026/09/11,2026/10/08,2026-09,PUT,64500,1770,,,26.96,26.75,1930,2,1915,3,,,,,
2026/09/10 17:48,2026-09-10T18:03:19+09:00,2026/09/11,2026/10/08,2026-09,CALL,64375,2340,,,28.04,26.73,2120,1,2025,1,,,,,
2026/09/10 17:48,2026-09-10T18:03:19+09:00,2026/09/11,2026/10/08,2026-09,PUT,64375,1735,,,27.07,26.59,1875,2,1840,9,,,,,
2026/09/10 17:48,2026-09-10T18:03:19+09:00,2026/09/11,2026/10/08,2026-09,CALL,64250,2380,,,30.08,27.31,2330,7,2130,7,,,,,
2026/09/10 17:48,2026-09-10T18:03:19+09:00,2026/09/11,2026/10/08,2026-09,PUT,64250,1685,,,27.17,26.82,1820,2,1795,10,,,,,
2026/09/10 17:48,2026-09-10T18:03:19+09:00,2026/09/11,2026/10/08,2026-09,CALL,64125,2490,,,30.44,25.72,2420,5,2080,5,,,,,
2026/09/10 17:48,2026-09-10T18:03:19+09:00,2026/09/11,2026/10/08,2026-09,PUT,64125,1635,,,27.25,26.97,1765,2,1745,9,,,,,
2026/09/10 17:48,2026-09-10T18:03:19+09:00,2026/09/11,2026/10/08,2026-09,CALL,64000,2505,,1,28.63,27.1,2355,22,2245,22,27.72,0,0,2400,09/10 17:28
2026/09/10 17:48,2026-09-10T18:03:19+09:00,2026/09/11,2026/10/08,2026-09,PUT,64000,1575,,,27.38,27.17,1715,2,1700,3,,,,,
2026/09/10 17:48,2026-09-10T18:03:19+09:00,2026/09/11,2026/10/08,2026-09,CALL,63875,2645,,,30.71,26.03,2570,5,2235,5,,,,,
2026/09/10 17:48,2026-09-10T18:03:19+09:00,2026/09/11,2026/10/08,2026-09,PUT,63875,1535,,,27.5,27.08,1665,9,1635,9,,,,,
2026/09/10 17:48,2026-09-10T18:03:19+09:00,2026/09/11,2026/10/08,2026-09,CALL,63750,2690,,,31.74,27.95,2710,6,2440,7,,,,,
2026/09/10 17:48,2026-09-10T18:03:19+09:00,2026/09/11,2026/10/08,2026-09,PUT,63750,1480,,,27.6,27.31,1615,2,1595,10,,,,,
2026/09/10 17:48,2026-09-10T18:03:19+09:00,2026/09/11,2026/10/08,2026-09,CALL,63625,2805,,,30.78,25.34,2710,5,2325,5,,,,,
2026/09/10 17:48,2026-09-10T18:03:19+09:00,2026/09/11,2026/10/08,2026-09,PUT,63625,1445,,,27.68,27.25,1565,2,1535,10,,,,,
2026/09/10 17:48,2026-09-10T18:03:19+09:00,2026/09/11,2026/10/08,2026-09,CALL,63500,2880,,,29.38,27.46,2680,4,2545,4,,,,,
2026/09/10 17:48,2026-09-10T18:03:19+09:00,2026/09/11,2026/10/08,2026-09,PUT,63500,1390,,,27.81,27.6,1520,20,1505,5,,,,,
2026/09/10 17:48,2026-09-10T18:03:19+09:00,2026/09/11,2026/10/08,2026-09,CALL,63375,2965,,,32.5,27.79,2970,8,2640,7,,,,,
2026/09/10 17:48,2026-09-10T18:03:19+09:00,2026/09/11,2026/10/08,2026-09,PUT,63375,1370,,,27.86,27.58,1470,2,1450,10,,,,,
2026/09/10 17:48,2026-09-10T18:03:19+09:00,2026/09/11,2026/10/08,2026-09,CALL,63250,3035,,,32.34,26.89,3030,8,2650,2,,,,,
2026/09/10 17:48,2026-09-10T18:03:19+09:00,2026/09/11,2026/10/08,2026-09,PUT,63250,1320,,,28.18,27.61,1440,4,1400,4,,,,,
2026/09/10 17:48,2026-09-10T18:03:19+09:00,2026/09/11,2026/10/08,2026-09,CALL,63125,3135,,,32.75,27.77,3130,8,2785,7,,,,,
2026/09/10 17:48,2026-09-10T18:03:19+09:00,2026/09/11,2026/10/08,2026-09,PUT,63125,1290,,1,28.13,27.77,1385,10,1360,10,28.3,,,1380,09/10 17:47
2026/09/10 17:48,2026-09-10T18:03:19+09:00,2026/09/11,2026/10/08,2026-09,CALL,63000,3215,,,30.75,27.1,3065,26,2815,8,,,,,
2026/09/10 17:48,2026-09-10T18:03:19+09:00,2026/09/11,2026/10/08,2026-09,PUT,63000,1225,,1,28.2,27.98,1340,7,1325,5,27.99,-15,-1.16,1275,09/10 17:15
2026/09/10 17:48,2026-09-10T18:03:19+09:00,2026/09/11,2026/10/08,2026-09,CALL,62875,3305,,,32.94,26.11,3290,8,2825,7,,,,,
2026/09/10 17:48,2026-09-10T18:03:19+09:00,2026/09/11,2026/10/08,2026-09,PUT,62875,1205,,,28.33,28.11,1300,3,1285,2,,,,,
2026/09/10 17:48,2026-09-10T18:03:19+09:00,2026/09/11,2026/10/08,2026-09,CALL,62750,3395,,,32.95,26.12,3365,8,2905,7,,,,,
2026/09/10 17:48,2026-09-10T18:03:19+09:00,2026/09/11,2026/10/08,2026-09,PUT,62750,1135,,,28.45,28.07,1260,5,1235,13,,,,,
2026/09/10 17:48,2026-09-10T18:03:19+09:00,2026/09/11,2026/10/08,2026-09,CALL,62625,3490,,,29.97,27.72,3240,6,3090,3,,,,,
2026/09/10 17:48,2026-09-10T18:03:19+09:00,2026/09/11,2026/10/08,2026-09,PUT,62625,1140,,,28.54,28.17,1220,3,1195,11,,,,,
2026/09/10 17:48,2026-09-10T18:03:19+09:00,2026/09/11,2026/10/08,2026-09,CALL,62500,3570,,,33.06,27.33,3525,3,3145,1,,,,,
2026/09/10 17:48,2026-09-10T18:03:19+09:00,2026/09/11,2026/10/08,2026-09,PUT,62500,1080,,,28.7,28.47,1185,6,1170,5,,,,,
2026/09/10 17:48,2026-09-10T18:03:19+09:00,2026/09/11,2026/10/08,2026-09,CALL,62375,3675,,,30.37,27.23,3425,8,3220,7,,,,,
2026/09/10 17:48,2026-09-10T18:03:19+09:00,2026/09/11,2026/10/08,2026-09,PUT,62375,1075,,,28.77,28.54,1145,3,1130,2,,,,,
2026/09/10 17:48,2026-09-10T18:03:19+09:00,2026/09/11,2026/10/08,2026-09,CALL,62250,3755,,,30.37,27.65,3505,1,3330,7,,,,,
2026/09/10 17:48,2026-09-10T18:03:19+09:00,2026/09/11,2026/10/08,2026-09,PUT,62250,1015,,,28.9,28.67,1110,4,1095,4,,,,,
2026/09/10 17:48,2026-09-10T18:03:19+09:00,2026/09/11,2026/10/08,2026-09,CALL,62125,3860,,,30.73,26.56,3610,8,3345,8,,,,,
2026/09/10 17:48,2026-09-10T18:03:19+09:00,2026/09/11,2026/10/08,2026-09,PUT,62125,1000,,,29.01,28.78,1075,2,1060,2,,,,,
2026/09/10 17:48,2026-09-10T18:03:19+09:00,2026/09/11,2026/10/08,2026-09,CALL,62000,3940,,,30.69,28.87,3690,22,3575,7,,,,,
2026/09/10 17:48,2026-09-10T18:03:19+09:00,2026/09/11,2026/10/08,2026-09,PUT,62000,935,,11,29.11,28.95,1040,7,1030,4,29.48,40,4.28,975,09/10 17:00
2026/09/10 17:48,2026-09-10T18:03:19+09:00,2026/09/11,2026/10/08,2026-09,CALL,61875,4030,,,30.79,28.79,3780,1,3655,7,,,,,
2026/09/10 17:48,2026-09-10T18:03:19+09:00,2026/09/11,2026/10/08,2026-09,PUT,61875,930,,,29.28,29.04,1010,11,995,2,,,,,
2026/09/10 17:48,2026-09-10T18:03:19+09:00,2026/09/11,2026/10/08,2026-09,CALL,61750,4130,,,31.04,25.95,3880,2,3570,2,,,,,
2026/09/10 17:48,2026-09-10T18:03:19+09:00,2026/09/11,2026/10/08,2026-09,PUT,61750,890,,,29.35,29.18,975,4,965,4,,,,,
2026/09/10 17:48,2026-09-10T18:03:19+09:00,2026/09/11,2026/10/08,2026-09,CALL,61625,4225,,,31.2,28.9,3975,3,3835,7,,,,,
2026/09/10 17:48,2026-09-10T18:03:19+09:00,2026/09/11,2026/10/08,2026-09,PUT,61625,880,,,29.48,29.24,945,3,930,3,,,,,
2026/09/10 17:48,2026-09-10T18:03:19+09:00,2026/09/11,2026/10/08,2026-09,CALL,61500,4320,,,31.35,26.36,4070,3,3775,1,,,,,
2026/09/10 17:48,2026-09-10T18:03:19+09:00,2026/09/11,2026/10/08,2026-09,PUT,61500,835,,,29.61,29.44,915,6,905,4,,,,,
2026/09/10 17:48,2026-09-10T18:03:19+09:00,2026/09/11,2026/10/08,2026-09,CALL,61375,4425,,,31.64,27.04,4175,8,3905,3,,,,,
2026/09/10 17:48,2026-09-10T18:03:19+09:00,2026/09/11,2026/10/08,2026-09,PUT,61375,790,,,29.71,29.46,885,2,870,2,,,,,
2026/09/10 17:48,2026-09-10T18:03:19+09:00,2026/09/11,2026/10/08,2026-09,CALL,61250,4520,,,31.76,28.94,4270,2,4105,7,,,,,
2026/09/10 17:48,2026-09-10T18:03:19+09:00,2026/09/11,2026/10/08,2026-09,PUT,61250,785,,,29.89,29.63,860,5,845,5,,,,,
2026/09/10 17:48,2026-09-10T18:03:19+09:00,2026/09/11,2026/10/08,2026-09,CALL,61125,4625,,,32.04,27.39,4375,8,4110,7,,,,,
2026/09/10 17:48,2026-09-10T18:03:19+09:00,2026/09/11,2026/10/08,2026-09,PUT,61125,775,,,29.97,29.71,830,3,815,2,,,,,
2026/09/10 17:48,2026-09-10T18:03:19+09:00,2026/09/11,2026/10/08,2026-09,CALL,61000,4720,,,32.14,28.87,4470,22,4285,4,,,,,
2026/09/10 17:48,2026-09-10T18:03:19+09:00,2026/09/11,2026/10/08,2026-09,PUT,61000,720,,2,30.13,29.95,805,8,795,4,30.08,60,8.33,780,09/10 17:34
2026/09/10 17:48,2026-09-10T18:03:19+09:00,2026/09/11,2026/10/08,2026-09,CALL,60875,4820,,,32.31,27.32,4570,8,4295,3,,,,,
2026/09/10 17:48,2026-09-10T18:03:19+09:00,2026/09/11,2026/10/08,2026-09,PUT,60875,725,,,30.27,30,780,3,765,2,,,,,
2026/09/10 17:48,2026-09-10T18:03:19+09:00,2026/09/11,2026/10/08,2026-09,CALL,60750,4925,,,32.55,29.66,4675,8,4515,7,,,,,
2026/09/10 17:48,2026-09-10T18:03:19+09:00,2026/09/11,2026/10/08,2026-09,PUT,60750,685,,,30.39,30.12,755,5,740,4,,,,,
2026/09/10 17:48,2026-09-10T18:03:19+09:00,2026/09/11,2026/10/08,2026-09,CALL,60625,5030,,,32.79,28.52,4780,8,4550,3,,,,,
2026/09/10 17:48,2026-09-10T18:03:19+09:00,2026/09/11,2026/10/08,2026-09,PUT,60625,685,,,30.51,30.32,730,3,720,2,,,,,
2026/09/10 17:48,2026-09-10T18:03:19+09:00,2026/09/11,2026/10/08,2026-09,CALL,60500,5130,,,32.92,28.09,4880,13,4625,1,,,,,
2026/09/10 17:48,2026-09-10T18:03:19+09:00,2026/09/11,2026/10/08,2026-09,PUT,60500,635,,,30.7,30.42,710,9,695,5,,,,,
2026/09/10 17:48,2026-09-10T18:03:19+09:00,2026/09/11,2026/10/08,2026-09,CALL,60375,5235,,,33.14,27.09,4985,8,4675,7,,,,,
2026/09/10 17:48,2026-09-10T18:03:19+09:00,2026/09/11,2026/10/08,2026-09,PUT,60375,630,,,30.79,30.6,685,4,675,2,,,,,
2026/09/10 17:48,2026-09-10T18:03:19+09:00,2026/09/11,2026/10/08,2026-09,CALL,60250,5340,,,33.35,26.65,5090,8,4755,2,,,,,
2026/09/10 17:48,2026-09-10T18:03:19+09:00,2026/09/11,2026/10/08,2026-09,PUT,60250,595,,,30.96,30.67,665,6,650,4,,,,,
2026/09/10 17:48,2026-09-10T18:03:19+09:00,2026/09/11,2026/10/08,2026-09,CALL,60125,5445,,,33.54,29.09,5195,8,4970,3,,,,,
2026/09/10 17:48,2026-09-10T18:03:19+09:00,2026/09/11,2026/10/08,2026-09,PUT,60125,590,,,31.12,30.82,645,4,630,2,,,,,
2026/09/10 17:48,2026-09-10T18:03:19+09:00,2026/09/11,2026/10/08,2026-09,CALL,60000,5550,,,33.73,28.23,5300,22,5030,19,,,,,
2026/09/10 17:48,2026-09-10T18:03:19+09:00,2026/09/11,2026/10/08,2026-09,PUT,60000,560,,57,31.27,31.07,625,11,615,23,31.34,60,10.71,620,09/10 17:47
2026/09/10 17:48,2026-09-10T18:03:19+09:00,2026/09/11,2026/10/08,2026-09,CALL,59875,5665,,,34.1,27.63,5415,8,5105,3,,,,,
2026/09/10 17:48,2026-09-10T18:03:19+09:00,2026/09/11,2026/10/08,2026-09,PUT,59875,570,,,31.4,31.09,605,14,590,2,,,,,
2026/09/10 17:48,2026-09-10T18:03:19+09:00,2026/09/11,2026/10/08,2026-09,CALL,59750,5765,,,34.17,29.15,5515,8,5275,2,,,,,
2026/09/10 17:48,2026-09-10T18:03:19+09:00,2026/09/11,2026/10/08,2026-09,PUT,59750,535,,,31.53,31.32,585,6,575,4,,,,,
2026/09/10 17:48,2026-09-10T18:03:19+09:00,2026/09/11,2026/10/08,2026-09,CALL,59625,5870,,,34.32,30.11,5620,6,5420,1,,,,,
2026/09/10 17:48,2026-09-10T18:03:19+09:00,2026/09/11,2026/10/08,2026-09,PUT,59625,520,,,31.64,31.42,565,2,555,2,,,,,
2026/09/10 17:48,2026-09-10T18:03:19+09:00,2026/09/11,2026/10/08,2026-09,CALL,59500,5985,,,34.67,26.16,5735,12,5360,2,,,,,
2026/09/10 17:48,2026-09-10T18:03:19+09:00,2026/09/11,2026/10/08,2026-09,PUT,59500,500,,8,31.84,31.62,550,9,540,5,31.75,30,6,530,09/10 17:34
2026/09/10 17:48,2026-09-10T18:03:19+09:00,2026/09/11,2026/10/08,2026-09,CALL,59375,6090,,,34.81,25.81,5840,6,5455,1,,,,,
2026/09/10 17:48,2026-09-10T18:03:19+09:00,2026/09/11,2026/10/08,2026-09,PUT,59375,495,,,31.93,31.71,530,2,520,2,,,,,
2026/09/10 17:48,2026-09-10T18:03:19+09:00,2026/09/11,2026/10/08,2026-09,CALL,59250,6200,,,35.04,28.92,5950,7,5680,1,,,,,
2026/09/10 17:48,2026-09-10T18:03:19+09:00,2026/09/11,2026/10/08,2026-09,PUT,59250,470,,,32.11,31.89,515,6,505,10,,,,,
2026/09/10 17:48,2026-09-10T18:03:19+09:00,2026/09/11,2026/10/08,2026-09,CALL,59125,6315,,,35.37,30.88,6065,6,5865,5,,,,,
2026/09/10 17:48,2026-09-10T18:03:19+09:00,2026/09/11,2026/10/08,2026-09,PUT,59125,450,,,32.29,32.06,500,4,490,2,,,,,
2026/09/10 17:48,2026-09-10T18:03:19+09:00,2026/09/11,2026/10/08,2026-09,CALL,59000,6425,,,35.59,27.05,6175,18,5825,3,,,,,
2026/09/10 17:48,2026-09-10T18:03:19+09:00,2026/09/11,2026/10/08,2026-09,PUT,59000,435,,1,32.45,32.21,485,11,475,5,32.44,20,4.6,455,09/10 17:11
2026/09/10 17:48,2026-09-10T18:03:19+09:00,2026/09/11,2026/10/08,2026-09,CALL,58875,6535,,,35.8,29.59,6285,6,6025,1,,,,,
2026/09/10 17:48,2026-09-10T18:03:19+09:00,2026/09/11,2026/10/08,2026-09,PUT,58875,440,,,32.6,32.24,470,2,455,12,,,,,
2026/09/10 17:48,2026-09-10T18:03:19+09:00,2026/09/11,2026/10/08,2026-09,CALL,58750,6645,,,36,29.11,6395,7,6115,1,,,,,
2026/09/10 17:48,2026-09-10T18:03:19+09:00,2026/09/11,2026/10/08,2026-09,PUT,58750,415,,,32.75,32.01,455,3,425,3,,,,,
2026/09/10 17:48,2026-09-10T18:03:19+09:00,2026/09/11,2026/10/08,2026-09,CALL,58625,6760,,,36.3,30.95,6510,6,6290,1,,,,,
2026/09/10 17:48,2026-09-10T18:03:19+09:00,2026/09/11,2026/10/08,2026-09,PUT,58625,415,,,33,32.12,445,3,410,4,,,,,
2026/09/10 17:48,2026-09-10T18:03:19+09:00,2026/09/11,2026/10/08,2026-09,CALL,58500,6870,,,36.48,31.3,6620,12,6410,2,,,,,
2026/09/10 17:48,2026-09-10T18:03:19+09:00,2026/09/11,2026/10/08,2026-09,PUT,58500,390,,2,33.12,32.87,430,7,420,1,33.13,35,8.97,425,09/10 17:46
2026/09/10 17:48,2026-09-10T18:03:19+09:00,2026/09/11,2026/10/08,2026-09,CALL,58375,6985,,,36.77,29.49,6735,5,6455,1,,,,,
2026/09/10 17:48,2026-09-10T18:03:19+09:00,2026/09/11,2026/10/08,2026-09,PUT,58375,395,,,33.74,32.45,435,3,385,4,,,,,
2026/09/10 17:48,2026-09-10T18:03:19+09:00,2026/09/11,2026/10/08,2026-09,CALL,58250,7095,,,36.94,29.17,6845,7,6555,1,,,,,
2026/09/10 17:48,2026-09-10T18:03:19+09:00,2026/09/11,2026/10/08,2026-09,PUT,58250,370,,,33.46,33.06,405,16,390,3,,,,,
2026/09/10 17:48,2026-09-10T18:03:19+09:00,2026/09/11,2026/10/08,2026-09,CALL,58000,7325,,,37.49,32.21,7075,15,6875,15,,,,,
2026/09/10 17:48,2026-09-10T18:03:19+09:00,2026/09/11,2026/10/08,2026-09,PUT,58000,345,,2,33.76,33.49,380,10,370,10,33.71,15,4.35,360,09/10 17:23
2026/09/10 17:48,2026-09-10T18:03:19+09:00,2026/09/11,2026/10/08,2026-09,CALL,57750,7550,,,37.89,28.87,7300,7,6995,1,,,,,
2026/09/10 17:48,2026-09-10T18:03:19+09:00,2026/09/11,2026/10/08,2026-09,PUT,57750,330,,,34.16,33.73,360,13,345,3,,,,,
2026/09/10 17:48,2026-09-10T18:03:19+09:00,2026/09/11,2026/10/08,2026-09,CALL,57500,7785,,,38.52,33.78,7535,12,7365,2,,,,,
2026/09/10 17:48,2026-09-10T18:03:19+09:00,2026/09/11,2026/10/08,2026-09,PUT,57500,310,,,34.53,34.08,340,39,325,1,,,,,
2026/09/10 17:48,2026-09-10T18:03:19+09:00,2026/09/11,2026/10/08,2026-09,CALL,57250,8015,,,39,28.28,7765,7,7440,1,,,,,
2026/09/10 17:48,2026-09-10T18:03:19+09:00,2026/09/11,2026/10/08,2026-09,PUT,57250,294,,,35.01,34.23,325,26,300,4,,,,,
2026/09/10 17:48,2026-09-10T18:03:19+09:00,2026/09/11,2026/10/08,2026-09,CALL,57000,8250,,,39.58,33.82,8000,18,7810,3,,,,,
2026/09/10 17:48,2026-09-10T18:03:19+09:00,2026/09/11,2026/10/08,2026-09,PUT,57000,273,,,35.31,34.92,305,54,293,1,,,,,
2026/09/10 17:48,2026-09-10T18:03:19+09:00,2026/09/11,2026/10/08,2026-09,CALL,56750,8485,,,40.15,25.98,8235,7,7870,7,,,,,
2026/09/10 17:48,2026-09-10T18:03:19+09:00,2026/09/11,2026/10/08,2026-09,PUT,56750,264,,,35.61,35.23,286,3,275,3,,,,,
2026/09/10 17:48,2026-09-10T18:03:19+09:00,2026/09/11,2026/10/08,2026-09,CALL,56500,8720,,,40.71,26.35,8470,12,8115,10,,,,,
2026/09/10 17:48,2026-09-10T18:03:19+09:00,2026/09/11,2026/10/08,2026-09,PUT,56500,249,,,35.97,35.65,270,1,261,1,,,,,
2026/09/10 17:48,2026-09-10T18:03:19+09:00,2026/09/11,2026/10/08,2026-09,CALL,56250,8960,,,41.39,29.96,8710,7,8410,1,,,,,
2026/09/10 17:48,2026-09-10T18:03:19+09:00,2026/09/11,2026/10/08,2026-09,PUT,56250,237,,,36.33,36,255,3,246,3,,,,,
2026/09/10 17:48,2026-09-10T18:03:19+09:00,2026/09/11,2026/10/08,2026-09,CALL,56000,9195,,,41.9,32.09,8945,18,8685,3,,,,,
2026/09/10 17:48,2026-09-10T18:03:19+09:00,2026/09/11,2026/10/08,2026-09,PUT,56000,222,,1,36.66,36.47,240,1,235,1,36.68,11,4.95,233,09/10 17:41
2026/09/10 17:48,2026-09-10T18:03:19+09:00,2026/09/11,2026/10/08,2026-09,CALL,55750,9435,,,42.56,22.82,9185,7,8815,6,,,,,
2026/09/10 17:48,2026-09-10T18:03:19+09:00,2026/09/11,2026/10/08,2026-09,PUT,55750,212,,,37.15,36.75,230,3,220,10,,,,,
2026/09/10 17:48,2026-09-10T18:03:19+09:00,2026/09/11,2026/10/08,2026-09,CALL,55500,9670,,,43.03,29.27,9420,12,9115,2,,,,,
2026/09/10 17:48,2026-09-10T18:03:19+09:00,2026/09/11,2026/10/08,2026-09,PUT,55500,202,,,37.46,37.21,216,7,210,1,,,,,
2026/09/10 17:48,2026-09-10T18:03:19+09:00,2026/09/11,2026/10/08,2026-09,CALL,55250,9910,,,43.66,32.8,9660,7,9405,1,,,,,
2026/09/10 17:48,2026-09-10T18:03:19+09:00,2026/09/11,2026/10/08,2026-09,PUT,55250,192,,1,37.9,37.56,206,5,198,5,37.71,8,4.17,200,09/10 17:44
2026/09/10 17:48,2026-09-10T18:03:19+09:00,2026/09/11,2026/10/08,2026-09,CALL,55000,10150,,,44.27,29.86,9900,18,9605,3,,,,,
2026/09/10 17:48,2026-09-10T18:03:19+09:00,2026/09/11,2026/10/08,2026-09,PUT,55000,185,,22,38.33,38.01,196,1,189,1,38.2,1,0.54,186,09/10 17:40
2026/09/10 17:48,2026-09-10T18:03:19+09:00,2026/09/11,2026/10/08,2026-09,CALL,54750,10395,,,45.04,38.44,10145,7,9980,1,,,,,
2026/09/10 17:48,2026-09-10T18:03:19+09:00,2026/09/11,2026/10/08,2026-09,PUT,54750,173,,,38.68,38.35,185,5,178,5,,,,,
2026/09/10 17:48,2026-09-10T18:03:19+09:00,2026/09/11,2026/10/08,2026-09,CALL,54500,10630,,,45.46,29.74,10380,12,10090,10,,,,,
2026/09/10 17:48,2026-09-10T18:03:19+09:00,2026/09/11,2026/10/08,2026-09,PUT,54500,166,,,39.1,38.85,176,1,171,1,,,,,
2026/09/10 17:48,2026-09-10T18:03:19+09:00,2026/09/11,2026/10/08,2026-09,CALL,54250,10875,,,46.21,34.54,10625,6,10385,1,,,,,
2026/09/10 17:48,2026-09-10T18:03:19+09:00,2026/09/11,2026/10/08,2026-09,PUT,54250,157,,,39.54,39.18,168,5,161,14,,,,,
2026/09/10 17:48,2026-09-10T18:03:19+09:00,2026/09/11,2026/10/08,2026-09,CALL,54000,11115,,,46.77,35.67,10865,18,10640,3,,,,,
2026/09/10 17:48,2026-09-10T18:03:19+09:00,2026/09/11,2026/10/08,2026-09,PUT,54000,151,,,39.96,39.7,160,1,155,1,,,,,
2026/09/10 17:48,2026-09-10T18:03:19+09:00,2026/09/11,2026/10/08,2026-09,CALL,53750,11360,,,47.52,36.44,11110,7,10890,1,,,,,
2026/09/10 17:48,2026-09-10T18:03:19+09:00,2026/09/11,2026/10/08,2026-09,PUT,53750,144,,,40.42,40.03,153,5,146,5,,,,,
2026/09/10 17:48,2026-09-10T18:03:19+09:00,2026/09/11,2026/10/08,2026-09,CALL,53500,11600,,,48.05,28.4,11350,10,11065,10,,,,,
2026/09/10 17:48,2026-09-10T18:03:19+09:00,2026/09/11,2026/10/08,2026-09,PUT,53500,136,,,40.86,40.45,146,1,139,1,,,,,
2026/09/10 17:48,2026-09-10T18:03:19+09:00,2026/09/11,2026/10/08,2026-09,CALL,53250,11845,,,48.78,33.22,11595,7,11340,6,,,,,
2026/09/10 17:48,2026-09-10T18:03:19+09:00,2026/09/11,2026/10/08,2026-09,PUT,53250,130,,,41.34,40.91,140,13,133,5,,,,,
2026/09/10 17:48,2026-09-10T18:03:19+09:00,2026/09/11,2026/10/08,2026-09,CALL,53000,12090,,,49.5,37.1,11840,18,11620,3,,,,,
2026/09/10 17:48,2026-09-10T18:03:19+09:00,2026/09/11,2026/10/08,2026-09,PUT,53000,124,,,41.67,41.36,132,13,127,1,,,,,
2026/09/10 17:48,2026-09-10T18:03:19+09:00,2026/09/11,2026/10/08,2026-09,CALL,52750,12335,,,50.22,,12085,7,11775,5,,,,,
2026/09/10 17:48,2026-09-10T18:03:19+09:00,2026/09/11,2026/10/08,2026-09,PUT,52750,119,,,42.24,41.85,128,7,122,5,,,,,
2026/09/10 17:48,2026-09-10T18:03:19+09:00,2026/09/11,2026/10/08,2026-09,CALL,52500,12580,,,50.93,41.47,12330,12,12155,2,,,,,
2026/09/10 17:48,2026-09-10T18:03:19+09:00,2026/09/11,2026/10/08,2026-09,PUT,52500,114,,,42.52,42.25,120,1,116,1,,,,,
2026/09/10 17:48,2026-09-10T18:03:19+09:00,2026/09/11,2026/10/08,2026-09,CALL,52250,12825,,,51.64,41.89,12575,7,12400,1,,,,,
2026/09/10 17:48,2026-09-10T18:03:19+09:00,2026/09/11,2026/10/08,2026-09,PUT,52250,111,,,43.06,42.71,116,5,111,5,,,,,
2026/09/10 17:48,2026-09-10T18:03:19+09:00,2026/09/11,2026/10/08,2026-09,CALL,52000,13070,,,52.34,39.63,12820,18,12615,12,,,,,
2026/09/10 17:48,2026-09-10T18:03:19+09:00,2026/09/11,2026/10/08,2026-09,PUT,52000,105,,6,43.44,43.14,110,1,106,1,43.39,-2,-1.82,108,09/10 17:46
2026/09/10 17:48,2026-09-10T18:03:19+09:00,2026/09/11,2026/10/08,2026-09,CALL,51750,13315,,,53.04,,13065,7,12775,1,,,,,
2026/09/10 17:48,2026-09-10T18:03:19+09:00,2026/09/11,2026/10/08,2026-09,PUT,51750,100,,,44.02,43.64,107,11,102,5,,,,,
2026/09/10 17:48,2026-09-10T18:03:19+09:00,2026/09/11,2026/10/08,2026-09,CALL,51500,13560,,,53.73,,13310,12,13035,2,,,,,
2026/09/10 17:48,2026-09-10T18:03:19+09:00,2026/09/11,2026/10/08,2026-09,PUT,51500,97,,,44.36,44.04,101,1,97,1,,,,,
2026/09/10 17:48,2026-09-10T18:03:19+09:00,2026/09/11,2026/10/08,2026-09,CALL,51250,13810,,,54.65,42.41,13560,7,13370,1,,,,,
2026/09/10 17:48,2026-09-10T18:03:19+09:00,2026/09/11,2026/10/08,2026-09,PUT,51250,93,,,44.92,44.43,98,9,92,15,,,,,
2026/09/10 17:48,2026-09-10T18:03:19+09:00,2026/09/11,2026/10/08,2026-09,CALL,51000,14055,,,55.33,,13805,15,13430,15,,,,,
2026/09/10 17:48,2026-09-10T18:03:19+09:00,2026/09/11,2026/10/08,2026-09,PUT,51000,90,,,45.31,45.05,93,13,90,1,,,,,
2026/09/10 17:48,2026-09-10T18:03:19+09:00,2026/09/11,2026/10/08,2026-09,CALL,50750,14300,,,56.01,,14050,7,13675,6,,,,,
2026/09/10 17:48,2026-09-10T18:03:19+09:00,2026/09/11,2026/10/08,2026-09,PUT,50750,86,,,45.93,45.49,91,15,86,5,,,,,
2026/09/10 17:48,2026-09-10T18:03:19+09:00,2026/09/11,2026/10/08,2026-09,CALL,50500,14545,,,56.68,,14295,10,14040,10,,,,,
2026/09/10 17:48,2026-09-10T18:03:19+09:00,2026/09/11,2026/10/08,2026-09,PUT,50500,83,,,46.28,46,86,1,83,1,,,,,
2026/09/10 17:48,2026-09-10T18:03:19+09:00,2026/09/11,2026/10/08,2026-09,CALL,50250,14790,,,57.35,,14540,7,14295,6,,,,,
2026/09/10 17:48,2026-09-10T18:03:19+09:00,2026/09/11,2026/10/08,2026-09,PUT,50250,81,,,46.89,46.31,84,15,78,5,,,,,
2026/09/10 17:48,2026-09-10T18:03:19+09:00,2026/09/11,2026/10/08,2026-09,CALL,50000,15040,,,58.27,,14790,18,14495,18,,,,,
2026/09/10 17:48,2026-09-10T18:03:19+09:00,2026/09/11,2026/10/08,2026-09,PUT,50000,75,,1,47.19,46.89,79,1,76,1,47.19,3,4,78,09/10 17:45
2026/09/10 17:48,2026-09-10T18:03:19+09:00,2026/09/11,2026/10/08,2026-09,CALL,49750,15285,,,,,,,,,,,,,
2026/09/10 17:48,2026-09-10T18:03:19+09:00,2026/09/11,2026/10/08,2026-09,PUT,49750,76,,,47.68,47.26,76,5,72,5,,,,,
2026/09/10 17:48,2026-09-10T18:03:19+09:00,2026/09/11,2026/10/08,2026-09,CALL,49500,15535,,,,,,,,,,,,,
2026/09/10 17:48,2026-09-10T18:03:19+09:00,2026/09/11,2026/10/08,2026-09,PUT,49500,69,,,48.16,47.83,73,1,70,9,,,,,
2026/09/10 17:48,2026-09-10T18:03:19+09:00,2026/09/11,2026/10/08,2026-09,CALL,49250,15780,,,,,,,,,,,,,
2026/09/10 17:48,2026-09-10T18:03:19+09:00,2026/09/11,2026/10/08,2026-09,PUT,49250,67,,,48.73,48.16,71,2,66,15,,,,,
2026/09/10 17:48,2026-09-10T18:03:19+09:00,2026/09/11,2026/10/08,2026-09,CALL,49000,16030,,,,,,,,,,,,,
2026/09/10 17:48,2026-09-10T18:03:19+09:00,2026/09/11,2026/10/08,2026-09,PUT,49000,65,,,49.29,48.59,69,22,63,14,,,,,
2026/09/10 17:48,2026-09-10T18:03:19+09:00,2026/09/11,2026/10/08,2026-09,CALL,48750,16275,,,,,,,,,,,,,
2026/09/10 17:48,2026-09-10T18:03:19+09:00,2026/09/11,2026/10/08,2026-09,PUT,48750,65,,,49.73,49.12,66,10,61,15,,,,,
2026/09/10 17:48,2026-09-10T18:03:19+09:00,2026/09/11,2026/10/08,2026-09,CALL,48500,16525,,,,,,,,,,,,,
2026/09/10 17:48,2026-09-10T18:03:19+09:00,2026/09/11,2026/10/08,2026-09,PUT,48500,63,,,50.28,49.65,64,18,59,2,,,,,
2026/09/10 17:48,2026-09-10T18:03:19+09:00,2026/09/11,2026/10/08,2026-09,CALL,48250,16770,,,,,,,,,,,,,
2026/09/10 17:48,2026-09-10T18:03:19+09:00,2026/09/11,2026/10/08,2026-09,PUT,48250,60,,,50.69,50.03,61,2,56,11,,,,,
2026/09/10 17:48,2026-09-10T18:03:19+09:00,2026/09/11,2026/10/08,2026-09,CALL,48000,17020,,,,,,,,,,,,,
2026/09/10 17:48,2026-09-10T18:03:19+09:00,2026/09/11,2026/10/08,2026-09,PUT,48000,59,,,51.21,50.53,59,2,54,15,,,,,
2026/09/10 17:48,2026-09-10T18:03:19+09:00,2026/09/11,2026/10/08,2026-09,CALL,47750,17265,,,,,,,,,,,,,
2026/09/10 17:48,2026-09-10T18:03:19+09:00,2026/09/11,2026/10/08,2026-09,PUT,47750,58,,,51.73,51.03,57,2,52,15,,,,,
2026/09/10 17:48,2026-09-10T18:03:19+09:00,2026/09/11,2026/10/08,2026-09,CALL,47500,17515,,,,,,,,,,,,,
2026/09/10 17:48,2026-09-10T18:03:19+09:00,2026/09/11,2026/10/08,2026-09,PUT,47500,50,,,52.24,51.51,55,2,50,14,,,,,
2026/09/10 17:48,2026-09-10T18:03:19+09:00,2026/09/11,2026/10/08,2026-09,CALL,47250,17765,,,,,,,,,,,,,
2026/09/10 17:48,2026-09-10T18:03:19+09:00,2026/09/11,2026/10/08,2026-09,PUT,47250,54,,,52.73,51.98,53,2,48,15,,,,,
2026/09/10 17:48,2026-09-10T18:03:19+09:00,2026/09/11,2026/10/08,2026-09,CALL,47000,18010,,,,,,,,,,,,,
2026/09/10 17:48,2026-09-10T18:03:19+09:00,2026/09/11,2026/10/08,2026-09,PUT,47000,51,,,52.91,52.59,49,2,47,1,,,,,
2026/09/10 17:48,2026-09-10T18:03:19+09:00,2026/09/11,2026/10/08,2026-09,CALL,46750,18255,,,,,,,,,,,,,
2026/09/10 17:48,2026-09-10T18:03:19+09:00,2026/09/11,2026/10/08,2026-09,PUT,46750,49,,,53.85,53.04,50,7,45,13,,,,,
2026/09/10 17:48,2026-09-10T18:03:19+09:00,2026/09/11,2026/10/08,2026-09,CALL,46500,18505,,,,,,,,,,,,,
2026/09/10 17:48,2026-09-10T18:03:19+09:00,2026/09/11,2026/10/08,2026-09,PUT,46500,48,,,54.15,53.48,47,8,43,18,,,,,
2026/09/10 17:48,2026-09-10T18:03:19+09:00,2026/09/11,2026/10/08,2026-09,CALL,46250,18755,,,,,,,,,,,,,
2026/09/10 17:48,2026-09-10T18:03:19+09:00,2026/09/11,2026/10/08,2026-09,PUT,46250,47,,,54.77,53.89,46,10,41,15,,,,,
2026/09/10 17:48,2026-09-10T18:03:19+09:00,2026/09/11,2026/10/08,2026-09,CALL,46000,19000,,,,,,,,,,,,,
2026/09/10 17:48,2026-09-10T18:03:19+09:00,2026/09/11,2026/10/08,2026-09,PUT,46000,44,,,55.38,54.48,45,22,40,22,,,,,
2026/09/10 17:48,2026-09-10T18:03:19+09:00,2026/09/11,2026/10/08,2026-09,CALL,45750,19250,,,,,,,,,,,,,
2026/09/10 17:48,2026-09-10T18:03:19+09:00,2026/09/11,2026/10/08,2026-09,PUT,45750,43,,,55.81,55.07,43,2,39,2,,,,,
2026/09/10 17:48,2026-09-10T18:03:19+09:00,2026/09/11,2026/10/08,2026-09,CALL,45500,19500,,,,,,,,,,,,,
2026/09/10 17:48,2026-09-10T18:03:19+09:00,2026/09/11,2026/10/08,2026-09,PUT,45500,41,,,60.49,55.25,68,11,36,8,,,,,
2026/09/10 17:48,2026-09-10T18:03:19+09:00,2026/09/11,2026/10/08,2026-09,CALL,45250,19745,,,,,,,,,,,,,
2026/09/10 17:48,2026-09-10T18:03:19+09:00,2026/09/11,2026/10/08,2026-09,PUT,45250,39,,,60.77,49.9,64,25,14,25,,,,,
2026/09/10 17:48,2026-09-10T18:03:19+09:00,2026/09/11,2026/10/08,2026-09,CALL,45000,19995,,,,,,,,,,,,,
2026/09/10 17:48,2026-09-10T18:03:19+09:00,2026/09/11,2026/10/08,2026-09,PUT,45000,35,,,57.61,56.59,40,12,35,12,,,,,
2026/09/10 17:48,2026-09-10T18:03:19+09:00,2026/09/11,2026/10/08,2026-09,CALL,44750,20235,,,,,,,,,,,,,
2026/09/10 17:48,2026-09-10T18:03:19+09:00,2026/09/11,2026/10/08,2026-09,PUT,44750,29,,,60.9,45.19,54,25,4,29,,,,,
2026/09/10 17:48,2026-09-10T18:03:19+09:00,2026/09/11,2026/10/08,2026-09,CALL,44500,20485,,,,,,,,,,,,,
2026/09/10 17:48,2026-09-10T18:03:19+09:00,2026/09/11,2026/10/08,2026-09,PUT,44500,30,,,58.79,57,38,8,30,8,,,,,
2026/09/10 17:48,2026-09-10T18:03:19+09:00,2026/09/11,2026/10/08,2026-09,CALL,44250,20735,,,,,,,,,,,,,
2026/09/10 17:48,2026-09-10T18:03:19+09:00,2026/09/11,2026/10/08,2026-09,PUT,44250,28,,,62.38,46.47,53,25,4,25,,,,,
2026/09/10 17:48,2026-09-10T18:03:19+09:00,2026/09/11,2026/10/08,2026-09,CALL,44000,20980,,,,,,,,,,,,,
2026/09/10 17:48,2026-09-10T18:03:19+09:00,2026/09/11,2026/10/08,2026-09,PUT,44000,30,,,59.5,58.3,34,12,29,12,,,,,
2026/09/10 17:48,2026-09-10T18:03:19+09:00,2026/09/11,2026/10/08,2026-09,CALL,43750,21230,,,,,,,,,,,,,
2026/09/10 17:48,2026-09-10T18:03:19+09:00,2026/09/11,2026/10/08,2026-09,PUT,43750,26,,,59.82,47.76,32,3,4,25,,,,,
2026/09/10 17:48,2026-09-10T18:03:19+09:00,2026/09/11,2026/10/08,2026-09,CALL,43500,21480,,,,,,,,,,,,,
2026/09/10 17:48,2026-09-10T18:03:19+09:00,2026/09/11,2026/10/08,2026-09,PUT,43500,25,,,60.37,59.05,31,1,26,8,,,,,
2026/09/10 17:48,2026-09-10T18:03:19+09:00,2026/09/11,2026/10/08,2026-09,CALL,43250,21725,,,,,,,,,,,,,
2026/09/10 17:48,2026-09-10T18:03:19+09:00,2026/09/11,2026/10/08,2026-09,PUT,43250,23,,,64.82,49.07,48,25,4,25,,,,,
2026/09/10 17:48,2026-09-10T18:03:19+09:00,2026/09/11,2026/10/08,2026-09,CALL,43000,21975,,,,,,,,,,,,,
2026/09/10 17:48,2026-09-10T18:03:19+09:00,2026/09/11,2026/10/08,2026-09,PUT,43000,23,,1,61.7,60.01,30,12,24,12,61,-4,-13.33,26,09/10 17:11
2026/09/10 17:48,2026-09-10T18:03:19+09:00,2026/09/11,2026/10/08,2026-09,CALL,42750,22225,,,,,,,,,,,,,
2026/09/10 17:48,2026-09-10T18:03:19+09:00,2026/09/11,2026/10/08,2026-09,PUT,42750,23,,,67.94,52.34,56,29,6,25,,,,,
2026/09/10 17:48,2026-09-10T18:03:19+09:00,2026/09/11,2026/10/08,2026-09,CALL,42000,22970,,,,,,,,,,,,,
2026/09/10 17:48,2026-09-10T18:03:19+09:00,2026/09/11,2026/10/08,2026-09,PUT,42000,20,,,64.06,62.16,27,15,21,15,,,,,
2026/09/10 17:48,2026-09-10T18:03:19+09:00,2026/09/11,2026/10/08,2026-09,CALL,41000,23965,,,,,,,,,,,,,
2026/09/10 17:48,2026-09-10T18:03:19+09:00,2026/09/11,2026/10/08,2026-09,PUT,41000,18,,,66.02,64.17,23,15,18,15,,,,,
2026/09/10 17:48,2026-09-10T18:03:19+09:00,2026/09/11,2026/10/08,2026-09,CALL,40000,24965,,,,,,,,,,,,,
2026/09/10 17:48,2026-09-10T18:03:19+09:00,2026/09/11,2026/10/08,2026-09,PUT,40000,17,,16,68.92,66.47,22,15,16,12,67.4,1,5.88,18,09/10 17:44
2026/09/10 17:48,2026-09-10T18:03:19+09:00,2026/09/11,2026/10/08,2026-09,CALL,39000,25960,,,,,,,,,,,,,
2026/09/10 17:48,2026-09-10T18:03:19+09:00,2026/09/11,2026/10/08,2026-09,PUT,39000,14,,5,69.69,68.68,16,1,14,12,69.38,0,0,15,09/10 17:19
2026/09/10 17:48,2026-09-10T18:03:19+09:00,2026/09/11,2026/10/08,2026-09,CALL,38000,26955,,,,,,,,,,,,,
2026/09/10 17:48,2026-09-10T18:03:19+09:00,2026/09/11,2026/10/08,2026-09,PUT,38000,10,,,72.48,70.14,15,12,11,12,,,,,
2026/09/10 17:48,2026-09-10T18:03:19+09:00,2026/09/11,2026/10/08,2026-09,CALL,37000,27950,,,,,,,,,,,,,
2026/09/10 17:48,2026-09-10T18:03:19+09:00,2026/09/11,2026/10/08,2026-09,PUT,37000,10,,10,75.28,71.94,14,24,9,15,73.62,0,0,11,09/10 17:40
2026/09/10 17:48,2026-09-10T18:03:19+09:00,2026/09/11,2026/10/08,2026-09,CALL,36000,28950,,,,,,,,,,,,,
2026/09/10 17:48,2026-09-10T18:03:19+09:00,2026/09/11,2026/10/08,2026-09,PUT,36000,6,,,76.75,74.36,11,27,8,27,,,,,
2026/09/10 17:48,2026-09-10T18:03:19+09:00,2026/09/11,2026/10/08,2026-09,CALL,35000,29950,,,,,,,,,,,,,
2026/09/10 17:48,2026-09-10T18:03:19+09:00,2026/09/11,2026/10/08,2026-09,PUT,35000,7,,14,78.6,76.72,9,16,7,16,78.67,0,0,9,09/10 17:43
2026/09/10 17:48,2026-09-10T18:03:19+09:00,2026/09/11,2026/10/08,2026-09,CALL,34000,30945,,,,,,,,,,,,,
2026/09/10 17:48,2026-09-10T18:03:19+09:00,2026/09/11,2026/10/08,2026-09,PUT,34000,6,,,81.14,78.98,8,27,6,16,,,,,
2026/09/10 17:48,2026-09-10T18:03:19+09:00,2026/09/11,2026/10/08,2026-09,CALL,33000,31945,,,,,,,,,,,,,
2026/09/10 17:48,2026-09-10T18:03:19+09:00,2026/09/11,2026/10/08,2026-09,PUT,33000,4,,,83.61,82.43,7,27,6,1,,,,,
2026/09/10 17:48,2026-09-10T18:03:19+09:00,2026/09/11,2026/10/08,2026-09,CALL,32000,32945,,,,,,,,,,,,,
2026/09/10 17:48,2026-09-10T18:03:19+09:00,2026/09/11,2026/10/08,2026-09,PUT,32000,3,,,85.98,84.58,6,27,5,10,,,,,
2026/09/10 17:48,2026-09-10T18:03:19+09:00,2026/09/11,2026/10/08,2026-09,CALL,31000,33945,,,,,,,,,,,,,
2026/09/10 17:48,2026-09-10T18:03:19+09:00,2026/09/11,2026/10/08,2026-09,PUT,31000,3,,,89.64,86.49,6,98,4,15,,,,,
2026/09/10 17:48,2026-09-10T18:03:19+09:00,2026/09/11,2026/10/08,2026-09,CALL,30000,34940,,,,,,,,,,,,,
2026/09/10 17:48,2026-09-10T18:03:19+09:00,2026/09/11,2026/10/08,2026-09,PUT,30000,3,,10,91.91,88,5,102,3,36,90.42,0,0,4,09/10 17:14
2026/09/10 17:48,2026-09-10T18:03:19+09:00,2026/09/11,2026/10/08,2026-09,CALL,29000,35940,,,,,,,,,,,,,
2026/09/10 17:48,2026-09-10T18:03:19+09:00,2026/09/11,2026/10/08,2026-09,PUT,29000,2,,,93.93,91.69,4,3,3,15,,,,,
2026/09/10 17:48,2026-09-10T18:03:19+09:00,2026/09/11,2026/10/08,2026-09,CALL,28000,36940,,,,,,,,,,,,,
2026/09/10 17:48,2026-09-10T18:03:19+09:00,2026/09/11,2026/10/08,2026-09,PUT,28000,2,,,97.84,92.49,4,98,2,19,,,,,
2026/09/10 17:48,2026-09-10T18:03:19+09:00,2026/09/11,2026/10/08,2026-09,CALL,27000,37940,,,,,,,,,,,,,
2026/09/10 17:48,2026-09-10T18:03:19+09:00,2026/09/11,2026/10/08,2026-09,PUT,27000,3,,,101.9,96.34,4,54,2,5,,,,,
2026/09/10 17:48,2026-09-10T18:03:19+09:00,2026/09/11,2026/10/08,2026-09,CALL,26000,38940,,,,,,,,,,,,,
2026/09/10 17:48,2026-09-10T18:03:19+09:00,2026/09/11,2026/10/08,2026-09,PUT,26000,1,,,106.1,95.32,4,12,1,135,,,,,
2026/09/10 17:48,2026-09-10T18:03:19+09:00,2026/09/11,2026/10/08,2026-09,CALL,25000,39935,,,,,,,,,,,,,
2026/09/10 17:48,2026-09-10T18:03:19+09:00,2026/09/11,2026/10/08,2026-09,PUT,25000,2,,,107.88,104.48,3,8,2,2,,,,,
2026/09/10 17:48,2026-09-10T18:03:19+09:00,2026/09/11,2026/10/08,2026-09,CALL,22500,42435,,,,,,,,,,,,,
2026/09/10 17:48,2026-09-10T18:03:19+09:00,2026/09/11,2026/10/08,2026-09,PUT,22500,1,,57,115.64,109.91,2,68,1,55,115.79,0,0,2,09/10 17:19
2026/09/10 17:48,2026-09-10T18:03:19+09:00,2026/09/11,2026/10/08,2026-09,CALL,20000,44930,,,,,,,,,,,,,
2026/09/10 17:48,2026-09-10T18:03:19+09:00,2026/09/11,2026/10/08,2026-09,PUT,20000,1,,54,121.81,,1,1,,,121.85,-1,-50,1,09/10 17:44
2026/09/10 17:48,2026-09-10T18:03:19+09:00,2026/09/11,2026/11/12,2026-10,CALL,74000,425,,2,25.57,25.29,385,2,370,2,25.28,10,2.63,390,09/10 17:08
2026/09/10 17:48,2026-09-10T18:03:19+09:00,2026/09/11,2026/11/12,2026-10,PUT,74000,9370,,,32.5,,10000,15,9120,15,,,,,
2026/09/10 17:48,2026-09-10T18:03:19+09:00,2026/09/11,2026/11/12,2026-10,CALL,73750,460,,,25.56,25.29,410,2,395,2,,,,,
2026/09/10 17:48,2026-09-10T18:03:19+09:00,2026/09/11,2026/11/12,2026-10,PUT,73750,9155,,,30.28,,9630,1,8905,7,,,,,
2026/09/10 17:48,2026-09-10T18:03:19+09:00,2026/09/11,2026/11/12,2026-10,CALL,73500,490,,,25.53,25.27,435,2,420,2,,,,,
2026/09/10 17:48,2026-09-10T18:03:19+09:00,2026/09/11,2026/11/12,2026-10,PUT,73500,8935,,,30.9,12.53,9460,10,8685,12,,,,,
2026/09/10 17:48,2026-09-10T18:03:19+09:00,2026/09/11,2026/11/12,2026-10,CALL,73250,520,,,25.56,25.31,465,2,450,2,,,,,
2026/09/10 17:48,2026-09-10T18:03:19+09:00,2026/09/11,2026/11/12,2026-10,PUT,73250,8715,,,30.31,14.86,9205,6,8465,7,,,,,
2026/09/10 17:48,2026-09-10T18:03:19+09:00,2026/09/11,2026/11/12,2026-10,CALL,73000,545,,,25.57,25.32,495,8,480,2,,,,,
2026/09/10 17:48,2026-09-10T18:03:19+09:00,2026/09/11,2026/11/12,2026-10,PUT,73000,8495,,,32.42,15.99,9155,3,8245,18,,,,,
2026/09/10 17:48,2026-09-10T18:03:19+09:00,2026/09/11,2026/11/12,2026-10,CALL,72750,585,,,25.62,25.31,530,4,510,2,,,,,
2026/09/10 17:48,2026-09-10T18:03:19+09:00,2026/09/11,2026/11/12,2026-10,PUT,72750,8285,,,32.81,17.06,8980,6,8035,7,,,,,
2026/09/10 17:48,2026-09-10T18:03:19+09:00,2026/09/11,2026/11/12,2026-10,CALL,72500,625,,,25.65,25.35,565,6,545,2,,,,,
2026/09/10 17:48,2026-09-10T18:03:19+09:00,2026/09/11,2026/11/12,2026-10,PUT,72500,8075,,,31.75,17.83,8690,10,7825,12,,,,,
2026/09/10 17:48,2026-09-10T18:03:19+09:00,2026/09/11,2026/11/12,2026-10,CALL,72250,665,,,25.65,25.28,600,2,575,2,,,,,
2026/09/10 17:48,2026-09-10T18:03:19+09:00,2026/09/11,2026/11/12,2026-10,PUT,72250,7865,,,30.17,18.4,8360,1,7615,7,,,,,
2026/09/10 17:48,2026-09-10T18:03:19+09:00,2026/09/11,2026/11/12,2026-10,CALL,72125,680,,,26.17,25.17,655,2,585,2,,,,,
2026/09/10 17:48,2026-09-10T18:03:19+09:00,2026/09/11,2026/11/12,2026-10,PUT,72125,7750,,,32.17,18.42,8420,5,7500,6,,,,,
2026/09/10 17:48,2026-09-10T18:03:19+09:00,2026/09/11,2026/11/12,2026-10,CALL,72000,680,,,25.62,25.41,635,2,620,2,,,,,
2026/09/10 17:48,2026-09-10T18:03:19+09:00,2026/09/11,2026/11/12,2026-10,PUT,72000,7630,,,30.72,18.31,8200,15,7380,18,,,,,
2026/09/10 17:48,2026-09-10T18:03:19+09:00,2026/09/11,2026/11/12,2026-10,CALL,71875,730,,,26.19,24.93,695,2,605,12,,,,,
2026/09/10 17:48,2026-09-10T18:03:19+09:00,2026/09/11,2026/11/12,2026-10,PUT,71875,7555,,,31.82,19.14,8190,1,7305,6,,,,,
2026/09/10 17:48,2026-09-10T18:03:19+09:00,2026/09/11,2026/11/12,2026-10,CALL,71750,750,,,25.71,25.29,680,4,650,2,,,,,
2026/09/10 17:48,2026-09-10T18:03:19+09:00,2026/09/11,2026/11/12,2026-10,PUT,71750,7450,,,29.71,19.3,7915,6,7200,7,,,,,
2026/09/10 17:48,2026-09-10T18:03:19+09:00,2026/09/11,2026/11/12,2026-10,CALL,71625,775,,,26.38,25.3,750,2,670,2,,,,,
2026/09/10 17:48,2026-09-10T18:03:19+09:00,2026/09/11,2026/11/12,2026-10,PUT,71625,7350,,,30.87,19.54,7910,1,7100,6,,,,,
2026/09/10 17:48,2026-09-10T18:03:19+09:00,2026/09/11,2026/11/12,2026-10,CALL,71500,795,,,25.7,25.43,720,6,700,2,,,,,
2026/09/10 17:48,2026-09-10T18:03:19+09:00,2026/09/11,2026/11/12,2026-10,PUT,71500,7245,,,30.15,19.66,7750,10,6995,12,,,,,
2026/09/10 17:48,2026-09-10T18:03:19+09:00,2026/09/11,2026/11/12,2026-10,CALL,71375,820,,,26.4,25.35,795,2,715,2,,,,,
2026/09/10 17:48,2026-09-10T18:03:19+09:00,2026/09/11,2026/11/12,2026-10,PUT,71375,7145,,,32.85,19.85,7885,1,6895,6,,,,,
2026/09/10 17:48,2026-09-10T18:03:19+09:00,2026/09/11,2026/11/12,2026-10,CALL,71250,840,,,25.73,25.46,765,2,745,2,,,,,
2026/09/10 17:48,2026-09-10T18:03:19+09:00,2026/09/11,2026/11/12,2026-10,PUT,71250,7040,,,30.95,19.94,7620,1,6790,7,,,,,
2026/09/10 17:48,2026-09-10T18:03:19+09:00,2026/09/11,2026/11/12,2026-10,CALL,71125,845,,,26.39,25.37,840,2,760,2,,,,,
2026/09/10 17:48,2026-09-10T18:03:19+09:00,2026/09/11,2026/11/12,2026-10,PUT,71125,6920,,,29.6,19.77,7405,5,6670,6,,,,,
2026/09/10 17:48,2026-09-10T18:03:19+09:00,2026/09/11,2026/11/12,2026-10,CALL,71000,860,,2,25.73,25.47,810,5,790,2,25.66,-55,-6.4,805,09/10 17:46
2026/09/10 17:48,2026-09-10T18:03:19+09:00,2026/09/11,2026/11/12,2026-10,PUT,71000,6840,,,30.96,20.24,7425,15,6590,18,,,,,
2026/09/10 17:48,2026-09-10T18:03:19+09:00,2026/09/11,2026/11/12,2026-10,CALL,70875,910,,,26.43,25.43,890,1,810,2,,,,,
2026/09/10 17:48,2026-09-10T18:03:19+09:00,2026/09/11,2026/11/12,2026-10,PUT,70875,6735,,,29.5,20.29,7200,1,6485,6,,,,,
2026/09/10 17:48,2026-09-10T18:03:19+09:00,2026/09/11,2026/11/12,2026-10,CALL,70750,910,,,25.94,25.51,875,14,840,2,,,,,
2026/09/10 17:48,2026-09-10T18:03:19+09:00,2026/09/11,2026/11/12,2026-10,PUT,70750,6650,,,30.83,20.63,7220,1,6400,7,,,,,
2026/09/10 17:48,2026-09-10T18:03:19+09:00,2026/09/11,2026/11/12,2026-10,CALL,70625,965,,,26.49,25.46,945,1,860,2,,,,,
2026/09/10 17:48,2026-09-10T18:03:19+09:00,2026/09/11,2026/11/12,2026-10,PUT,70625,6540,,,30.18,20.58,7065,1,6290,6,,,,,
2026/09/10 17:48,2026-09-10T18:03:19+09:00,2026/09/11,2026/11/12,2026-10,CALL,70500,1000,,,25.83,25.52,915,4,890,2,,,,,
2026/09/10 17:48,2026-09-10T18:03:19+09:00,2026/09/11,2026/11/12,2026-10,PUT,70500,6455,,,29.63,20.87,6920,10,6205,12,,,,,
2026/09/10 17:48,2026-09-10T18:03:19+09:00,2026/09/11,2026/11/12,2026-10,CALL,70375,1005,,,26.46,25.46,995,1,910,2,,,,,
2026/09/10 17:48,2026-09-10T18:03:19+09:00,2026/09/11,2026/11/12,2026-10,PUT,70375,6330,,,29.31,20.6,6795,5,6080,6,,,,,
2026/09/10 17:48,2026-09-10T18:03:19+09:00,2026/09/11,2026/11/12,2026-10,CALL,70250,1020,,,25.92,25.57,975,3,945,2,,,,,
2026/09/10 17:48,2026-09-10T18:03:19+09:00,2026/09/11,2026/11/12,2026-10,PUT,70250,6235,,,29.1,20.73,6680,1,5985,7,,,,,
2026/09/10 17:48,2026-09-10T18:03:19+09:00,2026/09/11,2026/11/12,2026-10,CALL,70125,1065,,,26.53,25.55,1055,1,970,2,,,,,
2026/09/10 17:48,2026-09-10T18:03:19+09:00,2026/09/11,2026/11/12,2026-10,PUT,70125,6145,,,30.78,20.91,6740,5,5895,6,,,,,
2026/09/10 17:48,2026-09-10T18:03:19+09:00,2026/09/11,2026/11/12,2026-10,CALL,70000,1090,,,25.87,25.64,1025,2,1005,2,,,,,
2026/09/10 17:48,2026-09-10T18:03:19+09:00,2026/09/11,2026/11/12,2026-10,PUT,70000,6040,,,28.88,20.89,6470,3,5790,18,,,,,
2026/09/10 17:48,2026-09-10T18:03:19+09:00,2026/09/11,2026/11/12,2026-10,CALL,69875,1130,,,26.79,25.55,1135,1,1025,2,,,,,
2026/09/10 17:48,2026-09-10T18:03:19+09:00,2026/09/11,2026/11/12,2026-10,PUT,69875,5955,,,29.57,21.11,6440,1,5705,6,,,,,
2026/09/10 17:48,2026-09-10T18:03:19+09:00,2026/09/11,2026/11/12,2026-10,CALL,69750,1160,,,26.01,25.68,1095,2,1065,2,,,,,
2026/09/10 17:48,2026-09-10T18:03:19+09:00,2026/09/11,2026/11/12,2026-10,PUT,69750,5865,,,29.87,21.25,6375,1,5615,7,,,,,
2026/09/10 17:48,2026-09-10T18:03:19+09:00,2026/09/11,2026/11/12,2026-10,CALL,69625,1195,,,26.84,25.07,1200,1,1040,1,,,,,
2026/09/10 17:48,2026-09-10T18:03:19+09:00,2026/09/11,2026/11/12,2026-10,PUT,69625,5775,,,32.34,21.38,6520,1,5525,6,,,,,
2026/09/10 17:48,2026-09-10T18:03:19+09:00,2026/09/11,2026/11/12,2026-10,CALL,69500,1225,,,26.02,25.69,1155,4,1125,2,,,,,
2026/09/10 17:48,2026-09-10T18:03:19+09:00,2026/09/11,2026/11/12,2026-10,PUT,69500,5680,,,29.6,24.69,6165,2,5710,12,,,,,
2026/09/10 17:48,2026-09-10T18:03:19+09:00,2026/09/11,2026/11/12,2026-10,CALL,69375,1255,,,26.87,25.13,1265,1,1105,1,,,,,
2026/09/10 17:48,2026-09-10T18:03:19+09:00,2026/09/11,2026/11/12,2026-10,PUT,69375,5590,,,29.15,21.55,6030,1,5340,6,,,,,
2026/09/10 17:48,2026-09-10T18:03:19+09:00,2026/09/11,2026/11/12,2026-10,CALL,69250,1295,,,26.21,25.72,1235,13,1190,2,,,,,
2026/09/10 17:48,2026-09-10T18:03:19+09:00,2026/09/11,2026/11/12,2026-10,PUT,69250,5500,,,30.14,25.99,6035,6,5640,7,,,,,
2026/09/10 17:48,2026-09-10T18:03:19+09:00,2026/09/11,2026/11/12,2026-10,CALL,69125,1330,,,26.92,24.95,1335,1,1150,1,,,,,
2026/09/10 17:48,2026-09-10T18:03:19+09:00,2026/09/11,2026/11/12,2026-10,PUT,69125,5410,,,30.59,21.72,5990,5,5160,6,,,,,
2026/09/10 17:48,2026-09-10T18:03:19+09:00,2026/09/11,2026/11/12,2026-10,CALL,69000,1365,,,26.1,25.84,1290,2,1265,5,,,,,
2026/09/10 17:48,2026-09-10T18:03:19+09:00,2026/09/11,2026/11/12,2026-10,PUT,69000,5320,,,28.13,26.57,5660,6,5510,24,,,,,
2026/09/10 17:48,2026-09-10T18:03:19+09:00,2026/09/11,2026/11/12,2026-10,CALL,68875,1405,,,27.41,24.85,1450,1,1205,9,,,,,
2026/09/10 17:48,2026-09-10T18:03:19+09:00,2026/09/11,2026/11/12,2026-10,PUT,68875,5235,,,29.91,21.91,5745,3,4985,8,,,,,
2026/09/10 17:48,2026-09-10T18:03:19+09:00,2026/09/11,2026/11/12,2026-10,CALL,68750,1440,,,26.23,25.76,1370,3,1325,3,,,,,
2026/09/10 17:48,2026-09-10T18:03:19+09:00,2026/09/11,2026/11/12,2026-10,PUT,68750,5145,,,27.82,26.54,5450,3,5325,10,,,,,
2026/09/10 17:48,2026-09-10T18:03:19+09:00,2026/09/11,2026/11/12,2026-10,CALL,68625,1485,,,27.45,24.98,1525,1,1285,9,,,,,
2026/09/10 17:48,2026-09-10T18:03:19+09:00,2026/09/11,2026/11/12,2026-10,PUT,68625,5065,,,29.72,22.11,5550,3,4815,8,,,,,
2026/09/10 17:48,2026-09-10T18:03:19+09:00,2026/09/11,2026/11/12,2026-10,CALL,68500,1525,,,26.27,25.91,1445,4,1410,4,,,,,
2026/09/10 17:48,2026-09-10T18:03:19+09:00,2026/09/11,2026/11/12,2026-10,PUT,68500,4980,,,27.94,26.27,5285,3,5120,19,,,,,
2026/09/10 17:48,2026-09-10T18:03:19+09:00,2026/09/11,2026/11/12,2026-10,CALL,68375,1570,,,27.51,25.19,1605,1,1375,9,,,,,
2026/09/10 17:48,2026-09-10T18:03:19+09:00,2026/09/11,2026/11/12,2026-10,PUT,68375,4900,,,31.18,22.33,5525,3,4650,8,,,,,
2026/09/10 17:48,2026-09-10T18:03:19+09:00,2026/09/11,2026/11/12,2026-10,CALL,68250,1610,,,26.48,25.88,1540,2,1480,2,,,,,
2026/09/10 17:48,2026-09-10T18:03:19+09:00,2026/09/11,2026/11/12,2026-10,PUT,68250,4820,,,28.08,26.89,5125,2,5005,2,,,,,
2026/09/10 17:48,2026-09-10T18:03:19+09:00,2026/09/11,2026/11/12,2026-10,CALL,68125,1645,,,27.55,25.15,1685,1,1445,8,,,,,
2026/09/10 17:48,2026-09-10T18:03:19+09:00,2026/09/11,2026/11/12,2026-10,PUT,68125,4725,,,30.44,22.39,5280,5,4475,6,,,,,
2026/09/10 17:48,2026-09-10T18:03:19+09:00,2026/09/11,2026/11/12,2026-10,CALL,68000,1690,,,26.47,26.07,1615,4,1575,4,,,,,
2026/09/10 17:48,2026-09-10T18:03:19+09:00,2026/09/11,2026/11/12,2026-10,PUT,68000,4645,,,28.14,26.66,4960,5,4810,23,,,,,
2026/09/10 17:48,2026-09-10T18:03:19+09:00,2026/09/11,2026/11/12,2026-10,CALL,67875,1740,,,27.6,25.33,1770,1,1540,8,,,,,
2026/09/10 17:48,2026-09-10T18:03:19+09:00,2026/09/11,2026/11/12,2026-10,PUT,67875,4570,,,29.11,22.62,4975,1,4320,6,,,,,
2026/09/10 17:48,2026-09-10T18:03:19+09:00,2026/09/11,2026/11/12,2026-10,CALL,67750,1795,,,26.57,26.03,1705,2,1650,1,,,,,
2026/09/10 17:48,2026-09-10T18:03:19+09:00,2026/09/11,2026/11/12,2026-10,PUT,67750,4500,,,28.13,26.57,4790,1,4630,2,,,,,
2026/09/10 17:48,2026-09-10T18:03:19+09:00,2026/09/11,2026/11/12,2026-10,CALL,67625,1830,,,27.24,25.43,1815,8,1630,8,,,,,
2026/09/10 17:48,2026-09-10T18:03:19+09:00,2026/09/11,2026/11/12,2026-10,PUT,67625,4415,,,29.65,22.81,4865,1,4165,6,,,,,
2026/09/10 17:48,2026-09-10T18:03:19+09:00,2026/09/11,2026/11/12,2026-10,CALL,67500,1885,,,26.44,26.15,1775,1,1745,1,,,,,
2026/09/10 17:48,2026-09-10T18:03:19+09:00,2026/09/11,2026/11/12,2026-10,PUT,67500,4345,,,27.84,26.88,4595,1,4495,17,,,,,
2026/09/10 17:48,2026-09-10T18:03:19+09:00,2026/09/11,2026/11/12,2026-10,CALL,67375,1935,,,26.85,26.08,1860,8,1780,1,,,,,
2026/09/10 17:48,2026-09-10T18:03:19+09:00,2026/09/11,2026/11/12,2026-10,PUT,67375,4270,,,30.63,23.06,4805,1,4020,6,,,,,
2026/09/10 17:48,2026-09-10T18:03:19+09:00,2026/09/11,2026/11/12,2026-10,CALL,67250,1980,,,26.87,26.1,1905,2,1825,2,,,,,
2026/09/10 17:48,2026-09-10T18:03:19+09:00,2026/09/11,2026/11/12,2026-10,PUT,67250,4190,,,27.87,27.15,4435,1,4360,2,,,,,
2026/09/10 17:48,2026-09-10T18:03:19+09:00,2026/09/11,2026/11/12,2026-10,CALL,67125,2030,,,26.92,26.16,1955,8,1875,1,,,,,
2026/09/10 17:48,2026-09-10T18:03:19+09:00,2026/09/11,2026/11/12,2026-10,PUT,67125,4115,,,30.76,23.17,4660,5,3865,6,,,,,
2026/09/10 17:48,2026-09-10T18:03:19+09:00,2026/09/11,2026/11/12,2026-10,CALL,67000,2060,,,27.02,26.3,2010,65,1935,4,,,,,
2026/09/10 17:48,2026-09-10T18:03:19+09:00,2026/09/11,2026/11/12,2026-10,PUT,67000,4025,,,28.44,27.02,4335,5,4185,23,,,,,
2026/09/10 17:48,2026-09-10T18:03:19+09:00,2026/09/11,2026/11/12,2026-10,CALL,66875,2135,,,27.01,25.96,2055,7,1945,7,,,,,
2026/09/10 17:48,2026-09-10T18:03:19+09:00,2026/09/11,2026/11/12,2026-10,PUT,66875,3970,,,28.09,23.34,4220,1,3720,6,,,,,
2026/09/10 17:48,2026-09-10T18:03:19+09:00,2026/09/11,2026/11/12,2026-10,CALL,66750,2175,,,27.04,26.24,2105,9,2020,2,,,,,
2026/09/10 17:48,2026-09-10T18:03:19+09:00,2026/09/11,2026/11/12,2026-10,PUT,66750,3885,,,28.31,26.99,4165,1,4025,2,,,,,
2026/09/10 17:48,2026-09-10T18:03:19+09:00,2026/09/11,2026/11/12,2026-10,CALL,66625,2240,,,27.2,26.26,2170,7,2070,1,,,,,
2026/09/10 17:48,2026-09-10T18:03:19+09:00,2026/09/11,2026/11/12,2026-10,PUT,66625,3825,,,28.19,23.48,4075,6,3575,6,,,,,
2026/09/10 17:48,2026-09-10T18:03:19+09:00,2026/09/11,2026/11/12,2026-10,CALL,66500,2275,,,26.89,26.42,2185,3,2135,1,,,,,
2026/09/10 17:48,2026-09-10T18:03:19+09:00,2026/09/11,2026/11/12,2026-10,PUT,66500,3735,,,28.53,27.13,4035,5,3885,13,,,,,
2026/09/10 17:48,2026-09-10T18:03:19+09:00,2026/09/11,2026/11/12,2026-10,CALL,66375,2335,,,27.28,26.25,2275,7,2165,7,,,,,
2026/09/10 17:48,2026-09-10T18:03:19+09:00,2026/09/11,2026/11/12,2026-10,PUT,66375,3670,,,31,23.48,4225,5,3420,6,,,,,
2026/09/10 17:48,2026-09-10T18:03:19+09:00,2026/09/11,2026/11/12,2026-10,CALL,66250,2390,,,27.28,26.39,2325,9,2230,2,,,,,
2026/09/10 17:48,2026-09-10T18:03:19+09:00,2026/09/11,2026/11/12,2026-10,PUT,66250,3605,,,28.07,27.28,3835,1,3750,2,,,,,
2026/09/10 17:48,2026-09-10T18:03:19+09:00,2026/09/11,2026/11/12,2026-10,CALL,66125,2450,,,27.32,26.43,2380,7,2285,1,,,,,
2026/09/10 17:48,2026-09-10T18:03:19+09:00,2026/09/11,2026/11/12,2026-10,PUT,66125,3540,,,28.34,26.39,3790,7,3580,7,,,,,
2026/09/10 17:48,2026-09-10T18:03:19+09:00,2026/09/11,2026/11/12,2026-10,CALL,66000,2505,,3,27.4,26.56,2440,42,2350,4,26.71,,,2445,09/10 17:12
2026/09/10 17:48,2026-09-10T18:03:19+09:00,2026/09/11,2026/11/12,2026-10,PUT,66000,3465,,,28.23,27.44,3705,1,3620,22,,,,,
2026/09/10 17:48,2026-09-10T18:03:19+09:00,2026/09/11,2026/11/12,2026-10,CALL,65875,2570,,,27.42,26.49,2495,7,2395,1,,,,,
2026/09/10 17:48,2026-09-10T18:03:19+09:00,2026/09/11,2026/11/12,2026-10,PUT,65875,3405,,,28.44,27.42,3655,7,3545,7,,,,,
2026/09/10 17:48,2026-09-10T18:03:19+09:00,2026/09/11,2026/11/12,2026-10,CALL,65750,2585,,,27.35,26.56,2540,2,2455,2,,,,,
2026/09/10 17:48,2026-09-10T18:03:19+09:00,2026/09/11,2026/11/12,2026-10,PUT,65750,3315,,,28.55,27.58,3595,1,3490,2,,,,,
2026/09/10 17:48,2026-09-10T18:03:19+09:00,2026/09/11,2026/11/12,2026-10,CALL,65625,2680,,,27.49,26.48,2610,7,2500,7,,,,,
2026/09/10 17:48,2026-09-10T18:03:19+09:00,2026/09/11,2026/11/12,2026-10,PUT,65625,3270,,,28.42,27.68,3510,1,3430,7,,,,,
2026/09/10 17:48,2026-09-10T18:03:19+09:00,2026/09/11,2026/11/12,2026-10,CALL,65500,2755,,,27.45,26.71,2660,15,2580,3,,,,,
2026/09/10 17:48,2026-09-10T18:03:19+09:00,2026/09/11,2026/11/12,2026-10,PUT,65500,3215,,,28.33,27.82,3430,1,3375,3,,,,,
2026/09/10 17:48,2026-09-10T18:03:19+09:00,2026/09/11,2026/11/12,2026-10,CALL,65375,2815,,,27.58,26.57,2730,7,2620,7,,,,,
2026/09/10 17:48,2026-09-10T18:03:19+09:00,2026/09/11,2026/11/12,2026-10,PUT,65375,3155,,,28.51,27.77,3380,6,3300,7,,,,,
2026/09/10 17:48,2026-09-10T18:03:19+09:00,2026/09/11,2026/11/12,2026-10,CALL,65250,2855,,,27.62,26.78,2790,9,2700,2,,,,,
2026/09/10 17:48,2026-09-10T18:03:19+09:00,2026/09/11,2026/11/12,2026-10,PUT,65250,3070,,,28.45,27.8,3305,1,3235,2,,,,,
2026/09/10 17:48,2026-09-10T18:03:19+09:00,2026/09/11,2026/11/12,2026-10,CALL,65125,2925,,,27.69,26.76,2855,7,2755,1,,,,,
2026/09/10 17:48,2026-09-10T18:03:19+09:00,2026/09/11,2026/11/12,2026-10,PUT,65125,3015,,,28.61,27.87,3255,7,3175,7,,,,,
2026/09/10 17:48,2026-09-10T18:03:19+09:00,2026/09/11,2026/11/12,2026-10,CALL,65000,2995,,,27.61,26.87,2905,22,2825,4,,,,,
2026/09/10 17:48,2026-09-10T18:03:19+09:00,2026/09/11,2026/11/12,2026-10,PUT,65000,2960,,,28.49,27.89,3175,1,3110,4,,,,,
2026/09/10 17:48,2026-09-10T18:03:19+09:00,2026/09/11,2026/11/12,2026-10,CALL,64875,3035,,,27.76,26.79,2980,7,2875,1,,,,,
2026/09/10 17:48,2026-09-10T18:03:19+09:00,2026/09/11,2026/11/12,2026-10,PUT,64875,2890,,,28.6,27.58,3120,1,3010,7,,,,,
2026/09/10 17:48,2026-09-10T18:03:19+09:00,2026/09/11,2026/11/12,2026-10,CALL,64750,3170,,,27.81,26.89,3045,9,2945,2,,,,,
2026/09/10 17:48,2026-09-10T18:03:19+09:00,2026/09/11,2026/11/12,2026-10,PUT,64750,2885,,,28.6,28.14,3055,1,3005,2,,,,,
2026/09/10 17:48,2026-09-10T18:03:19+09:00,2026/09/11,2026/11/12,2026-10,CALL,64625,3175,,,27.9,26.88,3115,7,3005,7,,,,,
2026/09/10 17:48,2026-09-10T18:03:19+09:00,2026/09/11,2026/11/12,2026-10,PUT,64625,2770,,,28.73,27.71,3005,7,2895,7,,,,,
2026/09/10 17:48,2026-09-10T18:03:19+09:00,2026/09/11,2026/11/12,2026-10,CALL,64500,3245,,,27.84,27.01,3170,15,3080,1,,,,,
2026/09/10 17:48,2026-09-10T18:03:19+09:00,2026/09/11,2026/11/12,2026-10,PUT,64500,2715,,,28.68,28.17,2935,1,2880,3,,,,,
2026/09/10 17:48,2026-09-10T18:03:19+09:00,2026/09/11,2026/11/12,2026-10,CALL,64375,3365,,,29.08,26.8,3365,1,3120,6,,,,,
2026/09/10 17:48,2026-09-10T18:03:19+09:00,2026/09/11,2026/11/12,2026-10,PUT,64375,2705,,,28.84,27.82,2890,7,2780,7,,,,,
2026/09/10 17:48,2026-09-10T18:03:19+09:00,2026/09/11,2026/11/12,2026-10,CALL,64250,3385,,,27.84,27.09,3295,2,3215,1,,,,,
2026/09/10 17:48,2026-09-10T18:03:19+09:00,2026/09/11,2026/11/12,2026-10,PUT,64250,2605,,,28.87,28.17,2830,2,2755,2,,,,,
2026/09/10 17:48,2026-09-10T18:03:19+09:00,2026/09/11,2026/11/12,2026-10,CALL,64125,3450,,,31.03,26.36,3700,6,3200,6,,,,,
2026/09/10 17:48,2026-09-10T18:03:19+09:00,2026/09/11,2026/11/12,2026-10,PUT,64125,2555,,,28.97,27.94,2780,7,2670,7,,,,,
2026/09/10 17:48,2026-09-10T18:03:19+09:00,2026/09/11,2026/11/12,2026-10,CALL,64000,3550,,,27.81,27.15,3420,4,3350,1,,,,,
2026/09/10 17:48,2026-09-10T18:03:19+09:00,2026/09/11,2026/11/12,2026-10,PUT,64000,2520,,,28.88,28.56,2710,4,2675,42,,,,,
2026/09/10 17:48,2026-09-10T18:03:19+09:00,2026/09/11,2026/11/12,2026-10,CALL,63875,3640,,,31.61,26.91,3890,6,3390,6,,,,,
2026/09/10 17:48,2026-09-10T18:03:19+09:00,2026/09/11,2026/11/12,2026-10,PUT,63875,2485,,,29.07,28.04,2670,7,2560,7,,,,,
2026/09/10 17:48,2026-09-10T18:03:19+09:00,2026/09/11,2026/11/12,2026-10,CALL,63750,3710,,,28.21,27.22,3595,2,3490,1,,,,,
2026/09/10 17:48,2026-09-10T18:03:19+09:00,2026/09/11,2026/11/12,2026-10,PUT,63750,2430,,,29.11,28.59,2615,2,2560,2,,,,,
2026/09/10 17:48,2026-09-10T18:03:19+09:00,2026/09/11,2026/11/12,2026-10,CALL,63625,3750,,,31.41,26.68,4000,6,3500,6,,,,,
2026/09/10 17:48,2026-09-10T18:03:19+09:00,2026/09/11,2026/11/12,2026-10,PUT,63625,2340,,,29.24,28.2,2570,7,2460,7,,,,,
2026/09/10 17:48,2026-09-10T18:03:19+09:00,2026/09/11,2026/11/12,2026-10,CALL,63500,3880,,,28.22,26.98,3730,3,3600,5,,,,,
2026/09/10 17:48,2026-09-10T18:03:19+09:00,2026/09/11,2026/11/12,2026-10,PUT,63500,2345,,,29.16,28.55,2505,3,2440,3,,,,,
2026/09/10 17:48,2026-09-10T18:03:19+09:00,2026/09/11,2026/11/12,2026-10,CALL,63375,3910,,,31.65,26.89,4160,6,3660,6,,,,,
2026/09/10 17:48,2026-09-10T18:03:19+09:00,2026/09/11,2026/11/12,2026-10,PUT,63375,2255,,,29.37,28.32,2470,8,2360,8,,,,,
2026/09/10 17:48,2026-09-10T18:03:19+09:00,2026/09/11,2026/11/12,2026-10,CALL,63250,3985,,,28.47,27.56,3895,2,3800,1,,,,,
2026/09/10 17:48,2026-09-10T18:03:19+09:00,2026/09/11,2026/11/12,2026-10,PUT,63250,2205,,,29.33,28.81,2410,2,2355,2,,,,,
2026/09/10 17:48,2026-09-10T18:03:19+09:00,2026/09/11,2026/11/12,2026-10,CALL,63125,4070,,,31.87,27.12,4320,8,3825,3,,,,,
2026/09/10 17:48,2026-09-10T18:03:19+09:00,2026/09/11,2026/11/12,2026-10,PUT,63125,2160,,,29.53,28.47,2375,8,2265,8,,,,,
2026/09/10 17:48,2026-09-10T18:03:19+09:00,2026/09/11,2026/11/12,2026-10,CALL,63000,4190,,,28.36,27.25,4025,19,3910,5,,,,,
2026/09/10 17:48,2026-09-10T18:03:19+09:00,2026/09/11,2026/11/12,2026-10,PUT,63000,2160,,,29.33,28.94,2300,2,2260,46,,,,,
2026/09/10 17:48,2026-09-10T18:03:19+09:00,2026/09/11,2026/11/12,2026-10,CALL,62875,4305,,,32.79,25.67,4555,8,3820,3,,,,,
2026/09/10 17:48,2026-09-10T18:03:19+09:00,2026/09/11,2026/11/12,2026-10,PUT,62875,2150,,,29.99,27.91,2315,1,2100,1,,,,,
2026/09/10 17:48,2026-09-10T18:03:19+09:00,2026/09/11,2026/11/12,2026-10,CALL,62750,4385,,,28.76,27.39,4210,3,4070,2,,,,,
2026/09/10 17:48,2026-09-10T18:03:19+09:00,2026/09/11,2026/11/12,2026-10,PUT,62750,2105,,,29.49,29.05,2210,2,2165,11,,,,,
2026/09/10 17:48,2026-09-10T18:03:19+09:00,2026/09/11,2026/11/12,2026-10,CALL,62625,4465,,,32.97,26.61,4715,8,4065,7,,,,,
2026/09/10 17:48,2026-09-10T18:03:19+09:00,2026/09/11,2026/11/12,2026-10,PUT,62625,2060,,,29.85,27.99,2195,1,2005,1,,,,,
2026/09/10 17:48,2026-09-10T18:03:19+09:00,2026/09/11,2026/11/12,2026-10,CALL,62500,4575,,,28.83,27.35,4365,18,4215,6,,,,,
2026/09/10 17:48,2026-09-10T18:03:19+09:00,2026/09/11,2026/11/12,2026-10,PUT,62500,1960,,,29.67,29.08,2125,2,2065,38,,,,,
2026/09/10 17:48,2026-09-10T18:03:19+09:00,2026/09/11,2026/11/12,2026-10,CALL,62375,4620,,,33.08,26.49,4870,8,4205,3,,,,,
2026/09/10 17:48,2026-09-10T18:03:19+09:00,2026/09/11,2026/11/12,2026-10,PUT,62375,1970,,,30.37,28.09,2145,1,1915,1,,,,,
2026/09/10 17:48,2026-09-10T18:03:19+09:00,2026/09/11,2026/11/12,2026-10,CALL,62250,4710,,,28.88,27.42,4520,3,4375,2,,,,,
2026/09/10 17:48,2026-09-10T18:03:19+09:00,2026/09/11,2026/11/12,2026-10,PUT,62250,1930,,,29.78,29.38,2035,3,1995,3,,,,,
2026/09/10 17:48,2026-09-10T18:03:19+09:00,2026/09/11,2026/11/12,2026-10,CALL,62125,4795,,,33.35,25.77,5045,8,4290,7,,,,,
2026/09/10 17:48,2026-09-10T18:03:19+09:00,2026/09/11,2026/11/12,2026-10,PUT,62125,1890,,,30.27,28.26,2035,1,1835,1,,,,,
2026/09/10 17:48,2026-09-10T18:03:19+09:00,2026/09/11,2026/11/12,2026-10,CALL,62000,4870,,,33.26,24.48,5110,22,4245,7,,,,,
2026/09/10 17:48,2026-09-10T18:03:19+09:00,2026/09/11,2026/11/12,2026-10,PUT,62000,1845,,,29.85,29.4,1945,2,1900,49,,,,,
2026/09/10 17:48,2026-09-10T18:03:19+09:00,2026/09/11,2026/11/12,2026-10,CALL,61875,4965,,,33.56,26.55,5215,8,4525,7,,,,,
2026/09/10 17:48,2026-09-10T18:03:19+09:00,2026/09/11,2026/11/12,2026-10,PUT,61875,1810,,,30.69,28.66,1980,1,1780,9,,,,,
2026/09/10 17:48,2026-09-10T18:03:19+09:00,2026/09/11,2026/11/12,2026-10,CALL,61750,5050,,,33.65,26.54,5300,8,4605,7,,,,,
2026/09/10 17:48,2026-09-10T18:03:19+09:00,2026/09/11,2026/11/12,2026-10,PUT,61750,1775,,,30.1,29.49,1875,3,1815,13,,,,,
2026/09/10 17:48,2026-09-10T18:03:19+09:00,2026/09/11,2026/11/12,2026-10,CALL,61625,5145,,,33.84,26.21,5395,8,4655,3,,,,,
2026/09/10 17:48,2026-09-10T18:03:19+09:00,2026/09/11,2026/11/12,2026-10,PUT,61625,1740,,,30.89,28.46,1905,1,1670,1,,,,,
2026/09/10 17:48,2026-09-10T18:03:19+09:00,2026/09/11,2026/11/12,2026-10,CALL,61500,5230,,,33.82,26.61,5470,3,4775,1,,,,,
2026/09/10 17:48,2026-09-10T18:03:19+09:00,2026/09/11,2026/11/12,2026-10,PUT,61500,1705,,,30.22,29.65,1795,2,1740,40,,,,,
2026/09/10 17:48,2026-09-10T18:03:19+09:00,2026/09/11,2026/11/12,2026-10,CALL,61375,5320,,,34.05,24.68,5570,8,4680,3,,,,,
2026/09/10 17:48,2026-09-10T18:03:19+09:00,2026/09/11,2026/11/12,2026-10,PUT,61375,1665,,,30.8,28.6,1805,1,1595,1,,,,,
2026/09/10 17:48,2026-09-10T18:03:19+09:00,2026/09/11,2026/11/12,2026-10,CALL,61250,5405,,,34.12,26.53,5655,8,4935,2,,,,,
2026/09/10 17:48,2026-09-10T18:03:19+09:00,2026/09/11,2026/11/12,2026-10,PUT,61250,1630,,,30.37,29.9,1720,3,1675,13,,,,,
2026/09/10 17:48,2026-09-10T18:03:19+09:00,2026/09/11,2026/11/12,2026-10,CALL,61000,5595,,,34.24,26.36,5825,22,5090,4,,,,,
2026/09/10 17:48,2026-09-10T18:03:19+09:00,2026/09/11,2026/11/12,2026-10,PUT,61000,1570,,,30.44,30.12,1640,2,1610,5,,,,,
2026/09/10 17:48,2026-09-10T18:03:19+09:00,2026/09/11,2026/11/12,2026-10,CALL,60750,5770,,,34.6,24.06,6020,8,5065,7,,,,,
2026/09/10 17:48,2026-09-10T18:03:19+09:00,2026/09/11,2026/11/12,2026-10,PUT,60750,1490,,,30.59,30.26,1570,2,1540,2,,,,,
2026/09/10 17:48,2026-09-10T18:03:19+09:00,2026/09/11,2026/11/12,2026-10,CALL,60500,5955,,,34.84,26.69,6205,12,5470,2,,,,,
2026/09/10 17:48,2026-09-10T18:03:19+09:00,2026/09/11,2026/11/12,2026-10,PUT,60500,1430,,,30.76,30.43,1505,2,1475,4,,,,,
2026/09/10 17:48,2026-09-10T18:03:19+09:00,2026/09/11,2026/11/12,2026-10,CALL,60250,6130,,,34.95,25.67,6380,7,5565,1,,,,,
2026/09/10 17:48,2026-09-10T18:03:19+09:00,2026/09/11,2026/11/12,2026-10,PUT,60250,1355,,,31.02,30.51,1450,3,1405,14,,,,,
2026/09/10 17:48,2026-09-10T18:03:19+09:00,2026/09/11,2026/11/12,2026-10,CALL,60000,6345,,,35.47,23.37,6595,18,5570,3,,,,,
2026/09/10 17:48,2026-09-10T18:03:19+09:00,2026/09/11,2026/11/12,2026-10,PUT,60000,1260,,2,31.09,30.69,1380,2,1345,52,30.77,50,3.97,1310,09/10 17:09
2026/09/10 17:48,2026-09-10T18:03:19+09:00,2026/09/11,2026/11/12,2026-10,CALL,59750,6530,,,35.65,25.69,6780,7,5940,1,,,,,
2026/09/10 17:48,2026-09-10T18:03:19+09:00,2026/09/11,2026/11/12,2026-10,PUT,59750,1260,,,31.3,30.95,1325,2,1295,2,,,,,
2026/09/10 17:48,2026-09-10T18:03:19+09:00,2026/09/11,2026/11/12,2026-10,CALL,59500,6715,,,35.8,25.94,6965,12,6150,2,,,,,
2026/09/10 17:48,2026-09-10T18:03:19+09:00,2026/09/11,2026/11/12,2026-10,PUT,59500,1195,,,31.43,31.01,1265,2,1230,42,,,,,
2026/09/10 17:48,2026-09-10T18:03:19+09:00,2026/09/11,2026/11/12,2026-10,CALL,59250,6935,,,36.33,23.34,7185,7,6160,1,,,,,
2026/09/10 17:48,2026-09-10T18:03:19+09:00,2026/09/11,2026/11/12,2026-10,PUT,59250,1160,,,31.72,31.23,1220,3,1180,14,,,,,
2026/09/10 17:48,2026-09-10T18:03:19+09:00,2026/09/11,2026/11/12,2026-10,CALL,59000,7115,,,36.39,24.12,7365,18,6415,15,,,,,
2026/09/10 17:48,2026-09-10T18:03:19+09:00,2026/09/11,2026/11/12,2026-10,PUT,59000,1095,,,31.8,31.48,1160,2,1135,5,,,,,
2026/09/10 17:48,2026-09-10T18:03:19+09:00,2026/09/11,2026/11/12,2026-10,CALL,58750,7310,,,36.59,24.05,7560,7,6615,1,,,,,
2026/09/10 17:48,2026-09-10T18:03:19+09:00,2026/09/11,2026/11/12,2026-10,PUT,58750,1040,,,32.04,31.66,1115,2,1085,4,,,,,
2026/09/10 17:48,2026-09-10T18:03:19+09:00,2026/09/11,2026/11/12,2026-10,CALL,58500,7520,,,36.96,24.26,7770,12,6835,2,,,,,
2026/09/10 17:48,2026-09-10T18:03:19+09:00,2026/09/11,2026/11/12,2026-10,PUT,58500,1000,,,32.19,31.8,1065,2,1035,6,,,,,
2026/09/10 17:48,2026-09-10T18:03:19+09:00,2026/09/11,2026/11/12,2026-10,CALL,58250,7725,,,37.25,23.76,7975,7,7015,6,,,,,
2026/09/10 17:48,2026-09-10T18:03:19+09:00,2026/09/11,2026/11/12,2026-10,PUT,58250,950,,,32.46,32.05,1025,2,995,4,,,,,
2026/09/10 17:48,2026-09-10T18:03:19+09:00,2026/09/11,2026/11/12,2026-10,CALL,58000,7940,,,37.65,25.63,8190,18,7335,15,,,,,
2026/09/10 17:48,2026-09-10T18:03:19+09:00,2026/09/11,2026/11/12,2026-10,PUT,58000,910,,,32.63,32.29,980,8,955,2,,,,,
2026/09/10 17:48,2026-09-10T18:03:19+09:00,2026/09/11,2026/11/12,2026-10,CALL,57750,8175,,,38.3,23.88,8425,7,7450,1,,,,,
2026/09/10 17:48,2026-09-10T18:03:19+09:00,2026/09/11,2026/11/12,2026-10,PUT,57750,910,,,32.85,32.57,940,2,920,2,,,,,
2026/09/10 17:48,2026-09-10T18:03:19+09:00,2026/09/11,2026/11/12,2026-10,CALL,57500,8360,,,38.29,26.64,8610,12,7815,10,,,,,
2026/09/10 17:48,2026-09-10T18:03:19+09:00,2026/09/11,2026/11/12,2026-10,PUT,57500,835,,,33.05,32.69,900,2,875,2,,,,,
2026/09/10 17:48,2026-09-10T18:03:19+09:00,2026/09/11,2026/11/12,2026-10,CALL,57250,8580,,,38.71,25.84,8830,7,7985,6,,,,,
2026/09/10 17:48,2026-09-10T18:03:19+09:00,2026/09/11,2026/11/12,2026-10,PUT,57250,800,,,33.3,33.01,865,4,845,2,,,,,
2026/09/10 17:48,2026-09-10T18:03:19+09:00,2026/09/11,2026/11/12,2026-10,CALL,57000,8790,,,38.99,24.56,9040,18,8140,3,,,,,
2026/09/10 17:48,2026-09-10T18:03:19+09:00,2026/09/11,2026/11/12,2026-10,PUT,57000,755,,,33.53,33.23,830,2,810,2,,,,,
2026/09/10 17:48,2026-09-10T18:03:19+09:00,2026/09/11,2026/11/12,2026-10,CALL,56750,9010,,,39.39,20.96,9260,7,8225,1,,,,,
2026/09/10 17:48,2026-09-10T18:03:19+09:00,2026/09/11,2026/11/12,2026-10,PUT,56750,735,,,33.74,33.35,795,2,770,2,,,,,
2026/09/10 17:48,2026-09-10T18:03:19+09:00,2026/09/11,2026/11/12,2026-10,CALL,56500,9250,,,40.05,19.55,9500,12,8420,2,,,,,
2026/09/10 17:48,2026-09-10T18:03:19+09:00,2026/09/11,2026/11/12,2026-10,PUT,56500,710,,,34.01,33.61,765,6,740,2,,,,,
2026/09/10 17:48,2026-09-10T18:03:19+09:00,2026/09/11,2026/11/12,2026-10,CALL,56250,9450,,,40.15,26.31,9700,7,8885,1,,,,,
2026/09/10 17:48,2026-09-10T18:03:19+09:00,2026/09/11,2026/11/12,2026-10,PUT,56250,680,,,34.26,33.93,735,5,715,2,,,,,
2026/09/10 17:48,2026-09-10T18:03:19+09:00,2026/09/11,2026/11/12,2026-10,CALL,56000,9665,,,40.43,22.44,9915,18,8970,15,,,,,
2026/09/10 17:48,2026-09-10T18:03:19+09:00,2026/09/11,2026/11/12,2026-10,PUT,56000,655,,1,34.49,34.07,705,11,680,3,34.29,-30,-4.29,670,09/10 17:09
2026/09/10 17:48,2026-09-10T18:03:19+09:00,2026/09/11,2026/12/10,2026-12,CALL,67250,2480,,,26.76,25.96,2410,8,2310,1,,,,,
2026/09/10 17:48,2026-09-10T18:03:19+09:00,2026/09/11,2026/12/10,2026-12,PUT,67250,4630,,,26.28,22.3,4880,7,4380,7,,,,,
2026/09/10 17:48,2026-09-10T18:03:19+09:00,2026/09/11,2026/12/10,2026-12,CALL,67000,2580,,,26.86,26.11,2515,21,2420,3,,,,,
2026/09/10 17:48,2026-09-10T18:03:19+09:00,2026/09/11,2026/12/10,2026-12,PUT,67000,4485,,,26.39,24.89,4735,18,4545,18,,,,,
2026/09/10 17:48,2026-09-10T18:03:19+09:00,2026/09/11,2026/12/10,2026-12,CALL,66750,2690,,,26.9,26.12,2615,8,2515,1,,,,,
2026/09/10 17:48,2026-09-10T18:03:19+09:00,2026/09/11,2026/12/10,2026-12,PUT,66750,4340,,,26.39,25.53,4580,7,4470,7,,,,,
2026/09/10 17:48,2026-09-10T18:03:19+09:00,2026/09/11,2026/12/10,2026-12,CALL,66500,2800,,,27,26.14,2725,14,2615,14,,,,,
2026/09/10 17:48,2026-09-10T18:03:19+09:00,2026/09/11,2026/12/10,2026-12,PUT,66500,4205,,,26.34,25.6,4420,2,4325,14,,,,,
2026/09/10 17:48,2026-09-10T18:03:19+09:00,2026/09/11,2026/12/10,2026-12,CALL,66250,2910,,,27.12,26.26,2840,8,2730,9,,,,,
2026/09/10 17:48,2026-09-10T18:03:19+09:00,2026/09/11,2026/12/10,2026-12,PUT,66250,4065,,,26.46,25.72,4285,1,4190,8,,,,,
2026/09/10 17:48,2026-09-10T18:03:19+09:00,2026/09/11,2026/12/10,2026-12,CALL,66000,3030,,,26.9,26.36,2915,21,2845,3,,,,,
2026/09/10 17:48,2026-09-10T18:03:19+09:00,2026/09/11,2026/12/10,2026-12,PUT,66000,3935,,,26.52,25.82,4145,18,4055,21,,,,,
2026/09/10 17:48,2026-09-10T18:03:19+09:00,2026/09/11,2026/12/10,2026-12,CALL,65750,3175,,,27.25,26.4,3065,8,2955,9,,,,,
2026/09/10 17:48,2026-09-10T18:03:19+09:00,2026/09/11,2026/12/10,2026-12,PUT,65750,3835,,,26.59,25.9,4010,8,3920,8,,,,,
2026/09/10 17:48,2026-09-10T18:03:19+09:00,2026/09/11,2026/12/10,2026-12,CALL,65500,3300,,,27.07,26.49,3150,14,3075,2,,,,,
2026/09/10 17:48,2026-09-10T18:03:19+09:00,2026/09/11,2026/12/10,2026-12,PUT,65500,3710,,,26.65,25.99,3875,2,3790,14,,,,,
2026/09/10 17:48,2026-09-10T18:03:19+09:00,2026/09/11,2026/12/10,2026-12,CALL,65250,3425,,,27.18,26.49,3275,8,3185,1,,,,,
2026/09/10 17:48,2026-09-10T18:03:19+09:00,2026/09/11,2026/12/10,2026-12,PUT,65250,3585,,,26.68,25.79,3740,20,3625,8,,,,,
2026/09/10 17:48,2026-09-10T18:03:19+09:00,2026/09/11,2026/12/10,2026-12,CALL,65000,3550,,,27.27,26.61,3400,21,3315,3,,,,,
2026/09/10 17:48,2026-09-10T18:03:19+09:00,2026/09/11,2026/12/10,2026-12,PUT,65000,3460,,,26.73,25.88,3610,21,3500,21,,,,,
2026/09/10 17:48,2026-09-10T18:03:19+09:00,2026/09/11,2026/12/10,2026-12,CALL,64750,3680,,,27.29,26.6,3520,8,3430,8,,,,,
2026/09/10 17:48,2026-09-10T18:03:19+09:00,2026/09/11,2026/12/10,2026-12,PUT,64750,3350,,,26.87,26.02,3495,8,3385,8,,,,,
2026/09/10 17:48,2026-09-10T18:03:19+09:00,2026/09/11,2026/12/10,2026-12,CALL,64500,3830,,,27.42,26.53,3655,15,3540,20,,,,,
2026/09/10 17:48,2026-09-10T18:03:19+09:00,2026/09/11,2026/12/10,2026-12,PUT,64500,3230,,,26.95,26.1,3375,14,3265,14,,,,,
2026/09/10 17:48,2026-09-10T18:03:19+09:00,2026/09/11,2026/12/10,2026-12,CALL,64250,3970,,,27.52,26.62,3790,8,3675,20,,,,,
2026/09/10 17:48,2026-09-10T18:03:19+09:00,2026/09/11,2026/12/10,2026-12,PUT,64250,3120,,,27.13,26.27,3270,8,3160,8,,,,,
2026/09/10 17:48,2026-09-10T18:03:19+09:00,2026/09/11,2026/12/10,2026-12,CALL,64000,4110,,,29.86,25.69,4215,3,3680,3,,,,,
2026/09/10 17:48,2026-09-10T18:03:19+09:00,2026/09/11,2026/12/10,2026-12,PUT,64000,3015,,,27.09,26.31,3140,3,3040,21,,,,,
2026/09/10 17:48,2026-09-10T18:03:19+09:00,2026/09/11,2026/12/10,2026-12,CALL,63750,4250,,,31.1,24.09,4500,7,3605,1,,,,,
2026/09/10 17:48,2026-09-10T18:03:19+09:00,2026/09/11,2026/12/10,2026-12,PUT,63750,2905,,,27.26,26.48,3040,1,2940,8,,,,,
2026/09/10 17:48,2026-09-10T18:03:19+09:00,2026/09/11,2026/12/10,2026-12,CALL,63500,4365,,,31,27.06,4615,12,4115,2,,,,,
2026/09/10 17:48,2026-09-10T18:03:19+09:00,2026/09/11,2026/12/10,2026-12,PUT,63500,2785,,,27.46,26.59,2945,14,2835,16,,,,,
2026/09/10 17:48,2026-09-10T18:03:19+09:00,2026/09/11,2026/12/10,2026-12,CALL,63250,4520,,,31.19,26,4770,7,4115,1,,,,,
2026/09/10 17:48,2026-09-10T18:03:19+09:00,2026/09/11,2026/12/10,2026-12,PUT,63250,2685,,,27.47,26.68,2830,1,2730,9,,,,,
2026/09/10 17:48,2026-09-10T18:03:19+09:00,2026/09/11,2026/12/10,2026-12,CALL,63000,4675,,,31.37,23.85,4925,18,3985,3,,,,,
2026/09/10 17:48,2026-09-10T18:03:19+09:00,2026/09/11,2026/12/10,2026-12,PUT,63000,2590,,,27.66,26.78,2740,24,2630,24,,,,,
2026/09/10 17:48,2026-09-10T18:03:19+09:00,2026/09/11,2026/12/10,2026-12,CALL,62750,4830,,,31.52,24.07,5080,7,4155,6,,,,,
2026/09/10 17:48,2026-09-10T18:03:19+09:00,2026/09/11,2026/12/10,2026-12,PUT,62750,2495,,,27.79,26.94,2645,8,2540,9,,,,,
2026/09/10 17:48,2026-09-10T18:03:19+09:00,2026/09/11,2026/12/10,2026-12,CALL,62500,4985,,,31.66,23.94,5235,12,4285,10,,,,,
2026/09/10 17:48,2026-09-10T18:03:19+09:00,2026/09/11,2026/12/10,2026-12,PUT,62500,2405,,,27.74,27.09,2530,2,2450,16,,,,,
2026/09/10 17:48,2026-09-10T18:03:19+09:00,2026/09/11,2026/12/10,2026-12,CALL,62250,5145,,,31.82,25.36,5395,7,4605,6,,,,,
2026/09/10 17:48,2026-09-10T18:03:19+09:00,2026/09/11,2026/12/10,2026-12,PUT,62250,2320,,,27.91,27.21,2445,8,2360,9,,,,,
2026/09/10 22:15,2026-09-10T22:30:42+09:00,2026/09/11,2026/10/08,2026-09,CALL,83500,3,9,1,39.36,29.43,21,8,1,9,31.14,,,3,09/10 20:41
2026/09/10 22:15,2026-09-10T22:30:42+09:00,2026/09/11,2026/10/08,2026-09,PUT,83500,18510,,,,,,,,,,,,,
2026/09/10 22:15,2026-09-10T22:30:42+09:00,2026/09/11,2026/10/08,2026-09,CALL,83000,3,59,,31.56,30.48,3,40,2,3,,,,,
2026/09/10 22:15,2026-09-10T22:30:42+09:00,2026/09/11,2026/10/08,2026-09,PUT,83000,18010,,,,,,,,,,,,,
2026/09/10 22:15,2026-09-10T22:30:42+09:00,2026/09/11,2026/10/08,2026-09,CALL,82500,4,10,,31.73,29.84,4,31,2,8,,,,,
2026/09/10 22:15,2026-09-10T22:30:42+09:00,2026/09/11,2026/10/08,2026-09,PUT,82500,17515,,,,,,,,,,,,,
2026/09/10 22:15,2026-09-10T22:30:42+09:00,2026/09/11,2026/10/08,2026-09,CALL,82000,4,194,,31.05,29.2,4,30,2,33,,,,,
2026/09/10 22:15,2026-09-10T22:30:42+09:00,2026/09/11,2026/10/08,2026-09,PUT,82000,17015,,,,,,,,,,,,,
2026/09/10 22:15,2026-09-10T22:30:42+09:00,2026/09/11,2026/10/08,2026-09,CALL,81500,5,3,1,30.37,28.55,4,16,2,52,29.21,,,4,09/10 18:43
2026/09/10 22:15,2026-09-10T22:30:42+09:00,2026/09/11,2026/10/08,2026-09,PUT,81500,16515,,,,,,,,,,,,,
2026/09/10 22:15,2026-09-10T22:30:42+09:00,2026/09/11,2026/10/08,2026-09,CALL,81000,5,523,2,30.32,29.68,5,34,4,1,28.53,-1,-20,4,09/10 18:31
2026/09/10 22:15,2026-09-10T22:30:42+09:00,2026/09/11,2026/10/08,2026-09,PUT,81000,16015,,,,,,,,,,,,,
2026/09/10 22:15,2026-09-10T22:30:42+09:00,2026/09/11,2026/10/08,2026-09,CALL,80500,6,16,1,30.63,28.99,7,23,4,16,29.01,0,0,5,09/10 21:17
2026/09/10 22:15,2026-09-10T22:30:42+09:00,2026/09/11,2026/10/08,2026-09,PUT,80500,15515,,,,,,,,,,,,,
2026/09/10 22:15,2026-09-10T22:30:42+09:00,2026/09/11,2026/10/08,2026-09,CALL,80000,7,1738,6,29.44,28.91,6,29,5,5,28.65,-1,-14.29,6,09/10 20:55
2026/09/10 22:15,2026-09-10T22:30:42+09:00,2026/09/11,2026/10/08,2026-09,PUT,80000,15020,,,,,,,,,,,,,
2026/09/10 22:15,2026-09-10T22:30:42+09:00,2026/09/11,2026/10/08,2026-09,CALL,79500,8,1,,29.58,28.19,8,23,5,23,,,,,
2026/09/10 22:15,2026-09-10T22:30:42+09:00,2026/09/11,2026/10/08,2026-09,PUT,79500,14520,,,,,,,,,,,,,
2026/09/10 22:15,2026-09-10T22:30:42+09:00,2026/09/11,2026/10/08,2026-09,CALL,79000,10,114,18,29.19,28.42,9,27,7,1,27.88,-1,-10,9,09/10 19:54
2026/09/10 22:15,2026-09-10T22:30:42+09:00,2026/09/11,2026/10/08,2026-09,PUT,79000,14025,1,,,,,,,,,,,,
2026/09/10 22:15,2026-09-10T22:30:42+09:00,2026/09/11,2026/10/08,2026-09,CALL,78500,12,17,,29.06,27.67,11,23,7,23,,,,,
2026/09/10 22:15,2026-09-10T22:30:42+09:00,2026/09/11,2026/10/08,2026-09,PUT,78500,13525,,,,,,,,,,,,,
2026/09/10 22:15,2026-09-10T22:30:42+09:00,2026/09/11,2026/10/08,2026-09,CALL,78000,15,755,6,28.27,27.97,11,16,10,7,27.43,0,0,12,09/10 20:29
2026/09/10 22:15,2026-09-10T22:30:42+09:00,2026/09/11,2026/10/08,2026-09,PUT,78000,13030,,,,,,,,,,,,,
2026/09/10 22:15,2026-09-10T22:30:42+09:00,2026/09/11,2026/10/08,2026-09,CALL,77500,18,111,2,28.01,27.48,13,1,11,8,27.68,3,25,15,09/10 21:14
2026/09/10 22:15,2026-09-10T22:30:42+09:00,2026/09/11,2026/10/08,2026-09,PUT,77500,12535,,,,,,,,,,,,,
2026/09/10 22:15,2026-09-10T22:30:42+09:00,2026/09/11,2026/10/08,2026-09,CALL,77000,18,1264,104,27.89,27.2,16,12,13,12,27.48,-4,-22.22,14,09/10 22:12
2026/09/10 22:15,2026-09-10T22:30:42+09:00,2026/09/11,2026/10/08,2026-09,PUT,77000,12035,,,,,,,,,,,,,
2026/09/10 22:15,2026-09-10T22:30:42+09:00,2026/09/11,2026/10/08,2026-09,CALL,76500,25,14,6,27.64,26.61,19,1,14,20,27.03,-2,-10.53,17,09/10 21:34
2026/09/10 22:15,2026-09-10T22:30:42+09:00,2026/09/11,2026/10/08,2026-09,PUT,76500,11540,,,,,,,,,,,,,
2026/09/10 22:15,2026-09-10T22:30:42+09:00,2026/09/11,2026/10/08,2026-09,CALL,76250,26,9,1,27.89,26.19,23,29,14,28,27.82,,,23,09/10 22:07
2026/09/10 22:15,2026-09-10T22:30:42+09:00,2026/09/11,2026/10/08,2026-09,PUT,76250,11295,,,,,,,,,,,,,
2026/09/10 22:15,2026-09-10T22:30:42+09:00,2026/09/11,2026/10/08,2026-09,CALL,76000,28,1087,10,27.29,26.77,22,2,19,3,26.81,-4,-16,21,09/10 21:49
2026/09/10 22:15,2026-09-10T22:30:42+09:00,2026/09/11,2026/10/08,2026-09,PUT,76000,11045,,,,,,,,,,,,,
2026/09/10 22:15,2026-09-10T22:30:42+09:00,2026/09/11,2026/10/08,2026-09,CALL,75750,31,5,,28.14,26.15,31,28,18,28,,,,,
2026/09/10 22:15,2026-09-10T22:30:42+09:00,2026/09/11,2026/10/08,2026-09,PUT,75750,10800,,,,,,,,,,,,,
2026/09/10 22:15,2026-09-10T22:30:42+09:00,2026/09/11,2026/10/08,2026-09,CALL,75500,34,12,3,26.86,26.71,25,1,24,1,26.55,-7,-21.88,25,09/10 21:36
2026/09/10 22:15,2026-09-10T22:30:42+09:00,2026/09/11,2026/10/08,2026-09,PUT,75500,10555,,,,,,,,,,,,,
2026/09/10 22:15,2026-09-10T22:30:42+09:00,2026/09/11,2026/10/08,2026-09,CALL,75250,37,2,,30.99,26.26,71,28,24,5,,,,,
2026/09/10 22:15,2026-09-10T22:30:42+09:00,2026/09/11,2026/10/08,2026-09,PUT,75250,10310,,,,,,,,,,,,,
2026/09/10 22:15,2026-09-10T22:30:42+09:00,2026/09/11,2026/10/08,2026-09,CALL,75000,39,2334,27,26.75,26.36,31,1,28,1,26.55,-9,-23.08,30,09/10 21:57
2026/09/10 22:15,2026-09-10T22:30:42+09:00,2026/09/11,2026/10/08,2026-09,PUT,75000,10065,,,,,,,,,,,,,
2026/09/10 22:15,2026-09-10T22:30:42+09:00,2026/09/11,2026/10/08,2026-09,CALL,74750,45,2,5,26.75,26.4,35,5,32,1,26.33,-23,-41.82,32,09/10 21:57
2026/09/10 22:15,2026-09-10T22:30:42+09:00,2026/09/11,2026/10/08,2026-09,PUT,74750,9820,,,,,,,,,,,,,
2026/09/10 22:15,2026-09-10T22:30:42+09:00,2026/09/11,2026/10/08,2026-09,CALL,74500,49,73,1,26.91,25.92,41,11,32,8,26.06,-15,-29.41,36,09/10 21:36
2026/09/10 22:15,2026-09-10T22:30:42+09:00,2026/09/11,2026/10/08,2026-09,PUT,74500,9575,,,,,,,,,,,,,
2026/09/10 22:15,2026-09-10T22:30:42+09:00,2026/09/11,2026/10/08,2026-09,CALL,74250,56,10,5,26.52,25.79,42,5,35,5,26.19,-19,-31.67,41,09/10 22:04
2026/09/10 22:15,2026-09-10T22:30:42+09:00,2026/09/11,2026/10/08,2026-09,PUT,74250,9330,,,,,,,,,,,,,
2026/09/10 22:15,2026-09-10T22:30:42+09:00,2026/09/11,2026/10/08,2026-09,CALL,74000,61,545,14,26.4,25.82,46,1,40,2,25.98,-14,-25.45,41,09/10 22:13
2026/09/10 22:15,2026-09-10T22:30:42+09:00,2026/09/11,2026/10/08,2026-09,PUT,74000,9090,,,40.35,,10485,3,9340,18,,,,,
2026/09/10 22:15,2026-09-10T22:30:42+09:00,2026/09/11,2026/10/08,2026-09,CALL,73750,68,3,,26.25,25.8,50,5,45,2,,,,,
2026/09/10 22:15,2026-09-10T22:30:42+09:00,2026/09/11,2026/10/08,2026-09,PUT,73750,8845,,,31.73,,10015,1,9095,7,,,,,
2026/09/10 22:15,2026-09-10T22:30:42+09:00,2026/09/11,2026/10/08,2026-09,CALL,73500,74,28,6,26.22,25.65,56,8,49,8,25.94,-8,-12.31,57,09/10 21:49
2026/09/10 22:15,2026-09-10T22:30:42+09:00,2026/09/11,2026/10/08,2026-09,PUT,73500,8605,,,30.43,,9750,10,8855,12,,,,,
2026/09/10 22:15,2026-09-10T22:30:42+09:00,2026/09/11,2026/10/08,2026-09,CALL,73250,84,3,1,26.08,25.62,61,5,55,2,25.57,,,65,09/10 21:25
2026/09/10 22:15,2026-09-10T22:30:42+09:00,2026/09/11,2026/10/08,2026-09,PUT,73250,8365,,,31.02,,9525,7,8615,7,,,,,
2026/09/10 22:15,2026-09-10T22:30:42+09:00,2026/09/11,2026/10/08,2026-09,CALL,73000,90,1535,19,26.11,25.62,69,12,62,2,25.81,-21,-24.71,64,09/10 22:14
2026/09/10 22:15,2026-09-10T22:30:42+09:00,2026/09/11,2026/10/08,2026-09,PUT,73000,8125,10,,33.01,,9340,3,8375,18,,,,,
2026/09/10 22:15,2026-09-10T22:30:42+09:00,2026/09/11,2026/10/08,2026-09,CALL,72750,102,14,,26.02,25.56,76,5,69,2,,,,,
2026/09/10 22:15,2026-09-10T22:30:42+09:00,2026/09/11,2026/10/08,2026-09,PUT,72750,7885,,,35.2,,9175,1,8135,7,,,,,
2026/09/10 22:15,2026-09-10T22:30:42+09:00,2026/09/11,2026/10/08,2026-09,CALL,72500,109,611,7,26.01,25.53,85,8,77,2,25.13,-11,-10.09,98,09/10 20:08
2026/09/10 22:15,2026-09-10T22:30:42+09:00,2026/09/11,2026/10/08,2026-09,PUT,72500,7655,1,,33.27,,8885,2,7905,12,,,,,
2026/09/10 22:15,2026-09-10T22:30:42+09:00,2026/09/11,2026/10/08,2026-09,CALL,72250,125,87,,25.94,25.5,94,5,86,2,,,,,
2026/09/10 22:15,2026-09-10T22:30:42+09:00,2026/09/11,2026/10/08,2026-09,PUT,72250,7415,,,29.01,,8535,1,7665,7,,,,,
2026/09/10 22:15,2026-09-10T22:30:42+09:00,2026/09/11,2026/10/08,2026-09,CALL,72125,135,,,25.86,25.43,98,4,90,13,,,,,
2026/09/10 22:15,2026-09-10T22:30:42+09:00,2026/09/11,2026/10/08,2026-09,PUT,72125,7295,,,29.1,,8420,5,7545,6,,,,,
2026/09/10 22:15,2026-09-10T22:30:42+09:00,2026/09/11,2026/10/08,2026-09,CALL,72000,136,1998,28,25.83,25.52,103,12,97,1,25.78,-35,-25.74,101,09/10 22:14
2026/09/10 22:15,2026-09-10T22:30:42+09:00,2026/09/11,2026/10/08,2026-09,PUT,72000,7180,,,30.44,,8340,3,7430,18,,,,,
2026/09/10 22:15,2026-09-10T22:30:42+09:00,2026/09/11,2026/10/08,2026-09,CALL,71875,147,,,25.83,25.38,109,4,100,2,,,,,
2026/09/10 22:15,2026-09-10T22:30:42+09:00,2026/09/11,2026/10/08,2026-09,PUT,71875,7065,,,31.28,,8250,5,7315,6,,,,,
2026/09/10 22:15,2026-09-10T22:30:42+09:00,2026/09/11,2026/10/08,2026-09,CALL,71750,157,,,25.82,25.39,115,5,106,2,,,,,
2026/09/10 22:15,2026-09-10T22:30:42+09:00,2026/09/11,2026/10/08,2026-09,PUT,71750,6950,,,38.45,,8405,1,7200,7,,,,,
2026/09/10 22:15,2026-09-10T22:30:42+09:00,2026/09/11,2026/10/08,2026-09,CALL,71625,163,,,25.8,25.38,121,4,112,2,,,,,
2026/09/10 22:15,2026-09-10T22:30:42+09:00,2026/09/11,2026/10/08,2026-09,PUT,71625,6830,,,28.02,,7925,1,7080,6,,,,,
2026/09/10 22:15,2026-09-10T22:30:42+09:00,2026/09/11,2026/10/08,2026-09,CALL,71500,171,270,1,25.76,25.36,127,6,118,2,25.15,-3,-1.84,160,09/10 18:37
2026/09/10 22:15,2026-09-10T22:30:42+09:00,2026/09/11,2026/10/08,2026-09,PUT,71500,6720,,,36.38,,8100,2,6970,12,,,,,
2026/09/10 22:15,2026-09-10T22:30:42+09:00,2026/09/11,2026/10/08,2026-09,CALL,71375,181,1,,25.75,25.36,134,3,125,2,,,,,
2026/09/10 22:15,2026-09-10T22:30:42+09:00,2026/09/11,2026/10/08,2026-09,PUT,71375,6605,,,35.03,,7935,1,6855,6,,,,,
2026/09/10 22:15,2026-09-10T22:30:42+09:00,2026/09/11,2026/10/08,2026-09,CALL,71250,191,128,1,25.73,25.36,141,3,132,7,25.51,-22,-13.33,143,09/10 21:34
2026/09/10 22:15,2026-09-10T22:30:42+09:00,2026/09/11,2026/10/08,2026-09,PUT,71250,6490,,,28.95,,7605,1,6740,7,,,,,
2026/09/10 22:15,2026-09-10T22:30:42+09:00,2026/09/11,2026/10/08,2026-09,CALL,71125,202,,,25.7,25.33,148,3,139,9,,,,,
2026/09/10 22:15,2026-09-10T22:30:42+09:00,2026/09/11,2026/10/08,2026-09,PUT,71125,6375,,,31.42,,7575,1,6625,6,,,,,
2026/09/10 22:15,2026-09-10T22:30:42+09:00,2026/09/11,2026/10/08,2026-09,CALL,71000,210,1153,18,25.61,25.46,154,1,150,1,25.58,-55,-26.19,155,09/10 22:00
2026/09/10 22:15,2026-09-10T22:30:42+09:00,2026/09/11,2026/10/08,2026-09,PUT,71000,6265,,,29.5,,7395,3,6515,18,,,,,
2026/09/10 22:15,2026-09-10T22:30:42+09:00,2026/09/11,2026/10/08,2026-09,CALL,70875,224,1,,25.67,25.33,164,3,155,2,,,,,
2026/09/10 22:15,2026-09-10T22:30:42+09:00,2026/09/11,2026/10/08,2026-09,PUT,70875,6150,,,33.52,,7435,1,6400,6,,,,,
2026/09/10 22:15,2026-09-10T22:30:42+09:00,2026/09/11,2026/10/08,2026-09,CALL,70750,237,9,,25.63,25.3,172,3,163,9,,,,,
2026/09/10 22:15,2026-09-10T22:30:42+09:00,2026/09/11,2026/10/08,2026-09,PUT,70750,6040,,,27.73,,7110,1,6290,7,,,,,
2026/09/10 22:15,2026-09-10T22:30:42+09:00,2026/09/11,2026/10/08,2026-09,CALL,70625,250,,,25.69,25.3,183,3,172,8,,,,,
2026/09/10 22:15,2026-09-10T22:30:42+09:00,2026/09/11,2026/10/08,2026-09,PUT,70625,5925,,,27.69,,6995,1,6175,6,,,,,
2026/09/10 22:15,2026-09-10T22:30:42+09:00,2026/09/11,2026/10/08,2026-09,CALL,70500,259,414,8,25.66,25.32,192,6,182,1,25.52,-51,-20.82,194,09/10 21:48
2026/09/10 22:15,2026-09-10T22:30:42+09:00,2026/09/11,2026/10/08,2026-09,PUT,70500,5820,,,32.96,,7085,2,6070,12,,,,,
2026/09/10 22:15,2026-09-10T22:30:42+09:00,2026/09/11,2026/10/08,2026-09,CALL,70375,280,124,1,25.65,25.32,202,3,192,3,24.99,,,253,09/10 18:44
2026/09/10 22:15,2026-09-10T22:30:42+09:00,2026/09/11,2026/10/08,2026-09,PUT,70375,5705,,,31.26,,6905,5,5955,6,,,,,
2026/09/10 22:15,2026-09-10T22:30:42+09:00,2026/09/11,2026/10/08,2026-09,CALL,70250,293,14,,25.75,25.3,216,3,202,3,,,,,
2026/09/10 22:15,2026-09-10T22:30:42+09:00,2026/09/11,2026/10/08,2026-09,PUT,70250,5600,,,31.24,,6795,1,5850,7,,,,,
2026/09/10 22:15,2026-09-10T22:30:42+09:00,2026/09/11,2026/10/08,2026-09,CALL,70125,330,,,25.77,25.28,228,8,212,2,,,,,
2026/09/10 22:15,2026-09-10T22:30:42+09:00,2026/09/11,2026/10/08,2026-09,PUT,70125,5495,,,29.51,,6615,5,5745,6,,,,,
2026/09/10 22:15,2026-09-10T22:30:42+09:00,2026/09/11,2026/10/08,2026-09,CALL,70000,320,1840,23,25.65,25.32,236,7,225,9,25.72,-64,-21.33,236,09/10 22:12
2026/09/10 22:15,2026-09-10T22:30:42+09:00,2026/09/11,2026/10/08,2026-09,PUT,70000,5385,105,,32.17,,6620,3,5635,18,,,,,
2026/09/10 22:15,2026-09-10T22:30:42+09:00,2026/09/11,2026/10/08,2026-09,CALL,69875,345,107,1,25.65,25.3,248,3,236,3,25.47,,,250,09/10 21:39
2026/09/10 22:15,2026-09-10T22:30:42+09:00,2026/09/11,2026/10/08,2026-09,PUT,69875,5275,,,31.32,,6475,1,5525,6,,,,,
2026/09/10 22:15,2026-09-10T22:30:42+09:00,2026/09/11,2026/10/08,2026-09,CALL,69750,360,81,2,25.65,25.31,261,3,249,3,25.53,-55,-17.19,265,09/10 22:05
2026/09/10 22:15,2026-09-10T22:30:42+09:00,2026/09/11,2026/10/08,2026-09,PUT,69750,5170,,,34.09,,6500,1,5420,7,,,,,
2026/09/10 22:15,2026-09-10T22:30:42+09:00,2026/09/11,2026/10/08,2026-09,CALL,69625,400,95,,25.77,25.06,279,8,253,3,,,,,
2026/09/10 22:15,2026-09-10T22:30:42+09:00,2026/09/11,2026/10/08,2026-09,PUT,69625,5065,,,27.97,,6115,1,5315,6,,,,,
2026/09/10 22:15,2026-09-10T22:30:42+09:00,2026/09/11,2026/10/08,2026-09,CALL,69500,395,338,5,25.67,25.35,289,6,277,2,25.46,-85,-22.97,285,09/10 21:57
2026/09/10 22:15,2026-09-10T22:30:42+09:00,2026/09/11,2026/10/08,2026-09,PUT,69500,4965,,,30.75,,6130,2,5215,12,,,,,
2026/09/10 22:15,2026-09-10T22:30:42+09:00,2026/09/11,2026/10/08,2026-09,CALL,69375,435,,,26.46,25.31,335,13,290,2,,,,,
2026/09/10 22:15,2026-09-10T22:30:42+09:00,2026/09/11,2026/10/08,2026-09,PUT,69375,4860,,,30.97,,6035,1,5110,6,,,,,
2026/09/10 22:15,2026-09-10T22:30:42+09:00,2026/09/11,2026/10/08,2026-09,CALL,69250,440,7,,25.57,25.32,315,4,305,4,,,,,
2026/09/10 22:15,2026-09-10T22:30:42+09:00,2026/09/11,2026/10/08,2026-09,PUT,69250,4755,,,27.26,,5760,1,5005,7,,,,,
2026/09/10 22:15,2026-09-10T22:30:42+09:00,2026/09/11,2026/10/08,2026-09,CALL,69125,480,,,25.67,25.3,335,2,320,2,,,,,
2026/09/10 22:15,2026-09-10T22:30:42+09:00,2026/09/11,2026/10/08,2026-09,PUT,69125,4655,,,26.74,,5630,5,4905,6,,,,,
2026/09/10 22:15,2026-09-10T22:30:42+09:00,2026/09/11,2026/10/08,2026-09,CALL,69000,485,2951,21,25.64,25.4,350,4,340,10,25.53,-110,-23.91,350,09/10 21:57
2026/09/10 22:15,2026-09-10T22:30:42+09:00,2026/09/11,2026/10/08,2026-09,PUT,69000,4560,210,,26.91,,5530,15,4810,22,,,,,
2026/09/10 22:15,2026-09-10T22:30:42+09:00,2026/09/11,2026/10/08,2026-09,CALL,68875,540,85,,25.7,25.35,370,2,355,2,,,,,
2026/09/10 22:15,2026-09-10T22:30:42+09:00,2026/09/11,2026/10/08,2026-09,PUT,68875,4455,,,27.7,,5460,3,4705,8,,,,,
2026/09/10 22:15,2026-09-10T22:30:42+09:00,2026/09/11,2026/10/08,2026-09,CALL,68750,535,115,,25.75,25.41,390,4,375,4,,,,,
2026/09/10 22:15,2026-09-10T22:30:42+09:00,2026/09/11,2026/10/08,2026-09,PUT,68750,4365,,,26.85,,5315,6,4615,8,,,,,
2026/09/10 22:15,2026-09-10T22:30:42+09:00,2026/09/11,2026/10/08,2026-09,CALL,68625,595,,,25.78,25.33,410,2,390,2,,,,,
2026/09/10 22:15,2026-09-10T22:30:42+09:00,2026/09/11,2026/10/08,2026-09,PUT,68625,4260,,,26.74,,5205,5,4510,8,,,,,
2026/09/10 22:15,2026-09-10T22:30:42+09:00,2026/09/11,2026/10/08,2026-09,CALL,68500,590,1157,7,25.79,25.46,430,4,415,8,25.37,-95,-16.67,475,09/10 21:12
2026/09/10 22:15,2026-09-10T22:30:42+09:00,2026/09/11,2026/10/08,2026-09,PUT,68500,4170,3,,29.42,,5235,1,4420,13,,,,,
2026/09/10 22:15,2026-09-10T22:30:42+09:00,2026/09/11,2026/10/08,2026-09,CALL,68375,660,,,25.89,25.36,455,2,430,2,,,,,
2026/09/10 22:15,2026-09-10T22:30:42+09:00,2026/09/11,2026/10/08,2026-09,PUT,68375,4075,,,30.47,,5190,3,4325,8,,,,,
2026/09/10 22:15,2026-09-10T22:30:42+09:00,2026/09/11,2026/10/08,2026-09,CALL,68250,660,92,,25.86,25.45,475,4,455,4,,,,,
2026/09/10 22:15,2026-09-10T22:30:42+09:00,2026/09/11,2026/10/08,2026-09,PUT,68250,3980,,,28.32,,4975,7,4230,8,,,,,
2026/09/10 22:15,2026-09-10T22:30:42+09:00,2026/09/11,2026/10/08,2026-09,CALL,68125,705,8,,26.02,25.42,505,2,475,2,,,,,
2026/09/10 22:15,2026-09-10T22:30:42+09:00,2026/09/11,2026/10/08,2026-09,PUT,68125,3880,,,28.24,,4870,3,4130,8,,,,,
2026/09/10 22:15,2026-09-10T22:30:42+09:00,2026/09/11,2026/10/08,2026-09,CALL,68000,720,1306,9,25.87,25.57,520,4,505,4,25.75,-175,-25.18,520,09/10 21:57
2026/09/10 22:15,2026-09-10T22:30:42+09:00,2026/09/11,2026/10/08,2026-09,PUT,68000,3800,542,,26.74,,4690,15,4050,22,,,,,
2026/09/10 22:15,2026-09-10T22:30:42+09:00,2026/09/11,2026/10/08,2026-09,CALL,67875,755,,,25.99,25.51,550,2,525,2,,,,,
2026/09/10 22:15,2026-09-10T22:30:42+09:00,2026/09/11,2026/10/08,2026-09,PUT,67875,3710,,,32.15,,4895,7,3960,8,,,,,
2026/09/10 22:15,2026-09-10T22:30:42+09:00,2026/09/11,2026/10/08,2026-09,CALL,67750,790,1013,2,26,25.72,575,4,560,4,25.98,-80,-11.76,600,09/10 21:51
2026/09/10 22:15,2026-09-10T22:30:42+09:00,2026/09/11,2026/10/08,2026-09,PUT,67750,3620,9,,27.47,,4530,2,3870,8,,,,,
2026/09/10 22:15,2026-09-10T22:30:42+09:00,2026/09/11,2026/10/08,2026-09,CALL,67625,825,85,,26.26,25.62,615,2,580,2,,,,,
2026/09/10 22:15,2026-09-10T22:30:42+09:00,2026/09/11,2026/10/08,2026-09,PUT,67625,3530,6,,30.55,11.27,4610,3,3780,8,,,,,
2026/09/10 22:15,2026-09-10T22:30:42+09:00,2026/09/11,2026/10/08,2026-09,CALL,67500,865,274,,26.05,25.69,630,5,610,4,,,,,
2026/09/10 22:15,2026-09-10T22:30:42+09:00,2026/09/11,2026/10/08,2026-09,PUT,67500,3450,32,,29.53,13.23,4455,3,3700,13,,,,,
2026/09/10 22:15,2026-09-10T22:30:42+09:00,2026/09/11,2026/10/08,2026-09,CALL,67375,910,74,,26.19,25.48,665,2,625,2,,,,,
2026/09/10 22:15,2026-09-10T22:30:42+09:00,2026/09/11,2026/10/08,2026-09,PUT,67375,3355,,,27.92,13.99,4265,7,3605,8,,,,,
2026/09/10 22:15,2026-09-10T22:30:42+09:00,2026/09/11,2026/10/08,2026-09,CALL,67250,945,,,26.22,25.78,695,4,670,5,,,,,
2026/09/10 22:15,2026-09-10T22:30:42+09:00,2026/09/11,2026/10/08,2026-09,PUT,67250,3285,,,27.42,15.29,4140,2,3535,8,,,,,
2026/09/10 22:15,2026-09-10T22:30:42+09:00,2026/09/11,2026/10/08,2026-09,CALL,67125,985,,,26.48,25.8,740,2,700,2,,,,,
2026/09/10 22:15,2026-09-10T22:30:42+09:00,2026/09/11,2026/10/08,2026-09,PUT,67125,3190,,,27.66,15.69,4060,3,3440,8,,,,,
2026/09/10 22:15,2026-09-10T22:30:42+09:00,2026/09/11,2026/10/08,2026-09,CALL,67000,1030,1339,,26.39,25.88,765,4,735,4,,,,,
2026/09/10 22:15,2026-09-10T22:30:42+09:00,2026/09/11,2026/10/08,2026-09,PUT,67000,3125,511,,27.47,16.83,3955,4,3380,4,,,,,
2026/09/10 22:15,2026-09-10T22:30:42+09:00,2026/09/11,2026/10/08,2026-09,CALL,66875,1095,,,26.53,25.86,805,2,765,2,,,,,
2026/09/10 22:15,2026-09-10T22:30:42+09:00,2026/09/11,2026/10/08,2026-09,PUT,66875,3020,,,27.34,16.73,3855,1,3270,8,,,,,
2026/09/10 22:15,2026-09-10T22:30:42+09:00,2026/09/11,2026/10/08,2026-09,CALL,66750,1135,123,,26.48,25.99,835,4,805,4,,,,,
2026/09/10 22:15,2026-09-10T22:30:42+09:00,2026/09/11,2026/10/08,2026-09,PUT,66750,2950,,,26.89,17.45,3735,1,3200,8,,,,,
2026/09/10 22:15,2026-09-10T22:30:42+09:00,2026/09/11,2026/10/08,2026-09,CALL,66625,1185,,,26.58,26.02,875,2,840,2,,,,,
2026/09/10 22:15,2026-09-10T22:30:42+09:00,2026/09/11,2026/10/08,2026-09,PUT,66625,2865,,,28.25,17.78,3730,7,3115,8,,,,,
2026/09/10 22:15,2026-09-10T22:30:42+09:00,2026/09/11,2026/10/08,2026-09,CALL,66500,1220,23,1,26.67,26.11,915,4,880,4,26.2,5,0.45,1120,09/10 19:07
2026/09/10 22:15,2026-09-10T22:30:42+09:00,2026/09/11,2026/10/08,2026-09,PUT,66500,2810,94,,28.54,22.37,3660,5,3275,5,,,,,
2026/09/10 22:15,2026-09-10T22:30:42+09:00,2026/09/11,2026/10/08,2026-09,CALL,66375,1285,1,,26.73,26.1,955,2,915,2,,,,,
2026/09/10 22:15,2026-09-10T22:30:42+09:00,2026/09/11,2026/10/08,2026-09,PUT,66375,2720,1,,30.18,18.76,3680,8,2970,8,,,,,
2026/09/10 22:15,2026-09-10T22:30:42+09:00,2026/09/11,2026/10/08,2026-09,CALL,66250,1335,4,,26.77,26.08,995,4,950,4,,,,,
2026/09/10 22:15,2026-09-10T22:30:42+09:00,2026/09/11,2026/10/08,2026-09,PUT,66250,2655,1,,28.68,19.29,3495,2,2905,8,,,,,
2026/09/10 22:15,2026-09-10T22:30:42+09:00,2026/09/11,2026/10/08,2026-09,CALL,66125,1400,1,,26.88,26.19,1040,2,995,2,,,,,
2026/09/10 22:15,2026-09-10T22:30:42+09:00,2026/09/11,2026/10/08,2026-09,PUT,66125,2575,,,28.39,19.53,3390,7,2825,8,,,,,
2026/09/10 22:15,2026-09-10T22:30:42+09:00,2026/09/11,2026/10/08,2026-09,CALL,66000,1430,1223,3,26.74,26.36,1070,2,1045,2,26.43,-140,-10,1260,09/10 20:18
2026/09/10 22:15,2026-09-10T22:30:42+09:00,2026/09/11,2026/10/08,2026-09,PUT,66000,2520,1192,2,27.94,25.91,3275,7,3140,4,26.79,115,4.42,2715,09/10 19:23
2026/09/10 22:15,2026-09-10T22:30:42+09:00,2026/09/11,2026/10/08,2026-09,CALL,65875,1520,2,,27.11,26.13,1135,2,1070,2,,,,,
2026/09/10 22:15,2026-09-10T22:30:42+09:00,2026/09/11,2026/10/08,2026-09,PUT,65875,2440,,,27.33,20.3,3150,1,2690,6,,,,,
2026/09/10 22:15,2026-09-10T22:30:42+09:00,2026/09/11,2026/10/08,2026-09,CALL,65750,1565,56,,27.01,26.34,1170,2,1125,2,,,,,
2026/09/10 22:15,2026-09-10T22:30:42+09:00,2026/09/11,2026/10/08,2026-09,PUT,65750,2375,116,,27.67,20.67,3090,7,2625,7,,,,,
2026/09/10 22:15,2026-09-10T22:30:42+09:00,2026/09/11,2026/10/08,2026-09,CALL,65625,1625,,,27.18,26.38,1225,2,1170,2,,,,,
2026/09/10 22:15,2026-09-10T22:30:42+09:00,2026/09/11,2026/10/08,2026-09,PUT,65625,2310,,,28.21,21,3045,1,2560,6,,,,,
2026/09/10 22:15,2026-09-10T22:30:42+09:00,2026/09/11,2026/10/08,2026-09,CALL,65500,1665,132,,27.13,26.62,1265,2,1230,2,,,,,
2026/09/10 22:15,2026-09-10T22:30:42+09:00,2026/09/11,2026/10/08,2026-09,PUT,65500,2255,144,,27.49,26.11,2915,2,2820,4,,,,,
2026/09/10 22:15,2026-09-10T22:30:42+09:00,2026/09/11,2026/10/08,2026-09,CALL,65375,1750,,,27.34,26.33,1325,2,1255,2,,,,,
2026/09/10 22:15,2026-09-10T22:30:42+09:00,2026/09/11,2026/10/08,2026-09,PUT,65375,2180,231,,27.92,21.58,2865,1,2430,6,,,,,
2026/09/10 22:15,2026-09-10T22:30:42+09:00,2026/09/11,2026/10/08,2026-09,CALL,65250,1815,1,,27.46,26.6,1380,2,1320,3,,,,,
2026/09/10 22:15,2026-09-10T22:30:42+09:00,2026/09/11,2026/10/08,2026-09,PUT,65250,2115,2,,28.61,22.77,2835,1,2430,6,,,,,
2026/09/10 22:15,2026-09-10T22:30:42+09:00,2026/09/11,2026/10/08,2026-09,CALL,65125,1875,,,27.71,26.57,1445,2,1365,2,,,,,
2026/09/10 22:15,2026-09-10T22:30:42+09:00,2026/09/11,2026/10/08,2026-09,PUT,65125,2055,,,28.35,22.11,2740,1,2305,6,,,,,
2026/09/10 22:15,2026-09-10T22:30:42+09:00,2026/09/11,2026/10/08,2026-09,CALL,65000,1925,423,4,27.51,27.01,1480,33,1445,33,27.29,-280,-15.69,1505,09/10 22:04
2026/09/10 22:15,2026-09-10T22:30:42+09:00,2026/09/11,2026/10/08,2026-09,PUT,65000,1985,1916,5,28.29,26.3,2660,4,2520,4,28.8,190,9.57,2175,09/10 17:00
2026/09/10 22:15,2026-09-10T22:30:42+09:00,2026/09/11,2026/10/08,2026-09,CALL,64875,2015,,,27.93,26.52,1560,2,1460,2,,,,,
2026/09/10 22:15,2026-09-10T22:30:42+09:00,2026/09/11,2026/10/08,2026-09,PUT,64875,1940,,,28.43,21.98,2595,5,2140,7,,,,,
2026/09/10 22:15,2026-09-10T22:30:42+09:00,2026/09/11,2026/10/08,2026-09,CALL,64750,2105,1,,27.7,27,1595,2,1545,2,,,,,
2026/09/10 22:15,2026-09-10T22:30:42+09:00,2026/09/11,2026/10/08,2026-09,PUT,64750,1880,3,,30.44,22.2,2665,6,2080,8,,,,,
2026/09/10 22:15,2026-09-10T22:30:42+09:00,2026/09/11,2026/10/08,2026-09,CALL,64625,2195,,,28.16,26.68,1680,2,1575,3,,,,,
2026/09/10 22:15,2026-09-10T22:30:42+09:00,2026/09/11,2026/10/08,2026-09,PUT,64625,1840,,,29,22.68,2490,1,2040,7,,,,,
2026/09/10 22:15,2026-09-10T22:30:42+09:00,2026/09/11,2026/10/08,2026-09,CALL,64500,2250,25,,27.89,27.19,1715,2,1665,2,,,,,
2026/09/10 22:15,2026-09-10T22:30:42+09:00,2026/09/11,2026/10/08,2026-09,PUT,64500,1770,492,,28.17,27.26,2360,4,2295,4,,,,,
2026/09/10 22:15,2026-09-10T22:30:42+09:00,2026/09/11,2026/10/08,2026-09,CALL,64375,2340,,,28.1,26.78,1785,2,1690,3,,,,,
2026/09/10 22:15,2026-09-10T22:30:42+09:00,2026/09/11,2026/10/08,2026-09,PUT,64375,1735,,,28.59,27.06,2320,2,2210,2,,,,,
2026/09/10 22:15,2026-09-10T22:30:42+09:00,2026/09/11,2026/10/08,2026-09,CALL,64250,2380,,,28.02,27.25,1835,4,1780,4,,,,,
2026/09/10 22:15,2026-09-10T22:30:42+09:00,2026/09/11,2026/10/08,2026-09,PUT,64250,1685,105,,28.08,27.67,2215,2,2185,10,,,,,
2026/09/10 22:15,2026-09-10T22:30:42+09:00,2026/09/11,2026/10/08,2026-09,CALL,64125,2490,,,32.86,26.52,2240,7,1785,1,,,,,
2026/09/10 22:15,2026-09-10T22:30:42+09:00,2026/09/11,2026/10/08,2026-09,PUT,64125,1635,1030,,28.26,27.56,2160,2,2110,2,,,,,
2026/09/10 22:15,2026-09-10T22:30:42+09:00,2026/09/11,2026/10/08,2026-09,CALL,64000,2505,252,6,28.42,27.37,1980,21,1905,21,28,-440,-18.33,1960,09/10 22:11
2026/09/10 22:15,2026-09-10T22:30:42+09:00,2026/09/11,2026/10/08,2026-09,PUT,64000,1575,1726,11,28.42,27.86,2105,2,2065,2,27.51,230,14.11,1860,09/10 20:59
2026/09/10 22:15,2026-09-10T22:30:42+09:00,2026/09/11,2026/10/08,2026-09,CALL,63875,2645,50,,33.37,26.12,2395,7,1875,1,,,,,
2026/09/10 22:15,2026-09-10T22:30:42+09:00,2026/09/11,2026/10/08,2026-09,PUT,63875,1535,483,,28.7,27.72,2060,2,1990,2,,,,,
2026/09/10 22:15,2026-09-10T22:30:42+09:00,2026/09/11,2026/10/08,2026-09,CALL,63750,2690,,,33.15,27.15,2440,7,2010,1,,,,,
2026/09/10 22:15,2026-09-10T22:30:42+09:00,2026/09/11,2026/10/08,2026-09,PUT,63750,1480,131,,28.68,27.91,1995,2,1940,2,,,,,
2026/09/10 22:15,2026-09-10T22:30:42+09:00,2026/09/11,2026/10/08,2026-09,CALL,63625,2805,,,33.89,27.11,2555,6,2070,5,,,,,
2026/09/10 22:15,2026-09-10T22:30:42+09:00,2026/09/11,2026/10/08,2026-09,PUT,63625,1445,,,28.86,27.88,1945,3,1875,2,,,,,
2026/09/10 22:15,2026-09-10T22:30:42+09:00,2026/09/11,2026/10/08,2026-09,CALL,63500,2880,3,,28.88,27.69,2260,14,2175,14,,,,,
2026/09/10 22:15,2026-09-10T22:30:42+09:00,2026/09/11,2026/10/08,2026-09,PUT,63500,1390,216,1,28.88,28.25,1885,2,1840,2,28.31,70,4.71,1555,09/10 18:36
2026/09/10 22:15,2026-09-10T22:30:42+09:00,2026/09/11,2026/10/08,2026-09,CALL,63375,2965,,,34.37,26.92,2715,6,2185,1,,,,,
2026/09/10 22:15,2026-09-10T22:30:42+09:00,2026/09/11,2026/10/08,2026-09,PUT,63375,1370,232,,28.89,28.25,1825,2,1780,2,,,,,
2026/09/10 22:15,2026-09-10T22:30:42+09:00,2026/09/11,2026/10/08,2026-09,CALL,63250,3035,,,34.44,27.39,2785,7,2285,1,,,,,
2026/09/10 22:15,2026-09-10T22:30:42+09:00,2026/09/11,2026/10/08,2026-09,PUT,63250,1320,112,1,29.01,28.38,1775,2,1730,2,28.44,-270,-15.61,1460,09/10 18:37
2026/09/10 22:15,2026-09-10T22:30:42+09:00,2026/09/11,2026/10/08,2026-09,CALL,63125,3135,,,34.93,26.57,2885,6,2295,1,,,,,
2026/09/10 22:15,2026-09-10T22:30:42+09:00,2026/09/11,2026/10/08,2026-09,PUT,63125,1290,,1,29.2,28.49,1730,2,1680,2,28.3,,,1380,09/10 17:47
2026/09/10 22:15,2026-09-10T22:30:42+09:00,2026/09/11,2026/10/08,2026-09,CALL,63000,3215,5,,29.65,27.73,2580,4,2445,4,,,,,
2026/09/10 22:15,2026-09-10T22:30:42+09:00,2026/09/11,2026/10/08,2026-09,PUT,63000,1225,1268,3,29.08,28.8,1665,2,1645,2,28.82,365,28.29,1655,09/10 22:14
2026/09/10 22:15,2026-09-10T22:30:42+09:00,2026/09/11,2026/10/08,2026-09,CALL,62875,3305,,,35.44,27.58,3055,6,2505,5,,,,,
2026/09/10 22:15,2026-09-10T22:30:42+09:00,2026/09/11,2026/10/08,2026-09,PUT,62875,1205,86,,29.16,28.8,1615,2,1590,2,,,,,
2026/09/10 22:15,2026-09-10T22:30:42+09:00,2026/09/11,2026/10/08,2026-09,CALL,62750,3395,,,35.75,27.71,3145,7,2585,6,,,,,
2026/09/10 22:15,2026-09-10T22:30:42+09:00,2026/09/11,2026/10/08,2026-09,PUT,62750,1135,196,,29.37,28.79,1575,2,1535,2,,,,,
2026/09/10 22:15,2026-09-10T22:30:42+09:00,2026/09/11,2026/10/08,2026-09,CALL,62625,3490,,,36.12,27.09,3240,6,2615,1,,,,,
2026/09/10 22:15,2026-09-10T22:30:42+09:00,2026/09/11,2026/10/08,2026-09,PUT,62625,1140,130,,29.42,28.91,1525,3,1490,2,,,,,
2026/09/10 22:15,2026-09-10T22:30:42+09:00,2026/09/11,2026/10/08,2026-09,CALL,62500,3570,,,31.63,27.99,3000,5,2750,5,,,,,
2026/09/10 22:15,2026-09-10T22:30:42+09:00,2026/09/11,2026/10/08,2026-09,PUT,62500,1080,1613,,29.59,29.08,1485,4,1450,4,,,,,
2026/09/10 22:15,2026-09-10T22:30:42+09:00,2026/09/11,2026/10/08,2026-09,CALL,62375,3675,,,36.75,27.32,3425,8,2780,3,,,,,
2026/09/10 22:15,2026-09-10T22:30:42+09:00,2026/09/11,2026/10/08,2026-09,PUT,62375,1075,6,,29.83,29.02,1450,2,1395,2,,,,,
2026/09/10 22:15,2026-09-10T22:30:42+09:00,2026/09/11,2026/10/08,2026-09,CALL,62250,3755,,,36.87,27.75,3505,8,2885,7,,,,,
2026/09/10 22:15,2026-09-10T22:30:42+09:00,2026/09/11,2026/10/08,2026-09,PUT,62250,1015,63,,29.76,29.31,1395,4,1365,4,,,,,
2026/09/10 22:15,2026-09-10T22:30:42+09:00,2026/09/11,2026/10/08,2026-09,CALL,62125,3860,,,37.34,28.39,3610,8,3005,3,,,,,
2026/09/10 22:15,2026-09-10T22:30:42+09:00,2026/09/11,2026/10/08,2026-09,PUT,62125,1000,,,29.89,29.44,1355,3,1325,2,,,,,
2026/09/10 22:15,2026-09-10T22:30:42+09:00,2026/09/11,2026/10/08,2026-09,CALL,62000,3940,49,,33.07,28.65,3395,8,3100,7,,,,,
2026/09/10 22:15,2026-09-10T22:30:42+09:00,2026/09/11,2026/10/08,2026-09,PUT,62000,935,1344,15,29.93,29.48,1310,7,1280,4,29.56,105,11.23,1040,09/10 19:24
2026/09/10 22:15,2026-09-10T22:30:42+09:00,2026/09/11,2026/10/08,2026-09,CALL,61875,4030,,,37.67,27.12,3780,8,3080,3,,,,,
2026/09/10 22:15,2026-09-10T22:30:42+09:00,2026/09/11,2026/10/08,2026-09,PUT,61875,930,22,,30.26,29.57,1285,2,1240,2,,,,,
2026/09/10 22:15,2026-09-10T22:30:42+09:00,2026/09/11,2026/10/08,2026-09,CALL,61750,4130,,,38.04,29.12,3880,8,3290,6,,,,,
2026/09/10 22:15,2026-09-10T22:30:42+09:00,2026/09/11,2026/10/08,2026-09,PUT,61750,890,298,,30.19,29.73,1235,4,1205,4,,,,,
2026/09/10 22:15,2026-09-10T22:30:42+09:00,2026/09/11,2026/10/08,2026-09,CALL,61625,4225,,,38.33,29.18,3975,8,3375,7,,,,,
2026/09/10 22:15,2026-09-10T22:30:42+09:00,2026/09/11,2026/10/08,2026-09,PUT,61625,880,136,,30.26,29.72,1195,2,1160,2,,,,,
2026/09/10 22:15,2026-09-10T22:30:42+09:00,2026/09/11,2026/10/08,2026-09,CALL,61500,4320,,,38.61,27.47,4070,13,3350,3,,,,,
2026/09/10 22:15,2026-09-10T22:30:42+09:00,2026/09/11,2026/10/08,2026-09,PUT,61500,835,237,,30.4,30.01,1160,6,1135,6,,,,,
2026/09/10 22:15,2026-09-10T22:30:42+09:00,2026/09/11,2026/10/08,2026-09,CALL,61375,4425,,,39.03,26.98,4175,8,3405,3,,,,,
2026/09/10 22:15,2026-09-10T22:30:42+09:00,2026/09/11,2026/10/08,2026-09,PUT,61375,790,126,,30.68,30.12,1135,2,1100,2,,,,,
2026/09/10 22:15,2026-09-10T22:30:42+09:00,2026/09/11,2026/10/08,2026-09,CALL,61250,4520,,,39.29,28.36,4270,8,3575,2,,,,,
2026/09/10 22:15,2026-09-10T22:30:42+09:00,2026/09/11,2026/10/08,2026-09,PUT,61250,785,106,,30.7,30.3,1095,4,1070,4,,,,,
2026/09/10 22:15,2026-09-10T22:30:42+09:00,2026/09/11,2026/10/08,2026-09,CALL,61125,4625,,,39.69,28.5,4375,8,3670,3,,,,,
2026/09/10 22:15,2026-09-10T22:30:42+09:00,2026/09/11,2026/10/08,2026-09,PUT,61125,775,1210,,30.96,30.39,1070,2,1035,2,,,,,
2026/09/10 22:15,2026-09-10T22:30:42+09:00,2026/09/11,2026/10/08,2026-09,CALL,61000,4720,201,,39.93,27.36,4470,22,3690,7,,,,,
2026/09/10 22:15,2026-09-10T22:30:42+09:00,2026/09/11,2026/10/08,2026-09,PUT,61000,720,635,12,30.87,30.62,1025,7,1010,4,30.64,270,37.5,990,09/10 21:52
2026/09/10 22:15,2026-09-10T22:30:42+09:00,2026/09/11,2026/10/08,2026-09,CALL,60875,4820,,,40.24,29.68,4570,8,3915,7,,,,,
2026/09/10 22:15,2026-09-10T22:30:42+09:00,2026/09/11,2026/10/08,2026-09,PUT,60875,725,469,,31.18,30.52,1005,2,965,2,,,,,
2026/09/10 22:15,2026-09-10T22:30:42+09:00,2026/09/11,2026/10/08,2026-09,CALL,60750,4925,,,40.62,26.38,4675,8,3815,2,,,,,
2026/09/10 22:15,2026-09-10T22:30:42+09:00,2026/09/11,2026/10/08,2026-09,PUT,60750,685,183,,31.23,30.89,970,4,950,4,,,,,
2026/09/10 22:15,2026-09-10T22:30:42+09:00,2026/09/11,2026/10/08,2026-09,CALL,60625,5030,,,41,29.71,4780,8,4095,3,,,,,
2026/09/10 22:15,2026-09-10T22:30:42+09:00,2026/09/11,2026/10/08,2026-09,PUT,60625,685,155,,31.26,30.92,935,2,915,2,,,,,
2026/09/10 22:15,2026-09-10T22:30:42+09:00,2026/09/11,2026/10/08,2026-09,CALL,60500,5130,100,,41.29,29.62,4880,13,4180,1,,,,,
2026/09/10 22:15,2026-09-10T22:30:42+09:00,2026/09/11,2026/10/08,2026-09,PUT,60500,635,304,7,31.37,31.11,905,4,890,6,30.9,155,24.41,790,09/10 21:13
2026/09/10 22:15,2026-09-10T22:30:42+09:00,2026/09/11,2026/10/08,2026-09,CALL,60375,5235,,,41.64,30.22,4985,8,4305,3,,,,,
2026/09/10 22:15,2026-09-10T22:30:42+09:00,2026/09/11,2026/10/08,2026-09,PUT,60375,630,592,,31.54,31.19,880,2,860,2,,,,,
2026/09/10 22:15,2026-09-10T22:30:42+09:00,2026/09/11,2026/10/08,2026-09,CALL,60250,5340,,,42,26.03,5090,8,4175,2,,,,,
2026/09/10 22:15,2026-09-10T22:30:42+09:00,2026/09/11,2026/10/08,2026-09,PUT,60250,595,144,,31.62,31.35,850,4,835,4,,,,,
2026/09/10 22:15,2026-09-10T22:30:42+09:00,2026/09/11,2026/10/08,2026-09,CALL,60125,5445,,,42.34,27.66,5195,8,4355,3,,,,,
2026/09/10 22:15,2026-09-10T22:30:42+09:00,2026/09/11,2026/10/08,2026-09,PUT,60125,590,5,,31.86,31.41,830,2,805,2,,,,,
2026/09/10 22:15,2026-09-10T22:30:42+09:00,2026/09/11,2026/10/08,2026-09,CALL,60000,5550,1,,42.68,25.48,5300,22,4345,4,,,,,
2026/09/10 22:15,2026-09-10T22:30:42+09:00,2026/09/11,2026/10/08,2026-09,PUT,60000,560,10942,75,31.91,31.63,800,4,785,5,31.76,225,40.18,785,09/10 21:57
2026/09/10 22:15,2026-09-10T22:30:42+09:00,2026/09/11,2026/10/08,2026-09,CALL,59875,5665,,,43.18,29.17,5415,8,4625,3,,,,,
2026/09/10 22:15,2026-09-10T22:30:42+09:00,2026/09/11,2026/10/08,2026-09,PUT,59875,570,66,,32.22,31.66,785,2,755,2,,,,,
2026/09/10 22:15,2026-09-10T22:30:42+09:00,2026/09/11,2026/10/08,2026-09,CALL,59750,5765,,,43.42,25.56,5515,8,4550,7,,,,,
2026/09/10 22:15,2026-09-10T22:30:42+09:00,2026/09/11,2026/10/08,2026-09,PUT,59750,535,60,,32.33,31.86,760,4,735,4,,,,,
2026/09/10 22:15,2026-09-10T22:30:42+09:00,2026/09/11,2026/10/08,2026-09,CALL,59625,5870,,,43.74,28.76,5620,8,4800,8,,,,,
2026/09/10 22:15,2026-09-10T22:30:42+09:00,2026/09/11,2026/10/08,2026-09,PUT,59625,520,20,,32.34,32.05,730,2,715,2,,,,,
2026/09/10 22:15,2026-09-10T22:30:42+09:00,2026/09/11,2026/10/08,2026-09,CALL,59500,5985,,,44.14,29.09,5730,1,4915,3,,,,,
2026/09/10 22:15,2026-09-10T22:30:42+09:00,2026/09/11,2026/10/08,2026-09,PUT,59500,500,109,12,32.52,32.23,710,4,695,4,32.15,120,24,620,09/10 21:13
2026/09/10 22:15,2026-09-10T22:30:42+09:00,2026/09/11,2026/10/08,2026-09,CALL,59375,6090,,,44.53,31.19,5840,8,5115,7,,,,,
2026/09/10 22:15,2026-09-10T22:30:42+09:00,2026/09/11,2026/10/08,2026-09,PUT,59375,495,2,,32.69,32.2,690,12,665,2,,,,,
2026/09/10 22:15,2026-09-10T22:30:42+09:00,2026/09/11,2026/10/08,2026-09,CALL,59250,6200,,,44.92,31.11,5950,8,5210,7,,,,,
2026/09/10 22:15,2026-09-10T22:30:42+09:00,2026/09/11,2026/10/08,2026-09,PUT,59250,470,161,,32.86,32.45,670,4,650,4,,,,,
2026/09/10 22:15,2026-09-10T22:30:42+09:00,2026/09/11,2026/10/08,2026-09,CALL,59125,6315,,,45.38,30.59,6065,8,5285,3,,,,,
2026/09/10 22:15,2026-09-10T22:30:42+09:00,2026/09/11,2026/10/08,2026-09,PUT,59125,450,64,,32.9,32.49,645,2,625,2,,,,,
2026/09/10 22:15,2026-09-10T22:30:42+09:00,2026/09/11,2026/10/08,2026-09,CALL,59000,6425,,,45.67,31.45,6170,4,5425,4,,,,,
2026/09/10 22:15,2026-09-10T22:30:42+09:00,2026/09/11,2026/10/08,2026-09,PUT,59000,435,812,10,33.04,32.73,625,4,610,4,32.99,175,40.23,610,09/10 22:02
2026/09/10 22:15,2026-09-10T22:30:42+09:00,2026/09/11,2026/10/08,2026-09,CALL,58875,6535,,,46.13,31.32,6285,6,5520,1,,,,,
2026/09/10 22:15,2026-09-10T22:30:42+09:00,2026/09/11,2026/10/08,2026-09,PUT,58875,440,4,,33.27,32.95,610,2,595,2,,,,,
2026/09/10 22:15,2026-09-10T22:30:42+09:00,2026/09/11,2026/10/08,2026-09,CALL,58750,6645,,,46.5,25.77,6395,6,5400,1,,,,,
2026/09/10 22:15,2026-09-10T22:30:42+09:00,2026/09/11,2026/10/08,2026-09,PUT,58750,415,48,,33.38,33.06,590,4,575,4,,,,,
2026/09/10 22:15,2026-09-10T22:30:42+09:00,2026/09/11,2026/10/08,2026-09,CALL,58625,6760,,,46.95,31.22,6510,6,5720,5,,,,,
2026/09/10 22:15,2026-09-10T22:30:42+09:00,2026/09/11,2026/10/08,2026-09,PUT,58625,415,61,,33.49,33.15,570,2,555,2,,,,,
2026/09/10 22:15,2026-09-10T22:30:42+09:00,2026/09/11,2026/10/08,2026-09,CALL,58500,6870,,,47.31,30.9,6620,12,5810,10,,,,,
2026/09/10 22:15,2026-09-10T22:30:42+09:00,2026/09/11,2026/10/08,2026-09,PUT,58500,390,345,6,33.69,33.35,555,4,540,4,33.17,115,29.49,505,09/10 21:32
2026/09/10 22:15,2026-09-10T22:30:42+09:00,2026/09/11,2026/10/08,2026-09,CALL,58375,6985,,,47.75,32.01,6735,6,5960,5,,,,,
2026/09/10 22:15,2026-09-10T22:30:42+09:00,2026/09/11,2026/10/08,2026-09,PUT,58375,395,483,,33.88,33.53,540,2,525,4,,,,,
2026/09/10 22:15,2026-09-10T22:30:42+09:00,2026/09/11,2026/10/08,2026-09,CALL,58250,7095,,,48.1,32.03,6845,7,6065,1,,,,,
2026/09/10 22:15,2026-09-10T22:30:42+09:00,2026/09/11,2026/10/08,2026-09,PUT,58250,370,119,,33.94,33.71,520,4,510,4,,,,,
2026/09/10 22:15,2026-09-10T22:30:42+09:00,2026/09/11,2026/10/08,2026-09,CALL,58000,7325,,,48.97,31.76,7075,15,6265,12,,,,,
2026/09/10 22:15,2026-09-10T22:30:42+09:00,2026/09/11,2026/10/08,2026-09,PUT,58000,345,2460,10,34.27,34.03,490,4,480,5,33.94,130,37.68,475,09/10 22:01
2026/09/10 22:15,2026-09-10T22:30:42+09:00,2026/09/11,2026/10/08,2026-09,CALL,57750,7550,,,49.73,32.34,7300,7,6500,1,,,,,
2026/09/10 22:15,2026-09-10T22:30:42+09:00,2026/09/11,2026/10/08,2026-09,PUT,57750,330,76,,34.55,34.3,460,4,450,4,,,,,
2026/09/10 22:15,2026-09-10T22:30:42+09:00,2026/09/11,2026/10/08,2026-09,CALL,57500,7785,,,50.67,32.19,7535,12,6710,10,,,,,
2026/09/10 22:15,2026-09-10T22:30:42+09:00,2026/09/11,2026/10/08,2026-09,PUT,57500,310,346,,35.44,34.26,455,6,410,6,,,,,
2026/09/10 22:15,2026-09-10T22:30:42+09:00,2026/09/11,2026/10/08,2026-09,CALL,57250,8015,,,51.5,31.95,7765,7,6920,1,,,,,
2026/09/10 22:15,2026-09-10T22:30:42+09:00,2026/09/11,2026/10/08,2026-09,PUT,57250,294,115,,35.25,30.41,410,3,247,3,,,,,
2026/09/10 22:15,2026-09-10T22:30:42+09:00,2026/09/11,2026/10/08,2026-09,CALL,57000,8250,1,,52.41,26.04,8000,18,6990,3,,,,,
2026/09/10 22:15,2026-09-10T22:30:42+09:00,2026/09/11,2026/10/08,2026-09,PUT,57000,273,922,2,35.97,33.34,400,10,310,9,35.47,32,11.72,305,09/10 18:49
2026/09/10 22:15,2026-09-10T22:30:42+09:00,2026/09/11,2026/10/08,2026-09,CALL,56750,8485,,,53.31,22.41,8235,7,7170,1,,,,,
2026/09/10 22:15,2026-09-10T22:30:42+09:00,2026/09/11,2026/10/08,2026-09,PUT,56750,264,110,,37.37,31.14,415,13,217,3,,,,,
2026/09/10 22:15,2026-09-10T22:30:42+09:00,2026/09/11,2026/10/08,2026-09,CALL,56500,8720,,,54.21,33.39,8470,12,7630,12,,,,,
2026/09/10 22:15,2026-09-10T22:30:42+09:00,2026/09/11,2026/10/08,2026-09,PUT,56500,249,637,2,37.2,34.57,375,38,290,6,35.99,26,10.44,275,09/10 18:32
2026/09/10 22:15,2026-09-10T22:30:42+09:00,2026/09/11,2026/10/08,2026-09,CALL,56250,8960,,,55.2,28.43,8710,7,7740,1,,,,,
2026/09/10 22:15,2026-09-10T22:30:42+09:00,2026/09/11,2026/10/08,2026-09,PUT,56250,237,63,2,38.02,35.63,370,16,294,3,36.1,33,13.92,270,09/10 20:55
2026/09/10 22:15,2026-09-10T22:30:42+09:00,2026/09/11,2026/10/08,2026-09,CALL,56000,9195,,,56.08,,8945,18,7845,3,,,,,
2026/09/10 22:15,2026-09-10T22:30:42+09:00,2026/09/11,2026/10/08,2026-09,PUT,56000,222,1234,18,37.09,36.66,310,9,297,9,36.5,70,31.53,292,09/10 21:56
2026/09/10 22:15,2026-09-10T22:30:42+09:00,2026/09/11,2026/10/08,2026-09,CALL,55750,9435,,,57.05,29.75,9185,7,8235,6,,,,,
2026/09/10 22:15,2026-09-10T22:30:42+09:00,2026/09/11,2026/10/08,2026-09,PUT,55750,212,96,,37.45,36.96,293,2,279,3,,,,,
2026/09/10 22:15,2026-09-10T22:30:42+09:00,2026/09/11,2026/10/08,2026-09,CALL,55500,9670,,,57.91,33.1,9420,12,8535,2,,,,,
2026/09/10 22:15,2026-09-10T22:30:42+09:00,2026/09/11,2026/10/08,2026-09,PUT,55500,202,265,1,37.74,37.34,275,6,264,2,37.16,28,13.86,230,09/10 20:59
2026/09/10 22:15,2026-09-10T22:30:42+09:00,2026/09/11,2026/10/08,2026-09,CALL,55250,9910,,,58.88,28.73,9660,7,8695,1,,,,,
2026/09/10 22:15,2026-09-10T22:30:42+09:00,2026/09/11,2026/10/08,2026-09,PUT,55250,192,70,11,38.07,37.76,259,3,251,3,37.53,22,11.46,214,09/10 20:56
2026/09/10 22:15,2026-09-10T22:30:42+09:00,2026/09/11,2026/10/08,2026-09,CALL,55000,10150,4,,59.83,34.29,9900,18,9025,3,,,,,
2026/09/10 22:15,2026-09-10T22:30:42+09:00,2026/09/11,2026/10/08,2026-09,PUT,55000,185,3823,47,38.36,38.08,243,1,236,18,38.14,50,27.03,235,09/10 22:06
2026/09/10 22:15,2026-09-10T22:30:42+09:00,2026/09/11,2026/10/08,2026-09,CALL,54750,10395,,,60.9,32.92,10145,7,9235,1,,,,,
2026/09/10 22:15,2026-09-10T22:30:42+09:00,2026/09/11,2026/10/08,2026-09,PUT,54750,173,63,,38.94,38.49,235,2,224,2,,,,,
2026/09/10 22:15,2026-09-10T22:30:42+09:00,2026/09/11,2026/10/08,2026-09,CALL,54500,10630,,,61.73,34.88,10380,12,9505,12,,,,,
2026/09/10 22:15,2026-09-10T22:30:42+09:00,2026/09/11,2026/10/08,2026-09,PUT,54500,166,635,,39.25,38.86,221,6,212,2,,,,,
2026/09/10 22:15,2026-09-10T22:30:42+09:00,2026/09/11,2026/10/08,2026-09,CALL,54250,10875,,,62.79,,10625,7,9620,6,,,,,
2026/09/10 22:15,2026-09-10T22:30:42+09:00,2026/09/11,2026/10/08,2026-09,PUT,54250,157,69,,39.74,39.3,212,10,202,3,,,,,
2026/09/10 22:15,2026-09-10T22:30:42+09:00,2026/09/11,2026/10/08,2026-09,CALL,54000,11115,,,63.73,29.59,10865,18,9915,3,,,,,
2026/09/10 22:15,2026-09-10T22:30:42+09:00,2026/09/11,2026/10/08,2026-09,PUT,54000,151,907,7,40.13,39.62,201,18,190,19,40.01,46,30.46,197,09/10 22:00
2026/09/10 22:15,2026-09-10T22:30:42+09:00,2026/09/11,2026/10/08,2026-09,CALL,53750,11360,,,64.78,27.41,11110,7,10145,1,,,,,
2026/09/10 22:15,2026-09-10T22:30:42+09:00,2026/09/11,2026/10/08,2026-09,PUT,53750,144,40,,40.53,40,191,15,180,5,,,,,
2026/09/10 22:15,2026-09-10T22:30:42+09:00,2026/09/11,2026/10/08,2026-09,CALL,53500,11600,,,65.71,30.99,11350,12,10415,2,,,,,
2026/09/10 22:15,2026-09-10T22:30:42+09:00,2026/09/11,2026/10/08,2026-09,PUT,53500,136,848,1,40.91,40.41,181,10,171,2,40.51,22,16.18,158,09/10 21:30
2026/09/10 22:15,2026-09-10T22:30:42+09:00,2026/09/11,2026/10/08,2026-09,CALL,53250,11845,,,66.76,,11595,7,10555,1,,,,,
2026/09/10 22:15,2026-09-10T22:30:42+09:00,2026/09/11,2026/10/08,2026-09,PUT,53250,130,74,,41.37,40.84,173,30,163,2,,,,,
2026/09/10 22:15,2026-09-10T22:30:42+09:00,2026/09/11,2026/10/08,2026-09,CALL,53000,12090,34,,67.81,28.28,11840,18,10890,3,,,,,
2026/09/10 22:15,2026-09-10T22:30:42+09:00,2026/09/11,2026/10/08,2026-09,PUT,53000,124,1342,4,41.8,41.26,165,2,155,20,41.24,26,20.97,150,09/10 21:37
2026/09/10 22:15,2026-09-10T22:30:42+09:00,2026/09/11,2026/10/08,2026-09,CALL,52750,12335,,,68.85,,12085,7,10945,1,,,,,
2026/09/10 22:15,2026-09-10T22:30:42+09:00,2026/09/11,2026/10/08,2026-09,PUT,52750,119,123,3,42.16,41.65,156,5,147,15,41.71,3,2.52,122,09/10 20:41
2026/09/10 22:15,2026-09-10T22:30:42+09:00,2026/09/11,2026/10/08,2026-09,CALL,52500,12580,,,69.9,34.43,12330,12,11420,10,,,,,
2026/09/10 22:15,2026-09-10T22:30:42+09:00,2026/09/11,2026/10/08,2026-09,PUT,52500,114,467,,42.49,42.07,147,8,140,2,,,,,
2026/09/10 22:15,2026-09-10T22:30:42+09:00,2026/09/11,2026/10/08,2026-09,CALL,52250,12825,,,70.94,,12575,7,11580,1,,,,,
2026/09/10 22:15,2026-09-10T22:30:42+09:00,2026/09/11,2026/10/08,2026-09,PUT,52250,111,47,,42.97,42.53,141,5,134,2,,,,,
2026/09/10 22:15,2026-09-10T22:30:42+09:00,2026/09/11,2026/10/08,2026-09,CALL,52000,13070,,,71.98,,12820,18,11710,3,,,,,
2026/09/10 22:15,2026-09-10T22:30:42+09:00,2026/09/11,2026/10/08,2026-09,PUT,52000,105,1833,22,43.37,42.92,134,11,127,22,43.3,24,21.82,134,09/10 22:13
2026/09/10 22:15,2026-09-10T22:30:42+09:00,2026/09/11,2026/10/08,2026-09,CALL,51750,13315,,,73.02,29.99,13065,7,12135,1,,,,,
2026/09/10 22:15,2026-09-10T22:30:42+09:00,2026/09/11,2026/10/08,2026-09,PUT,51750,100,80,,44.01,43.34,131,5,121,15,,,,,
2026/09/10 22:15,2026-09-10T22:30:42+09:00,2026/09/11,2026/10/08,2026-09,CALL,51500,13560,,,74.07,,13310,12,12360,10,,,,,
2026/09/10 22:15,2026-09-10T22:30:42+09:00,2026/09/11,2026/10/08,2026-09,PUT,51500,97,439,1,44.3,43.74,123,8,115,2,44.33,4,4.12,101,09/10 18:30
2026/09/10 22:15,2026-09-10T22:30:42+09:00,2026/09/11,2026/10/08,2026-09,CALL,51250,13810,,,75.24,34.99,13560,7,12650,1,,,,,
2026/09/10 22:15,2026-09-10T22:30:42+09:00,2026/09/11,2026/10/08,2026-09,PUT,51250,93,91,,44.71,44.27,117,5,111,2,,,,,
2026/09/10 22:15,2026-09-10T22:30:42+09:00,2026/09/11,2026/10/08,2026-09,CALL,51000,14055,,,76.28,,13805,18,12650,3,,,,,
2026/09/10 22:15,2026-09-10T22:30:42+09:00,2026/09/11,2026/10/08,2026-09,PUT,51000,90,448,7,45.02,44.71,110,1,106,2,44.7,13,14.13,105,09/10 22:00
2026/09/10 22:15,2026-09-10T22:30:42+09:00,2026/09/11,2026/10/08,2026-09,CALL,50750,14300,,,77.33,36.35,14050,7,13150,1,,,,,
2026/09/10 22:15,2026-09-10T22:30:42+09:00,2026/09/11,2026/10/08,2026-09,PUT,50750,86,57,,45.61,45.14,107,5,101,2,,,,,
2026/09/10 22:15,2026-09-10T22:30:42+09:00,2026/09/11,2026/10/08,2026-09,CALL,50500,14545,,,78.37,,14295,12,13315,2,,,,,
2026/09/10 22:15,2026-09-10T22:30:42+09:00,2026/09/11,2026/10/08,2026-09,PUT,50500,83,425,,46.11,45.54,103,8,96,18,,,,,
2026/09/10 22:15,2026-09-10T22:30:42+09:00,2026/09/11,2026/10/08,2026-09,CALL,50250,14790,,,79.41,,14540,7,13615,1,,,,,
2026/09/10 22:15,2026-09-10T22:30:42+09:00,2026/09/11,2026/10/08,2026-09,PUT,50250,81,67,,46.6,46,99,5,92,15,,,,,
2026/09/10 22:15,2026-09-10T22:30:42+09:00,2026/09/11,2026/10/08,2026-09,CALL,50000,15040,,,80.59,36.02,14790,18,13890,3,,,,,
2026/09/10 22:15,2026-09-10T22:30:42+09:00,2026/09/11,2026/10/08,2026-09,PUT,50000,75,1597,25,46.99,46.45,94,12,88,22,46.94,19,25.33,94,09/10 22:12
2026/09/10 22:15,2026-09-10T22:30:42+09:00,2026/09/11,2026/10/08,2026-09,CALL,49750,15285,,,81.64,,15035,7,14095,1,,,,,
2026/09/10 22:15,2026-09-10T22:30:42+09:00,2026/09/11,2026/10/08,2026-09,PUT,49750,76,64,,47.53,46.89,91,8,84,15,,,,,
2026/09/10 22:15,2026-09-10T22:30:42+09:00,2026/09/11,2026/10/08,2026-09,CALL,49500,15535,,,82.83,,15285,12,14135,12,,,,,
2026/09/10 22:15,2026-09-10T22:30:42+09:00,2026/09/11,2026/10/08,2026-09,PUT,49500,69,209,5,47.98,47.4,87,8,81,2,47.49,11,15.94,80,09/10 21:54
2026/09/10 22:15,2026-09-10T22:30:42+09:00,2026/09/11,2026/10/08,2026-09,CALL,49250,15780,,,83.87,33.72,15530,7,14630,6,,,,,
2026/09/10 22:15,2026-09-10T22:30:42+09:00,2026/09/11,2026/10/08,2026-09,PUT,49250,67,80,,48.5,47.9,84,7,78,5,,,,,
2026/09/10 22:15,2026-09-10T22:30:42+09:00,2026/09/11,2026/10/08,2026-09,CALL,49000,16030,,,85.07,,15780,18,14680,18,,,,,
2026/09/10 22:15,2026-09-10T22:30:42+09:00,2026/09/11,2026/10/08,2026-09,PUT,49000,65,269,5,49.01,48.29,81,22,74,22,48.45,11,16.92,76,09/10 22:12
2026/09/10 22:15,2026-09-10T22:30:42+09:00,2026/09/11,2026/10/08,2026-09,CALL,48750,16275,,,86.11,,16025,7,14905,1,,,,,
2026/09/10 22:15,2026-09-10T22:30:42+09:00,2026/09/11,2026/10/08,2026-09,PUT,48750,65,25,,49.41,48.87,77,5,72,5,,,,,
2026/09/10 22:15,2026-09-10T22:30:42+09:00,2026/09/11,2026/10/08,2026-09,CALL,48500,16525,,,,,,,,,,,,,
2026/09/10 22:15,2026-09-10T22:30:42+09:00,2026/09/11,2026/10/08,2026-09,PUT,48500,63,197,1,49.78,49.22,73,1,68,18,49.52,-1,-1.41,70,09/10 21:57
2026/09/10 22:15,2026-09-10T22:30:42+09:00,2026/09/11,2026/10/08,2026-09,CALL,48250,16770,,,,,,,,,,,,,
2026/09/10 22:15,2026-09-10T22:30:42+09:00,2026/09/11,2026/10/08,2026-09,PUT,48250,60,52,,50.47,49.66,72,13,65,12,,,,,
2026/09/10 22:15,2026-09-10T22:30:42+09:00,2026/09/11,2026/10/08,2026-09,CALL,48000,17020,,,,,,,,,,,,,
2026/09/10 22:15,2026-09-10T22:30:42+09:00,2026/09/11,2026/10/08,2026-09,PUT,48000,59,762,3,50.46,50.21,65,50,63,12,50.2,3,5.17,61,09/10 21:34
2026/09/10 22:15,2026-09-10T22:30:42+09:00,2026/09/11,2026/10/08,2026-09,CALL,47750,17265,,,,,,,,,,,,,
2026/09/10 22:15,2026-09-10T22:30:42+09:00,2026/09/11,2026/10/08,2026-09,PUT,47750,58,46,,51.38,50.63,66,2,60,12,,,,,
2026/09/10 22:15,2026-09-10T22:30:42+09:00,2026/09/11,2026/10/08,2026-09,CALL,47500,17515,34,,,,,,,,,,,,
2026/09/10 22:15,2026-09-10T22:30:42+09:00,2026/09/11,2026/10/08,2026-09,PUT,47500,50,43,,51.93,51.15,64,10,58,2,,,,,
2026/09/10 22:15,2026-09-10T22:30:42+09:00,2026/09/11,2026/10/08,2026-09,CALL,47250,17765,,,,,,,,,,,,,
2026/09/10 22:15,2026-09-10T22:30:42+09:00,2026/09/11,2026/10/08,2026-09,PUT,47250,54,41,,52.48,51.67,62,15,56,5,,,,,
2026/09/10 22:15,2026-09-10T22:30:42+09:00,2026/09/11,2026/10/08,2026-09,CALL,47000,18010,,,,,,,,,,,,,
2026/09/10 22:15,2026-09-10T22:30:42+09:00,2026/09/11,2026/10/08,2026-09,PUT,47000,51,409,7,52.75,52.18,58,12,54,12,52.35,6,12.24,55,09/10 22:01
2026/09/10 22:15,2026-09-10T22:30:42+09:00,2026/09/11,2026/10/08,2026-09,CALL,46750,18255,,,,,,,,,,,,,
2026/09/10 22:15,2026-09-10T22:30:42+09:00,2026/09/11,2026/10/08,2026-09,PUT,46750,49,131,,53.26,52.68,56,3,52,5,,,,,
2026/09/10 22:15,2026-09-10T22:30:42+09:00,2026/09/11,2026/10/08,2026-09,CALL,46500,18505,,,,,,,,,,,,,
2026/09/10 22:15,2026-09-10T22:30:42+09:00,2026/09/11,2026/10/08,2026-09,PUT,46500,48,257,,54.21,53.02,57,10,49,18,,,,,
2026/09/10 22:15,2026-09-10T22:30:42+09:00,2026/09/11,2026/10/08,2026-09,CALL,46250,18755,,,,,,,,,,,,,
2026/09/10 22:15,2026-09-10T22:30:42+09:00,2026/09/11,2026/10/08,2026-09,PUT,46250,47,13,,54.42,53.49,53,2,47,15,,,,,
2026/09/10 22:15,2026-09-10T22:30:42+09:00,2026/09/11,2026/10/08,2026-09,CALL,46000,19000,,,,,,,,,,,,,
2026/09/10 22:15,2026-09-10T22:30:42+09:00,2026/09/11,2026/10/08,2026-09,PUT,46000,44,363,2,54.6,54.28,49,5,47,12,54.4,5,11.63,48,09/10 22:12
2026/09/10 22:15,2026-09-10T22:30:42+09:00,2026/09/11,2026/10/08,2026-09,CALL,45750,19250,,,,,,,,,,,,,
2026/09/10 22:15,2026-09-10T22:30:42+09:00,2026/09/11,2026/10/08,2026-09,PUT,45750,43,143,,55.4,54.73,49,2,45,5,,,,,
2026/09/10 22:15,2026-09-10T22:30:42+09:00,2026/09/11,2026/10/08,2026-09,CALL,45500,19500,,,,,,,,,,,,,
2026/09/10 22:15,2026-09-10T22:30:42+09:00,2026/09/11,2026/10/08,2026-09,PUT,45500,41,608,,56.03,54.99,48,10,42,18,,,,,
2026/09/10 22:15,2026-09-10T22:30:42+09:00,2026/09/11,2026/10/08,2026-09,CALL,45250,19745,,,,,,,,,,,,,
2026/09/10 22:15,2026-09-10T22:30:42+09:00,2026/09/11,2026/10/08,2026-09,PUT,45250,39,29,,56.67,55.78,47,5,42,5,,,,,
2026/09/10 22:15,2026-09-10T22:30:42+09:00,2026/09/11,2026/10/08,2026-09,CALL,45000,19995,2,,,,,,,,,,,,
2026/09/10 22:15,2026-09-10T22:30:42+09:00,2026/09/11,2026/10/08,2026-09,PUT,45000,35,1648,11,56.94,56.2,44,13,40,12,56.53,6,17.14,41,09/10 21:48
2026/09/10 22:15,2026-09-10T22:30:42+09:00,2026/09/11,2026/10/08,2026-09,CALL,44750,20235,,,,,,,,,,,,,
2026/09/10 22:15,2026-09-10T22:30:42+09:00,2026/09/11,2026/10/08,2026-09,PUT,44750,29,37,,58.62,52.46,49,28,21,28,,,,,
2026/09/10 22:15,2026-09-10T22:30:42+09:00,2026/09/11,2026/10/08,2026-09,CALL,44500,20485,,,,,,,,,,,,,
2026/09/10 22:15,2026-09-10T22:30:42+09:00,2026/09/11,2026/10/08,2026-09,PUT,44500,30,2,,58.36,56.32,43,11,33,11,,,,,
2026/09/10 22:15,2026-09-10T22:30:42+09:00,2026/09/11,2026/10/08,2026-09,CALL,44250,20735,,,,,,,,,,,,,
2026/09/10 22:15,2026-09-10T22:30:42+09:00,2026/09/11,2026/10/08,2026-09,PUT,44250,28,36,,59.54,53.31,45,28,19,28,,,,,
2026/09/10 22:15,2026-09-10T22:30:42+09:00,2026/09/11,2026/10/08,2026-09,CALL,44000,20980,,,,,,,,,,,,,
2026/09/10 22:15,2026-09-10T22:30:42+09:00,2026/09/11,2026/10/08,2026-09,PUT,44000,30,253,1,59.59,57.42,41,66,31,15,58.52,6,20,36,09/10 22:12
2026/09/10 22:15,2026-09-10T22:30:42+09:00,2026/09/11,2026/10/08,2026-09,CALL,43750,21230,,,,,,,,,,,,,
2026/09/10 22:15,2026-09-10T22:30:42+09:00,2026/09/11,2026/10/08,2026-09,PUT,43750,26,13,,60,53.72,39,5,16,28,,,,,
2026/09/10 22:15,2026-09-10T22:30:42+09:00,2026/09/11,2026/10/08,2026-09,CALL,43500,21480,,,,,,,,,,,,,
2026/09/10 22:15,2026-09-10T22:30:42+09:00,2026/09/11,2026/10/08,2026-09,PUT,43500,25,15,1,60.38,58.24,37,8,28,11,59.21,,,31,09/10 21:34
2026/09/10 22:15,2026-09-10T22:30:42+09:00,2026/09/11,2026/10/08,2026-09,CALL,43250,21725,,,,,,,,,,,,,
2026/09/10 22:15,2026-09-10T22:30:42+09:00,2026/09/11,2026/10/08,2026-09,PUT,43250,23,15,,63.21,54.38,47,28,14,28,,,,,
2026/09/10 22:15,2026-09-10T22:30:42+09:00,2026/09/11,2026/10/08,2026-09,CALL,43000,21975,,,,,,,,,,,,,
2026/09/10 22:15,2026-09-10T22:30:42+09:00,2026/09/11,2026/10/08,2026-09,PUT,43000,23,197,3,61.08,59.82,33,1,28,12,60.73,1,3.33,31,09/10 22:02
2026/09/10 22:15,2026-09-10T22:30:42+09:00,2026/09/11,2026/10/08,2026-09,CALL,42750,22225,,,,,,,,,,,,,
2026/09/10 22:15,2026-09-10T22:30:42+09:00,2026/09/11,2026/10/08,2026-09,PUT,42750,23,31,,66.33,57.83,55,28,19,28,,,,,
2026/09/10 22:15,2026-09-10T22:30:42+09:00,2026/09/11,2026/10/08,2026-09,CALL,42000,22970,,,,,,,,,,,,,
2026/09/10 22:15,2026-09-10T22:30:42+09:00,2026/09/11,2026/10/08,2026-09,PUT,42000,20,166,,63.56,61.19,30,12,22,15,,,,,
2026/09/10 22:15,2026-09-10T22:30:42+09:00,2026/09/11,2026/10/08,2026-09,CALL,41000,23965,,,,,,,,,,,,,
2026/09/10 22:15,2026-09-10T22:30:42+09:00,2026/09/11,2026/10/08,2026-09,PUT,41000,18,144,,65.67,64.02,26,15,21,15,,,,,
2026/09/10 22:15,2026-09-10T22:30:42+09:00,2026/09/11,2026/10/08,2026-09,CALL,40000,24965,,,,,,,,,,,,,
2026/09/10 22:15,2026-09-10T22:30:42+09:00,2026/09/11,2026/10/08,2026-09,PUT,40000,17,4215,38,67.26,66.48,21,3,19,1,67.21,4,23.53,21,09/10 22:13
2026/09/10 22:15,2026-09-10T22:30:42+09:00,2026/09/11,2026/10/08,2026-09,CALL,39000,25960,,,,,,,,,,,,,
2026/09/10 22:15,2026-09-10T22:30:42+09:00,2026/09/11,2026/10/08,2026-09,PUT,39000,14,107,5,70.17,68.43,20,12,16,12,69.38,0,0,15,09/10 17:19
2026/09/10 22:15,2026-09-10T22:30:42+09:00,2026/09/11,2026/10/08,2026-09,CALL,38000,26955,,,,,,,,,,,,,
2026/09/10 22:15,2026-09-10T22:30:42+09:00,2026/09/11,2026/10/08,2026-09,PUT,38000,10,35,5,71.74,70.15,16,1,13,12,71.19,1,7.14,15,09/10 22:14
2026/09/10 22:15,2026-09-10T22:30:42+09:00,2026/09/11,2026/10/08,2026-09,CALL,37000,27950,,,,,,,,,,,,,
2026/09/10 22:15,2026-09-10T22:30:42+09:00,2026/09/11,2026/10/08,2026-09,PUT,37000,10,193,10,73.46,72.2,13,7,11,12,73.62,0,0,11,09/10 17:40
2026/09/10 22:15,2026-09-10T22:30:42+09:00,2026/09/11,2026/10/08,2026-09,CALL,36000,28950,,,,,,,,,,,,,
2026/09/10 22:15,2026-09-10T22:30:42+09:00,2026/09/11,2026/10/08,2026-09,PUT,36000,6,42,6,75.55,74.82,11,6,10,12,75.01,,,10,09/10 21:34
2026/09/10 22:15,2026-09-10T22:30:42+09:00,2026/09/11,2026/10/08,2026-09,CALL,35000,29950,24,,,,,,,,,,,,
2026/09/10 22:15,2026-09-10T22:30:42+09:00,2026/09/11,2026/10/08,2026-09,PUT,35000,7,2068,28,78.24,77.42,10,7,9,12,78.34,1,11.11,10,09/10 21:53
2026/09/10 22:15,2026-09-10T22:30:42+09:00,2026/09/11,2026/10/08,2026-09,CALL,34000,30945,,,,,,,,,,,,,
2026/09/10 22:15,2026-09-10T22:30:42+09:00,2026/09/11,2026/10/08,2026-09,PUT,34000,6,26,2,81.74,78.96,10,16,7,27,80.1,1,14.29,8,09/10 21:46
2026/09/10 22:15,2026-09-10T22:30:42+09:00,2026/09/11,2026/10/08,2026-09,CALL,33000,31945,,,,,,,,,,,,,
2026/09/10 22:15,2026-09-10T22:30:42+09:00,2026/09/11,2026/10/08,2026-09,PUT,33000,4,2734,20,83.51,79.96,8,26,5,27,83.59,2,33.33,8,09/10 22:10
2026/09/10 22:15,2026-09-10T22:30:42+09:00,2026/09/11,2026/10/08,2026-09,CALL,32000,32945,,,,,,,,,,,,,
2026/09/10 22:15,2026-09-10T22:30:42+09:00,2026/09/11,2026/10/08,2026-09,PUT,32000,3,52,22,86.07,83.46,7,11,5,24,86.03,-4,-36.36,7,09/10 22:12
2026/09/10 22:15,2026-09-10T22:30:42+09:00,2026/09/11,2026/10/08,2026-09,CALL,31000,33945,,,,,,,,,,,,,
2026/09/10 22:15,2026-09-10T22:30:42+09:00,2026/09/11,2026/10/08,2026-09,PUT,31000,3,22,,88.51,85.39,6,15,4,27,,,,,
2026/09/10 22:15,2026-09-10T22:30:42+09:00,2026/09/11,2026/10/08,2026-09,CALL,30000,34940,,,,,,,,,,,,,
2026/09/10 22:15,2026-09-10T22:30:42+09:00,2026/09/11,2026/10/08,2026-09,PUT,30000,3,6033,17,90.8,89.05,5,1,4,4,90.92,1,25,5,09/10 21:47
2026/09/10 22:15,2026-09-10T22:30:42+09:00,2026/09/11,2026/10/08,2026-09,CALL,29000,35940,,,,,,,,,,,,,
2026/09/10 22:15,2026-09-10T22:30:42+09:00,2026/09/11,2026/10/08,2026-09,PUT,29000,2,13,,92.84,90.63,4,2,3,27,,,,,
2026/09/10 22:15,2026-09-10T22:30:42+09:00,2026/09/11,2026/10/08,2026-09,CALL,28000,36940,,,,,,,,,,,,,
2026/09/10 22:15,2026-09-10T22:30:42+09:00,2026/09/11,2026/10/08,2026-09,PUT,28000,2,19,,96.76,91.45,4,12,2,31,,,,,
2026/09/10 22:15,2026-09-10T22:30:42+09:00,2026/09/11,2026/10/08,2026-09,CALL,27000,37940,,,,,,,,,,,,,
2026/09/10 22:15,2026-09-10T22:30:42+09:00,2026/09/11,2026/10/08,2026-09,PUT,27000,3,106,,98.43,95.3,3,1,2,25,,,,,
2026/09/10 22:15,2026-09-10T22:30:42+09:00,2026/09/11,2026/10/08,2026-09,CALL,26000,38940,,,,,,,,,,,,,
2026/09/10 22:15,2026-09-10T22:30:42+09:00,2026/09/11,2026/10/08,2026-09,PUT,26000,1,65,,102.55,99.3,3,12,2,1,,,,,
2026/09/10 22:15,2026-09-10T22:30:42+09:00,2026/09/11,2026/10/08,2026-09,CALL,25000,39935,,,,,,,,,,,,,
2026/09/10 22:15,2026-09-10T22:30:42+09:00,2026/09/11,2026/10/08,2026-09,PUT,25000,2,1482,2,106.83,98.29,3,13,1,208,104.45,0,0,2,09/10 18:00
2026/09/10 22:15,2026-09-10T22:30:42+09:00,2026/09/11,2026/10/08,2026-09,CALL,22500,42435,,,,,,,,,,,,,
2026/09/10 22:15,2026-09-10T22:30:42+09:00,2026/09/11,2026/10/08,2026-09,PUT,22500,1,52,73,114.62,108.93,2,52,1,49,115.13,0,0,2,09/10 21:08
2026/09/10 22:15,2026-09-10T22:30:42+09:00,2026/09/11,2026/10/08,2026-09,CALL,20000,44930,,,,,,,,,,,,,
2026/09/10 22:15,2026-09-10T22:30:42+09:00,2026/09/11,2026/10/08,2026-09,PUT,20000,1,779,97,127.12,120.84,2,75,1,57,120.94,-1,-50,1,09/10 22:02
2026/09/10 22:15,2026-09-10T22:30:42+09:00,2026/09/11,2026/11/12,2026-10,CALL,100000,2,19,12,33.26,31.59,2,16,1,52,33.15,,,2,09/10 22:06
2026/09/10 22:15,2026-09-10T22:30:42+09:00,2026/09/11,2026/11/12,2026-10,PUT,100000,34890,,,,,,,,,,,,,
2026/09/10 22:15,2026-09-10T22:30:42+09:00,2026/09/11,2026/11/12,2026-10,CALL,97500,2,,,,29.95,,,1,20,,,,,
2026/09/10 22:15,2026-09-10T22:30:42+09:00,2026/09/11,2026/11/12,2026-10,PUT,97500,32395,,,,,,,,,,,,,
2026/09/10 22:15,2026-09-10T22:30:42+09:00,2026/09/11,2026/11/12,2026-10,CALL,95000,4,7,,33.97,28.26,9,15,1,20,,,,,
2026/09/10 22:15,2026-09-10T22:30:42+09:00,2026/09/11,2026/11/12,2026-10,PUT,95000,29905,,,,,,,,,,,,,
2026/09/10 22:15,2026-09-10T22:30:42+09:00,2026/09/11,2026/11/12,2026-10,CALL,92500,6,1,,33.65,26.51,15,15,1,36,,,,,
2026/09/10 22:15,2026-09-10T22:30:42+09:00,2026/09/11,2026/11/12,2026-10,PUT,92500,27410,,,,,,,,,,,,,
2026/09/10 22:15,2026-09-10T22:30:42+09:00,2026/09/11,2026/11/12,2026-10,CALL,90000,8,121,,29.83,27.64,9,2,4,16,,,,,
2026/09/10 22:15,2026-09-10T22:30:42+09:00,2026/09/11,2026/11/12,2026-10,PUT,90000,24920,,,,,,,,,,,,,
2026/09/10 22:15,2026-09-10T22:30:42+09:00,2026/09/11,2026/11/12,2026-10,CALL,87500,24,12,,31.64,28.48,30,6,12,1,,,,,
2026/09/10 22:15,2026-09-10T22:30:42+09:00,2026/09/11,2026/11/12,2026-10,PUT,87500,22440,,,,,,,,,,,,,
2026/09/10 22:15,2026-09-10T22:30:42+09:00,2026/09/11,2026/11/12,2026-10,CALL,85000,39,5,,30.12,27.19,39,6,17,1,,,,,
2026/09/10 22:15,2026-09-10T22:30:42+09:00,2026/09/11,2026/11/12,2026-10,PUT,85000,19970,,,,,,,,,,,,,
2026/09/10 22:15,2026-09-10T22:30:42+09:00,2026/09/11,2026/11/12,2026-10,CALL,82500,65,54,4,27.88,26.81,44,22,33,1,26.87,-19,-35.19,35,09/10 21:52
2026/09/10 22:15,2026-09-10T22:30:42+09:00,2026/09/11,2026/11/12,2026-10,PUT,82500,17500,,,,,,,,,,,,,
2026/09/10 22:15,2026-09-10T22:30:42+09:00,2026/09/11,2026/11/12,2026-10,CALL,80000,94,105,1,26.89,26.32,71,2,62,21,25.97,-13,-14.13,79,09/10 18:09
2026/09/10 22:15,2026-09-10T22:30:42+09:00,2026/09/11,2026/11/12,2026-10,PUT,80000,15025,,,,,,,,,,,,,
2026/09/10 22:15,2026-09-10T22:30:42+09:00,2026/09/11,2026/11/12,2026-10,CALL,79500,103,1,,26.78,26.02,80,2,67,17,,,,,
2026/09/10 22:15,2026-09-10T22:30:42+09:00,2026/09/11,2026/11/12,2026-10,PUT,79500,14535,2,,,,,,,,,,,,
2026/09/10 22:15,2026-09-10T22:30:42+09:00,2026/09/11,2026/11/12,2026-10,CALL,79000,121,2,5,26.66,26.03,90,2,78,69,26.34,,,86,09/10 21:47
2026/09/10 22:15,2026-09-10T22:30:42+09:00,2026/09/11,2026/11/12,2026-10,PUT,79000,14055,,,,,,,,,,,,,
2026/09/10 22:15,2026-09-10T22:30:42+09:00,2026/09/11,2026/11/12,2026-10,CALL,78500,132,,,26.58,26.1,102,16,92,12,,,,,
2026/09/10 22:15,2026-09-10T22:30:42+09:00,2026/09/11,2026/11/12,2026-10,PUT,78500,13570,,,,,,,,,,,,,
2026/09/10 22:15,2026-09-10T22:30:42+09:00,2026/09/11,2026/11/12,2026-10,CALL,78000,150,113,2,26.43,26.04,114,2,105,20,26,-22,-16.92,108,09/10 22:11
2026/09/10 22:15,2026-09-10T22:30:42+09:00,2026/09/11,2026/11/12,2026-10,PUT,78000,13090,,,,,,,,,,,,,
2026/09/10 22:15,2026-09-10T22:30:42+09:00,2026/09/11,2026/11/12,2026-10,CALL,77500,175,,,26.34,25.78,129,2,115,6,,,,,
2026/09/10 22:15,2026-09-10T22:30:42+09:00,2026/09/11,2026/11/12,2026-10,PUT,77500,12615,,,,,,,,,,,,,
2026/09/10 22:15,2026-09-10T22:30:42+09:00,2026/09/11,2026/11/12,2026-10,CALL,77000,193,123,,26.26,25.75,146,2,132,6,,,,,
2026/09/10 22:15,2026-09-10T22:30:42+09:00,2026/09/11,2026/11/12,2026-10,PUT,77000,12135,,,,,,,,,,,,,
2026/09/10 22:15,2026-09-10T22:30:42+09:00,2026/09/11,2026/11/12,2026-10,CALL,76500,224,280,,26.23,25.87,167,2,156,10,,,,,
2026/09/10 22:15,2026-09-10T22:30:42+09:00,2026/09/11,2026/11/12,2026-10,PUT,76500,11665,,,,,,,,,,,,,
2026/09/10 22:15,2026-09-10T22:30:42+09:00,2026/09/11,2026/11/12,2026-10,CALL,76250,239,,,26.2,25.82,178,2,166,7,,,,,
2026/09/10 22:15,2026-09-10T22:30:42+09:00,2026/09/11,2026/11/12,2026-10,PUT,76250,11430,,,32.86,,12730,6,11680,7,,,,,
2026/09/10 22:15,2026-09-10T22:30:42+09:00,2026/09/11,2026/11/12,2026-10,CALL,76000,246,25,4,26.18,25.82,190,11,178,2,25.78,,,195,09/10 21:32
2026/09/10 22:15,2026-09-10T22:30:42+09:00,2026/09/11,2026/11/12,2026-10,PUT,76000,11195,,,29.29,,12330,2,11445,18,,,,,
2026/09/10 22:15,2026-09-10T22:30:42+09:00,2026/09/11,2026/11/12,2026-10,CALL,75750,272,1,1,26.17,25.8,203,2,190,5,25.82,-31,-12.76,212,09/10 21:10
2026/09/10 22:15,2026-09-10T22:30:42+09:00,2026/09/11,2026/11/12,2026-10,PUT,75750,10965,,,28.87,,12080,6,11215,7,,,,,
2026/09/10 22:15,2026-09-10T22:30:42+09:00,2026/09/11,2026/11/12,2026-10,CALL,75500,291,78,1,26.16,25.81,217,2,204,2,26.21,,,220,09/10 21:50
2026/09/10 22:15,2026-09-10T22:30:42+09:00,2026/09/11,2026/11/12,2026-10,PUT,75500,10735,,,28.34,,11825,2,10985,12,,,,,
2026/09/10 22:15,2026-09-10T22:30:42+09:00,2026/09/11,2026/11/12,2026-10,CALL,75250,310,1,,26.14,25.79,231,2,218,5,,,,,
2026/09/10 22:15,2026-09-10T22:30:42+09:00,2026/09/11,2026/11/12,2026-10,PUT,75250,10505,,,27.81,,11570,6,10755,7,,,,,
2026/09/10 22:15,2026-09-10T22:30:42+09:00,2026/09/11,2026/11/12,2026-10,CALL,75000,305,891,,26.11,25.81,246,11,234,2,,,,,
2026/09/10 22:15,2026-09-10T22:30:42+09:00,2026/09/11,2026/11/12,2026-10,PUT,75000,10255,,,29.99,,11445,3,10505,18,,,,,
2026/09/10 22:15,2026-09-10T22:30:42+09:00,2026/09/11,2026/11/12,2026-10,CALL,74750,355,,,26.11,25.8,263,2,250,2,,,,,
2026/09/10 22:15,2026-09-10T22:30:42+09:00,2026/09/11,2026/11/12,2026-10,PUT,74750,10050,,,29.83,,11210,1,10300,7,,,,,
2026/09/10 22:15,2026-09-10T22:30:42+09:00,2026/09/11,2026/11/12,2026-10,CALL,74500,380,116,,26.11,25.72,281,2,264,2,,,,,
2026/09/10 22:15,2026-09-10T22:30:42+09:00,2026/09/11,2026/11/12,2026-10,PUT,74500,9825,,,27.82,,10880,2,10075,12,,,,,
2026/09/10 22:15,2026-09-10T22:30:42+09:00,2026/09/11,2026/11/12,2026-10,CALL,74250,405,,,26.11,25.71,300,2,282,6,,,,,
2026/09/10 22:15,2026-09-10T22:30:42+09:00,2026/09/11,2026/11/12,2026-10,PUT,74250,9600,,,29.74,,10755,1,9850,7,,,,,
2026/09/10 22:15,2026-09-10T22:30:42+09:00,2026/09/11,2026/11/12,2026-10,CALL,74000,425,101,3,26,25.9,315,2,310,1,25.76,0,0,380,09/10 19:11
2026/09/10 22:15,2026-09-10T22:30:42+09:00,2026/09/11,2026/11/12,2026-10,PUT,74000,9370,,,27.81,,10425,3,9620,18,,,,,
2026/09/10 22:15,2026-09-10T22:30:42+09:00,2026/09/11,2026/11/12,2026-10,CALL,73750,460,,,26.19,25.67,345,2,320,2,,,,,
2026/09/10 22:15,2026-09-10T22:30:42+09:00,2026/09/11,2026/11/12,2026-10,PUT,73750,9155,,,28.72,,10250,1,9405,7,,,,,
2026/09/10 22:15,2026-09-10T22:30:42+09:00,2026/09/11,2026/11/12,2026-10,CALL,73500,490,,,26.13,25.74,365,2,345,2,,,,,
2026/09/10 22:15,2026-09-10T22:30:42+09:00,2026/09/11,2026/11/12,2026-10,PUT,73500,8935,,,27.54,,9960,2,9185,12,,,,,
2026/09/10 22:15,2026-09-10T22:30:42+09:00,2026/09/11,2026/11/12,2026-10,CALL,73250,520,,,26.15,25.68,390,2,365,2,,,,,
2026/09/10 22:15,2026-09-10T22:30:42+09:00,2026/09/11,2026/11/12,2026-10,PUT,73250,8715,,,29.91,,9880,1,8965,7,,,,,
2026/09/10 22:15,2026-09-10T22:30:42+09:00,2026/09/11,2026/11/12,2026-10,CALL,73000,545,101,,26.15,25.69,415,2,390,2,,,,,
2026/09/10 22:15,2026-09-10T22:30:42+09:00,2026/09/11,2026/11/12,2026-10,PUT,73000,8495,,,31.22,,9750,15,8745,18,,,,,
2026/09/10 22:15,2026-09-10T22:30:42+09:00,2026/09/11,2026/11/12,2026-10,CALL,72750,585,,,26.21,25.85,445,2,425,2,,,,,
2026/09/10 22:15,2026-09-10T22:30:42+09:00,2026/09/11,2026/11/12,2026-10,PUT,72750,8285,,,28.59,,9360,1,8535,7,,,,,
2026/09/10 22:15,2026-09-10T22:30:42+09:00,2026/09/11,2026/11/12,2026-10,CALL,72500,625,602,,26.24,25.72,475,2,445,2,,,,,
2026/09/10 22:15,2026-09-10T22:30:42+09:00,2026/09/11,2026/11/12,2026-10,PUT,72500,8075,330,,27.93,,9100,10,8325,12,,,,,
2026/09/10 22:15,2026-09-10T22:30:42+09:00,2026/09/11,2026/11/12,2026-10,CALL,72250,665,1,,26.24,25.83,505,2,480,2,,,,,
2026/09/10 22:15,2026-09-10T22:30:42+09:00,2026/09/11,2026/11/12,2026-10,PUT,72250,7865,,,27.96,,8885,6,8115,7,,,,,
2026/09/10 22:15,2026-09-10T22:30:42+09:00,2026/09/11,2026/11/12,2026-10,CALL,72125,680,,,26.78,23.85,555,2,380,10,,,,,
2026/09/10 22:15,2026-09-10T22:30:42+09:00,2026/09/11,2026/11/12,2026-10,PUT,72125,7750,,,28.45,,8810,1,8000,6,,,,,
2026/09/10 22:15,2026-09-10T22:30:42+09:00,2026/09/11,2026/11/12,2026-10,CALL,72000,680,395,2,26.13,25.9,530,2,515,2,25.62,-15,-2.31,635,09/10 19:07
2026/09/10 22:15,2026-09-10T22:30:42+09:00,2026/09/11,2026/11/12,2026-10,PUT,72000,7630,,,28.11,,8680,2,7880,18,,,,,
2026/09/10 22:15,2026-09-10T22:30:42+09:00,2026/09/11,2026/11/12,2026-10,CALL,71875,730,,,27.03,24.41,605,12,440,2,,,,,
2026/09/10 22:15,2026-09-10T22:30:42+09:00,2026/09/11,2026/11/12,2026-10,PUT,71875,7555,,,29.27,,8655,1,7805,6,,,,,
2026/09/10 22:15,2026-09-10T22:30:42+09:00,2026/09/11,2026/11/12,2026-10,CALL,71750,750,,,26.32,25.78,575,2,540,2,,,,,
2026/09/10 22:15,2026-09-10T22:30:42+09:00,2026/09/11,2026/11/12,2026-10,PUT,71750,7450,,,29.48,,8565,1,7700,7,,,,,
2026/09/10 22:15,2026-09-10T22:30:42+09:00,2026/09/11,2026/11/12,2026-10,CALL,71625,775,8,,29.67,23.75,830,12,430,10,,,,,
2026/09/10 22:15,2026-09-10T22:30:42+09:00,2026/09/11,2026/11/12,2026-10,PUT,71625,7350,,,34.05,,8820,1,7600,6,,,,,
2026/09/10 22:15,2026-09-10T22:30:42+09:00,2026/09/11,2026/11/12,2026-10,CALL,71500,795,354,,26.32,25.95,610,2,585,2,,,,,
2026/09/10 22:15,2026-09-10T22:30:42+09:00,2026/09/11,2026/11/12,2026-10,PUT,71500,7245,,,28.79,,8305,2,7495,12,,,,,
2026/09/10 22:15,2026-09-10T22:30:42+09:00,2026/09/11,2026/11/12,2026-10,CALL,71375,820,,,26.92,24.07,670,2,480,10,,,,,
2026/09/10 22:15,2026-09-10T22:30:42+09:00,2026/09/11,2026/11/12,2026-10,PUT,71375,7145,,,28.44,0,8175,5,7395,6,,,,,
2026/09/10 22:15,2026-09-10T22:30:42+09:00,2026/09/11,2026/11/12,2026-10,CALL,71250,840,,,26.29,26.08,645,2,630,2,,,,,
2026/09/10 22:15,2026-09-10T22:30:42+09:00,2026/09/11,2026/11/12,2026-10,PUT,71250,7040,,,27.42,12.05,7995,1,7290,7,,,,,
2026/09/10 22:15,2026-09-10T22:30:42+09:00,2026/09/11,2026/11/12,2026-10,CALL,71125,845,2,,29.72,25.88,920,12,635,2,,,,,
2026/09/10 22:15,2026-09-10T22:30:42+09:00,2026/09/11,2026/11/12,2026-10,PUT,71125,6920,,,28.29,12.28,7955,1,7170,6,,,,,
2026/09/10 22:15,2026-09-10T22:30:42+09:00,2026/09/11,2026/11/12,2026-10,CALL,71000,860,400,2,26.24,26.03,680,3,665,2,25.66,-55,-6.4,805,09/10 17:46
2026/09/10 22:15,2026-09-10T22:30:42+09:00,2026/09/11,2026/11/12,2026-10,PUT,71000,6840,,,27.47,14.42,7790,15,7090,18,,,,,
2026/09/10 22:15,2026-09-10T22:30:42+09:00,2026/09/11,2026/11/12,2026-10,CALL,70875,910,,,27.06,24.1,760,2,550,10,,,,,
2026/09/10 22:15,2026-09-10T22:30:42+09:00,2026/09/11,2026/11/12,2026-10,PUT,70875,6735,,,29.39,14.95,7835,5,6985,6,,,,,
2026/09/10 22:15,2026-09-10T22:30:42+09:00,2026/09/11,2026/11/12,2026-10,CALL,70750,910,4,,26.44,26.03,735,2,705,2,,,,,
2026/09/10 22:15,2026-09-10T22:30:42+09:00,2026/09/11,2026/11/12,2026-10,PUT,70750,6650,160,,27.5,15.96,7585,1,6900,7,,,,,
2026/09/10 22:15,2026-09-10T22:30:42+09:00,2026/09/11,2026/11/12,2026-10,CALL,70625,965,,,27.21,25.89,815,12,715,2,,,,,
2026/09/10 22:15,2026-09-10T22:30:42+09:00,2026/09/11,2026/11/12,2026-10,PUT,70625,6540,,,27.41,16.14,7475,5,6790,6,,,,,
2026/09/10 22:15,2026-09-10T22:30:42+09:00,2026/09/11,2026/11/12,2026-10,CALL,70500,1000,2,,26.53,26,785,2,745,2,,,,,
2026/09/10 22:15,2026-09-10T22:30:42+09:00,2026/09/11,2026/11/12,2026-10,PUT,70500,6455,,,30.21,16.89,7600,2,6705,12,,,,,
2026/09/10 22:15,2026-09-10T22:30:42+09:00,2026/09/11,2026/11/12,2026-10,CALL,70375,1005,,,29.97,24.3,1085,9,640,9,,,,,
2026/09/10 22:15,2026-09-10T22:30:42+09:00,2026/09/11,2026/11/12,2026-10,PUT,70375,6330,,,28.21,16.67,7335,1,6580,6,,,,,
2026/09/10 22:15,2026-09-10T22:30:42+09:00,2026/09/11,2026/11/12,2026-10,CALL,70250,1020,4,,26.59,26.08,835,3,795,2,,,,,
2026/09/10 22:15,2026-09-10T22:30:42+09:00,2026/09/11,2026/11/12,2026-10,PUT,70250,6235,,,28.34,17.09,7245,6,6485,7,,,,,
2026/09/10 22:15,2026-09-10T22:30:42+09:00,2026/09/11,2026/11/12,2026-10,CALL,70125,1065,,,30,24.88,1140,9,725,1,,,,,
2026/09/10 22:15,2026-09-10T22:30:42+09:00,2026/09/11,2026/11/12,2026-10,PUT,70125,6145,,,28.28,17.56,7140,1,6395,6,,,,,
2026/09/10 22:15,2026-09-10T22:30:42+09:00,2026/09/11,2026/11/12,2026-10,CALL,70000,1090,1505,1,26.5,26.31,875,5,860,2,26.16,-40,-3.86,995,09/10 20:06
2026/09/10 22:15,2026-09-10T22:30:42+09:00,2026/09/11,2026/11/12,2026-10,PUT,70000,6040,460,,27.49,17.69,6975,3,6290,18,,,,,
2026/09/10 22:15,2026-09-10T22:30:42+09:00,2026/09/11,2026/11/12,2026-10,CALL,69875,1130,16,,30.12,25.58,1205,9,825,10,,,,,
2026/09/10 22:15,2026-09-10T22:30:42+09:00,2026/09/11,2026/11/12,2026-10,PUT,69875,5955,,,29.02,18.17,7005,1,6205,6,,,,,
2026/09/10 22:15,2026-09-10T22:30:42+09:00,2026/09/11,2026/11/12,2026-10,CALL,69750,1160,,,26.75,26.26,945,14,905,2,,,,,
2026/09/10 22:15,2026-09-10T22:30:42+09:00,2026/09/11,2026/11/12,2026-10,PUT,69750,5865,,,28.35,18.51,6850,1,6115,7,,,,,
2026/09/10 22:15,2026-09-10T22:30:42+09:00,2026/09/11,2026/11/12,2026-10,CALL,69625,1195,,,27.04,25.28,995,1,850,9,,,,,
2026/09/10 22:15,2026-09-10T22:30:42+09:00,2026/09/11,2026/11/12,2026-10,PUT,69625,5775,,,29.13,18.82,6820,1,6025,6,,,,,
2026/09/10 22:15,2026-09-10T22:30:42+09:00,2026/09/11,2026/11/12,2026-10,CALL,69500,1225,4,,26.78,26.31,1000,2,960,2,,,,,
2026/09/10 22:15,2026-09-10T22:30:42+09:00,2026/09/11,2026/11/12,2026-10,PUT,69500,5680,1,,29.32,19.02,6740,2,5930,12,,,,,
2026/09/10 22:15,2026-09-10T22:30:42+09:00,2026/09/11,2026/11/12,2026-10,CALL,69375,1255,,,27.11,24.49,1055,1,835,1,,,,,
2026/09/10 22:15,2026-09-10T22:30:42+09:00,2026/09/11,2026/11/12,2026-10,PUT,69375,5590,,,27.57,19.28,6490,1,5840,6,,,,,
2026/09/10 22:15,2026-09-10T22:30:42+09:00,2026/09/11,2026/11/12,2026-10,CALL,69250,1295,,,26.79,26.32,1055,2,1015,2,,,,,
2026/09/10 22:15,2026-09-10T22:30:42+09:00,2026/09/11,2026/11/12,2026-10,PUT,69250,5500,,,30.22,19.51,6630,1,5750,7,,,,,
2026/09/10 22:15,2026-09-10T22:30:42+09:00,2026/09/11,2026/11/12,2026-10,CALL,69125,1330,,,27.32,26.18,1130,1,1030,9,,,,,
2026/09/10 22:15,2026-09-10T22:30:42+09:00,2026/09/11,2026/11/12,2026-10,PUT,69125,5410,,,29.99,19.72,6515,5,5660,6,,,,,
2026/09/10 22:15,2026-09-10T22:30:42+09:00,2026/09/11,2026/11/12,2026-10,CALL,69000,1365,1946,,26.88,26.25,1120,2,1065,2,,,,,
2026/09/10 22:15,2026-09-10T22:30:42+09:00,2026/09/11,2026/11/12,2026-10,PUT,69000,5320,450,,28.94,19.92,6325,3,5570,18,,,,,
2026/09/10 22:15,2026-09-10T22:30:42+09:00,2026/09/11,2026/11/12,2026-10,CALL,68875,1405,,,27.5,25.41,1205,10,1020,1,,,,,
2026/09/10 22:15,2026-09-10T22:30:42+09:00,2026/09/11,2026/11/12,2026-10,PUT,68875,5235,,,28.49,20.16,6190,1,5485,6,,,,,
2026/09/10 22:15,2026-09-10T22:30:42+09:00,2026/09/11,2026/11/12,2026-10,CALL,68750,1440,,,27.05,26.38,1195,2,1135,2,,,,,
2026/09/10 22:15,2026-09-10T22:30:42+09:00,2026/09/11,2026/11/12,2026-10,PUT,68750,5145,,,28.2,20.32,6070,6,5395,7,,,,,
2026/09/10 22:15,2026-09-10T22:30:42+09:00,2026/09/11,2026/11/12,2026-10,CALL,68625,1485,,,27.7,26.38,1285,9,1165,8,,,,,
2026/09/10 22:15,2026-09-10T22:30:42+09:00,2026/09/11,2026/11/12,2026-10,PUT,68625,5065,,,29.36,20.59,6085,1,5315,6,,,,,
2026/09/10 22:15,2026-09-10T22:30:42+09:00,2026/09/11,2026/11/12,2026-10,CALL,68500,1525,1,,27.02,26.48,1255,2,1205,2,,,,,
2026/09/10 22:15,2026-09-10T22:30:42+09:00,2026/09/11,2026/11/12,2026-10,PUT,68500,4980,478,,27.83,20.77,5850,2,5230,12,,,,,
2026/09/10 22:15,2026-09-10T22:30:42+09:00,2026/09/11,2026/11/12,2026-10,CALL,68375,1570,16,,27.91,25.7,1370,9,1165,1,,,,,
2026/09/10 22:15,2026-09-10T22:30:42+09:00,2026/09/11,2026/11/12,2026-10,PUT,68375,4900,16,,28.5,21,5820,1,5150,6,,,,,
2026/09/10 22:15,2026-09-10T22:30:42+09:00,2026/09/11,2026/11/12,2026-10,CALL,68250,1610,,,27.18,26.6,1335,2,1280,2,,,,,
2026/09/10 22:15,2026-09-10T22:30:42+09:00,2026/09/11,2026/11/12,2026-10,PUT,68250,4820,,,27.87,26.33,5670,2,5525,2,,,,,
2026/09/10 22:15,2026-09-10T22:30:42+09:00,2026/09/11,2026/11/12,2026-10,CALL,68125,1645,,,27.99,26.62,1445,9,1315,1,,,,,
2026/09/10 22:15,2026-09-10T22:30:42+09:00,2026/09/11,2026/11/12,2026-10,PUT,68125,4725,,,29.14,21.24,5700,1,4975,6,,,,,
2026/09/10 22:15,2026-09-10T22:30:42+09:00,2026/09/11,2026/11/12,2026-10,CALL,68000,1690,431,,27.31,26.73,1415,2,1360,2,,,,,
2026/09/10 22:15,2026-09-10T22:30:42+09:00,2026/09/11,2026/11/12,2026-10,PUT,68000,4645,,,27.47,26.36,5450,2,5345,10,,,,,
2026/09/10 22:15,2026-09-10T22:30:42+09:00,2026/09/11,2026/11/12,2026-10,CALL,67875,1740,5,,28.24,25.95,1540,9,1320,8,,,,,
2026/09/10 22:15,2026-09-10T22:30:42+09:00,2026/09/11,2026/11/12,2026-10,PUT,67875,4570,,,29.37,21.66,5545,8,4820,8,,,,,
2026/09/10 22:15,2026-09-10T22:30:42+09:00,2026/09/11,2026/11/12,2026-10,CALL,67750,1795,28,,27.36,26.58,1490,2,1415,2,,,,,
2026/09/10 22:15,2026-09-10T22:30:42+09:00,2026/09/11,2026/11/12,2026-10,PUT,67750,4500,,,27.61,26.06,5285,2,5135,3,,,,,
2026/09/10 22:15,2026-09-10T22:30:42+09:00,2026/09/11,2026/11/12,2026-10,CALL,67625,1830,,,28.41,26.26,1630,8,1420,1,,,,,
2026/09/10 22:15,2026-09-10T22:30:42+09:00,2026/09/11,2026/11/12,2026-10,PUT,67625,4415,,,29.32,22.02,5365,3,4665,8,,,,,
2026/09/10 22:15,2026-09-10T22:30:42+09:00,2026/09/11,2026/11/12,2026-10,CALL,67500,1885,302,,27.32,26.66,1560,2,1495,2,,,,,
2026/09/10 22:15,2026-09-10T22:30:42+09:00,2026/09/11,2026/11/12,2026-10,PUT,67500,4345,4,,27.83,26.35,5130,2,4985,6,,,,,
2026/09/10 22:15,2026-09-10T22:30:42+09:00,2026/09/11,2026/11/12,2026-10,CALL,67375,1935,,,28.7,25.71,1735,8,1440,7,,,,,
2026/09/10 22:15,2026-09-10T22:30:42+09:00,2026/09/11,2026/11/12,2026-10,PUT,67375,4270,,,28.2,22.43,5080,1,4520,6,,,,,
2026/09/10 22:15,2026-09-10T22:30:42+09:00,2026/09/11,2026/11/12,2026-10,CALL,67250,1980,,,27.61,26.95,1665,1,1600,1,,,,,
2026/09/10 22:15,2026-09-10T22:30:42+09:00,2026/09/11,2026/11/12,2026-10,PUT,67250,4190,,,27.61,26.35,4935,1,4810,1,,,,,
2026/09/10 22:15,2026-09-10T22:30:42+09:00,2026/09/11,2026/11/12,2026-10,CALL,67125,2030,,,28.36,25.91,1780,8,1535,7,,,,,
2026/09/10 22:15,2026-09-10T22:30:42+09:00,2026/09/11,2026/11/12,2026-10,PUT,67125,4115,,,29.25,22.69,5015,1,4365,6,,,,,
2026/09/10 22:15,2026-09-10T22:30:42+09:00,2026/09/11,2026/11/12,2026-10,CALL,67000,2060,1130,4,27.56,26.82,1740,1,1665,1,27.13,,,1970,09/10 19:36
2026/09/10 22:15,2026-09-10T22:30:42+09:00,2026/09/11,2026/11/12,2026-10,PUT,67000,4025,870,,27.86,26.57,4790,4,4660,5,,,,,
2026/09/10 22:15,2026-09-10T22:30:42+09:00,2026/09/11,2026/11/12,2026-10,CALL,66875,2135,,,28.59,26.12,1885,8,1635,7,,,,,
2026/09/10 22:15,2026-09-10T22:30:42+09:00,2026/09/11,2026/11/12,2026-10,PUT,66875,3970,,,29.42,23,4865,1,4220,6,,,,,
2026/09/10 22:15,2026-09-10T22:30:42+09:00,2026/09/11,2026/11/12,2026-10,CALL,66750,2175,,,27.64,26.85,1830,1,1750,1,,,,,
2026/09/10 22:15,2026-09-10T22:30:42+09:00,2026/09/11,2026/11/12,2026-10,PUT,66750,3885,,,28.03,26.6,4640,1,4495,1,,,,,
2026/09/10 22:15,2026-09-10T22:30:42+09:00,2026/09/11,2026/11/12,2026-10,CALL,66625,2240,,,28.01,26.83,1910,20,1790,20,,,,,
2026/09/10 22:15,2026-09-10T22:30:42+09:00,2026/09/11,2026/11/12,2026-10,PUT,66625,3825,,,28.49,23.27,4605,1,4075,6,,,,,
2026/09/10 22:15,2026-09-10T22:30:42+09:00,2026/09/11,2026/11/12,2026-10,CALL,66500,2275,,,27.68,27,1920,1,1850,1,,,,,
2026/09/10 22:15,2026-09-10T22:30:42+09:00,2026/09/11,2026/11/12,2026-10,PUT,66500,3735,239,,28.31,26.71,4505,5,4340,5,,,,,
2026/09/10 22:15,2026-09-10T22:30:42+09:00,2026/09/11,2026/11/12,2026-10,CALL,66375,2335,,,28.08,26.92,2005,20,1885,20,,,,,
2026/09/10 22:15,2026-09-10T22:30:42+09:00,2026/09/11,2026/11/12,2026-10,PUT,66375,3670,,,29.67,23.4,4565,6,3920,6,,,,,
2026/09/10 22:15,2026-09-10T22:30:42+09:00,2026/09/11,2026/11/12,2026-10,CALL,66250,2390,,,27.84,27.17,2025,1,1955,2,,,,,
2026/09/10 22:15,2026-09-10T22:30:42+09:00,2026/09/11,2026/11/12,2026-10,PUT,66250,3605,,,28.28,27.17,4340,1,4225,1,,,,,
2026/09/10 22:15,2026-09-10T22:30:42+09:00,2026/09/11,2026/11/12,2026-10,CALL,66125,2450,3,,28.13,27.02,2100,7,1985,20,,,,,
2026/09/10 22:15,2026-09-10T22:30:42+09:00,2026/09/11,2026/11/12,2026-10,PUT,66125,3540,,,28.22,23.73,4255,1,3790,6,,,,,
2026/09/10 22:15,2026-09-10T22:30:42+09:00,2026/09/11,2026/11/12,2026-10,CALL,66000,2505,486,3,27.92,27.3,2125,1,2060,1,26.71,,,2445,09/10 17:12
2026/09/10 22:15,2026-09-10T22:30:42+09:00,2026/09/11,2026/11/12,2026-10,PUT,66000,3465,1720,,28.26,26.96,4180,1,4045,5,,,,,
2026/09/10 22:15,2026-09-10T22:30:42+09:00,2026/09/11,2026/11/12,2026-10,CALL,65875,2570,50,,28.05,27.33,2185,20,2110,1,,,,,
2026/09/10 22:15,2026-09-10T22:30:42+09:00,2026/09/11,2026/11/12,2026-10,PUT,65875,3405,,,30.85,23.98,4375,1,3655,6,,,,,
2026/09/10 22:15,2026-09-10T22:30:42+09:00,2026/09/11,2026/11/12,2026-10,CALL,65750,2585,1,,28.07,27.4,2235,1,2165,1,,,,,
2026/09/10 22:15,2026-09-10T22:30:42+09:00,2026/09/11,2026/11/12,2026-10,PUT,65750,3315,,,28.64,27.35,4065,2,3930,1,,,,,
2026/09/10 22:15,2026-09-10T22:30:42+09:00,2026/09/11,2026/11/12,2026-10,CALL,65625,2680,,,28.18,27.04,2295,20,2175,20,,,,,
2026/09/10 22:15,2026-09-10T22:30:42+09:00,2026/09/11,2026/11/12,2026-10,PUT,65625,3270,,,28.41,24.18,3965,6,3520,7,,,,,
2026/09/10 22:15,2026-09-10T22:30:42+09:00,2026/09/11,2026/11/12,2026-10,CALL,65500,2755,171,,28.18,27.52,2345,1,2275,1,,,,,
2026/09/10 22:15,2026-09-10T22:30:42+09:00,2026/09/11,2026/11/12,2026-10,PUT,65500,3215,100,,28.23,27.47,3870,1,3790,1,,,,,
2026/09/10 22:15,2026-09-10T22:30:42+09:00,2026/09/11,2026/11/12,2026-10,CALL,65375,2815,11,,28.32,27.19,2410,20,2290,20,,,,,
2026/09/10 22:15,2026-09-10T22:30:42+09:00,2026/09/11,2026/11/12,2026-10,PUT,65375,3155,30,,28.42,24.54,3815,1,3405,7,,,,,
2026/09/10 22:15,2026-09-10T22:30:42+09:00,2026/09/11,2026/11/12,2026-10,CALL,65250,2855,,,28.31,27.28,2460,9,2350,1,,,,,
2026/09/10 22:15,2026-09-10T22:30:42+09:00,2026/09/11,2026/11/12,2026-10,PUT,65250,3070,,,28.64,27.28,3765,2,3620,1,,,,,
2026/09/10 22:15,2026-09-10T22:30:42+09:00,2026/09/11,2026/11/12,2026-10,CALL,65125,2925,,,28.44,27.31,2525,20,2405,20,,,,,
2026/09/10 22:15,2026-09-10T22:30:42+09:00,2026/09/11,2026/11/12,2026-10,PUT,65125,3015,,,29.05,24.62,3735,6,3265,7,,,,,
2026/09/10 22:15,2026-09-10T22:30:42+09:00,2026/09/11,2026/11/12,2026-10,CALL,65000,2995,357,,28.46,27.43,2580,1,2470,1,,,,,
2026/09/10 22:15,2026-09-10T22:30:42+09:00,2026/09/11,2026/11/12,2026-10,PUT,65000,2960,901,1,28.55,27.52,3610,1,3500,5,28.31,,,3155,09/10 18:20
2026/09/10 22:15,2026-09-10T22:30:42+09:00,2026/09/11,2026/11/12,2026-10,CALL,64875,3035,,,28.57,27.44,2645,20,2525,20,,,,,
2026/09/10 22:15,2026-09-10T22:30:42+09:00,2026/09/11,2026/11/12,2026-10,PUT,64875,2890,,,28.52,27.54,3535,1,3430,20,,,,,
2026/09/10 22:15,2026-09-10T22:30:42+09:00,2026/09/11,2026/11/12,2026-10,CALL,64750,3170,,,28.62,27.83,2705,1,2620,1,,,,,
2026/09/10 22:15,2026-09-10T22:30:42+09:00,2026/09/11,2026/11/12,2026-10,PUT,64750,2885,,,28.48,27.64,3460,1,3370,1,,,,,
2026/09/10 22:15,2026-09-10T22:30:42+09:00,2026/09/11,2026/11/12,2026-10,CALL,64625,3175,,,28.72,27.59,2770,20,2650,20,,,,,
2026/09/10 22:15,2026-09-10T22:30:42+09:00,2026/09/11,2026/11/12,2026-10,PUT,64625,2770,,,28.72,27.73,3415,1,3310,20,,,,,
2026/09/10 22:15,2026-09-10T22:30:42+09:00,2026/09/11,2026/11/12,2026-10,CALL,64500,3245,,,28.76,27.77,2830,5,2725,2,,,,,
2026/09/10 22:15,2026-09-10T22:30:42+09:00,2026/09/11,2026/11/12,2026-10,PUT,64500,2715,300,,28.9,27.87,3365,1,3255,1,,,,,
2026/09/10 22:15,2026-09-10T22:30:42+09:00,2026/09/11,2026/11/12,2026-10,CALL,64375,3365,,,28.88,27.85,2900,20,2790,1,,,,,
2026/09/10 22:15,2026-09-10T22:30:42+09:00,2026/09/11,2026/11/12,2026-10,PUT,64375,2705,,,29.02,27.9,3310,26,3190,20,,,,,
2026/09/10 22:15,2026-09-10T22:30:42+09:00,2026/09/11,2026/11/12,2026-10,CALL,64250,3385,,,28.86,27.92,2955,2,2855,1,,,,,
2026/09/10 22:15,2026-09-10T22:30:42+09:00,2026/09/11,2026/11/12,2026-10,PUT,64250,2605,,,29.09,28.06,3250,41,3140,1,,,,,
2026/09/10 22:15,2026-09-10T22:30:42+09:00,2026/09/11,2026/11/12,2026-10,CALL,64125,3450,,,29.02,27.89,3030,20,2910,20,,,,,
2026/09/10 22:15,2026-09-10T22:30:42+09:00,2026/09/11,2026/11/12,2026-10,PUT,64125,2555,,,28.78,27.66,3150,20,3030,20,,,,,
2026/09/10 22:15,2026-09-10T22:30:42+09:00,2026/09/11,2026/11/12,2026-10,CALL,64000,3550,125,,28.75,28.14,3060,1,2995,1,,,,,
2026/09/10 22:15,2026-09-10T22:30:42+09:00,2026/09/11,2026/11/12,2026-10,PUT,64000,2520,466,,28.79,27.86,3085,1,2985,16,,,,,
2026/09/10 22:15,2026-09-10T22:30:42+09:00,2026/09/11,2026/11/12,2026-10,CALL,63875,3640,,,29.03,27.95,3150,20,3035,1,,,,,
2026/09/10 22:15,2026-09-10T22:30:42+09:00,2026/09/11,2026/11/12,2026-10,PUT,63875,2485,,,28.89,27.86,3030,7,2920,7,,,,,
2026/09/10 22:15,2026-09-10T22:30:42+09:00,2026/09/11,2026/11/12,2026-10,CALL,63750,3710,,,28.88,28.23,3195,1,3125,1,,,,,
2026/09/10 22:15,2026-09-10T22:30:42+09:00,2026/09/11,2026/11/12,2026-10,PUT,63750,2430,,,28.93,27.94,2970,1,2865,9,,,,,
2026/09/10 22:15,2026-09-10T22:30:42+09:00,2026/09/11,2026/11/12,2026-10,CALL,63625,3750,,,31.18,26.89,3500,6,3045,5,,,,,
2026/09/10 22:15,2026-09-10T22:30:42+09:00,2026/09/11,2026/11/12,2026-10,PUT,63625,2340,,,29.11,27.98,2925,20,2805,20,,,,,
2026/09/10 22:15,2026-09-10T22:30:42+09:00,2026/09/11,2026/11/12,2026-10,CALL,63500,3880,,,29.13,27.72,3345,1,3195,5,,,,,
2026/09/10 22:15,2026-09-10T22:30:42+09:00,2026/09/11,2026/11/12,2026-10,PUT,63500,2345,5,,29.04,28.19,2855,1,2765,50,,,,,
2026/09/10 22:15,2026-09-10T22:30:42+09:00,2026/09/11,2026/11/12,2026-10,CALL,63375,3910,,,31.52,27.4,3660,6,3225,1,,,,,
2026/09/10 22:15,2026-09-10T22:30:42+09:00,2026/09/11,2026/11/12,2026-10,PUT,63375,2255,,,29.25,28.11,2815,20,2695,20,,,,,
2026/09/10 22:15,2026-09-10T22:30:42+09:00,2026/09/11,2026/11/12,2026-10,CALL,63250,3985,,,29.5,28.17,3510,1,3370,1,,,,,
2026/09/10 22:15,2026-09-10T22:30:42+09:00,2026/09/11,2026/11/12,2026-10,PUT,63250,2205,,,29.35,28.31,2765,1,2655,1,,,,,
2026/09/10 22:15,2026-09-10T22:30:42+09:00,2026/09/11,2026/11/12,2026-10,CALL,63125,4070,,,31.83,27.6,3820,6,3375,1,,,,,
2026/09/10 22:15,2026-09-10T22:30:42+09:00,2026/09/11,2026/11/12,2026-10,PUT,63125,2160,,,29.45,28.31,2715,20,2595,20,,,,,
2026/09/10 22:15,2026-09-10T22:30:42+09:00,2026/09/11,2026/11/12,2026-10,CALL,63000,4190,,,29.78,28.02,3670,5,3485,5,,,,,
2026/09/10 22:15,2026-09-10T22:30:42+09:00,2026/09/11,2026/11/12,2026-10,PUT,63000,2160,563,,29.21,28.59,2630,3,2565,42,,,,,
2026/09/10 22:15,2026-09-10T22:30:42+09:00,2026/09/11,2026/11/12,2026-10,CALL,62875,4305,,,32.83,27.34,4055,6,3480,1,,,,,
2026/09/10 22:15,2026-09-10T22:30:42+09:00,2026/09/11,2026/11/12,2026-10,PUT,62875,2150,5,,29.58,28.44,2610,20,2490,20,,,,,
2026/09/10 22:15,2026-09-10T22:30:42+09:00,2026/09/11,2026/11/12,2026-10,CALL,62750,4385,,,29.9,28.42,3815,1,3660,1,,,,,
2026/09/10 22:15,2026-09-10T22:30:42+09:00,2026/09/11,2026/11/12,2026-10,PUT,62750,2105,,,29.42,28.66,2535,1,2455,1,,,,,
2026/09/10 22:15,2026-09-10T22:30:42+09:00,2026/09/11,2026/11/12,2026-10,CALL,62625,4465,,,33.1,26.26,4215,6,3505,5,,,,,
2026/09/10 22:15,2026-09-10T22:30:42+09:00,2026/09/11,2026/11/12,2026-10,PUT,62625,2060,,,29.83,28.68,2520,20,2400,20,,,,,
2026/09/10 22:15,2026-09-10T22:30:42+09:00,2026/09/11,2026/11/12,2026-10,CALL,62500,4575,,,30.09,28.4,3970,5,3795,1,,,,,
2026/09/10 22:15,2026-09-10T22:30:42+09:00,2026/09/11,2026/11/12,2026-10,PUT,62500,1960,355,,29.8,28.74,2460,1,2350,41,,,,,
2026/09/10 22:15,2026-09-10T22:30:42+09:00,2026/09/11,2026/11/12,2026-10,CALL,62375,4620,,,33.29,27.43,4370,6,3765,1,,,,,
2026/09/10 22:15,2026-09-10T22:30:42+09:00,2026/09/11,2026/11/12,2026-10,PUT,62375,1970,,,29.76,28.59,2400,20,2280,20,,,,,
2026/09/10 22:15,2026-09-10T22:30:42+09:00,2026/09/11,2026/11/12,2026-10,CALL,62250,4710,,,30.44,28.49,4145,1,3945,1,,,,,
2026/09/10 22:15,2026-09-10T22:30:42+09:00,2026/09/11,2026/11/12,2026-10,PUT,62250,1930,12,,29.9,28.88,2360,1,2255,2,,,,,
2026/09/10 22:15,2026-09-10T22:30:42+09:00,2026/09/11,2026/11/12,2026-10,CALL,62125,4795,,,33.65,26.27,4545,8,3790,7,,,,,
2026/09/10 22:15,2026-09-10T22:30:42+09:00,2026/09/11,2026/11/12,2026-10,PUT,62125,1890,,,30.05,28.87,2320,20,2200,20,,,,,
2026/09/10 22:15,2026-09-10T22:30:42+09:00,2026/09/11,2026/11/12,2026-10,CALL,62000,4870,,,30.42,28.9,4285,9,4130,1,,,,,
2026/09/10 22:15,2026-09-10T22:30:42+09:00,2026/09/11,2026/11/12,2026-10,PUT,62000,1845,1223,,29.88,29.05,2250,2,2165,5,,,,,
2026/09/10 22:15,2026-09-10T22:30:42+09:00,2026/09/11,2026/11/12,2026-10,CALL,61875,4965,,,33.95,28.43,4715,8,4155,3,,,,,
2026/09/10 22:15,2026-09-10T22:30:42+09:00,2026/09/11,2026/11/12,2026-10,PUT,61875,1810,,,30.7,25.79,2280,8,1785,7,,,,,
2026/09/10 22:15,2026-09-10T22:30:42+09:00,2026/09/11,2026/11/12,2026-10,CALL,61750,5050,,,30.48,28.69,4435,2,4255,2,,,,,
2026/09/10 22:15,2026-09-10T22:30:42+09:00,2026/09/11,2026/11/12,2026-10,PUT,61750,1775,,,30.28,29.18,2185,3,2075,2,,,,,
2026/09/10 22:15,2026-09-10T22:30:42+09:00,2026/09/11,2026/11/12,2026-10,CALL,61625,5145,,,34.32,27.74,4895,8,4235,3,,,,,
2026/09/10 22:15,2026-09-10T22:30:42+09:00,2026/09/11,2026/11/12,2026-10,PUT,61625,1740,,,30.09,28.34,2115,8,1940,8,,,,,
2026/09/10 22:15,2026-09-10T22:30:42+09:00,2026/09/11,2026/11/12,2026-10,CALL,61500,5230,,,30.75,28.28,4610,6,4365,6,,,,,
2026/09/10 22:15,2026-09-10T22:30:42+09:00,2026/09/11,2026/11/12,2026-10,PUT,61500,1705,18,,30.2,29.29,2075,2,1985,2,,,,,
2026/09/10 22:15,2026-09-10T22:30:42+09:00,2026/09/11,2026/11/12,2026-10,CALL,61375,5320,,,34.61,28.22,5070,8,4435,3,,,,,
2026/09/10 22:15,2026-09-10T22:30:42+09:00,2026/09/11,2026/11/12,2026-10,PUT,61375,1665,,,31.05,28.57,2110,8,1865,9,,,,,
2026/09/10 22:15,2026-09-10T22:30:42+09:00,2026/09/11,2026/11/12,2026-10,CALL,61250,5405,,,31.05,29.37,4790,3,4625,2,,,,,
2026/09/10 22:15,2026-09-10T22:30:42+09:00,2026/09/11,2026/11/12,2026-10,PUT,61250,1630,16,,30.29,29.47,1985,3,1905,13,,,,,
2026/09/10 22:15,2026-09-10T22:30:42+09:00,2026/09/11,2026/11/12,2026-10,CALL,61000,5595,200,,35.15,28.07,5345,22,4655,6,,,,,
2026/09/10 22:15,2026-09-10T22:30:42+09:00,2026/09/11,2026/11/12,2026-10,PUT,61000,1570,621,,30.4,29.78,1900,2,1840,2,,,,,
2026/09/10 22:15,2026-09-10T22:30:42+09:00,2026/09/11,2026/11/12,2026-10,CALL,60750,5770,,,35.39,27.9,5520,8,4800,7,,,,,
2026/09/10 22:15,2026-09-10T22:30:42+09:00,2026/09/11,2026/11/12,2026-10,PUT,60750,1490,28,,30.53,29.91,1820,2,1760,2,,,,,
2026/09/10 22:15,2026-09-10T22:30:42+09:00,2026/09/11,2026/11/12,2026-10,CALL,60500,5955,100,,35.67,27.37,5700,1,4915,1,,,,,
2026/09/10 22:15,2026-09-10T22:30:42+09:00,2026/09/11,2026/11/12,2026-10,PUT,60500,1430,103,,30.69,30.16,1745,2,1695,2,,,,,
2026/09/10 22:15,2026-09-10T22:30:42+09:00,2026/09/11,2026/11/12,2026-10,CALL,60250,6130,,,35.92,27.17,5880,8,5065,2,,,,,
2026/09/10 22:15,2026-09-10T22:30:42+09:00,2026/09/11,2026/11/12,2026-10,PUT,60250,1355,17,,31.04,30.29,1690,2,1620,2,,,,,
2026/09/10 22:15,2026-09-10T22:30:42+09:00,2026/09/11,2026/11/12,2026-10,CALL,60000,6345,100,,36.52,28.67,6095,18,5370,3,,,,,
2026/09/10 22:15,2026-09-10T22:30:42+09:00,2026/09/11,2026/11/12,2026-10,PUT,60000,1260,657,2,31.15,30.44,1615,2,1550,2,30.77,50,3.97,1310,09/10 17:09
2026/09/10 22:15,2026-09-10T22:30:42+09:00,2026/09/11,2026/11/12,2026-10,CALL,59750,6530,,,36.79,27.78,6280,7,5465,1,,,,,
2026/09/10 22:15,2026-09-10T22:30:42+09:00,2026/09/11,2026/11/12,2026-10,PUT,59750,1260,1,,31.18,30.67,1535,2,1490,2,,,,,
2026/09/10 22:15,2026-09-10T22:30:42+09:00,2026/09/11,2026/11/12,2026-10,CALL,59500,6715,,,37.04,27.46,6465,12,5615,2,,,,,
2026/09/10 22:15,2026-09-10T22:30:42+09:00,2026/09/11,2026/11/12,2026-10,PUT,59500,1195,1965,2,31.34,30.94,1470,4,1435,4,31.18,,,1360,09/10 21:05
2026/09/10 22:15,2026-09-10T22:30:42+09:00,2026/09/11,2026/11/12,2026-10,CALL,59250,6935,,,37.66,30.08,6685,7,6015,1,,,,,
2026/09/10 22:15,2026-09-10T22:30:42+09:00,2026/09/11,2026/11/12,2026-10,PUT,59250,1160,6,,31.53,30.95,1410,2,1360,14,,,,,
2026/09/10 22:15,2026-09-10T22:30:42+09:00,2026/09/11,2026/11/12,2026-10,CALL,59000,7115,,,37.81,28.82,6865,18,6090,15,,,,,
2026/09/10 22:15,2026-09-10T22:30:42+09:00,2026/09/11,2026/11/12,2026-10,PUT,59000,1095,372,1,31.7,31.29,1350,5,1315,52,31.52,40,3.32,1245,09/10 21:05
2026/09/10 22:15,2026-09-10T22:30:42+09:00,2026/09/11,2026/11/12,2026-10,CALL,58750,7310,,,38.12,28.71,7060,7,6265,1,,,,,
2026/09/10 22:15,2026-09-10T22:30:42+09:00,2026/09/11,2026/11/12,2026-10,PUT,58750,1040,13,2,31.97,31.48,1300,3,1260,3,31.74,,,1195,09/10 21:05
2026/09/10 22:15,2026-09-10T22:30:42+09:00,2026/09/11,2026/11/12,2026-10,CALL,58500,7520,,,38.58,29.08,7270,12,6480,2,,,,,
2026/09/10 22:15,2026-09-10T22:30:42+09:00,2026/09/11,2026/11/12,2026-10,PUT,58500,1000,342,1,32.08,31.59,1240,4,1200,42,31.91,-125,-10.42,1075,09/10 19:59
2026/09/10 22:15,2026-09-10T22:30:42+09:00,2026/09/11,2026/11/12,2026-10,CALL,58250,7725,,,38.96,30.4,7475,7,6770,1,,,,,
2026/09/10 22:15,2026-09-10T22:30:42+09:00,2026/09/11,2026/11/12,2026-10,PUT,58250,950,86,,32.43,31.92,1200,2,1160,2,,,,,
2026/09/10 22:15,2026-09-10T22:30:42+09:00,2026/09/11,2026/11/12,2026-10,CALL,58000,7940,1,,39.45,30.87,7690,18,6995,2,,,,,
2026/09/10 22:15,2026-09-10T22:30:42+09:00,2026/09/11,2026/11/12,2026-10,PUT,58000,910,711,,32.49,32.05,1140,2,1105,2,,,,,
2026/09/10 22:15,2026-09-10T22:30:42+09:00,2026/09/11,2026/11/12,2026-10,CALL,57750,8175,,,40.17,28.3,7925,7,7000,1,,,,,
2026/09/10 22:15,2026-09-10T22:30:42+09:00,2026/09/11,2026/11/12,2026-10,PUT,57750,910,123,,32.79,32.2,1100,2,1055,16,,,,,
2026/09/10 22:15,2026-09-10T22:30:42+09:00,2026/09/11,2026/11/12,2026-10,CALL,57500,8360,100,,40.28,31.04,8110,12,7390,2,,,,,
2026/09/10 22:15,2026-09-10T22:30:42+09:00,2026/09/11,2026/11/12,2026-10,PUT,57500,835,451,,33.01,32.4,1055,2,1010,2,,,,,
2026/09/10 22:15,2026-09-10T22:30:42+09:00,2026/09/11,2026/11/12,2026-10,CALL,57250,8580,,,40.79,25.3,8330,7,7215,1,,,,,
2026/09/10 22:15,2026-09-10T22:30:42+09:00,2026/09/11,2026/11/12,2026-10,PUT,57250,800,105,,33.2,32.58,1010,2,965,2,,,,,
2026/09/10 22:15,2026-09-10T22:30:42+09:00,2026/09/11,2026/11/12,2026-10,CALL,57000,8790,,,41.17,31.44,8540,18,7810,3,,,,,
2026/09/10 22:15,2026-09-10T22:30:42+09:00,2026/09/11,2026/11/12,2026-10,PUT,57000,755,743,,33.44,32.87,970,2,930,2,,,,,
2026/09/10 22:15,2026-09-10T22:30:42+09:00,2026/09/11,2026/11/12,2026-10,CALL,56750,9010,,,41.66,29.52,8760,7,7885,6,,,,,
2026/09/10 22:15,2026-09-10T22:30:42+09:00,2026/09/11,2026/11/12,2026-10,PUT,56750,735,52,,33.65,33.08,930,2,890,2,,,,,
2026/09/10 22:15,2026-09-10T22:30:42+09:00,2026/09/11,2026/11/12,2026-10,CALL,56500,9250,,,42.4,31.27,9000,12,8200,2,,,,,
2026/09/10 22:15,2026-09-10T22:30:42+09:00,2026/09/11,2026/11/12,2026-10,PUT,56500,710,389,,33.92,33.4,895,2,860,2,,,,,
2026/09/10 22:15,2026-09-10T22:30:42+09:00,2026/09/11,2026/11/12,2026-10,CALL,56250,9450,,,42.62,30.88,9200,7,8380,1,,,,,
2026/09/10 22:15,2026-09-10T22:30:42+09:00,2026/09/11,2026/11/12,2026-10,PUT,56250,680,64,,34.02,33.64,850,2,825,2,,,,,
2026/09/10 22:15,2026-09-10T22:30:42+09:00,2026/09/11,2026/11/12,2026-10,CALL,56000,9665,34,,43.01,29.26,9415,18,8495,3,,,,,
2026/09/10 22:15,2026-09-10T22:30:42+09:00,2026/09/11,2026/11/12,2026-10,PUT,56000,655,651,3,34.24,33.93,815,8,795,2,34.11,50,7.14,750,09/10 21:05
2026/09/10 22:15,2026-09-10T22:30:42+09:00,2026/09/11,2026/11/12,2026-10,CALL,55750,9895,,,43.6,28.04,9645,7,8645,6,,,,,
2026/09/10 22:15,2026-09-10T22:30:42+09:00,2026/09/11,2026/11/12,2026-10,PUT,55750,630,34,,34.61,34.13,790,2,760,2,,,,,
2026/09/10 22:15,2026-09-10T22:30:42+09:00,2026/09/11,2026/11/12,2026-10,CALL,55500,10140,,,44.38,32.44,9890,12,9095,2,,,,,
2026/09/10 22:15,2026-09-10T22:30:42+09:00,2026/09/11,2026/11/12,2026-10,PUT,55500,650,166,,34.79,34.38,755,6,730,6,,,,,
2026/09/10 22:15,2026-09-10T22:30:42+09:00,2026/09/11,2026/11/12,2026-10,CALL,55250,10365,,,44.88,32.26,10115,7,9295,6,,,,,
2026/09/10 22:15,2026-09-10T22:30:42+09:00,2026/09/11,2026/11/12,2026-10,PUT,55250,580,33,,35.12,34.62,730,2,700,5,,,,,
2026/09/10 22:15,2026-09-10T22:30:42+09:00,2026/09/11,2026/11/12,2026-10,CALL,55000,10590,,,45.38,27.46,10340,18,9280,15,,,,,
2026/09/10 22:15,2026-09-10T22:30:42+09:00,2026/09/11,2026/11/12,2026-10,PUT,55000,560,517,,35.27,35.01,695,2,680,2,,,,,
2026/09/10 22:15,2026-09-10T22:30:42+09:00,2026/09/11,2026/11/12,2026-10,CALL,54750,10800,,,45.65,28.8,10550,7,9560,6,,,,,
2026/09/10 22:15,2026-09-10T22:30:42+09:00,2026/09/11,2026/11/12,2026-10,PUT,54750,540,3,,35.65,35.12,675,2,645,5,,,,,
2026/09/10 22:15,2026-09-10T22:30:42+09:00,2026/09/11,2026/11/12,2026-10,CALL,54500,11045,,,46.42,30.02,10795,10,9835,2,,,,,
2026/09/10 22:15,2026-09-10T22:30:42+09:00,2026/09/11,2026/11/12,2026-10,PUT,54500,535,901,,35.84,35.39,645,8,620,2,,,,,
2026/09/10 22:15,2026-09-10T22:30:42+09:00,2026/09/11,2026/11/12,2026-10,CALL,54250,11260,,,46.75,31.58,11010,7,10125,6,,,,,
2026/09/10 22:15,2026-09-10T22:30:42+09:00,2026/09/11,2026/11/12,2026-10,PUT,54250,500,9,,36.1,35.73,620,2,600,2,,,,,
2026/09/10 22:15,2026-09-10T22:30:42+09:00,2026/09/11,2026/11/12,2026-10,CALL,54000,11500,,,47.43,30.59,11250,18,10305,3,,,,,
2026/09/10 22:15,2026-09-10T22:30:42+09:00,2026/09/11,2026/11/12,2026-10,PUT,54000,520,647,,36.35,35.96,595,11,575,2,,,,,
2026/09/10 22:15,2026-09-10T22:30:42+09:00,2026/09/11,2026/11/12,2026-10,CALL,53750,11735,,,48.04,33.57,11485,7,10655,1,,,,,
2026/09/10 22:15,2026-09-10T22:30:42+09:00,2026/09/11,2026/11/12,2026-10,PUT,53750,465,40,,36.67,36.18,575,2,550,2,,,,,
2026/09/10 22:15,2026-09-10T22:30:42+09:00,2026/09/11,2026/11/12,2026-10,CALL,53500,11965,,,48.56,25.46,11715,12,10600,10,,,,,
2026/09/10 22:15,2026-09-10T22:30:42+09:00,2026/09/11,2026/11/12,2026-10,PUT,53500,455,533,1,36.88,36.48,550,2,530,2,36.65,75,16.48,530,09/10 21:39
2026/09/10 22:15,2026-09-10T22:30:42+09:00,2026/09/11,2026/11/12,2026-10,CALL,53250,12190,,,49.01,27.76,11940,7,10895,6,,,,,
2026/09/10 22:15,2026-09-10T22:30:42+09:00,2026/09/11,2026/11/12,2026-10,PUT,53250,430,37,,37.17,36.76,530,5,510,2,,,,,
2026/09/10 22:15,2026-09-10T22:30:42+09:00,2026/09/11,2026/11/12,2026-10,CALL,53000,12425,,,49.6,27.18,12175,15,11115,12,,,,,
2026/09/10 22:15,2026-09-10T22:30:42+09:00,2026/09/11,2026/11/12,2026-10,PUT,53000,415,171,,37.56,37.13,515,64,495,2,,,,,
2026/09/10 22:15,2026-09-10T22:30:42+09:00,2026/09/11,2026/11/12,2026-10,CALL,52750,12670,,,50.34,27.53,12420,7,11360,1,,,,,
2026/09/10 22:15,2026-09-10T22:30:42+09:00,2026/09/11,2026/11/12,2026-10,PUT,52750,405,19,,37.82,37.38,495,2,475,5,,,,,
2026/09/10 22:15,2026-09-10T22:30:42+09:00,2026/09/11,2026/11/12,2026-10,CALL,52500,12890,,,50.69,34.69,12640,12,11815,10,,,,,
2026/09/10 22:15,2026-09-10T22:30:42+09:00,2026/09/11,2026/11/12,2026-10,PUT,52500,385,462,1,38.07,37.73,475,2,460,2,37.77,,,460,09/10 21:48
2026/09/10 22:15,2026-09-10T22:30:42+09:00,2026/09/11,2026/11/12,2026-10,CALL,52250,13130,,,51.34,27.74,12880,7,11840,1,,,,,
2026/09/10 22:15,2026-09-10T22:30:42+09:00,2026/09/11,2026/11/12,2026-10,PUT,52250,375,8,,38.41,37.95,460,5,440,2,,,,,
2026/09/10 22:15,2026-09-10T22:30:42+09:00,2026/09/11,2026/11/12,2026-10,CALL,52000,13370,,,52,28.52,13120,18,12095,15,,,,,
2026/09/10 22:15,2026-09-10T22:30:42+09:00,2026/09/11,2026/11/12,2026-10,PUT,52000,365,1473,,38.75,38.39,445,11,430,2,,,,,
2026/09/10 22:15,2026-09-10T22:30:42+09:00,2026/09/11,2026/11/12,2026-10,CALL,51750,13615,,,52.74,34.63,13365,7,12495,1,,,,,
2026/09/10 22:15,2026-09-10T22:30:42+09:00,2026/09/11,2026/11/12,2026-10,PUT,51750,360,57,,38.95,38.58,425,2,410,2,,,,,
2026/09/10 22:15,2026-09-10T22:30:42+09:00,2026/09/11,2026/11/12,2026-10,CALL,51500,13855,,,53.39,31.99,13605,12,12650,2,,,,,
2026/09/10 22:15,2026-09-10T22:30:42+09:00,2026/09/11,2026/11/12,2026-10,PUT,51500,340,366,,39.25,38.87,410,2,395,2,,,,,
2026/09/10 22:15,2026-09-10T22:30:42+09:00,2026/09/11,2026/11/12,2026-10,CALL,51250,14095,,,54.04,31.76,13845,7,12880,1,,,,,
2026/09/10 22:15,2026-09-10T22:30:42+09:00,2026/09/11,2026/11/12,2026-10,PUT,51250,340,10,,39.67,39.16,400,5,380,5,,,,,
2026/09/10 22:15,2026-09-10T22:30:42+09:00,2026/09/11,2026/11/12,2026-10,CALL,51000,14335,,,54.69,34.85,14085,15,13195,12,,,,,
2026/09/10 22:15,2026-09-10T22:30:42+09:00,2026/09/11,2026/11/12,2026-10,PUT,51000,330,612,,39.96,39.56,385,27,370,2,,,,,
2026/09/10 22:15,2026-09-10T22:30:42+09:00,2026/09/11,2026/11/12,2026-10,CALL,50750,14575,,,55.34,,14325,7,13035,1,,,,,
2026/09/10 22:15,2026-09-10T22:30:42+09:00,2026/09/11,2026/11/12,2026-10,PUT,50750,305,115,,40.22,39.81,370,2,355,2,,,,,
2026/09/10 22:15,2026-09-10T22:30:42+09:00,2026/09/11,2026/11/12,2026-10,CALL,50500,14815,,,55.99,36.6,14565,12,13710,2,,,,,
2026/09/10 22:15,2026-09-10T22:30:42+09:00,2026/09/11,2026/11/12,2026-10,PUT,50500,290,170,,40.61,40.33,360,8,350,2,,,,,
2026/09/10 22:15,2026-09-10T22:30:42+09:00,2026/09/11,2026/11/12,2026-10,CALL,50250,15055,35,,56.63,25.55,14805,7,13755,6,,,,,
2026/09/10 22:15,2026-09-10T22:30:42+09:00,2026/09/11,2026/11/12,2026-10,PUT,50250,300,77,,40.85,40.57,345,2,335,2,,,,,
2026/09/10 22:15,2026-09-10T22:30:42+09:00,2026/09/11,2026/11/12,2026-10,CALL,50000,15285,,,57.09,30.26,15035,18,14050,3,,,,,
2026/09/10 22:15,2026-09-10T22:30:42+09:00,2026/09/11,2026/11/12,2026-10,PUT,50000,281,860,2,41.23,40.78,335,34,320,2,41.17,24,8.25,315,09/10 21:32
2026/09/10 22:15,2026-09-10T22:30:42+09:00,2026/09/11,2026/11/12,2026-10,CALL,49750,15520,,,57.64,,15270,7,13940,1,,,,,
2026/09/10 22:15,2026-09-10T22:30:42+09:00,2026/09/11,2026/11/12,2026-10,PUT,49750,266,60,,41.59,41.28,325,2,315,2,,,,,
2026/09/10 22:15,2026-09-10T22:30:42+09:00,2026/09/11,2026/11/12,2026-10,CALL,49500,15765,,,,,,,,,,,,,
2026/09/10 22:15,2026-09-10T22:30:42+09:00,2026/09/11,2026/11/12,2026-10,PUT,49500,258,356,,41.78,41.47,310,2,300,2,,,,,
2026/09/10 22:15,2026-09-10T22:30:42+09:00,2026/09/11,2026/11/12,2026-10,CALL,49250,16015,,,,,,,,,,,,,
2026/09/10 22:15,2026-09-10T22:30:42+09:00,2026/09/11,2026/11/12,2026-10,PUT,49250,251,147,,42.12,41.7,300,2,287,27,,,,,
2026/09/10 22:15,2026-09-10T22:30:42+09:00,2026/09/11,2026/11/12,2026-10,CALL,49000,16255,,,,,,,,,,,,,
2026/09/10 22:15,2026-09-10T22:30:42+09:00,2026/09/11,2026/11/12,2026-10,PUT,49000,254,274,,42.58,42.02,294,15,277,58,,,,,
2026/09/10 22:15,2026-09-10T22:30:42+09:00,2026/09/11,2026/11/12,2026-10,CALL,48750,16500,,,,,,,,,,,,,
2026/09/10 22:15,2026-09-10T22:30:42+09:00,2026/09/11,2026/11/12,2026-10,PUT,48750,249,128,,42.97,42.32,286,6,267,26,,,,,
2026/09/10 22:15,2026-09-10T22:30:42+09:00,2026/09/11,2026/11/12,2026-10,CALL,48500,16740,,,,,,,,,,,,,
2026/09/10 22:15,2026-09-10T22:30:42+09:00,2026/09/11,2026/11/12,2026-10,PUT,48500,241,13,,43.35,42.72,278,14,260,10,,,,,
2026/09/10 22:15,2026-09-10T22:30:42+09:00,2026/09/11,2026/11/12,2026-10,CALL,48250,16985,,,,,,,,,,,,,
2026/09/10 22:15,2026-09-10T22:30:42+09:00,2026/09/11,2026/11/12,2026-10,PUT,48250,234,18,,43.69,43,269,10,250,27,,,,,
2026/09/10 22:15,2026-09-10T22:30:42+09:00,2026/09/11,2026/11/12,2026-10,CALL,48000,17220,,,,,,,,,,,,,
2026/09/10 22:15,2026-09-10T22:30:42+09:00,2026/09/11,2026/11/12,2026-10,PUT,48000,224,174,,44.02,43.34,260,15,242,60,,,,,
2026/09/10 22:15,2026-09-10T22:30:42+09:00,2026/09/11,2026/11/12,2026-10,CALL,47750,17470,,,,,,,,,,,,,
2026/09/10 22:15,2026-09-10T22:30:42+09:00,2026/09/11,2026/11/12,2026-10,PUT,47750,208,98,,44.33,43.68,251,6,234,27,,,,,
2026/09/10 22:15,2026-09-10T22:30:42+09:00,2026/09/11,2026/11/12,2026-10,CALL,47500,17690,,,,,,,,,,,,,
2026/09/10 22:15,2026-09-10T22:30:42+09:00,2026/09/11,2026/11/12,2026-10,PUT,47500,192,230,1,44.71,43.96,244,4,225,42,44.34,,,221,09/10 21:11
2026/09/10 22:15,2026-09-10T22:30:42+09:00,2026/09/11,2026/11/12,2026-10,CALL,47250,17940,,,,,,,,,,,,,
2026/09/10 22:15,2026-09-10T22:30:42+09:00,2026/09/11,2026/11/12,2026-10,PUT,47250,192,34,,45.01,44.32,235,7,218,7,,,,,
2026/09/10 22:15,2026-09-10T22:30:42+09:00,2026/09/11,2026/11/12,2026-10,CALL,47000,18185,,,,,,,,,,,,,
2026/09/10 22:15,2026-09-10T22:30:42+09:00,2026/09/11,2026/11/12,2026-10,PUT,47000,191,105,,45.41,44.66,229,4,211,64,,,,,
2026/09/10 22:15,2026-09-10T22:30:42+09:00,2026/09/11,2026/11/12,2026-10,CALL,46750,18435,,,,,,,,,,,,,
2026/09/10 22:15,2026-09-10T22:30:42+09:00,2026/09/11,2026/11/12,2026-10,PUT,46750,190,4,,45.77,45,222,4,204,29,,,,,
2026/09/10 22:15,2026-09-10T22:30:42+09:00,2026/09/11,2026/11/12,2026-10,CALL,46500,18685,,,,,,,,,,,,,
2026/09/10 22:15,2026-09-10T22:30:42+09:00,2026/09/11,2026/11/12,2026-10,PUT,46500,188,3,,46.03,45.28,213,12,196,46,,,,,
2026/09/10 22:15,2026-09-10T22:30:42+09:00,2026/09/11,2026/11/12,2026-10,CALL,46250,18925,,,,,,,,,,,,,
2026/09/10 22:15,2026-09-10T22:30:42+09:00,2026/09/11,2026/11/12,2026-10,PUT,46250,182,4,,46.46,45.68,208,4,191,7,,,,,
2026/09/10 22:15,2026-09-10T22:30:42+09:00,2026/09/11,2026/11/12,2026-10,CALL,46000,19165,,,,,,,,,,,,,
2026/09/10 22:15,2026-09-10T22:30:42+09:00,2026/09/11,2026/11/12,2026-10,PUT,46000,173,129,,46.79,46.04,201,4,185,18,,,,,
2026/09/10 22:15,2026-09-10T22:30:42+09:00,2026/09/11,2026/11/12,2026-10,CALL,45750,19415,,,,,,,,,,,,,
2026/09/10 22:15,2026-09-10T22:30:42+09:00,2026/09/11,2026/11/12,2026-10,PUT,45750,165,8,,47.11,46.28,194,7,177,29,,,,,
2026/09/10 22:15,2026-09-10T22:30:42+09:00,2026/09/11,2026/11/12,2026-10,CALL,45500,19660,,,,,,,,,,,,,
2026/09/10 22:15,2026-09-10T22:30:42+09:00,2026/09/11,2026/11/12,2026-10,PUT,45500,165,104,,47.51,46.67,189,4,172,12,,,,,
2026/09/10 22:15,2026-09-10T22:30:42+09:00,2026/09/11,2026/11/12,2026-10,CALL,45250,19890,,,,,,,,,,,,,
2026/09/10 22:15,2026-09-10T22:30:42+09:00,2026/09/11,2026/11/12,2026-10,PUT,45250,150,105,,47.86,47.04,183,4,167,8,,,,,
2026/09/10 22:15,2026-09-10T22:30:42+09:00,2026/09/11,2026/11/12,2026-10,CALL,45000,20135,,,,,,,,,,,,,
2026/09/10 22:15,2026-09-10T22:30:42+09:00,2026/09/11,2026/11/12,2026-10,PUT,45000,145,1121,,48.15,47.36,176,21,161,69,,,,,
2026/09/10 22:15,2026-09-10T22:30:42+09:00,2026/09/11,2026/11/12,2026-10,CALL,44750,20380,,,,,,,,,,,,,
2026/09/10 22:15,2026-09-10T22:30:42+09:00,2026/09/11,2026/11/12,2026-10,PUT,44750,141,6,,48.53,47.61,171,4,154,32,,,,,
2026/09/10 22:15,2026-09-10T22:30:42+09:00,2026/09/11,2026/11/12,2026-10,CALL,44500,20625,2,,,,,,,,,,,,
2026/09/10 22:15,2026-09-10T22:30:42+09:00,2026/09/11,2026/11/12,2026-10,PUT,44500,136,101,,48.91,47.95,166,4,149,50,,,,,
2026/09/10 22:15,2026-09-10T22:30:42+09:00,2026/09/11,2026/11/12,2026-10,CALL,44000,21115,,,,,,,,,,,,,
2026/09/10 22:15,2026-09-10T22:30:42+09:00,2026/09/11,2026/11/12,2026-10,PUT,44000,127,104,,49.46,48.63,153,1,139,73,,,,,
2026/09/10 22:15,2026-09-10T22:30:42+09:00,2026/09/11,2026/11/12,2026-10,CALL,43000,22100,,,,,,,,,,,,,
2026/09/10 22:15,2026-09-10T22:30:42+09:00,2026/09/11,2026/11/12,2026-10,PUT,43000,123,266,,51.05,50.12,137,4,123,21,,,,,
2026/09/10 22:15,2026-09-10T22:30:42+09:00,2026/09/11,2026/11/12,2026-10,CALL,42000,23085,,,,,,,,,,,,,
2026/09/10 22:15,2026-09-10T22:30:42+09:00,2026/09/11,2026/11/12,2026-10,PUT,42000,99,354,1,52.54,51.41,121,4,106,79,52.09,-7,-6.48,101,09/10 19:40
2026/09/10 22:15,2026-09-10T22:30:42+09:00,2026/09/11,2026/11/12,2026-10,CALL,41000,24065,,,,,,,,,,,,,
2026/09/10 22:15,2026-09-10T22:30:42+09:00,2026/09/11,2026/11/12,2026-10,PUT,41000,81,206,,54.05,52.78,107,4,92,79,,,,,
2026/09/10 22:15,2026-09-10T22:30:42+09:00,2026/09/11,2026/11/12,2026-10,CALL,40000,25055,,,,,,,,,,,,,
2026/09/10 22:15,2026-09-10T22:30:42+09:00,2026/09/11,2026/11/12,2026-10,PUT,40000,77,108,1,55.16,54.28,90,1,81,24,55.21,-2,-2.5,78,09/10 18:10
2026/09/10 22:15,2026-09-10T22:30:42+09:00,2026/09/11,2026/11/12,2026-10,CALL,39000,26040,,,,,,,,,,,,,
2026/09/10 22:15,2026-09-10T22:30:42+09:00,2026/09/11,2026/11/12,2026-10,PUT,39000,60,100,,57.08,55.55,83,2,69,82,,,,,
2026/09/10 22:15,2026-09-10T22:30:42+09:00,2026/09/11,2026/11/12,2026-10,CALL,38000,27030,,,,,,,,,,,,,
2026/09/10 22:15,2026-09-10T22:30:42+09:00,2026/09/11,2026/11/12,2026-10,PUT,38000,54,9,,58.74,56.47,74,2,56,2,,,,,
2026/09/10 22:15,2026-09-10T22:30:42+09:00,2026/09/11,2026/11/12,2026-10,CALL,37000,28020,,,,,,,,,,,,,
2026/09/10 22:15,2026-09-10T22:30:42+09:00,2026/09/11,2026/11/12,2026-10,PUT,37000,47,2,,60.43,57.53,66,4,46,4,,,,,
2026/09/10 22:15,2026-09-10T22:30:42+09:00,2026/09/11,2026/11/12,2026-10,CALL,36000,29015,,,,,,,,,,,,,
2026/09/10 22:15,2026-09-10T22:30:42+09:00,2026/09/11,2026/11/12,2026-10,PUT,36000,42,,,62.03,59.06,58,2,40,2,,,,,
2026/09/10 22:15,2026-09-10T22:30:42+09:00,2026/09/11,2026/11/12,2026-10,CALL,35000,30005,,,,,,,,,,,,,
2026/09/10 22:15,2026-09-10T22:30:42+09:00,2026/09/11,2026/11/12,2026-10,PUT,35000,38,715,,63.99,60.24,53,5,33,2,,,,,
2026/09/10 22:15,2026-09-10T22:30:42+09:00,2026/09/11,2026/11/12,2026-10,CALL,34000,31000,,,,,,,,,,,,,
2026/09/10 22:15,2026-09-10T22:30:42+09:00,2026/09/11,2026/11/12,2026-10,PUT,34000,32,,,69.51,56.18,71,6,12,6,,,,,
2026/09/10 22:15,2026-09-10T22:30:42+09:00,2026/09/11,2026/11/12,2026-10,CALL,33000,31990,,,,,,,,,,,,,
2026/09/10 22:15,2026-09-10T22:30:42+09:00,2026/09/11,2026/11/12,2026-10,PUT,33000,28,,,70.82,58.64,60,6,12,6,,,,,
2026/09/10 22:15,2026-09-10T22:30:42+09:00,2026/09/11,2026/11/12,2026-10,CALL,32000,32985,,,,,,,,,,,,,
2026/09/10 22:15,2026-09-10T22:30:42+09:00,2026/09/11,2026/11/12,2026-10,PUT,32000,24,,,73.15,58.79,56,12,8,6,,,,,
2026/09/10 22:15,2026-09-10T22:30:42+09:00,2026/09/11,2026/11/12,2026-10,CALL,31000,33980,,,,,,,,,,,,,
2026/09/10 22:15,2026-09-10T22:30:42+09:00,2026/09/11,2026/11/12,2026-10,PUT,31000,21,,,75.48,57.6,52,6,4,6,,,,,
2026/09/10 22:15,2026-09-10T22:30:42+09:00,2026/09/11,2026/11/12,2026-10,CALL,30000,34975,,,,,,,,,,,,,
2026/09/10 22:15,2026-09-10T22:30:42+09:00,2026/09/11,2026/11/12,2026-10,PUT,30000,20,4645,2,71.94,68.51,25,4,16,84,70.74,-4,-16.67,20,09/10 20:50
2026/09/10 22:15,2026-09-10T22:30:42+09:00,2026/09/11,2026/11/12,2026-10,CALL,29000,35970,,,,,,,,,,,,,
2026/09/10 22:15,2026-09-10T22:30:42+09:00,2026/09/11,2026/11/12,2026-10,PUT,29000,15,304,,77.39,67.38,33,6,9,6,,,,,
2026/09/10 22:15,2026-09-10T22:30:42+09:00,2026/09/11,2026/11/12,2026-10,CALL,28000,36965,,,,,,,,,,,,,
2026/09/10 22:15,2026-09-10T22:30:42+09:00,2026/09/11,2026/11/12,2026-10,PUT,28000,13,46,,79.69,69.42,30,6,8,18,,,,,
2026/09/10 22:15,2026-09-10T22:30:42+09:00,2026/09/11,2026/11/12,2026-10,CALL,27000,37960,,,,,,,,,,,,,
2026/09/10 22:15,2026-09-10T22:30:42+09:00,2026/09/11,2026/11/12,2026-10,PUT,27000,11,6,,98.2,69.3,109,6,5,11,,,,,
2026/09/10 22:15,2026-09-10T22:30:42+09:00,2026/09/11,2026/11/12,2026-10,CALL,26000,38955,,,,,,,,,,,,,
2026/09/10 22:15,2026-09-10T22:30:42+09:00,2026/09/11,2026/11/12,2026-10,PUT,26000,9,,,84.6,72.18,25,6,5,5,,,,,
2026/09/10 22:15,2026-09-10T22:30:42+09:00,2026/09/11,2026/11/12,2026-10,CALL,25000,39950,,,,,,,,,,,,,
2026/09/10 22:15,2026-09-10T22:30:42+09:00,2026/09/11,2026/11/12,2026-10,PUT,25000,10,135,1,81.54,80.1,12,2,10,33,81.53,-1,-7.69,12,09/10 22:12
2026/09/10 22:15,2026-09-10T22:30:42+09:00,2026/09/11,2026/12/10,2026-12,CALL,85000,71,1005,1,27.27,25.62,71,54,46,12,24.78,,,46,09/10 17:51
2026/09/10 22:15,2026-09-10T22:30:42+09:00,2026/09/11,2026/12/10,2026-12,PUT,85000,19905,,,,,,,,,,,,,
2026/09/10 22:15,2026-09-10T22:30:42+09:00,2026/09/11,2026/12/10,2026-12,CALL,84000,88,523,,28.35,23.34,113,51,30,12,,,,,
2026/09/10 22:15,2026-09-10T22:30:42+09:00,2026/09/11,2026/12/10,2026-12,PUT,84000,18925,,,,,,,,,,,,,
2026/09/10 22:15,2026-09-10T22:30:42+09:00,2026/09/11,2026/12/10,2026-12,CALL,83000,109,120,,28.15,24.66,134,12,59,51,,,,,
2026/09/10 22:15,2026-09-10T22:30:42+09:00,2026/09/11,2026/12/10,2026-12,PUT,83000,17950,,,,,,,,,,,,,
2026/09/10 22:15,2026-09-10T22:30:42+09:00,2026/09/11,2026/12/10,2026-12,CALL,82500,121,1126,,28.35,24.87,155,8,71,8,,,,,
2026/09/10 22:15,2026-09-10T22:30:42+09:00,2026/09/11,2026/12/10,2026-12,PUT,82500,17465,,,,,,,,,,,,,
2026/09/10 22:15,2026-09-10T22:30:42+09:00,2026/09/11,2026/12/10,2026-12,CALL,82000,135,,,27.94,25.75,159,12,100,1,,,,,
2026/09/10 22:15,2026-09-10T22:30:42+09:00,2026/09/11,2026/12/10,2026-12,PUT,82000,16980,,,,,,,,,,,,,
2026/09/10 22:15,2026-09-10T22:30:42+09:00,2026/09/11,2026/12/10,2026-12,CALL,81000,167,1,,27.75,23.86,189,12,81,12,,,,,
2026/09/10 22:15,2026-09-10T22:30:42+09:00,2026/09/11,2026/12/10,2026-12,PUT,81000,16015,,,,,,,,,,,,,
2026/09/10 22:15,2026-09-10T22:30:42+09:00,2026/09/11,2026/12/10,2026-12,CALL,80000,197,7255,,27.59,24.77,226,12,130,48,,,,,
2026/09/10 22:15,2026-09-10T22:30:42+09:00,2026/09/11,2026/12/10,2026-12,PUT,80000,15050,3700,,,,,,,,,,,,
2026/09/10 22:15,2026-09-10T22:30:42+09:00,2026/09/11,2026/12/10,2026-12,CALL,79000,250,204,,27.35,24.29,267,9,150,42,,,,,
2026/09/10 22:15,2026-09-10T22:30:42+09:00,2026/09/11,2026/12/10,2026-12,PUT,79000,14105,,,,,,,,,,,,,
2026/09/10 22:15,2026-09-10T22:30:42+09:00,2026/09/11,2026/12/10,2026-12,CALL,78000,310,382,,27.3,24.76,325,9,210,42,,,,,
2026/09/10 22:15,2026-09-10T22:30:42+09:00,2026/09/11,2026/12/10,2026-12,PUT,78000,13170,,,,,,,,,,,,,
2026/09/10 22:15,2026-09-10T22:30:42+09:00,2026/09/11,2026/12/10,2026-12,CALL,77500,345,1055,,27.59,24.96,375,6,245,6,,,,,
2026/09/10 22:15,2026-09-10T22:30:42+09:00,2026/09/11,2026/12/10,2026-12,PUT,77500,12705,,,,,,,,,,,,,
2026/09/10 22:15,2026-09-10T22:30:42+09:00,2026/09/11,2026/12/10,2026-12,CALL,77000,390,461,1,27.35,24.54,400,42,255,9,25.53,,,300,09/10 22:13
2026/09/10 22:15,2026-09-10T22:30:42+09:00,2026/09/11,2026/12/10,2026-12,PUT,77000,12250,,,,,,,,,,,,,
2026/09/10 22:15,2026-09-10T22:30:42+09:00,2026/09/11,2026/12/10,2026-12,CALL,76250,445,12,,27.62,24.41,480,3,297,3,,,,,
2026/09/10 22:15,2026-09-10T22:30:42+09:00,2026/09/11,2026/12/10,2026-12,PUT,76250,11560,,,,,,,,,,,,,
2026/09/10 22:15,2026-09-10T22:30:42+09:00,2026/09/11,2026/12/10,2026-12,CALL,76000,470,458,,27.25,24.05,480,42,296,9,,,,,
2026/09/10 22:15,2026-09-10T22:30:42+09:00,2026/09/11,2026/12/10,2026-12,PUT,76000,11335,300,,,,,,,,,,,,
2026/09/10 22:15,2026-09-10T22:30:42+09:00,2026/09/11,2026/12/10,2026-12,CALL,75750,495,,,27.57,23.88,525,3,305,3,,,,,
2026/09/10 22:15,2026-09-10T22:30:42+09:00,2026/09/11,2026/12/10,2026-12,PUT,75750,11110,,,,,,,,,,,,,
2026/09/10 22:15,2026-09-10T22:30:42+09:00,2026/09/11,2026/12/10,2026-12,CALL,75500,520,1,,27.64,23.72,555,6,315,6,,,,,
2026/09/10 22:15,2026-09-10T22:30:42+09:00,2026/09/11,2026/12/10,2026-12,PUT,75500,10890,,,29.05,,12115,10,11140,10,,,,,
2026/09/10 22:15,2026-09-10T22:30:42+09:00,2026/09/11,2026/12/10,2026-12,CALL,75250,545,,,27.61,24.53,580,3,380,3,,,,,
2026/09/10 22:15,2026-09-10T22:30:42+09:00,2026/09/11,2026/12/10,2026-12,PUT,75250,10665,,,27.9,,11810,6,10915,6,,,,,
2026/09/10 22:15,2026-09-10T22:30:42+09:00,2026/09/11,2026/12/10,2026-12,CALL,75000,580,3626,1,27.44,24.58,595,9,405,42,25,,,530,09/10 19:22
2026/09/10 22:15,2026-09-10T22:30:42+09:00,2026/09/11,2026/12/10,2026-12,PUT,75000,10450,,,28.33,,11620,3,10700,15,,,,,
2026/09/10 22:15,2026-09-10T22:30:42+09:00,2026/09/11,2026/12/10,2026-12,CALL,74750,605,,,27.59,24.53,635,3,425,3,,,,,
2026/09/10 22:15,2026-09-10T22:30:42+09:00,2026/09/11,2026/12/10,2026-12,PUT,74750,10225,,,27.18,,11315,1,10475,7,,,,,
2026/09/10 22:15,2026-09-10T22:30:42+09:00,2026/09/11,2026/12/10,2026-12,CALL,74500,640,1,,27.46,24.78,655,4,465,4,,,,,
2026/09/10 22:15,2026-09-10T22:30:42+09:00,2026/09/11,2026/12/10,2026-12,PUT,74500,10010,,,28.3,,11180,10,10260,12,,,,,
2026/09/10 22:15,2026-09-10T22:30:42+09:00,2026/09/11,2026/12/10,2026-12,CALL,74250,675,,,27.57,25.06,695,2,510,2,,,,,
2026/09/10 22:15,2026-09-10T22:30:42+09:00,2026/09/11,2026/12/10,2026-12,PUT,74250,9800,,,28.52,,10980,6,10050,6,,,,,
2026/09/10 22:15,2026-09-10T22:30:42+09:00,2026/09/11,2026/12/10,2026-12,CALL,74000,710,1550,1,27.23,25.09,700,6,540,6,25.5,,,665,09/10 20:03
2026/09/10 22:15,2026-09-10T22:30:42+09:00,2026/09/11,2026/12/10,2026-12,PUT,74000,9585,100,1,29.19,,10820,3,9675,18,24.32,,,9925,09/10 20:05
2026/09/10 22:15,2026-09-10T22:30:42+09:00,2026/09/11,2026/12/10,2026-12,CALL,73750,745,,,27.62,24.48,765,2,525,2,,,,,
2026/09/10 22:15,2026-09-10T22:30:42+09:00,2026/09/11,2026/12/10,2026-12,PUT,73750,9370,,,28.04,,10510,1,9620,7,,,,,
2026/09/10 22:15,2026-09-10T22:30:42+09:00,2026/09/11,2026/12/10,2026-12,CALL,73500,785,400,,27.56,24.7,795,4,570,4,,,,,
2026/09/10 22:15,2026-09-10T22:30:42+09:00,2026/09/11,2026/12/10,2026-12,PUT,73500,9160,,,27.38,,10240,10,9410,12,,,,,
2026/09/10 22:15,2026-09-10T22:30:42+09:00,2026/09/11,2026/12/10,2026-12,CALL,73250,830,,,27.71,24.63,845,2,595,2,,,,,
2026/09/10 22:15,2026-09-10T22:30:42+09:00,2026/09/11,2026/12/10,2026-12,PUT,73250,8955,,,27.42,,10030,1,9205,7,,,,,
2026/09/10 22:15,2026-09-10T22:30:42+09:00,2026/09/11,2026/12/10,2026-12,CALL,73000,865,802,,27.27,25.11,845,6,665,6,,,,,
2026/09/10 22:15,2026-09-10T22:30:42+09:00,2026/09/11,2026/12/10,2026-12,PUT,73000,8745,,,26.87,12.88,9770,3,8995,18,,,,,
2026/09/10 22:15,2026-09-10T22:30:42+09:00,2026/09/11,2026/12/10,2026-12,CALL,72750,910,,,27.68,24.49,920,2,650,2,,,,,
2026/09/10 22:15,2026-09-10T22:30:42+09:00,2026/09/11,2026/12/10,2026-12,PUT,72750,8540,,,27.96,14.51,9655,6,8790,7,,,,,
2026/09/10 22:15,2026-09-10T22:30:42+09:00,2026/09/11,2026/12/10,2026-12,CALL,72500,960,2312,,27.67,25.16,960,4,740,4,,,,,
2026/09/10 22:15,2026-09-10T22:30:42+09:00,2026/09/11,2026/12/10,2026-12,PUT,72500,8340,420,,26.89,15.64,9350,2,8590,12,,,,,
2026/09/10 22:15,2026-09-10T22:30:42+09:00,2026/09/11,2026/12/10,2026-12,CALL,72250,1005,2,,27.74,24.3,1010,2,705,2,,,,,
2026/09/10 22:15,2026-09-10T22:30:42+09:00,2026/09/11,2026/12/10,2026-12,PUT,72250,8140,,,28.8,16.46,9320,1,8390,7,,,,,
2026/09/10 22:15,2026-09-10T22:30:42+09:00,2026/09/11,2026/12/10,2026-12,CALL,72000,1055,3210,,26.79,25.14,965,6,815,6,,,,,
2026/09/10 22:15,2026-09-10T22:30:42+09:00,2026/09/11,2026/12/10,2026-12,PUT,72000,7940,120,,26.63,17.09,8910,3,8190,18,,,,,
2026/09/10 22:15,2026-09-10T22:30:42+09:00,2026/09/11,2026/12/10,2026-12,CALL,71750,1110,24,,27.69,25.13,1095,1,855,1,,,,,
2026/09/10 22:15,2026-09-10T22:30:42+09:00,2026/09/11,2026/12/10,2026-12,PUT,71750,7745,,,29.46,17.68,8980,6,7995,7,,,,,
2026/09/10 22:15,2026-09-10T22:30:42+09:00,2026/09/11,2026/12/10,2026-12,CALL,71500,1165,1,,27.51,25.04,1125,2,890,2,,,,,
2026/09/10 22:15,2026-09-10T22:30:42+09:00,2026/09/11,2026/12/10,2026-12,PUT,71500,7550,,,29.01,18.17,8735,2,7800,12,,,,,
2026/09/10 22:15,2026-09-10T22:30:42+09:00,2026/09/11,2026/12/10,2026-12,CALL,71250,1220,,,27.72,25.15,1195,1,945,1,,,,,
2026/09/10 22:15,2026-09-10T22:30:42+09:00,2026/09/11,2026/12/10,2026-12,PUT,71250,7355,,,27.47,18.57,8380,6,7605,7,,,,,
2026/09/10 22:15,2026-09-10T22:30:42+09:00,2026/09/11,2026/12/10,2026-12,CALL,71000,1270,2549,,26.82,25.24,1155,3,1000,30,,,,,
2026/09/10 22:15,2026-09-10T22:30:42+09:00,2026/09/11,2026/12/10,2026-12,PUT,71000,7155,31,,26.62,18.84,8095,3,7405,18,,,,,
2026/09/10 22:15,2026-09-10T22:30:42+09:00,2026/09/11,2026/12/10,2026-12,CALL,70750,1345,,,27.09,24.13,1235,1,940,1,,,,,
2026/09/10 22:15,2026-09-10T22:30:42+09:00,2026/09/11,2026/12/10,2026-12,PUT,70750,6980,,,28.44,19.38,8085,1,7230,7,,,,,
2026/09/10 22:15,2026-09-10T22:30:42+09:00,2026/09/11,2026/12/10,2026-12,CALL,70500,1410,,,26.33,24.86,1210,2,1060,20,,,,,
2026/09/10 22:15,2026-09-10T22:30:42+09:00,2026/09/11,2026/12/10,2026-12,PUT,70500,6795,,,27.86,19.72,7830,2,7045,12,,,,,
2026/09/10 22:15,2026-09-10T22:30:42+09:00,2026/09/11,2026/12/10,2026-12,CALL,70250,1475,,,26.43,24.99,1275,1,1125,1,,,,,
2026/09/10 22:15,2026-09-10T22:30:42+09:00,2026/09/11,2026/12/10,2026-12,PUT,70250,6615,,,27.29,20.07,7575,1,6865,7,,,,,
2026/09/10 22:15,2026-09-10T22:30:42+09:00,2026/09/11,2026/12/10,2026-12,CALL,70000,1545,6081,,26.56,24.8,1345,3,1160,3,,,,,
2026/09/10 22:15,2026-09-10T22:30:42+09:00,2026/09/11,2026/12/10,2026-12,PUT,70000,6435,1653,,27.67,17.72,7425,3,6455,18,,,,,
2026/09/10 22:15,2026-09-10T22:30:42+09:00,2026/09/11,2026/12/10,2026-12,CALL,69750,1620,158,,26.71,24.99,1420,1,1235,1,,,,,
2026/09/10 22:15,2026-09-10T22:30:42+09:00,2026/09/11,2026/12/10,2026-12,PUT,69750,6260,,,27.53,20.68,7220,6,6510,7,,,,,
2026/09/10 22:15,2026-09-10T22:30:42+09:00,2026/09/11,2026/12/10,2026-12,CALL,69500,1690,,,26.79,24.72,1490,18,1265,2,,,,,
2026/09/10 22:15,2026-09-10T22:30:42+09:00,2026/09/11,2026/12/10,2026-12,PUT,69500,6080,,,29.1,20.89,7210,2,6330,12,,,,,
2026/09/10 22:15,2026-09-10T22:30:42+09:00,2026/09/11,2026/12/10,2026-12,CALL,69250,1755,50,,26.53,25.45,1525,20,1405,20,,,,,
2026/09/10 22:15,2026-09-10T22:30:42+09:00,2026/09/11,2026/12/10,2026-12,PUT,69250,5895,,,29.3,21.03,7050,1,6145,7,,,,,
2026/09/10 22:15,2026-09-10T22:30:42+09:00,2026/09/11,2026/12/10,2026-12,CALL,69000,1840,1630,,26.53,25.65,1590,27,1490,27,,,,,
2026/09/10 22:15,2026-09-10T22:30:42+09:00,2026/09/11,2026/12/10,2026-12,PUT,69000,5735,1570,,27.28,21.37,6635,15,5985,18,,,,,
2026/09/10 22:15,2026-09-10T22:30:42+09:00,2026/09/11,2026/12/10,2026-12,CALL,68750,1915,,,26.64,25.59,1670,20,1550,20,,,,,
2026/09/10 22:15,2026-09-10T22:30:42+09:00,2026/09/11,2026/12/10,2026-12,PUT,68750,5560,100,,27.38,21.52,6465,1,5810,7,,,,,
2026/09/10 22:15,2026-09-10T22:30:42+09:00,2026/09/11,2026/12/10,2026-12,CALL,68500,2000,437,,26.73,25.69,1750,38,1630,20,,,,,
2026/09/10 22:15,2026-09-10T22:30:42+09:00,2026/09/11,2026/12/10,2026-12,PUT,68500,5395,203,,26.73,21.74,6210,2,5645,12,,,,,
2026/09/10 22:15,2026-09-10T22:30:42+09:00,2026/09/11,2026/12/10,2026-12,CALL,68250,2095,,,26.45,25.6,1790,20,1690,1,,,,,
2026/09/10 22:15,2026-09-10T22:30:42+09:00,2026/09/11,2026/12/10,2026-12,PUT,68250,5240,,,28.39,22.02,6230,1,5490,7,,,,,
2026/09/10 22:15,2026-09-10T22:30:42+09:00,2026/09/11,2026/12/10,2026-12,CALL,68000,2185,3448,,26.5,25.62,1870,20,1765,3,,,,,
2026/09/10 22:15,2026-09-10T22:30:42+09:00,2026/09/11,2026/12/10,2026-12,PUT,68000,5080,1900,,29.66,22.22,6210,3,5330,18,,,,,
2026/09/10 22:15,2026-09-10T22:30:42+09:00,2026/09/11,2026/12/10,2026-12,CALL,67750,2275,,,26.61,25.61,1960,20,1840,20,,,,,
2026/09/10 22:15,2026-09-10T22:30:42+09:00,2026/09/11,2026/12/10,2026-12,PUT,67750,4925,,,27.6,22.43,5790,1,5175,7,,,,,
2026/09/10 22:15,2026-09-10T22:30:42+09:00,2026/09/11,2026/12/10,2026-12,CALL,67500,2375,25,,26.66,25.79,2045,20,1940,2,,,,,
2026/09/10 22:15,2026-09-10T22:30:42+09:00,2026/09/11,2026/12/10,2026-12,PUT,67500,4775,25,,26.86,22.65,5530,10,5025,12,,,,,
2026/09/10 22:15,2026-09-10T22:30:42+09:00,2026/09/11,2026/12/10,2026-12,CALL,67250,2480,25,,26.76,25.78,2140,20,2020,20,,,,,
2026/09/10 22:15,2026-09-10T22:30:42+09:00,2026/09/11,2026/12/10,2026-12,PUT,67250,4630,25,,27.29,22.89,5415,1,4880,7,,,,,
2026/09/10 22:15,2026-09-10T22:30:42+09:00,2026/09/11,2026/12/10,2026-12,CALL,67000,2580,1430,,26.85,26.04,2235,20,2135,3,,,,,
2026/09/10 22:15,2026-09-10T22:30:42+09:00,2026/09/11,2026/12/10,2026-12,PUT,67000,4485,1590,,27.37,23.1,5260,3,4735,18,,,,,
2026/09/10 22:15,2026-09-10T22:30:42+09:00,2026/09/11,2026/12/10,2026-12,CALL,66750,2690,,,26.95,25.99,2335,20,2215,20,,,,,
2026/09/10 22:15,2026-09-10T22:30:42+09:00,2026/09/11,2026/12/10,2026-12,PUT,66750,4340,,,27.39,23.27,5100,1,4590,7,,,,,
2026/09/10 22:15,2026-09-10T22:30:42+09:00,2026/09/11,2026/12/10,2026-12,CALL,66500,2800,2750,,27.07,26.11,2440,20,2320,20,,,,,
2026/09/10 22:15,2026-09-10T22:30:42+09:00,2026/09/11,2026/12/10,2026-12,PUT,66500,4205,750,,27.03,23.5,4895,2,4455,12,,,,,
2026/09/10 22:15,2026-09-10T22:30:42+09:00,2026/09/11,2026/12/10,2026-12,CALL,66250,2910,15,,26.85,25.9,2505,20,2385,20,,,,,
2026/09/10 22:15,2026-09-10T22:30:42+09:00,2026/09/11,2026/12/10,2026-12,PUT,66250,4065,,,27.72,23.67,4825,1,4315,7,,,,,
2026/09/10 22:15,2026-09-10T22:30:42+09:00,2026/09/11,2026/12/10,2026-12,CALL,66000,3030,1257,,27.17,26.22,2640,20,2520,20,,,,,
2026/09/10 22:15,2026-09-10T22:30:42+09:00,2026/09/11,2026/12/10,2026-12,PUT,66000,3935,1038,,26.89,25.94,4565,20,4445,20,,,,,
2026/09/10 22:15,2026-09-10T22:30:42+09:00,2026/09/11,2026/12/10,2026-12,CALL,65750,3175,15,,27.15,26.2,2735,20,2615,20,,,,,
2026/09/10 22:15,2026-09-10T22:30:42+09:00,2026/09/11,2026/12/10,2026-12,PUT,65750,3835,15,,26.95,26,4420,20,4300,20,,,,,
2026/09/10 22:15,2026-09-10T22:30:42+09:00,2026/09/11,2026/12/10,2026-12,CALL,65500,3300,734,,27.26,26.36,2850,20,2735,1,,,,,
2026/09/10 22:15,2026-09-10T22:30:42+09:00,2026/09/11,2026/12/10,2026-12,PUT,65500,3710,605,,27.1,26.16,4290,20,4170,20,,,,,
2026/09/10 22:15,2026-09-10T22:30:42+09:00,2026/09/11,2026/12/10,2026-12,CALL,65250,3425,,,27.31,26.41,2960,20,2845,2,,,,,
2026/09/10 22:15,2026-09-10T22:30:42+09:00,2026/09/11,2026/12/10,2026-12,PUT,65250,3585,,,27.15,26.22,4150,27,4030,20,,,,,
2026/09/10 22:15,2026-09-10T22:30:42+09:00,2026/09/11,2026/12/10,2026-12,CALL,65000,3550,3417,,27.46,26.52,3085,20,2965,20,,,,,
2026/09/10 22:15,2026-09-10T22:30:42+09:00,2026/09/11,2026/12/10,2026-12,PUT,65000,3460,4462,,27.15,26.44,4005,3,3915,20,,,,,
2026/09/10 22:15,2026-09-10T22:30:42+09:00,2026/09/11,2026/12/10,2026-12,CALL,64750,3680,,,27.31,26.38,3175,20,3055,20,,,,,
2026/09/10 22:15,2026-09-10T22:30:42+09:00,2026/09/11,2026/12/10,2026-12,PUT,64750,3350,,,27.43,26.49,3900,20,3780,20,,,,,
2026/09/10 22:15,2026-09-10T22:30:42+09:00,2026/09/11,2026/12/10,2026-12,CALL,64500,3830,146,,27.42,26.71,3300,20,3210,2,,,,,
2026/09/10 22:15,2026-09-10T22:30:42+09:00,2026/09/11,2026/12/10,2026-12,PUT,64500,3230,75,,27.57,26.64,3780,20,3660,20,,,,,
2026/09/10 22:15,2026-09-10T22:30:42+09:00,2026/09/11,2026/12/10,2026-12,CALL,64250,3970,,,27.58,26.64,3435,20,3315,20,,,,,
2026/09/10 22:15,2026-09-10T22:30:42+09:00,2026/09/11,2026/12/10,2026-12,PUT,64250,3120,,,27.54,26.6,3640,20,3520,20,,,,,
2026/09/10 22:15,2026-09-10T22:30:42+09:00,2026/09/11,2026/12/10,2026-12,CALL,64000,4110,2240,,27.64,26.7,3560,20,3440,20,,,,,
2026/09/10 22:15,2026-09-10T22:30:42+09:00,2026/09/11,2026/12/10,2026-12,PUT,64000,3015,1956,,27.64,26.7,3520,20,3400,20,,,,,
2026/09/10 22:15,2026-09-10T22:30:42+09:00,2026/09/11,2026/12/10,2026-12,CALL,63750,4250,,,27.87,26.93,3710,20,3590,20,,,,,
2026/09/10 22:15,2026-09-10T22:30:42+09:00,2026/09/11,2026/12/10,2026-12,PUT,63750,2905,23,,27.64,26.86,3390,7,3290,20,,,,,
2026/09/10 22:15,2026-09-10T22:30:42+09:00,2026/09/11,2026/12/10,2026-12,CALL,63500,4365,300,,27.66,26.75,3805,1,3690,20,,,,,
2026/09/10 22:15,2026-09-10T22:30:42+09:00,2026/09/11,2026/12/10,2026-12,PUT,63500,2785,600,,27.85,26.91,3290,20,3170,20,,,,,
2026/09/10 22:15,2026-09-10T22:30:42+09:00,2026/09/11,2026/12/10,2026-12,CALL,63250,4520,,,30.34,26.47,4270,7,3780,1,,,,,
2026/09/10 22:15,2026-09-10T22:30:42+09:00,2026/09/11,2026/12/10,2026-12,PUT,63250,2685,23,,28.09,27.14,3195,20,3075,20,,,,,
2026/09/10 22:15,2026-09-10T22:30:42+09:00,2026/09/11,2026/12/10,2026-12,CALL,63000,4675,1615,,30.56,25.96,4425,18,3845,15,,,,,
2026/09/10 22:15,2026-09-10T22:30:42+09:00,2026/09/11,2026/12/10,2026-12,PUT,63000,2590,2493,,27.94,26.99,3055,20,2935,20,,,,,
2026/09/10 22:15,2026-09-10T22:30:42+09:00,2026/09/11,2026/12/10,2026-12,CALL,62750,4830,,,30.77,26.78,4580,7,4080,1,,,,,
2026/09/10 22:15,2026-09-10T22:30:42+09:00,2026/09/11,2026/12/10,2026-12,PUT,62750,2495,,,28.05,27.1,2950,20,2830,20,,,,,
2026/09/10 22:15,2026-09-10T22:30:42+09:00,2026/09/11,2026/12/10,2026-12,CALL,62500,4985,812,,30.95,24.36,4735,12,3915,2,,,,,
2026/09/10 22:15,2026-09-10T22:30:42+09:00,2026/09/11,2026/12/10,2026-12,PUT,62500,2405,1087,,28.18,27.22,2850,20,2730,20,,,,,
2026/09/10 22:15,2026-09-10T22:30:42+09:00,2026/09/11,2026/12/10,2026-12,CALL,62250,5145,,,31.16,26.31,4895,7,4295,6,,,,,
2026/09/10 22:15,2026-09-10T22:30:42+09:00,2026/09/11,2026/12/10,2026-12,PUT,62250,2320,250,,28.37,27.4,2760,20,2640,20,,,,,
2026/09/10 22:15,2026-09-10T22:30:42+09:00,2026/09/11,2026/12/10,2026-12,CALL,62000,5310,1450,,31.39,26.87,5060,18,4505,3,,,,,
2026/09/10 22:15,2026-09-10T22:30:42+09:00,2026/09/11,2026/12/10,2026-12,PUT,62000,2230,2961,,28.46,27.52,2660,21,2545,20,,,,,
2026/09/10 22:15,2026-09-10T22:30:42+09:00,2026/09/11,2026/12/10,2026-12,CALL,61750,5475,,,31.61,25.23,5225,7,4450,1,,,,,
2026/09/10 22:15,2026-09-10T22:30:42+09:00,2026/09/11,2026/12/10,2026-12,PUT,61750,2150,,,28.65,27.67,2575,20,2455,20,,,,,
2026/09/10 22:15,2026-09-10T22:30:42+09:00,2026/09/11,2026/12/10,2026-12,CALL,61500,5650,1,,31.88,27.08,5400,12,4820,10,,,,,
2026/09/10 22:15,2026-09-10T22:30:42+09:00,2026/09/11,2026/12/10,2026-12,PUT,61500,2070,1,,28.83,27.83,2490,20,2370,20,,,,,
2026/09/10 22:15,2026-09-10T22:30:42+09:00,2026/09/11,2026/12/10,2026-12,CALL,61250,5815,,,32.06,26.96,5565,7,4955,1,,,,,
2026/09/10 22:15,2026-09-10T22:30:42+09:00,2026/09/11,2026/12/10,2026-12,PUT,61250,1990,42,,28.85,27.97,2390,1,2285,20,,,,,
2026/09/10 22:15,2026-09-10T22:30:42+09:00,2026/09/11,2026/12/10,2026-12,CALL,61000,5995,813,,32.35,27.28,5745,18,5145,3,,,,,
2026/09/10 22:15,2026-09-10T22:30:42+09:00,2026/09/11,2026/12/10,2026-12,PUT,61000,1920,1336,,29.15,28.13,2325,20,2205,20,,,,,
2026/09/10 22:15,2026-09-10T22:30:42+09:00,2026/09/11,2026/12/10,2026-12,CALL,60750,6170,,,32.58,26.16,5920,7,5170,1,,,,,
2026/09/10 22:15,2026-09-10T22:30:42+09:00,2026/09/11,2026/12/10,2026-12,PUT,60750,1850,,,28.96,27.93,2205,20,2085,20,,,,,
2026/09/10 22:15,2026-09-10T22:30:42+09:00,2026/09/11,2026/12/10,2026-12,CALL,60500,6350,102,,32.84,25.99,6100,12,5310,2,,,,,
2026/09/10 22:15,2026-09-10T22:30:42+09:00,2026/09/11,2026/12/10,2026-12,PUT,60500,1780,200,,29.22,28.18,2140,20,2020,20,,,,,
2026/09/10 22:15,2026-09-10T22:30:42+09:00,2026/09/11,2026/12/10,2026-12,CALL,60250,6535,,,33.12,26.59,6285,7,5540,1,,,,,
2026/09/10 22:15,2026-09-10T22:30:42+09:00,2026/09/11,2026/12/10,2026-12,PUT,60250,1715,36,,29.25,28.19,2050,20,1930,20,,,,,
2026/09/10 22:15,2026-09-10T22:30:42+09:00,2026/09/11,2026/12/10,2026-12,CALL,60000,6735,7564,,33.52,25.96,6485,18,5635,3,,,,,
2026/09/10 22:15,2026-09-10T22:30:42+09:00,2026/09/11,2026/12/10,2026-12,PUT,60000,1665,9860,,29.43,27.82,1980,3,1800,3,,,,,
2026/09/10 22:15,2026-09-10T22:30:42+09:00,2026/09/11,2026/12/10,2026-12,CALL,59750,6900,,,33.6,25.22,6650,7,5725,1,,,,,
2026/09/10 22:15,2026-09-10T22:30:42+09:00,2026/09/11,2026/12/10,2026-12,PUT,59750,1585,,,30.09,28.46,1965,1,1785,1,,,,,
2026/09/10 22:15,2026-09-10T22:30:42+09:00,2026/09/11,2026/12/10,2026-12,CALL,59500,7095,100,,33.93,27.61,6845,12,6150,2,,,,,
2026/09/10 22:15,2026-09-10T22:30:42+09:00,2026/09/11,2026/12/10,2026-12,PUT,59500,1525,250,,29.73,28.67,1840,2,1725,2,,,,,
2026/09/10 22:15,2026-09-10T22:30:42+09:00,2026/09/11,2026/12/10,2026-12,CALL,59250,7285,,,34.2,26.21,7035,7,6175,1,,,,,
2026/09/10 22:15,2026-09-10T22:30:42+09:00,2026/09/11,2026/12/10,2026-12,PUT,59250,1470,60,,30,28.07,1785,1,1580,1,,,,,
2026/09/10 22:15,2026-09-10T22:30:42+09:00,2026/09/11,2026/12/10,2026-12,CALL,59000,7480,1900,,34.5,26.14,7230,18,6345,3,,,,,
2026/09/10 22:15,2026-09-10T22:30:42+09:00,2026/09/11,2026/12/10,2026-12,PUT,59000,1405,2425,,30.52,29.06,1760,3,1605,3,,,,,
2026/09/10 22:15,2026-09-10T22:30:42+09:00,2026/09/11,2026/12/10,2026-12,CALL,58750,7670,,,34.75,26.15,7420,7,6525,1,,,,,
2026/09/10 22:15,2026-09-10T22:30:42+09:00,2026/09/11,2026/12/10,2026-12,PUT,58750,1360,,,30.62,27.65,1690,1,1385,1,,,,,
2026/09/10 22:15,2026-09-10T22:30:42+09:00,2026/09/11,2026/12/10,2026-12,CALL,58500,7875,350,,35.11,26.34,7625,12,6725,2,,,,,
2026/09/10 22:15,2026-09-10T22:30:42+09:00,2026/09/11,2026/12/10,2026-12,PUT,58500,1310,850,,30.3,28.62,1580,2,1410,2,,,,,
2026/09/10 22:15,2026-09-10T22:30:42+09:00,2026/09/11,2026/12/10,2026-12,CALL,58250,8070,,,35.38,26.82,7820,7,6955,1,,,,,
2026/09/10 22:15,2026-09-10T22:30:42+09:00,2026/09/11,2026/12/10,2026-12,PUT,58250,1255,65,,30.79,27.96,1555,1,1275,1,,,,,
2026/09/10 22:15,2026-09-10T22:30:42+09:00,2026/09/11,2026/12/10,2026-12,CALL,58000,8285,2603,,35.82,27.77,8035,18,7230,3,,,,,
2026/09/10 22:15,2026-09-10T22:30:42+09:00,2026/09/11,2026/12/10,2026-12,PUT,58000,1225,1937,,30.86,28.92,1490,36,1300,3,,,,,
2026/09/10 22:15,2026-09-10T22:30:42+09:00,2026/09/11,2026/12/10,2026-12,CALL,57750,8475,,,36.01,27.54,8225,7,7395,1,,,,,
2026/09/10 22:15,2026-09-10T22:30:42+09:00,2026/09/11,2026/12/10,2026-12,PUT,57750,1165,,,31.38,28.99,1470,2,1240,1,,,,,
2026/09/10 22:15,2026-09-10T22:30:42+09:00,2026/09/11,2026/12/10,2026-12,CALL,57500,8685,80,,36.38,26.13,8435,12,7460,2,,,,,
2026/09/10 22:15,2026-09-10T22:30:42+09:00,2026/09/11,2026/12/10,2026-12,PUT,57500,1125,850,,31.53,28.44,1415,4,1125,4,,,,,
2026/09/10 22:15,2026-09-10T22:30:42+09:00,2026/09/11,2026/12/10,2026-12,CALL,57250,8905,113,,36.84,25.17,8655,7,7575,1,,,,,
2026/09/10 22:15,2026-09-10T22:30:42+09:00,2026/09/11,2026/12/10,2026-12,PUT,57250,1080,28,,31.45,28.56,1340,2,1075,2,,,,,
2026/09/10 22:15,2026-09-10T22:30:42+09:00,2026/09/11,2026/12/10,2026-12,CALL,57000,9110,500,,37.14,29.23,8860,18,8115,15,,,,,
2026/09/10 22:15,2026-09-10T22:30:42+09:00,2026/09/11,2026/12/10,2026-12,PUT,57000,1025,2486,,31.34,29.79,1265,6,1125,6,,,,,
2026/09/10 22:15,2026-09-10T22:30:42+09:00,2026/09/11,2026/12/10,2026-12,CALL,56750,9315,,,37.43,26.17,9065,7,8055,1,,,,,
2026/09/10 22:15,2026-09-10T22:30:42+09:00,2026/09/11,2026/12/10,2026-12,PUT,56750,1010,12,,32.2,28.91,1280,2,990,2,,,,,
2026/09/10 22:15,2026-09-10T22:30:42+09:00,2026/09/11,2026/12/10,2026-12,CALL,56500,9530,283,,37.82,27.92,9280,12,8395,10,,,,,
2026/09/10 22:15,2026-09-10T22:30:42+09:00,2026/09/11,2026/12/10,2026-12,PUT,56500,975,321,,32.33,29.21,1230,4,960,4,,,,,
2026/09/10 22:15,2026-09-10T22:30:42+09:00,2026/09/11,2026/12/10,2026-12,CALL,56250,9750,,,38.24,28.81,9500,7,8665,1,,,,,
2026/09/10 22:15,2026-09-10T22:30:42+09:00,2026/09/11,2026/12/10,2026-12,PUT,56250,945,11,,32.51,29.18,1185,2,905,2,,,,,
2026/09/10 22:15,2026-09-10T22:30:42+09:00,2026/09/11,2026/12/10,2026-12,CALL,56000,9950,791,1,39.77,29.07,9825,18,8885,3,31.49,,,9575,09/10 20:09
2026/09/10 22:15,2026-09-10T22:30:42+09:00,2026/09/11,2026/12/10,2026-12,PUT,56000,900,2628,1,32.37,30.45,1115,6,955,6,32.13,,,990,09/10 20:07
2026/09/10 22:15,2026-09-10T22:30:42+09:00,2026/09/11,2026/12/10,2026-12,CALL,55750,10170,,,38.86,28.52,9920,7,9045,1,,,,,
2026/09/10 22:15,2026-09-10T22:30:42+09:00,2026/09/11,2026/12/10,2026-12,PUT,55750,865,22,,32.86,29.64,1100,2,840,2,,,,,
2026/09/10 22:15,2026-09-10T22:30:42+09:00,2026/09/11,2026/12/10,2026-12,CALL,55500,10385,300,,39.2,29.07,10135,10,9290,8,,,,,
2026/09/10 22:15,2026-09-10T22:30:42+09:00,2026/09/11,2026/12/10,2026-12,PUT,55500,830,101,,32.74,30.27,1035,4,840,4,,,,,
2026/09/10 22:15,2026-09-10T22:30:42+09:00,2026/09/11,2026/12/10,2026-12,CALL,55250,10605,,,39.6,28.28,10355,7,9440,1,,,,,
2026/09/10 22:15,2026-09-10T22:30:42+09:00,2026/09/11,2026/12/10,2026-12,PUT,55250,805,1,,32.96,30.1,1000,2,780,2,,,,,
2026/09/10 22:15,2026-09-10T22:30:42+09:00,2026/09/11,2026/12/10,2026-12,CALL,55000,10825,1829,,39.98,28.88,10575,18,9690,3,,,,,
2026/09/10 22:15,2026-09-10T22:30:42+09:00,2026/09/11,2026/12/10,2026-12,PUT,55000,775,5022,,33.3,31.06,975,6,805,6,,,,,
2026/09/10 22:15,2026-09-10T22:30:42+09:00,2026/09/11,2026/12/10,2026-12,CALL,54750,11045,,,40.36,30.85,10795,7,10035,1,,,,,
2026/09/10 22:15,2026-09-10T22:30:42+09:00,2026/09/11,2026/12/10,2026-12,PUT,54750,750,32,,33.63,30.28,950,3,705,3,,,,,
2026/09/10 22:15,2026-09-10T22:30:42+09:00,2026/09/11,2026/12/10,2026-12,CALL,54500,11270,540,,40.79,29.01,11020,12,10120,2,,,,,
2026/09/10 22:15,2026-09-10T22:30:42+09:00,2026/09/11,2026/12/10,2026-12,PUT,54500,720,780,,33.55,30.53,895,6,680,6,,,,,
2026/09/10 22:15,2026-09-10T22:30:42+09:00,2026/09/11,2026/12/10,2026-12,CALL,54250,11495,,,41.21,29.6,11245,6,10370,1,,,,,
2026/09/10 22:15,2026-09-10T22:30:42+09:00,2026/09/11,2026/12/10,2026-12,PUT,54250,695,,,33.78,30.76,865,3,655,3,,,,,
2026/09/10 22:15,2026-09-10T22:30:42+09:00,2026/09/11,2026/12/10,2026-12,CALL,54000,11720,1941,,41.62,31.21,11470,18,10685,3,,,,,
2026/09/10 22:15,2026-09-10T22:30:42+09:00,2026/09/11,2026/12/10,2026-12,PUT,54000,670,3083,,33.93,31.29,830,9,650,9,,,,,
2026/09/10 22:15,2026-09-10T22:30:42+09:00,2026/09/11,2026/12/10,2026-12,CALL,53750,11945,,,42.03,29.35,11695,7,10785,1,,,,,
2026/09/10 22:15,2026-09-10T22:30:42+09:00,2026/09/11,2026/12/10,2026-12,PUT,53750,650,11,,34.56,31.18,830,3,605,3,,,,,
2026/09/10 22:15,2026-09-10T22:30:42+09:00,2026/09/11,2026/12/10,2026-12,CALL,53500,12170,106,,42.43,28.66,11920,12,10965,2,,,,,
2026/09/10 22:15,2026-09-10T22:30:42+09:00,2026/09/11,2026/12/10,2026-12,PUT,53500,635,207,,34.17,31.37,760,28,580,6,,,,,
2026/09/10 22:15,2026-09-10T22:30:42+09:00,2026/09/11,2026/12/10,2026-12,CALL,53250,12400,,,42.89,20.83,12150,7,10885,1,,,,,
2026/09/10 22:15,2026-09-10T22:30:42+09:00,2026/09/11,2026/12/10,2026-12,PUT,53250,605,188,,34.34,31.62,730,3,560,3,,,,,
2026/09/10 22:15,2026-09-10T22:30:42+09:00,2026/09/11,2026/12/10,2026-12,CALL,53000,12625,1135,,,,,,,,,,,,
2026/09/10 22:15,2026-09-10T22:30:42+09:00,2026/09/11,2026/12/10,2026-12,PUT,53000,585,1863,1,34.65,32.63,710,41,585,42,34.75,125,21.37,710,09/10 21:59
2026/09/10 22:15,2026-09-10T22:30:42+09:00,2026/09/11,2026/12/10,2026-12,CALL,52750,12855,,,,,,,,,,,,,
2026/09/10 22:15,2026-09-10T22:30:42+09:00,2026/09/11,2026/12/10,2026-12,PUT,52750,565,,,34.95,32.01,690,16,515,3,,,,,
2026/09/10 22:15,2026-09-10T22:30:42+09:00,2026/09/11,2026/12/10,2026-12,CALL,52500,13085,50,,,,,,,,,,,,
2026/09/10 22:15,2026-09-10T22:30:42+09:00,2026/09/11,2026/12/10,2026-12,PUT,52500,545,600,,35.24,32.32,670,28,500,6,,,,,
2026/09/10 22:15,2026-09-10T22:30:42+09:00,2026/09/11,2026/12/10,2026-12,CALL,52250,13320,250,,,,,,,,,,,,
2026/09/10 22:15,2026-09-10T22:30:42+09:00,2026/09/11,2026/12/10,2026-12,PUT,52250,530,525,,35.6,32.62,655,16,485,3,,,,,
2026/09/10 22:15,2026-09-10T22:30:42+09:00,2026/09/11,2026/12/10,2026-12,CALL,52000,13555,802,,,,,,,,,,,,
2026/09/10 22:15,2026-09-10T22:30:42+09:00,2026/09/11,2026/12/10,2026-12,PUT,52000,515,2766,1,36.21,33.1,655,42,480,9,35.25,-25,-4.5,530,09/10 19:33
2026/09/10 22:15,2026-09-10T22:30:42+09:00,2026/09/11,2026/12/10,2026-12,CALL,51750,13780,,,,,,,,,,,,,
2026/09/10 22:15,2026-09-10T22:30:42+09:00,2026/09/11,2026/12/10,2026-12,PUT,51750,495,,,35.79,32.99,595,16,445,3,,,,,
2026/09/10 22:15,2026-09-10T22:30:42+09:00,2026/09/11,2026/12/10,2026-12,CALL,51500,14015,,,,,,,,,,,,,
2026/09/10 22:15,2026-09-10T22:30:42+09:00,2026/09/11,2026/12/10,2026-12,PUT,51500,480,20,,36.12,33.36,580,28,435,6,,,,,
2026/09/10 22:15,2026-09-10T22:30:42+09:00,2026/09/11,2026/12/10,2026-12,CALL,51250,14250,,,,,,,,,,,,,
2026/09/10 22:15,2026-09-10T22:30:42+09:00,2026/09/11,2026/12/10,2026-12,PUT,51250,465,2,,36.45,33.51,565,16,415,3,,,,,
2026/09/10 22:15,2026-09-10T22:30:42+09:00,2026/09/11,2026/12/10,2026-12,CALL,51000,14490,731,,,,,,,,,,,,
2026/09/10 22:15,2026-09-10T22:30:42+09:00,2026/09/11,2026/12/10,2026-12,PUT,51000,455,1565,,36.95,34.07,560,42,415,9,,,,,
2026/09/10 22:15,2026-09-10T22:30:42+09:00,2026/09/11,2026/12/10,2026-12,CALL,50750,14715,45,,,,,,,,,,,,
2026/09/10 22:15,2026-09-10T22:30:42+09:00,2026/09/11,2026/12/10,2026-12,PUT,50750,435,47,,37.08,33.98,535,16,385,3,,,,,
2026/09/10 22:15,2026-09-10T22:30:42+09:00,2026/09/11,2026/12/10,2026-12,CALL,50500,14950,600,,,,,,,,,,,,
2026/09/10 22:15,2026-09-10T22:30:42+09:00,2026/09/11,2026/12/10,2026-12,PUT,50500,420,1178,,37.38,34.2,520,28,370,6,,,,,
2026/09/10 22:15,2026-09-10T22:30:42+09:00,2026/09/11,2026/12/10,2026-12,CALL,50250,15190,58,,,,,,,,,,,,
2026/09/10 22:15,2026-09-10T22:30:42+09:00,2026/09/11,2026/12/10,2026-12,PUT,50250,415,16,,37.87,34.53,515,16,360,3,,,,,
2026/09/10 22:15,2026-09-10T22:30:42+09:00,2026/09/11,2026/12/10,2026-12,CALL,50000,15425,5692,,,,,,,,,,,,
2026/09/10 22:15,2026-09-10T22:30:42+09:00,2026/09/11,2026/12/10,2026-12,PUT,50000,395,9147,,38.06,35.09,495,42,360,9,,,,,
2026/09/10 22:15,2026-09-10T22:30:42+09:00,2026/09/11,2026/12/10,2026-12,CALL,49750,15660,,,,,,,,,,,,,
2026/09/10 22:15,2026-09-10T22:30:42+09:00,2026/09/11,2026/12/10,2026-12,PUT,49750,385,73,,38.44,34.91,485,16,330,3,,,,,
2026/09/10 22:15,2026-09-10T22:30:42+09:00,2026/09/11,2026/12/10,2026-12,CALL,49500,15900,260,,,,,,,,,,,,
2026/09/10 22:15,2026-09-10T22:30:42+09:00,2026/09/11,2026/12/10,2026-12,PUT,49500,375,2719,,38.82,34.94,475,32,310,8,,,,,
2026/09/10 22:15,2026-09-10T22:30:42+09:00,2026/09/11,2026/12/10,2026-12,CALL,49250,16135,,,,,,,,,,,,,
2026/09/10 22:15,2026-09-10T22:30:42+09:00,2026/09/11,2026/12/10,2026-12,PUT,49250,370,203,,39.3,35.2,470,20,299,5,,,,,
2026/09/10 22:15,2026-09-10T22:30:42+09:00,2026/09/11,2026/12/10,2026-12,CALL,49000,16375,1000,,,,,,,,,,,,
2026/09/10 22:15,2026-09-10T22:30:42+09:00,2026/09/11,2026/12/10,2026-12,PUT,49000,350,3629,,39.45,35.77,450,48,300,12,,,,,
2026/09/10 22:15,2026-09-10T22:30:42+09:00,2026/09/11,2026/12/10,2026-12,CALL,48750,16615,,,,,,,,,,,,,
2026/09/10 22:15,2026-09-10T22:30:42+09:00,2026/09/11,2026/12/10,2026-12,PUT,48750,340,2,,39.81,35.65,440,20,276,5,,,,,
2026/09/10 22:15,2026-09-10T22:30:42+09:00,2026/09/11,2026/12/10,2026-12,CALL,48500,16855,,,,,,,,,,,,,
2026/09/10 22:15,2026-09-10T22:30:42+09:00,2026/09/11,2026/12/10,2026-12,PUT,48500,330,302,,40.17,36.02,430,32,270,8,,,,,
2026/09/10 22:15,2026-09-10T22:30:42+09:00,2026/09/11,2026/12/10,2026-12,CALL,48250,17095,,,,,,,,,,,,,
2026/09/10 22:15,2026-09-10T22:30:42+09:00,2026/09/11,2026/12/10,2026-12,PUT,48250,320,3,,40.52,36.2,420,20,258,5,,,,,
2026/09/10 22:15,2026-09-10T22:30:42+09:00,2026/09/11,2026/12/10,2026-12,CALL,48000,17335,750,,,,,,,,,,,,
2026/09/10 22:15,2026-09-10T22:30:42+09:00,2026/09/11,2026/12/10,2026-12,PUT,48000,310,4167,,40.86,36.86,410,48,262,12,,,,,
2026/09/10 22:15,2026-09-10T22:30:42+09:00,2026/09/11,2026/12/10,2026-12,CALL,47750,17575,,,,,,,,,,,,,
2026/09/10 22:15,2026-09-10T22:30:42+09:00,2026/09/11,2026/12/10,2026-12,PUT,47750,305,2,,41.32,36.71,405,20,240,5,,,,,
2026/09/10 22:15,2026-09-10T22:30:42+09:00,2026/09/11,2026/12/10,2026-12,CALL,47500,17815,200,,,,,,,,,,,,
2026/09/10 22:15,2026-09-10T22:30:42+09:00,2026/09/11,2026/12/10,2026-12,PUT,47500,292,1121,,41.53,37.02,390,32,233,8,,,,,
2026/09/10 22:15,2026-09-10T22:30:42+09:00,2026/09/11,2026/12/10,2026-12,CALL,47250,18055,,,,,,,,,,,,,
2026/09/10 22:15,2026-09-10T22:30:42+09:00,2026/09/11,2026/12/10,2026-12,PUT,47250,283,,,41.86,37.15,380,20,221,5,,,,,
2026/09/10 22:15,2026-09-10T22:30:42+09:00,2026/09/11,2026/12/10,2026-12,CALL,47000,18295,350,,,,,,,,,,,,
2026/09/10 22:15,2026-09-10T22:30:42+09:00,2026/09/11,2026/12/10,2026-12,PUT,47000,277,2846,,42.18,37.97,370,12,229,12,,,,,
2026/09/10 22:15,2026-09-10T22:30:42+09:00,2026/09/11,2026/12/10,2026-12,CALL,46750,18535,,,,,,,,,,,,,
2026/09/10 22:15,2026-09-10T22:30:42+09:00,2026/09/11,2026/12/10,2026-12,PUT,46750,269,,,42.63,37.65,365,21,205,5,,,,,
2026/09/10 22:15,2026-09-10T22:30:42+09:00,2026/09/11,2026/12/10,2026-12,CALL,46500,18780,,,,,,,,,,,,,
2026/09/10 22:15,2026-09-10T22:30:42+09:00,2026/09/11,2026/12/10,2026-12,PUT,46500,262,100,,43.08,38.08,360,34,202,8,,,,,
2026/09/10 22:15,2026-09-10T22:30:42+09:00,2026/09/11,2026/12/10,2026-12,CALL,46250,19020,315,,,,,,,,,,,,
2026/09/10 22:15,2026-09-10T22:30:42+09:00,2026/09/11,2026/12/10,2026-12,PUT,46250,254,,,43.38,38.23,350,21,192,5,,,,,
2026/09/10 22:15,2026-09-10T22:30:42+09:00,2026/09/11,2026/12/10,2026-12,CALL,46000,19265,2300,,,,,,,,,,,,
2026/09/10 22:15,2026-09-10T22:30:42+09:00,2026/09/11,2026/12/10,2026-12,PUT,46000,248,3857,,43.54,39.07,335,12,200,12,,,,,
2026/09/10 22:15,2026-09-10T22:30:42+09:00,2026/09/11,2026/12/10,2026-12,CALL,45750,19505,,,,,,,,,,,,,
2026/09/10 22:15,2026-09-10T22:30:42+09:00,2026/09/11,2026/12/10,2026-12,PUT,45750,240,,,44.27,38.77,340,21,179,5,,,,,
2026/09/10 22:15,2026-09-10T22:30:42+09:00,2026/09/11,2026/12/10,2026-12,CALL,45500,19745,200,,,,,,,,,,,,
2026/09/10 22:15,2026-09-10T22:30:42+09:00,2026/09/11,2026/12/10,2026-12,PUT,45500,233,350,,44.41,39.09,325,8,174,8,,,,,
2026/09/10 22:15,2026-09-10T22:30:42+09:00,2026/09/11,2026/12/10,2026-12,CALL,45250,19990,413,,,,,,,,,,,,
2026/09/10 22:15,2026-09-10T22:30:42+09:00,2026/09/11,2026/12/10,2026-12,PUT,45250,227,51,,44.84,39.28,320,5,166,5,,,,,
2026/09/10 22:15,2026-09-10T22:30:42+09:00,2026/09/11,2026/12/10,2026-12,CALL,45000,20230,1842,,,,,,,,,,,,
2026/09/10 22:15,2026-09-10T22:30:42+09:00,2026/09/11,2026/12/10,2026-12,PUT,45000,221,2725,,44.7,40.11,297,12,173,12,,,,,
2026/09/10 22:15,2026-09-10T22:30:42+09:00,2026/09/11,2026/12/10,2026-12,CALL,44750,20475,,,,,,,,,,,,,
2026/09/10 22:15,2026-09-10T22:30:42+09:00,2026/09/11,2026/12/10,2026-12,PUT,44750,215,,,45.54,39.84,305,5,155,5,,,,,
2026/09/10 22:15,2026-09-10T22:30:42+09:00,2026/09/11,2026/12/10,2026-12,CALL,44500,20720,,,,,,,,,,,,,
2026/09/10 22:15,2026-09-10T22:30:42+09:00,2026/09/11,2026/12/10,2026-12,PUT,44500,209,,,45.74,40.13,293,8,150,8,,,,,
2026/09/10 22:15,2026-09-10T22:30:42+09:00,2026/09/11,2026/12/10,2026-12,CALL,44250,20960,,,,,,,,,,,,,
2026/09/10 22:15,2026-09-10T22:30:42+09:00,2026/09/11,2026/12/10,2026-12,PUT,44250,204,,,46.15,40.31,288,5,143,5,,,,,
2026/09/10 22:15,2026-09-10T22:30:42+09:00,2026/09/11,2026/12/10,2026-12,CALL,44000,21205,600,,,,,,,,,,,,
2026/09/10 22:15,2026-09-10T22:30:42+09:00,2026/09/11,2026/12/10,2026-12,PUT,44000,198,2900,,45.32,41.24,248,51,151,12,,,,,
2026/09/10 22:15,2026-09-10T22:30:42+09:00,2026/09/11,2026/12/10,2026-12,CALL,43750,21450,131,,,,,,,,,,,,
2026/09/10 22:15,2026-09-10T22:30:42+09:00,2026/09/11,2026/12/10,2026-12,PUT,43750,193,9,,45.71,41.37,243,21,143,21,,,,,
2026/09/10 22:15,2026-09-10T22:30:42+09:00,2026/09/11,2026/12/10,2026-12,CALL,43500,21695,,,,,,,,,,,,,
2026/09/10 22:15,2026-09-10T22:30:42+09:00,2026/09/11,2026/12/10,2026-12,PUT,43500,188,100,,46.1,41.65,238,34,138,34,,,,,
2026/09/10 22:15,2026-09-10T22:30:42+09:00,2026/09/11,2026/12/10,2026-12,CALL,43250,21940,,,,,,,,,,,,,
2026/09/10 22:15,2026-09-10T22:30:42+09:00,2026/09/11,2026/12/10,2026-12,PUT,43250,183,,,46.48,41.91,233,21,133,21,,,,,
2026/09/10 22:15,2026-09-10T22:30:42+09:00,2026/09/11,2026/12/10,2026-12,CALL,43000,22180,1400,,,,,,,,,,,,
2026/09/10 22:15,2026-09-10T22:30:42+09:00,2026/09/11,2026/12/10,2026-12,PUT,43000,178,2282,,46.86,42.28,228,51,130,12,,,,,
2026/09/10 22:15,2026-09-10T22:30:42+09:00,2026/09/11,2026/12/10,2026-12,CALL,42750,22425,,,,,,,,,,,,,
2026/09/10 22:15,2026-09-10T22:30:42+09:00,2026/09/11,2026/12/10,2026-12,PUT,42750,174,,,47.27,42.47,224,21,124,21,,,,,
2026/09/10 22:15,2026-09-10T22:30:42+09:00,2026/09/11,2026/12/10,2026-12,CALL,42500,22670,250,,,,,,,,,,,,
2026/09/10 22:15,2026-09-10T22:30:42+09:00,2026/09/11,2026/12/10,2026-12,PUT,42500,169,300,,47.65,42.71,219,34,119,34,,,,,
2026/09/10 22:15,2026-09-10T22:30:42+09:00,2026/09/11,2026/12/10,2026-12,CALL,42250,22915,,,,,,,,,,,,,
2026/09/10 22:15,2026-09-10T22:30:42+09:00,2026/09/11,2026/12/10,2026-12,PUT,42250,165,,,48.06,43,215,21,115,21,,,,,
2026/09/10 22:15,2026-09-10T22:30:42+09:00,2026/09/11,2026/12/10,2026-12,CALL,42000,23160,1071,,,,,,,,,,,,
2026/09/10 22:15,2026-09-10T22:30:42+09:00,2026/09/11,2026/12/10,2026-12,PUT,42000,160,3702,,48.42,43.4,210,51,113,12,,,,,
2026/09/10 22:15,2026-09-10T22:30:42+09:00,2026/09/11,2026/12/10,2026-12,CALL,41750,23405,,,,,,,,,,,,,
2026/09/10 22:15,2026-09-10T22:30:42+09:00,2026/09/11,2026/12/10,2026-12,PUT,41750,157,,,48.88,43.55,207,21,107,21,,,,,
2026/09/10 22:15,2026-09-10T22:30:42+09:00,2026/09/11,2026/12/10,2026-12,CALL,41500,23650,100,,,,,,,,,,,,
2026/09/10 22:15,2026-09-10T22:30:42+09:00,2026/09/11,2026/12/10,2026-12,PUT,41500,152,101,,49.23,43.75,202,36,102,36,,,,,
2026/09/10 22:15,2026-09-10T22:30:42+09:00,2026/09/11,2026/12/10,2026-12,CALL,41250,23895,,,,,,,,,,,,,
2026/09/10 22:15,2026-09-10T22:30:42+09:00,2026/09/11,2026/12/10,2026-12,PUT,41250,149,3,,49.68,44.07,199,22,99,22,,,,,
2026/09/10 22:15,2026-09-10T22:30:42+09:00,2026/09/11,2026/12/10,2026-12,CALL,41000,24140,1300,,,,,,,,,,,,
2026/09/10 22:15,2026-09-10T22:30:42+09:00,2026/09/11,2026/12/10,2026-12,PUT,41000,145,1927,1,48.85,44.46,170,54,97,12,47,,,120,09/10 19:38
2026/09/10 22:15,2026-09-10T22:30:42+09:00,2026/09/11,2026/12/10,2026-12,CALL,40750,24385,,,,,,,,,,,,,
2026/09/10 22:15,2026-09-10T22:30:42+09:00,2026/09/11,2026/12/10,2026-12,PUT,40750,141,,,50.48,44.55,191,22,91,22,,,,,
2026/09/10 22:15,2026-09-10T22:30:42+09:00,2026/09/11,2026/12/10,2026-12,CALL,40500,24630,400,,,,,,,,,,,,
2026/09/10 22:15,2026-09-10T22:30:42+09:00,2026/09/11,2026/12/10,2026-12,PUT,40500,138,1399,,50.92,44.85,188,36,88,36,,,,,
2026/09/10 22:15,2026-09-10T22:30:42+09:00,2026/09/11,2026/12/10,2026-12,CALL,40250,24875,,,,,,,,,,,,,
2026/09/10 22:15,2026-09-10T22:30:42+09:00,2026/09/11,2026/12/10,2026-12,PUT,40250,134,5,,51.32,45.07,184,22,84,22,,,,,
2026/09/10 22:15,2026-09-10T22:30:42+09:00,2026/09/11,2026/12/10,2026-12,CALL,40000,25120,1200,,,,,,,,,,,,
2026/09/10 22:15,2026-09-10T22:30:42+09:00,2026/09/11,2026/12/10,2026-12,PUT,40000,131,5302,,51.76,47.97,181,54,116,12,,,,,
2026/09/10 22:15,2026-09-10T22:30:42+09:00,2026/09/11,2026/12/10,2026-12,CALL,39750,25365,,,,,,,,,,,,,
2026/09/10 22:15,2026-09-10T22:30:42+09:00,2026/09/11,2026/12/10,2026-12,PUT,39750,127,,,52.14,45.54,177,22,77,22,,,,,
2026/09/10 22:15,2026-09-10T22:30:42+09:00,2026/09/11,2026/12/10,2026-12,CALL,39500,25615,500,,,,,,,,,,,,
2026/09/10 22:15,2026-09-10T22:30:42+09:00,2026/09/11,2026/12/10,2026-12,PUT,39500,124,1008,,52.58,45.81,174,36,74,36,,,,,
2026/09/10 22:15,2026-09-10T22:30:42+09:00,2026/09/11,2026/12/10,2026-12,CALL,39250,25860,,,,,,,,,,,,,
2026/09/10 22:15,2026-09-10T22:30:42+09:00,2026/09/11,2026/12/10,2026-12,PUT,39250,121,650,,53.02,46.06,171,22,71,22,,,,,
2026/09/10 22:15,2026-09-10T22:30:42+09:00,2026/09/11,2026/12/10,2026-12,CALL,39000,26105,750,,,,,,,,,,,,
2026/09/10 22:15,2026-09-10T22:30:42+09:00,2026/09/11,2026/12/10,2026-12,PUT,39000,118,2405,,53.45,49.14,168,54,101,12,,,,,
2026/09/10 22:15,2026-09-10T22:30:42+09:00,2026/09/11,2026/12/10,2026-12,CALL,38750,26350,50,,,,,,,,,,,,
2026/09/10 22:15,2026-09-10T22:30:42+09:00,2026/09/11,2026/12/10,2026-12,PUT,38750,115,50,,53.89,46.54,165,22,65,22,,,,,
2026/09/10 22:15,2026-09-10T22:30:42+09:00,2026/09/11,2026/12/10,2026-12,CALL,38500,26595,700,,,,,,,,,,,,
2026/09/10 22:15,2026-09-10T22:30:42+09:00,2026/09/11,2026/12/10,2026-12,PUT,38500,112,1150,,54.32,46.76,162,36,62,36,,,,,
2026/09/10 22:15,2026-09-10T22:30:42+09:00,2026/09/11,2026/12/10,2026-12,CALL,38250,26845,,,,,,,,,,,,,
2026/09/10 22:15,2026-09-10T22:30:42+09:00,2026/09/11,2026/12/10,2026-12,PUT,38250,109,,,54.75,46.97,159,22,59,22,,,,,
2026/09/10 22:15,2026-09-10T22:30:42+09:00,2026/09/11,2026/12/10,2026-12,CALL,38000,27090,1225,,,,,,,,,,,,
2026/09/10 22:15,2026-09-10T22:30:42+09:00,2026/09/11,2026/12/10,2026-12,PUT,38000,106,2686,,55.12,47.4,155,12,58,12,,,,,
2026/09/10 22:15,2026-09-10T22:30:42+09:00,2026/09/11,2026/12/10,2026-12,CALL,37750,27335,100,,,,,,,,,,,,
2026/09/10 22:15,2026-09-10T22:30:42+09:00,2026/09/11,2026/12/10,2026-12,PUT,37750,103,100,,55.61,47.35,153,22,53,22,,,,,
2026/09/10 22:15,2026-09-10T22:30:42+09:00,2026/09/11,2026/12/10,2026-12,CALL,37500,27580,88,,,,,,,,,,,,
2026/09/10 22:15,2026-09-10T22:30:42+09:00,2026/09/11,2026/12/10,2026-12,PUT,37500,101,188,,56.1,47.64,151,36,51,36,,,,,
2026/09/10 22:15,2026-09-10T22:30:42+09:00,2026/09/11,2026/12/10,2026-12,CALL,37250,27830,,,,,,,,,,,,,
2026/09/10 22:15,2026-09-10T22:30:42+09:00,2026/09/11,2026/12/10,2026-12,PUT,37250,98,,,54.83,50.64,123,22,73,22,,,,,
2026/09/10 22:15,2026-09-10T22:30:42+09:00,2026/09/11,2026/12/10,2026-12,CALL,37000,28075,450,,,,,,,,,,,,
2026/09/10 22:15,2026-09-10T22:30:42+09:00,2026/09/11,2026/12/10,2026-12,PUT,37000,96,2635,,,33.06,,,1,88,,,,,
2026/09/10 22:15,2026-09-10T22:30:42+09:00,2026/09/11,2026/12/10,2026-12,CALL,36750,28320,,,,,,,,,,,,,
2026/09/10 22:15,2026-09-10T22:30:42+09:00,2026/09/11,2026/12/10,2026-12,PUT,36750,93,400,,,,,,,,,,,,
2026/09/10 22:15,2026-09-10T22:30:42+09:00,2026/09/11,2026/12/10,2026-12,CALL,36500,28570,252,,,,,,,,,,,,
2026/09/10 22:15,2026-09-10T22:30:42+09:00,2026/09/11,2026/12/10,2026-12,PUT,36500,91,225,,,,,,,,,,,,
2026/09/10 22:15,2026-09-10T22:30:42+09:00,2026/09/11,2026/12/10,2026-12,CALL,36250,28815,,,,,,,,,,,,,
2026/09/10 22:15,2026-09-10T22:30:42+09:00,2026/09/11,2026/12/10,2026-12,PUT,36250,88,,,,,,,,,,,,,
2026/09/10 22:15,2026-09-10T22:30:42+09:00,2026/09/11,2026/12/10,2026-12,CALL,36000,29030,975,,,,,,,,,,,,
2026/09/10 22:15,2026-09-10T22:30:42+09:00,2026/09/11,2026/12/10,2026-12,PUT,36000,56,2905,,,34.62,,,1,10,,,,,
2026/09/10 22:15,2026-09-10T22:30:42+09:00,2026/09/11,2026/12/10,2026-12,CALL,35750,29280,,,,,,,,,,,,,
2026/09/10 22:15,2026-09-10T22:30:42+09:00,2026/09/11,2026/12/10,2026-12,PUT,35750,54,,,,,,,,,,,,,
2026/09/10 22:15,2026-09-10T22:30:42+09:00,2026/09/11,2026/12/10,2026-12,CALL,35500,29525,,,,,,,,,,,,,
2026/09/10 22:15,2026-09-10T22:30:42+09:00,2026/09/11,2026/12/10,2026-12,PUT,35500,53,,,,,,,,,,,,,
2026/09/10 22:15,2026-09-10T22:30:42+09:00,2026/09/11,2026/12/10,2026-12,CALL,35250,29775,,,,,,,,,,,,,
2026/09/10 22:15,2026-09-10T22:30:42+09:00,2026/09/11,2026/12/10,2026-12,PUT,35250,51,,,,,,,,,,,,,
2026/09/10 22:15,2026-09-10T22:30:42+09:00,2026/09/11,2026/12/10,2026-12,CALL,35000,30020,435,,,,,,,,,,,,
2026/09/10 22:15,2026-09-10T22:30:42+09:00,2026/09/11,2026/12/10,2026-12,PUT,35000,53,5037,,,52.31,,,45,1,,,,,
2026/09/10 22:15,2026-09-10T22:30:42+09:00,2026/09/11,2026/12/10,2026-12,CALL,34750,30270,,,,,,,,,,,,,
2026/09/10 22:15,2026-09-10T22:30:42+09:00,2026/09/11,2026/12/10,2026-12,PUT,34750,49,1,,,,,,,,,,,,
2026/09/10 22:15,2026-09-10T22:30:42+09:00,2026/09/11,2026/12/10,2026-12,CALL,34500,30515,400,,,,,,,,,,,,
2026/09/10 22:15,2026-09-10T22:30:42+09:00,2026/09/11,2026/12/10,2026-12,PUT,34500,47,560,,,,,,,,,,,,
2026/09/10 22:15,2026-09-10T22:30:42+09:00,2026/09/11,2026/12/10,2026-12,CALL,34250,30765,,,,,,,,,,,,,
2026/09/10 22:15,2026-09-10T22:30:42+09:00,2026/09/11,2026/12/10,2026-12,PUT,34250,45,,,,,,,,,,,,,
2026/09/10 22:15,2026-09-10T22:30:42+09:00,2026/09/11,2026/12/10,2026-12,CALL,34000,31010,280,,,,,,,,,,,,
2026/09/10 22:15,2026-09-10T22:30:42+09:00,2026/09/11,2026/12/10,2026-12,PUT,34000,45,2820,,,37.88,,,1,10,,,,,
2026/09/10 22:15,2026-09-10T22:30:42+09:00,2026/09/11,2026/12/10,2026-12,CALL,33750,31260,,,,,,,,,,,,,
2026/09/10 22:15,2026-09-10T22:30:42+09:00,2026/09/11,2026/12/10,2026-12,PUT,33750,42,,,,,,,,,,,,,
2026/09/10 22:15,2026-09-10T22:30:42+09:00,2026/09/11,2026/12/10,2026-12,CALL,33500,31505,,,,,,,,,,,,,
2026/09/10 22:15,2026-09-10T22:30:42+09:00,2026/09/11,2026/12/10,2026-12,PUT,33500,41,72,,,,,,,,,,,,
2026/09/10 22:15,2026-09-10T22:30:42+09:00,2026/09/11,2026/12/10,2026-12,CALL,33250,31755,,,,,,,,,,,,,
2026/09/10 22:15,2026-09-10T22:30:42+09:00,2026/09/11,2026/12/10,2026-12,PUT,33250,40,37,,,,,,,,,,,,
2026/09/10 22:15,2026-09-10T22:30:42+09:00,2026/09/11,2026/12/10,2026-12,CALL,33000,32000,1950,,,,,,,,,,,,
2026/09/10 22:15,2026-09-10T22:30:42+09:00,2026/09/11,2026/12/10,2026-12,PUT,33000,39,3362,,,55.92,,,39,1,,,,,
2026/09/10 22:15,2026-09-10T22:30:42+09:00,2026/09/11,2026/12/10,2026-12,CALL,32750,32250,,,,,,,,,,,,,
2026/09/10 22:15,2026-09-10T22:30:42+09:00,2026/09/11,2026/12/10,2026-12,PUT,32750,37,,,,,,,,,,,,,
2026/09/10 22:15,2026-09-10T22:30:42+09:00,2026/09/11,2026/12/10,2026-12,CALL,32500,32495,250,,,,,,,,,,,,
2026/09/10 22:15,2026-09-10T22:30:42+09:00,2026/09/11,2026/12/10,2026-12,PUT,32500,36,900,,,,,,,,,,,,
2026/09/10 22:15,2026-09-10T22:30:42+09:00,2026/09/11,2026/12/10,2026-12,CALL,32250,32745,,,,,,,,,,,,,
2026/09/10 22:15,2026-09-10T22:30:42+09:00,2026/09/11,2026/12/10,2026-12,PUT,32250,35,600,,,,,,,,,,,,
2026/09/10 22:15,2026-09-10T22:30:42+09:00,2026/09/11,2026/12/10,2026-12,CALL,32000,32995,700,,,,,,,,,,,,
2026/09/10 22:15,2026-09-10T22:30:42+09:00,2026/09/11,2026/12/10,2026-12,PUT,32000,34,4655,,,41.32,,,1,10,,,,,
2026/09/10 22:15,2026-09-10T22:30:42+09:00,2026/09/11,2026/12/10,2026-12,CALL,31750,33240,,,,,,,,,,,,,
2026/09/10 22:15,2026-09-10T22:30:42+09:00,2026/09/11,2026/12/10,2026-12,PUT,31750,33,,,,,,,,,,,,,
2026/09/10 22:15,2026-09-10T22:30:42+09:00,2026/09/11,2026/12/10,2026-12,CALL,31500,33490,50,,,,,,,,,,,,
2026/09/10 22:15,2026-09-10T22:30:42+09:00,2026/09/11,2026/12/10,2026-12,PUT,31500,32,350,,,,,,,,,,,,
2026/09/10 22:15,2026-09-10T22:30:42+09:00,2026/09/11,2026/12/10,2026-12,CALL,31250,33735,,,,,,,,,,,,,
2026/09/10 22:15,2026-09-10T22:30:42+09:00,2026/09/11,2026/12/10,2026-12,PUT,31250,31,,,,,,,,,,,,,
2026/09/10 22:15,2026-09-10T22:30:42+09:00,2026/09/11,2026/12/10,2026-12,CALL,31000,33985,241,,,,,,,,,,,,
2026/09/10 22:15,2026-09-10T22:30:42+09:00,2026/09/11,2026/12/10,2026-12,PUT,31000,29,2037,,,43.12,,,1,10,,,,,
2026/09/10 22:15,2026-09-10T22:30:42+09:00,2026/09/11,2026/12/10,2026-12,CALL,30750,34235,,,,,,,,,,,,,
2026/09/10 22:15,2026-09-10T22:30:42+09:00,2026/09/11,2026/12/10,2026-12,PUT,30750,28,,,,,,,,,,,,,
2026/09/10 22:15,2026-09-10T22:30:42+09:00,2026/09/11,2026/12/10,2026-12,CALL,30500,34480,50,,,,,,,,,,,,
2026/09/10 22:15,2026-09-10T22:30:42+09:00,2026/09/11,2026/12/10,2026-12,PUT,30500,27,51,,79.93,,220,1,,,,,,,
2026/09/10 22:15,2026-09-10T22:30:42+09:00,2026/09/11,2026/12/10,2026-12,CALL,30250,34730,,,,,,,,,,,,,
2026/09/10 22:15,2026-09-10T22:30:42+09:00,2026/09/11,2026/12/10,2026-12,PUT,30250,26,,,,,,,,,,,,,
2026/09/10 22:15,2026-09-10T22:30:42+09:00,2026/09/11,2026/12/10,2026-12,CALL,30000,34975,2553,,,,,,,,,,,,
2026/09/10 22:15,2026-09-10T22:30:42+09:00,2026/09/11,2026/12/10,2026-12,PUT,30000,31,7953,2,65.31,64.44,50,2,45,1,65.32,,,50,09/10 22:11
2026/09/10 22:15,2026-09-10T22:30:42+09:00,2026/09/11,2026/12/10,2026-12,CALL,29750,35225,,,,,,,,,,,,,
2026/09/10 22:15,2026-09-10T22:30:42+09:00,2026/09/11,2026/12/10,2026-12,PUT,29750,25,,,,,,,,,,,,,
2026/09/10 22:15,2026-09-10T22:30:42+09:00,2026/09/11,2026/12/10,2026-12,CALL,29500,35475,,,,,,,,,,,,,
2026/09/10 22:15,2026-09-10T22:30:42+09:00,2026/09/11,2026/12/10,2026-12,PUT,29500,24,,,,,,,,,,,,,
2026/09/10 22:15,2026-09-10T22:30:42+09:00,2026/09/11,2026/12/10,2026-12,CALL,29250,35720,,,,,,,,,,,,,
2026/09/10 22:15,2026-09-10T22:30:42+09:00,2026/09/11,2026/12/10,2026-12,PUT,29250,23,,,,,,,,,,,,,
2026/09/10 22:15,2026-09-10T22:30:42+09:00,2026/09/11,2026/12/10,2026-12,CALL,29000,35970,150,,,,,,,,,,,,
2026/09/10 22:15,2026-09-10T22:30:42+09:00,2026/09/11,2026/12/10,2026-12,PUT,29000,22,1450,,,53.3,,,5,1,,,,,
2026/09/10 22:15,2026-09-10T22:30:42+09:00,2026/09/11,2026/12/10,2026-12,CALL,28750,36215,,,,,,,,,,,,,
2026/09/10 22:15,2026-09-10T22:30:42+09:00,2026/09/11,2026/12/10,2026-12,PUT,28750,21,,,,,,,,,,,,,
2026/09/10 22:15,2026-09-10T22:30:42+09:00,2026/09/11,2026/12/10,2026-12,CALL,28500,36465,125,,,,,,,,,,,,
2026/09/10 22:15,2026-09-10T22:30:42+09:00,2026/09/11,2026/12/10,2026-12,PUT,28500,20,400,,,,,,,,,,,,
2026/09/10 22:15,2026-09-10T22:30:42+09:00,2026/09/11,2026/12/10,2026-12,CALL,28250,36715,,,,,,,,,,,,,
2026/09/10 22:15,2026-09-10T22:30:42+09:00,2026/09/11,2026/12/10,2026-12,PUT,28250,19,,,,,,,,,,,,,
2026/09/10 22:15,2026-09-10T22:30:42+09:00,2026/09/11,2026/12/10,2026-12,CALL,28000,36960,75,,,,,,,,,,,,
2026/09/10 22:15,2026-09-10T22:30:42+09:00,2026/09/11,2026/12/10,2026-12,PUT,28000,18,1331,,,55.53,,,5,4,,,,,
2026/09/10 22:15,2026-09-10T22:30:42+09:00,2026/09/11,2026/12/10,2026-12,CALL,27750,37210,,,,,,,,,,,,,
2026/09/10 22:15,2026-09-10T22:30:42+09:00,2026/09/11,2026/12/10,2026-12,PUT,27750,18,72,,,,,,,,,,,,
2026/09/10 22:15,2026-09-10T22:30:42+09:00,2026/09/11,2026/12/10,2026-12,CALL,27500,37460,,,,,,,,,,,,,
2026/09/10 22:15,2026-09-10T22:30:42+09:00,2026/09/11,2026/12/10,2026-12,PUT,27500,17,25,,,,,,,,,,,,
2026/09/10 22:15,2026-09-10T22:30:42+09:00,2026/09/11,2026/12/10,2026-12,CALL,27250,37705,,,,,,,,,,,,,
2026/09/10 22:15,2026-09-10T22:30:42+09:00,2026/09/11,2026/12/10,2026-12,PUT,27250,16,,,,,,,,,,,,,
2026/09/10 22:15,2026-09-10T22:30:42+09:00,2026/09/11,2026/12/10,2026-12,CALL,27000,37955,250,,,,,,,,,,,,
2026/09/10 22:15,2026-09-10T22:30:42+09:00,2026/09/11,2026/12/10,2026-12,PUT,27000,15,2630,,,62.78,,,12,1,,,,,
2026/09/10 22:15,2026-09-10T22:30:42+09:00,2026/09/11,2026/12/10,2026-12,CALL,26750,38205,,,,,,,,,,,,,
2026/09/10 22:15,2026-09-10T22:30:42+09:00,2026/09/11,2026/12/10,2026-12,PUT,26750,15,,,,,,,,,,,,,
2026/09/10 22:15,2026-09-10T22:30:42+09:00,2026/09/11,2026/12/10,2026-12,CALL,26500,38450,,,,,,,,,,,,,
2026/09/10 22:15,2026-09-10T22:30:42+09:00,2026/09/11,2026/12/10,2026-12,PUT,26500,14,1,,,62.93,,,10,3,,,,,
2026/09/10 22:15,2026-09-10T22:30:42+09:00,2026/09/11,2026/12/10,2026-12,CALL,26250,38700,,,,,,,,,,,,,
2026/09/10 22:15,2026-09-10T22:30:42+09:00,2026/09/11,2026/12/10,2026-12,PUT,26250,13,,,,,,,,,,,,,
2026/09/10 22:15,2026-09-10T22:30:42+09:00,2026/09/11,2026/12/10,2026-12,CALL,26000,38950,350,,,,,,,,,,,,
2026/09/10 22:15,2026-09-10T22:30:42+09:00,2026/09/11,2026/12/10,2026-12,PUT,26000,13,1425,,76.68,53.1,50,1,1,10,,,,,
2026/09/10 22:15,2026-09-10T22:30:42+09:00,2026/09/11,2026/12/10,2026-12,CALL,25750,39195,,,,,,,,,,,,,
2026/09/10 22:15,2026-09-10T22:30:42+09:00,2026/09/11,2026/12/10,2026-12,PUT,25750,12,,,,,,,,,,,,,
2026/09/10 22:15,2026-09-10T22:30:42+09:00,2026/09/11,2026/12/10,2026-12,CALL,25500,39445,,,,,,,,,,,,,
2026/09/10 22:15,2026-09-10T22:30:42+09:00,2026/09/11,2026/12/10,2026-12,PUT,25500,12,2,,,,,,,,,,,,
2026/09/10 22:15,2026-09-10T22:30:42+09:00,2026/09/11,2026/12/10,2026-12,CALL,25250,39690,,,,,,,,,,,,,
2026/09/10 22:15,2026-09-10T22:30:42+09:00,2026/09/11,2026/12/10,2026-12,PUT,25250,11,1,,,,,,,,,,,,
2026/09/10 22:15,2026-09-10T22:30:42+09:00,2026/09/11,2026/12/10,2026-12,CALL,25000,39940,300,,,,,,,,,,,,
2026/09/10 22:15,2026-09-10T22:30:42+09:00,2026/09/11,2026/12/10,2026-12,PUT,25000,10,2014,,75.05,63.78,30,1,6,8,,,,,
2026/09/10 22:15,2026-09-10T22:30:42+09:00,2026/09/11,2026/12/10,2026-12,CALL,24750,40190,,,,,,,,,,,,,
2026/09/10 22:15,2026-09-10T22:30:42+09:00,2026/09/11,2026/12/10,2026-12,PUT,24750,9,1,,,,,,,,,,,,
2026/09/10 22:15,2026-09-10T22:30:42+09:00,2026/09/11,2026/12/10,2026-12,CALL,24500,40435,,,,,,,,,,,,,
2026/09/10 22:15,2026-09-10T22:30:42+09:00,2026/09/11,2026/12/10,2026-12,PUT,24500,9,250,,,,,,,,,,,,
2026/09/10 22:15,2026-09-10T22:30:42+09:00,2026/09/11,2026/12/10,2026-12,CALL,24250,40685,,,,,,,,,,,,,
2026/09/10 22:15,2026-09-10T22:30:42+09:00,2026/09/11,2026/12/10,2026-12,PUT,24250,8,,,,,,,,,,,,,
2026/09/10 22:15,2026-09-10T22:30:42+09:00,2026/09/11,2026/12/10,2026-12,CALL,24000,40930,,,,,,,,,,,,,
2026/09/10 22:15,2026-09-10T22:30:42+09:00,2026/09/11,2026/12/10,2026-12,PUT,24000,7,405,,80.8,,40,1,,,,,,,
2026/09/10 22:15,2026-09-10T22:30:42+09:00,2026/09/11,2026/12/10,2026-12,CALL,23750,41180,,,,,,,,,,,,,
2026/09/10 22:15,2026-09-10T22:30:42+09:00,2026/09/11,2026/12/10,2026-12,PUT,23750,6,,,,,,,,,,,,,
2026/09/10 22:15,2026-09-10T22:30:42+09:00,2026/09/11,2026/12/10,2026-12,CALL,23500,41430,,,,,,,,,,,,,
2026/09/10 22:15,2026-09-10T22:30:42+09:00,2026/09/11,2026/12/10,2026-12,PUT,23500,6,127,,,,,,,,,,,,
2026/09/10 22:15,2026-09-10T22:30:42+09:00,2026/09/11,2026/12/10,2026-12,CALL,23250,41675,,,,,,,,,,,,,
2026/09/10 22:15,2026-09-10T22:30:42+09:00,2026/09/11,2026/12/10,2026-12,PUT,23250,7,,,,69.43,,,7,1,,,,,
2026/09/10 22:15,2026-09-10T22:30:42+09:00,2026/09/11,2026/12/10,2026-12,CALL,23000,41925,,,,,,,,,,,,,
2026/09/10 22:15,2026-09-10T22:30:42+09:00,2026/09/11,2026/12/10,2026-12,PUT,23000,4,2106,,,63.18,,,2,1,,,,,
2026/09/10 22:15,2026-09-10T22:30:42+09:00,2026/09/11,2026/12/10,2026-12,CALL,22750,42175,,,,,,,,,,,,,
2026/09/10 22:15,2026-09-10T22:30:42+09:00,2026/09/11,2026/12/10,2026-12,PUT,22750,4,,,,,,,,,,,,,
2026/09/10 22:15,2026-09-10T22:30:42+09:00,2026/09/11,2026/12/10,2026-12,CALL,22500,42420,,,,,,,,,,,,,
2026/09/10 22:15,2026-09-10T22:30:42+09:00,2026/09/11,2026/12/10,2026-12,PUT,22500,3,150,,,,,,,,,,,,
2026/09/10 22:15,2026-09-10T22:30:42+09:00,2026/09/11,2026/12/10,2026-12,CALL,22250,42670,,,,,,,,,,,,,
2026/09/10 22:15,2026-09-10T22:30:42+09:00,2026/09/11,2026/12/10,2026-12,PUT,22250,3,,,,,,,,,,,,,
2026/09/10 22:15,2026-09-10T22:30:42+09:00,2026/09/11,2026/12/10,2026-12,CALL,22000,42920,100,,,,,,,,,,,,
2026/09/10 22:15,2026-09-10T22:30:42+09:00,2026/09/11,2026/12/10,2026-12,PUT,22000,2,1716,,98.68,62.57,100,1,1,2,,,,,
2026/09/10 22:15,2026-09-10T22:30:42+09:00,2026/09/11,2026/12/10,2026-12,CALL,21750,43170,,,,,,,,,,,,,
2026/09/10 22:15,2026-09-10T22:30:42+09:00,2026/09/11,2026/12/10,2026-12,PUT,21750,1,,,,,,,,,,,,,
2026/09/10 22:15,2026-09-10T22:30:42+09:00,2026/09/11,2026/12/10,2026-12,CALL,21500,43420,,,,,,,,,,,,,
2026/09/10 22:15,2026-09-10T22:30:42+09:00,2026/09/11,2026/12/10,2026-12,PUT,21500,1,500,,,,,,,,,,,,
2026/09/10 22:15,2026-09-10T22:30:42+09:00,2026/09/11,2026/12/10,2026-12,CALL,21250,43665,,,,,,,,,,,,,
2026/09/10 22:15,2026-09-10T22:30:42+09:00,2026/09/11,2026/12/10,2026-12,PUT,21250,1,,,,,,,,,,,,,
2026/09/10 22:15,2026-09-10T22:30:42+09:00,2026/09/11,2026/12/10,2026-12,CALL,21000,43915,,,,,,,,,,,,,
2026/09/10 22:15,2026-09-10T22:30:42+09:00,2026/09/11,2026/12/10,2026-12,PUT,21000,1,350,,,,,,,,,,,,
2026/09/10 22:15,2026-09-10T22:30:42+09:00,2026/09/11,2026/12/10,2026-12,CALL,20750,44165,,,,,,,,,,,,,
2026/09/10 22:15,2026-09-10T22:30:42+09:00,2026/09/11,2026/12/10,2026-12,PUT,20750,1,,,,,,,,,,,,,
2026/09/10 22:15,2026-09-10T22:30:42+09:00,2026/09/11,2026/12/10,2026-12,CALL,20500,44415,,,,,,,,,,,,,
2026/09/10 22:15,2026-09-10T22:30:42+09:00,2026/09/11,2026/12/10,2026-12,PUT,20500,1,,,,,,,,,,,,,
2026/09/10 22:15,2026-09-10T22:30:42+09:00,2026/09/11,2026/12/10,2026-12,CALL,20250,44665,,,,,,,,,,,,,
2026/09/10 22:15,2026-09-10T22:30:42+09:00,2026/09/11,2026/12/10,2026-12,PUT,20250,1,3,,,,,,,,,,,,
2026/09/10 22:15,2026-09-10T22:30:42+09:00,2026/09/11,2026/12/10,2026-12,CALL,20000,44910,150,,,,,,,,,,,,
2026/09/10 22:15,2026-09-10T22:30:42+09:00,2026/09/11,2026/12/10,2026-12,PUT,20000,9,2420,,84.71,81.17,14,1,9,1,,,,,
2026/09/10 22:15,2026-09-10T22:30:42+09:00,2026/09/11,2026/12/10,2026-12,CALL,19750,45160,,,,,,,,,,,,,
2026/09/10 22:15,2026-09-10T22:30:42+09:00,2026/09/11,2026/12/10,2026-12,PUT,19750,1,,,,,,,,,,,,,
2026/09/10 22:15,2026-09-10T22:30:42+09:00,2026/09/11,2026/12/10,2026-12,CALL,19500,45410,,,,,,,,,,,,,
2026/09/10 22:15,2026-09-10T22:30:42+09:00,2026/09/11,2026/12/10,2026-12,PUT,19500,1,,,,,,,,,,,,,
2026/09/10 22:15,2026-09-10T22:30:42+09:00,2026/09/11,2026/12/10,2026-12,CALL,19250,45660,,,,,,,,,,,,,
2026/09/10 22:15,2026-09-10T22:30:42+09:00,2026/09/11,2026/12/10,2026-12,PUT,19250,1,,,,,,,,,,,,,
2026/09/10 22:15,2026-09-10T22:30:42+09:00,2026/09/11,2026/12/10,2026-12,CALL,19000,45910,,,,,,,,,,,,,
2026/09/10 22:15,2026-09-10T22:30:42+09:00,2026/09/11,2026/12/10,2026-12,PUT,19000,1,650,,,70.89,,,1,1,,,,,
2026/09/10 22:15,2026-09-10T22:30:42+09:00,2026/09/11,2026/12/10,2026-12,CALL,18750,46155,,,,,,,,,,,,,
2026/09/10 22:15,2026-09-10T22:30:42+09:00,2026/09/11,2026/12/10,2026-12,PUT,18750,1,,,,,,,,,,,,,
2026/09/10 22:15,2026-09-10T22:30:42+09:00,2026/09/11,2026/12/10,2026-12,CALL,18500,46405,,,,,,,,,,,,,
2026/09/10 22:15,2026-09-10T22:30:42+09:00,2026/09/11,2026/12/10,2026-12,PUT,18500,1,,,,,,,,,,,,,
2026/09/10 22:15,2026-09-10T22:30:42+09:00,2026/09/11,2026/12/10,2026-12,CALL,18250,46655,,,,,,,,,,,,,
2026/09/10 22:15,2026-09-10T22:30:42+09:00,2026/09/11,2026/12/10,2026-12,PUT,18250,1,,,,,,,,,,,,,
2026/09/10 22:15,2026-09-10T22:30:42+09:00,2026/09/11,2026/12/10,2026-12,CALL,18000,46905,,,,,,,,,,,,,
2026/09/10 22:15,2026-09-10T22:30:42+09:00,2026/09/11,2026/12/10,2026-12,PUT,18000,2,153,,,77.8,,,2,1,,,,,
2026/09/10 22:15,2026-09-10T22:30:42+09:00,2026/09/11,2026/12/10,2026-12,CALL,17750,47155,,,,,,,,,,,,,
2026/09/10 22:15,2026-09-10T22:30:42+09:00,2026/09/11,2026/12/10,2026-12,PUT,17750,1,,,,,,,,,,,,,
2026/09/10 22:15,2026-09-10T22:30:42+09:00,2026/09/11,2026/12/10,2026-12,CALL,17500,47400,,,,,,,,,,,,,
2026/09/10 22:15,2026-09-10T22:30:42+09:00,2026/09/11,2026/12/10,2026-12,PUT,17500,1,,,,,,,,,,,,,
2026/09/10 22:15,2026-09-10T22:30:42+09:00,2026/09/11,2026/12/10,2026-12,CALL,17250,47650,,,,,,,,,,,,,
2026/09/10 22:15,2026-09-10T22:30:42+09:00,2026/09/11,2026/12/10,2026-12,PUT,17250,1,,,,,,,,,,,,,
2026/09/10 22:15,2026-09-10T22:30:42+09:00,2026/09/11,2026/12/10,2026-12,CALL,17000,47900,,,,,,,,,,,,,
2026/09/10 22:15,2026-09-10T22:30:42+09:00,2026/09/11,2026/12/10,2026-12,PUT,17000,1,3,,,,,,,,,,,,
2026/09/10 22:15,2026-09-10T22:30:42+09:00,2026/09/11,2026/12/10,2026-12,CALL,16750,48150,,,,,,,,,,,,,
2026/09/10 22:15,2026-09-10T22:30:42+09:00,2026/09/11,2026/12/10,2026-12,PUT,16750,1,,,,,,,,,,,,,
2026/09/10 22:15,2026-09-10T22:30:42+09:00,2026/09/11,2026/12/10,2026-12,CALL,16500,48400,,,,,,,,,,,,,
2026/09/10 22:15,2026-09-10T22:30:42+09:00,2026/09/11,2026/12/10,2026-12,PUT,16500,1,1,,,,,,,,,,,,
2026/09/10 22:15,2026-09-10T22:30:42+09:00,2026/09/11,2026/12/10,2026-12,CALL,16250,48645,,,,,,,,,,,,,
2026/09/10 22:15,2026-09-10T22:30:42+09:00,2026/09/11,2026/12/10,2026-12,PUT,16250,1,,,,,,,,,,,,,
2026/09/10 22:15,2026-09-10T22:30:42+09:00,2026/09/11,2026/12/10,2026-12,CALL,16000,48895,,,,,,,,,,,,,
2026/09/10 22:15,2026-09-10T22:30:42+09:00,2026/09/11,2026/12/10,2026-12,PUT,16000,1,3,,,80.68,,,1,1,,,,,
2026/09/10 22:15,2026-09-10T22:30:42+09:00,2026/09/11,2026/12/10,2026-12,CALL,15750,49145,,,,,,,,,,,,,
2026/09/10 22:15,2026-09-10T22:30:42+09:00,2026/09/11,2026/12/10,2026-12,PUT,15750,1,,,,,,,,,,,,,
2026/09/10 22:15,2026-09-10T22:30:42+09:00,2026/09/11,2026/12/10,2026-12,CALL,15500,49395,,,,,,,,,,,,,
2026/09/10 22:15,2026-09-10T22:30:42+09:00,2026/09/11,2026/12/10,2026-12,PUT,15500,1,,,,,,,,,,,,,
2026/09/10 22:15,2026-09-10T22:30:42+09:00,2026/09/11,2026/12/10,2026-12,CALL,15250,49645,,,,,,,,,,,,,
2026/09/10 22:15,2026-09-10T22:30:42+09:00,2026/09/11,2026/12/10,2026-12,PUT,15250,1,,,,,,,,,,,,,
2026/09/10 22:15,2026-09-10T22:30:42+09:00,2026/09/11,2026/12/10,2026-12,CALL,15000,49890,,,,,,,,,,,,,
2026/09/10 22:15,2026-09-10T22:30:42+09:00,2026/09/11,2026/12/10,2026-12,PUT,15000,2,4,,,88.72,,,2,1,,,,,
2026/09/10 22:15,2026-09-10T22:30:42+09:00,2026/09/11,2026/12/10,2026-12,CALL,14750,50140,,,,,,,,,,,,,
2026/09/10 22:15,2026-09-10T22:30:42+09:00,2026/09/11,2026/12/10,2026-12,PUT,14750,1,1,,,,,,,,,,,,
2026/09/10 22:15,2026-09-10T22:30:42+09:00,2026/09/11,2026/12/10,2026-12,CALL,14500,50390,,,,,,,,,,,,,
2026/09/10 22:15,2026-09-10T22:30:42+09:00,2026/09/11,2026/12/10,2026-12,PUT,14500,1,1,,,,,,,,,,,,
2026/09/10 22:15,2026-09-10T22:30:42+09:00,2026/09/11,2026/12/10,2026-12,CALL,14250,50640,,,,,,,,,,,,,
2026/09/10 22:15,2026-09-10T22:30:42+09:00,2026/09/11,2026/12/10,2026-12,PUT,14250,1,,,,,,,,,,,,,
2026/09/10 22:15,2026-09-10T22:30:42+09:00,2026/09/11,2026/12/10,2026-12,CALL,14000,50885,,,,,,,,,,,,,
2026/09/10 22:15,2026-09-10T22:30:42+09:00,2026/09/11,2026/12/10,2026-12,PUT,14000,2,11,,,92.86,,,2,1,,,,,
2026/09/10 22:15,2026-09-10T22:30:42+09:00,2026/09/11,2026/12/10,2026-12,CALL,13750,51135,,,,,,,,,,,,,
2026/09/10 22:15,2026-09-10T22:30:42+09:00,2026/09/11,2026/12/10,2026-12,PUT,13750,1,,,,,,,,,,,,,
2026/09/10 22:15,2026-09-10T22:30:42+09:00,2026/09/11,2026/12/10,2026-12,CALL,13500,51385,,,,,,,,,,,,,
2026/09/10 22:15,2026-09-10T22:30:42+09:00,2026/09/11,2026/12/10,2026-12,PUT,13500,1,100,,,90.4,,,1,100,,,,,
2026/09/10 22:15,2026-09-10T22:30:42+09:00,2026/09/11,2026/12/10,2026-12,CALL,13250,51635,,,,,,,,,,,,,
2026/09/10 22:15,2026-09-10T22:30:42+09:00,2026/09/11,2026/12/10,2026-12,PUT,13250,1,,,,,,,,,,,,,
2026/09/10 22:15,2026-09-10T22:30:42+09:00,2026/09/11,2026/12/10,2026-12,CALL,13000,51885,,,,,,,,,,,,,
2026/09/10 22:15,2026-09-10T22:30:42+09:00,2026/09/11,2026/12/10,2026-12,PUT,13000,3,5,3,118.74,100.44,19,12,3,1,101.08,,,3,09/10 18:11
2026/09/10 22:15,2026-09-10T22:30:42+09:00,2026/09/11,2026/12/10,2026-12,CALL,12750,52130,,,,,,,,,,,,,
2026/09/10 22:15,2026-09-10T22:30:42+09:00,2026/09/11,2026/12/10,2026-12,PUT,12750,1,,,,93.68,,,1,1,,,,,
2026/09/10 22:15,2026-09-10T22:30:42+09:00,2026/09/11,2026/12/10,2026-12,CALL,12500,52380,84,,,,,,,,,,,,
2026/09/10 22:15,2026-09-10T22:30:42+09:00,2026/09/11,2026/12/10,2026-12,PUT,12500,2,858,8,105.31,99.7,4,3,2,353,105.34,2,100,4,09/10 21:55
2026/09/11 01:52,2026-09-11T02:07:15+09:00,2026/09/11,2026/10/08,2026-09,CALL,85000,2,240,2,33.06,31.29,2,48,1,32,32.83,0,0,2,09/11 00:12
2026/09/11 01:52,2026-09-11T02:07:15+09:00,2026/09/11,2026/10/08,2026-09,PUT,85000,20010,26,,,,,,,,,,,,
2026/09/11 01:52,2026-09-11T02:07:15+09:00,2026/09/11,2026/10/08,2026-09,CALL,84500,3,2,,,,,,,,,,,,
2026/09/11 01:52,2026-09-11T02:07:15+09:00,2026/09/11,2026/10/08,2026-09,PUT,84500,19510,,,,,,,,,,,,,
2026/09/11 01:52,2026-09-11T02:07:15+09:00,2026/09/11,2026/10/08,2026-09,CALL,84000,3,58,,32.95,30.11,3,1,1,13,,,,,
2026/09/11 01:52,2026-09-11T02:07:15+09:00,2026/09/11,2026/10/08,2026-09,PUT,84000,19010,,,,,,,,,,,,,
2026/09/11 01:52,2026-09-11T02:07:15+09:00,2026/09/11,2026/10/08,2026-09,CALL,83500,3,9,1,44.2,29.51,50,8,1,1,31.14,,,3,09/10 20:41
2026/09/11 01:52,2026-09-11T02:07:15+09:00,2026/09/11,2026/10/08,2026-09,PUT,83500,18510,,,,,,,,,,,,,
2026/09/11 01:52,2026-09-11T02:07:15+09:00,2026/09/11,2026/10/08,2026-09,CALL,83000,3,59,,31.65,30.56,3,40,2,3,,,,,
2026/09/11 01:52,2026-09-11T02:07:15+09:00,2026/09/11,2026/10/08,2026-09,PUT,83000,18010,,,,,,,,,,,,,
2026/09/11 01:52,2026-09-11T02:07:15+09:00,2026/09/11,2026/10/08,2026-09,CALL,82500,4,10,,30.99,28.3,3,1,1,40,,,,,
2026/09/11 01:52,2026-09-11T02:07:15+09:00,2026/09/11,2026/10/08,2026-09,PUT,82500,17515,,,,,,,,,,,,,
2026/09/11 01:52,2026-09-11T02:07:15+09:00,2026/09/11,2026/10/08,2026-09,CALL,82000,4,194,3,30.33,29.28,3,35,2,21,30.1,-2,-40,3,09/11 00:10
2026/09/11 01:52,2026-09-11T02:07:15+09:00,2026/09/11,2026/10/08,2026-09,PUT,82000,17015,,,,,,,,,,,,,
2026/09/11 01:52,2026-09-11T02:07:15+09:00,2026/09/11,2026/10/08,2026-09,CALL,81500,5,3,1,30.46,28.63,4,25,2,20,29.21,,,4,09/10 18:43
2026/09/11 01:52,2026-09-11T02:07:15+09:00,2026/09/11,2026/10/08,2026-09,PUT,81500,16515,,,,,,,,,,,,,
2026/09/11 01:52,2026-09-11T02:07:15+09:00,2026/09/11,2026/10/08,2026-09,CALL,81000,5,523,5,29.77,28.99,4,30,3,22,29.54,-1,-20,4,09/10 23:23
2026/09/11 01:52,2026-09-11T02:07:15+09:00,2026/09/11,2026/10/08,2026-09,PUT,81000,16015,,,,,,,,,,,,,
2026/09/11 01:52,2026-09-11T02:07:15+09:00,2026/09/11,2026/10/08,2026-09,CALL,80500,6,16,1,29.71,28.32,5,20,3,20,29.01,0,0,5,09/10 21:17
2026/09/11 01:52,2026-09-11T02:07:15+09:00,2026/09/11,2026/10/08,2026-09,PUT,80500,15515,,,,,,,,,,,,,
2026/09/11 01:52,2026-09-11T02:07:15+09:00,2026/09/11,2026/10/08,2026-09,CALL,80000,7,1738,23,29.53,29,6,20,5,2,29.11,-1,-14.29,6,09/10 23:36
2026/09/11 01:52,2026-09-11T02:07:15+09:00,2026/09/11,2026/10/08,2026-09,PUT,80000,15020,,,,,,,,,,,,,
2026/09/11 01:52,2026-09-11T02:07:15+09:00,2026/09/11,2026/10/08,2026-09,CALL,79500,8,1,,34.57,26.94,29,15,3,30,,,,,
2026/09/11 01:52,2026-09-11T02:07:15+09:00,2026/09/11,2026/10/08,2026-09,PUT,79500,14520,,,,,,,,,,,,,
2026/09/11 01:52,2026-09-11T02:07:15+09:00,2026/09/11,2026/10/08,2026-09,CALL,79000,10,114,18,29.63,28.51,10,5,7,1,27.88,-1,-10,9,09/10 19:54
2026/09/11 01:52,2026-09-11T02:07:15+09:00,2026/09/11,2026/10/08,2026-09,PUT,79000,14025,1,,,,,,,,,,,,
2026/09/11 01:52,2026-09-11T02:07:15+09:00,2026/09/11,2026/10/08,2026-09,CALL,78500,12,17,,33.17,26.82,31,15,5,2,,,,,
2026/09/11 01:52,2026-09-11T02:07:15+09:00,2026/09/11,2026/10/08,2026-09,PUT,78500,13525,,,,,,,,,,,,,
2026/09/11 01:52,2026-09-11T02:07:15+09:00,2026/09/11,2026/10/08,2026-09,CALL,78000,15,755,16,29.42,28.07,15,15,10,4,28.11,-1,-8.33,11,09/10 23:59
2026/09/11 01:52,2026-09-11T02:07:15+09:00,2026/09/11,2026/10/08,2026-09,PUT,78000,13030,,,,,,,,,,,,,
2026/09/11 01:52,2026-09-11T02:07:15+09:00,2026/09/11,2026/10/08,2026-09,CALL,77500,18,111,3,29.64,26.24,20,3,7,12,27.86,0,0,12,09/10 22:20
2026/09/11 01:52,2026-09-11T02:07:15+09:00,2026/09/11,2026/10/08,2026-09,PUT,77500,12535,,,,,,,,,,,,,
2026/09/11 01:52,2026-09-11T02:07:15+09:00,2026/09/11,2026/10/08,2026-09,CALL,77000,18,1264,108,28.4,27.04,18,3,12,2,27.77,-4,-22.22,14,09/11 01:07
2026/09/11 01:52,2026-09-11T02:07:15+09:00,2026/09/11,2026/10/08,2026-09,PUT,77000,12035,,,,,,,,,,,,,
2026/09/11 01:52,2026-09-11T02:07:15+09:00,2026/09/11,2026/10/08,2026-09,CALL,76500,25,14,8,28.1,26.93,21,3,15,1,27.36,1,5.26,20,09/10 23:24
2026/09/11 01:52,2026-09-11T02:07:15+09:00,2026/09/11,2026/10/08,2026-09,PUT,76500,11540,,,,,,,,,,,,,
2026/09/11 01:52,2026-09-11T02:07:15+09:00,2026/09/11,2026/10/08,2026-09,CALL,76250,26,9,1,28.47,24.97,26,3,9,3,27.82,,,23,09/10 22:07
2026/09/11 01:52,2026-09-11T02:07:15+09:00,2026/09/11,2026/10/08,2026-09,PUT,76250,11295,,,,,,,,,,,,,
2026/09/11 01:52,2026-09-11T02:07:15+09:00,2026/09/11,2026/10/08,2026-09,CALL,76000,28,1087,20,27.72,26.88,24,4,19,3,27.17,-4,-16,21,09/11 00:02
2026/09/11 01:52,2026-09-11T02:07:15+09:00,2026/09/11,2026/10/08,2026-09,PUT,76000,11045,,,,,,,,,,,,,
2026/09/11 01:52,2026-09-11T02:07:15+09:00,2026/09/11,2026/10/08,2026-09,CALL,75750,31,5,,27.99,25.22,29,3,13,3,,,,,
2026/09/11 01:52,2026-09-11T02:07:15+09:00,2026/09/11,2026/10/08,2026-09,PUT,75750,10800,,,,,,,,,,,,,
2026/09/11 01:52,2026-09-11T02:07:15+09:00,2026/09/11,2026/10/08,2026-09,CALL,75500,34,12,5,26.97,25.23,25,1,15,3,26.84,-7,-21.88,25,09/10 23:19
2026/09/11 01:52,2026-09-11T02:07:15+09:00,2026/09/11,2026/10/08,2026-09,PUT,75500,10555,,,,,,,,,,,,,
2026/09/11 01:52,2026-09-11T02:07:15+09:00,2026/09/11,2026/10/08,2026-09,CALL,75250,37,2,,30.73,25.38,66,3,18,9,,,,,
2026/09/11 01:52,2026-09-11T02:07:15+09:00,2026/09/11,2026/10/08,2026-09,PUT,75250,10310,,,,,,,,,,,,,
2026/09/11 01:52,2026-09-11T02:07:15+09:00,2026/09/11,2026/10/08,2026-09,CALL,75000,39,2334,57,27.45,26.34,36,7,27,1,26.93,-10,-25.64,29,09/11 01:34
2026/09/11 01:52,2026-09-11T02:07:15+09:00,2026/09/11,2026/10/08,2026-09,PUT,75000,10065,,,,,,,,,,,,,
2026/09/11 01:52,2026-09-11T02:07:15+09:00,2026/09/11,2026/10/08,2026-09,CALL,74750,45,2,6,28.99,25.31,57,3,23,9,26.51,-23,-41.82,32,09/10 22:23
2026/09/11 01:52,2026-09-11T02:07:15+09:00,2026/09/11,2026/10/08,2026-09,PUT,74750,9820,,,,,,,,,,,,,
2026/09/11 01:52,2026-09-11T02:07:15+09:00,2026/09/11,2026/10/08,2026-09,CALL,74500,49,73,1,27.13,25.14,42,3,25,9,26.06,-15,-29.41,36,09/10 21:36
2026/09/11 01:52,2026-09-11T02:07:15+09:00,2026/09/11,2026/10/08,2026-09,PUT,74500,9575,,,,,,,,,,,,,
2026/09/11 01:52,2026-09-11T02:07:15+09:00,2026/09/11,2026/10/08,2026-09,CALL,74250,56,10,5,27.02,25.07,46,9,28,9,26.19,-19,-31.67,41,09/10 22:04
2026/09/11 01:52,2026-09-11T02:07:15+09:00,2026/09/11,2026/10/08,2026-09,PUT,74250,9330,,,,,,,,,,,,,
2026/09/11 01:52,2026-09-11T02:07:15+09:00,2026/09/11,2026/10/08,2026-09,CALL,74000,61,545,22,28.3,25.19,68,1,33,10,26.2,-10,-18.18,45,09/10 23:46
2026/09/11 01:52,2026-09-11T02:07:15+09:00,2026/09/11,2026/10/08,2026-09,PUT,74000,9090,,,,,,,,,,,,,
2026/09/11 01:52,2026-09-11T02:07:15+09:00,2026/09/11,2026/10/08,2026-09,CALL,73750,68,3,,26.78,25.04,55,2,36,10,,,,,
2026/09/11 01:52,2026-09-11T02:07:15+09:00,2026/09/11,2026/10/08,2026-09,PUT,73750,8845,,,,,,,,,,,,,
2026/09/11 01:52,2026-09-11T02:07:15+09:00,2026/09/11,2026/10/08,2026-09,CALL,73500,74,28,6,29.25,24.95,100,1,40,10,25.94,-8,-12.31,57,09/10 21:49
2026/09/11 01:52,2026-09-11T02:07:15+09:00,2026/09/11,2026/10/08,2026-09,PUT,73500,8605,,,,,,,,,,,,,
2026/09/11 01:52,2026-09-11T02:07:15+09:00,2026/09/11,2026/10/08,2026-09,CALL,73250,84,3,1,26.5,24.82,65,2,44,8,25.57,,,65,09/10 21:25
2026/09/11 01:52,2026-09-11T02:07:15+09:00,2026/09/11,2026/10/08,2026-09,PUT,73250,8365,,,,,,,,,,,,,
2026/09/11 01:52,2026-09-11T02:07:15+09:00,2026/09/11,2026/10/08,2026-09,CALL,73000,90,1535,22,26.5,24.82,73,10,50,1,25.66,-20,-23.53,65,09/11 00:05
2026/09/11 01:52,2026-09-11T02:07:15+09:00,2026/09/11,2026/10/08,2026-09,PUT,73000,8125,10,,,,,,,,,,,,
2026/09/11 01:52,2026-09-11T02:07:15+09:00,2026/09/11,2026/10/08,2026-09,CALL,72750,102,14,,26.27,24.61,78,10,54,2,,,,,
2026/09/11 01:52,2026-09-11T02:07:15+09:00,2026/09/11,2026/10/08,2026-09,PUT,72750,7885,,,,,,,,,,,,,
2026/09/11 01:52,2026-09-11T02:07:15+09:00,2026/09/11,2026/10/08,2026-09,CALL,72500,109,611,8,26.2,24.53,86,10,60,10,25.67,-32,-29.36,77,09/11 00:21
2026/09/11 01:52,2026-09-11T02:07:15+09:00,2026/09/11,2026/10/08,2026-09,PUT,72500,7655,1,,,,,,,,,,,,
2026/09/11 01:52,2026-09-11T02:07:15+09:00,2026/09/11,2026/10/08,2026-09,CALL,72250,125,87,,26.02,24.46,93,10,67,2,,,,,
2026/09/11 01:52,2026-09-11T02:07:15+09:00,2026/09/11,2026/10/08,2026-09,PUT,72250,7415,,,,,,,,,,,,,
2026/09/11 01:52,2026-09-11T02:07:15+09:00,2026/09/11,2026/10/08,2026-09,CALL,72125,135,,,26,24.38,98,10,70,8,,,,,
2026/09/11 01:52,2026-09-11T02:07:15+09:00,2026/09/11,2026/10/08,2026-09,PUT,72125,7295,,,,,,,,,,,,,
2026/09/11 01:52,2026-09-11T02:07:15+09:00,2026/09/11,2026/10/08,2026-09,CALL,72000,136,1998,48,25.81,24.71,100,7,80,2,25.49,-46,-33.82,90,09/11 01:32
2026/09/11 01:52,2026-09-11T02:07:15+09:00,2026/09/11,2026/10/08,2026-09,PUT,72000,7180,,,,,,,3,10,,,,,
2026/09/11 01:52,2026-09-11T02:07:15+09:00,2026/09/11,2026/10/08,2026-09,CALL,71875,147,,,25.82,24.31,106,10,78,2,,,,,
2026/09/11 01:52,2026-09-11T02:07:15+09:00,2026/09/11,2026/10/08,2026-09,PUT,71875,7065,,,,,,,,,,,,,
2026/09/11 01:52,2026-09-11T02:07:15+09:00,2026/09/11,2026/10/08,2026-09,CALL,71750,157,,,25.82,24.26,112,2,82,2,,,,,
2026/09/11 01:52,2026-09-11T02:07:15+09:00,2026/09/11,2026/10/08,2026-09,PUT,71750,6950,,,,,,,3,10,,,,,
2026/09/11 01:52,2026-09-11T02:07:15+09:00,2026/09/11,2026/10/08,2026-09,CALL,71625,163,,,25.71,24.25,116,2,87,2,,,,,
2026/09/11 01:52,2026-09-11T02:07:15+09:00,2026/09/11,2026/10/08,2026-09,PUT,71625,6830,,,,,,,,,,,,,
2026/09/11 01:52,2026-09-11T02:07:15+09:00,2026/09/11,2026/10/08,2026-09,CALL,71500,171,270,1,25.68,24.22,122,10,92,10,25.15,-3,-1.84,160,09/10 18:37
2026/09/11 01:52,2026-09-11T02:07:15+09:00,2026/09/11,2026/10/08,2026-09,PUT,71500,6720,,,,,,,3,10,,,,,
2026/09/11 01:52,2026-09-11T02:07:15+09:00,2026/09/11,2026/10/08,2026-09,CALL,71375,181,1,,25.64,24.18,128,10,97,2,,,,,
2026/09/11 01:52,2026-09-11T02:07:15+09:00,2026/09/11,2026/10/08,2026-09,PUT,71375,6605,,,,,,,,,,,,,
2026/09/11 01:52,2026-09-11T02:07:15+09:00,2026/09/11,2026/10/08,2026-09,CALL,71250,191,128,3,25.58,24.13,134,10,102,2,25.46,-15,-9.09,150,09/10 23:24
2026/09/11 01:52,2026-09-11T02:07:15+09:00,2026/09/11,2026/10/08,2026-09,PUT,71250,6490,,,,,,,3,10,,,,,
2026/09/11 01:52,2026-09-11T02:07:15+09:00,2026/09/11,2026/10/08,2026-09,CALL,71125,202,,,25.56,24.12,141,10,108,2,,,,,
2026/09/11 01:52,2026-09-11T02:07:15+09:00,2026/09/11,2026/10/08,2026-09,PUT,71125,6375,,,,,,,,,,,,,
2026/09/11 01:52,2026-09-11T02:07:15+09:00,2026/09/11,2026/10/08,2026-09,CALL,71000,210,1153,26,25.52,24.09,148,10,114,10,25.38,-65,-30.95,145,09/11 00:18
2026/09/11 01:52,2026-09-11T02:07:15+09:00,2026/09/11,2026/10/08,2026-09,PUT,71000,6265,,,,,,,3,10,,,,,
2026/09/11 01:52,2026-09-11T02:07:15+09:00,2026/09/11,2026/10/08,2026-09,CALL,70875,224,1,,25.51,,156,2,,,,,,,
2026/09/11 01:52,2026-09-11T02:07:15+09:00,2026/09/11,2026/10/08,2026-09,PUT,70875,6150,,,,,,,,,,,,,
2026/09/11 01:52,2026-09-11T02:07:15+09:00,2026/09/11,2026/10/08,2026-09,CALL,70750,237,9,2,25.53,13.68,165,2,3,20,25.54,-40,-18.6,175,09/10 23:42
2026/09/11 01:52,2026-09-11T02:07:15+09:00,2026/09/11,2026/10/08,2026-09,PUT,70750,6040,,,,,,,3,10,,,,,
2026/09/11 01:52,2026-09-11T02:07:15+09:00,2026/09/11,2026/10/08,2026-09,CALL,70625,250,,,25.49,,173,8,,,,,,,
2026/09/11 01:52,2026-09-11T02:07:15+09:00,2026/09/11,2026/10/08,2026-09,PUT,70625,5925,,,,,,,,,,,,,
2026/09/11 01:52,2026-09-11T02:07:15+09:00,2026/09/11,2026/10/08,2026-09,CALL,70500,259,414,11,25.47,23.72,182,10,135,1,25.56,-50,-20.41,195,09/10 23:33
2026/09/11 01:52,2026-09-11T02:07:15+09:00,2026/09/11,2026/10/08,2026-09,PUT,70500,5820,,,,,,,3,10,,,,,
2026/09/11 01:52,2026-09-11T02:07:15+09:00,2026/09/11,2026/10/08,2026-09,CALL,70375,280,124,1,25.44,24.02,191,8,151,8,24.99,,,253,09/10 18:44
2026/09/11 01:52,2026-09-11T02:07:15+09:00,2026/09/11,2026/10/08,2026-09,PUT,70375,5705,,,,,,,,,,,,,
2026/09/11 01:52,2026-09-11T02:07:15+09:00,2026/09/11,2026/10/08,2026-09,CALL,70250,293,14,,25.46,12.84,202,8,3,20,,,,,
2026/09/11 01:52,2026-09-11T02:07:15+09:00,2026/09/11,2026/10/08,2026-09,PUT,70250,5600,,,,,,,3,10,,,,,
2026/09/11 01:52,2026-09-11T02:07:15+09:00,2026/09/11,2026/10/08,2026-09,CALL,70125,330,,2,25.43,24.01,212,8,169,8,24.97,,,195,09/11 00:50
2026/09/11 01:52,2026-09-11T02:07:15+09:00,2026/09/11,2026/10/08,2026-09,PUT,70125,5495,,,,,,,,,,,,,
2026/09/11 01:52,2026-09-11T02:07:15+09:00,2026/09/11,2026/10/08,2026-09,CALL,70000,320,1840,36,24.7,24.05,200,4,180,1,25.11,-100,-33.33,200,09/11 01:08
2026/09/11 01:52,2026-09-11T02:07:15+09:00,2026/09/11,2026/10/08,2026-09,PUT,70000,5385,105,,,,,,3,10,,,,,
2026/09/11 01:52,2026-09-11T02:07:15+09:00,2026/09/11,2026/10/08,2026-09,CALL,69875,345,107,1,25.37,23.97,233,10,188,10,25.47,,,250,09/10 21:39
2026/09/11 01:52,2026-09-11T02:07:15+09:00,2026/09/11,2026/10/08,2026-09,PUT,69875,5275,,,,,,,,,,,,,
2026/09/11 01:52,2026-09-11T02:07:15+09:00,2026/09/11,2026/10/08,2026-09,CALL,69750,360,81,2,25.45,23.97,248,2,199,2,25.53,-55,-17.19,265,09/10 22:05
2026/09/11 01:52,2026-09-11T02:07:15+09:00,2026/09/11,2026/10/08,2026-09,PUT,69750,5170,,,,,,,3,10,,,,,
2026/09/11 01:52,2026-09-11T02:07:15+09:00,2026/09/11,2026/10/08,2026-09,CALL,69625,400,95,,25.48,,262,8,,,,,,,
2026/09/11 01:52,2026-09-11T02:07:15+09:00,2026/09/11,2026/10/08,2026-09,PUT,69625,5065,,,,,,,,,,,,,
2026/09/11 01:52,2026-09-11T02:07:15+09:00,2026/09/11,2026/10/08,2026-09,CALL,69500,395,338,7,25.46,11.55,275,10,3,20,25.7,-77,-20.81,293,09/10 22:50
2026/09/11 01:52,2026-09-11T02:07:15+09:00,2026/09/11,2026/10/08,2026-09,PUT,69500,4965,,,,,,,3,10,,,,,
2026/09/11 01:52,2026-09-11T02:07:15+09:00,2026/09/11,2026/10/08,2026-09,CALL,69375,435,,,25.46,24.01,289,10,236,10,,,,,
2026/09/11 01:52,2026-09-11T02:07:15+09:00,2026/09/11,2026/10/08,2026-09,PUT,69375,4860,,,,,,,,,,,,,
2026/09/11 01:52,2026-09-11T02:07:15+09:00,2026/09/11,2026/10/08,2026-09,CALL,69250,440,7,,,24.03,,,250,8,,,,,
2026/09/11 01:52,2026-09-11T02:07:15+09:00,2026/09/11,2026/10/08,2026-09,PUT,69250,4755,,,,,,,3,10,,,,,
2026/09/11 01:52,2026-09-11T02:07:15+09:00,2026/09/11,2026/10/08,2026-09,CALL,69125,480,,,,24.06,,,265,10,,,,,
2026/09/11 01:52,2026-09-11T02:07:15+09:00,2026/09/11,2026/10/08,2026-09,PUT,69125,4655,,,,,,,,,,,,,
2026/09/11 01:52,2026-09-11T02:07:15+09:00,2026/09/11,2026/10/08,2026-09,CALL,69000,485,2951,46,25.33,24.34,330,4,290,5,25.23,-150,-32.61,310,09/11 01:07
2026/09/11 01:52,2026-09-11T02:07:15+09:00,2026/09/11,2026/10/08,2026-09,PUT,69000,4560,210,,33.62,,5900,4,5075,4,,,,,
2026/09/11 01:52,2026-09-11T02:07:15+09:00,2026/09/11,2026/10/08,2026-09,CALL,68875,540,85,,25.53,24.2,355,2,300,2,,,,,
2026/09/11 01:52,2026-09-11T02:07:15+09:00,2026/09/11,2026/10/08,2026-09,PUT,68875,4455,,,35.72,15.01,5915,2,5090,2,,,,,
2026/09/11 01:52,2026-09-11T02:07:15+09:00,2026/09/11,2026/10/08,2026-09,CALL,68750,535,115,,25.36,24.42,365,4,325,4,,,,,
2026/09/11 01:52,2026-09-11T02:07:15+09:00,2026/09/11,2026/10/08,2026-09,PUT,68750,4365,,,31.1,15.35,5565,1,4975,1,,,,,
2026/09/11 01:52,2026-09-11T02:07:15+09:00,2026/09/11,2026/10/08,2026-09,CALL,68625,595,,,25.63,24.37,395,2,340,2,,,,,
2026/09/11 01:52,2026-09-11T02:07:15+09:00,2026/09/11,2026/10/08,2026-09,PUT,68625,4260,,,32.62,15.85,5545,2,4865,2,,,,,
2026/09/11 01:52,2026-09-11T02:07:15+09:00,2026/09/11,2026/10/08,2026-09,CALL,68500,590,1157,9,25.43,24.54,405,4,365,4,24.87,-210,-36.84,360,09/11 01:13
2026/09/11 01:52,2026-09-11T02:07:15+09:00,2026/09/11,2026/10/08,2026-09,PUT,68500,4170,3,,30.29,17.46,5320,1,4785,1,,,,,
2026/09/11 01:52,2026-09-11T02:07:15+09:00,2026/09/11,2026/10/08,2026-09,CALL,68375,660,,,25.55,24.57,430,2,385,2,,,,,
2026/09/11 01:52,2026-09-11T02:07:15+09:00,2026/09/11,2026/10/08,2026-09,PUT,68375,4075,,,30.67,17.84,5240,2,4680,2,,,,,
2026/09/11 01:52,2026-09-11T02:07:15+09:00,2026/09/11,2026/10/08,2026-09,CALL,68250,660,92,,25.54,24.59,450,4,405,4,,,,,
2026/09/11 01:52,2026-09-11T02:07:15+09:00,2026/09/11,2026/10/08,2026-09,PUT,68250,3980,,,34.2,18.46,5340,1,4585,1,,,,,
2026/09/11 01:52,2026-09-11T02:07:15+09:00,2026/09/11,2026/10/08,2026-09,CALL,68125,705,8,,25.82,24.58,485,2,425,2,,,,,
2026/09/11 01:52,2026-09-11T02:07:15+09:00,2026/09/11,2026/10/08,2026-09,PUT,68125,3880,,,30.01,19.39,5005,2,4505,2,,,,,
2026/09/11 01:52,2026-09-11T02:07:15+09:00,2026/09/11,2026/10/08,2026-09,CALL,68000,720,1306,22,25.67,24.67,500,4,450,4,25.48,-235,-33.81,460,09/11 01:18
2026/09/11 01:52,2026-09-11T02:07:15+09:00,2026/09/11,2026/10/08,2026-09,PUT,68000,3800,542,,30.08,,4910,4,4055,4,,,,,
2026/09/11 01:52,2026-09-11T02:07:15+09:00,2026/09/11,2026/10/08,2026-09,CALL,67875,755,,,25.91,24.73,535,2,475,2,,,,,
2026/09/11 01:52,2026-09-11T02:07:15+09:00,2026/09/11,2026/10/08,2026-09,PUT,67875,3710,,,30.39,,4830,2,3960,2,,,,,
2026/09/11 01:52,2026-09-11T02:07:15+09:00,2026/09/11,2026/10/08,2026-09,CALL,67750,790,1013,6,25.83,24.77,555,4,500,4,26.01,-55,-8.09,625,09/10 23:24
2026/09/11 01:52,2026-09-11T02:07:15+09:00,2026/09/11,2026/10/08,2026-09,PUT,67750,3620,9,,31.87,,4820,1,3870,1,,,,,
2026/09/11 01:52,2026-09-11T02:07:15+09:00,2026/09/11,2026/10/08,2026-09,CALL,67625,825,85,,26.01,24.89,590,2,530,2,,,,,
2026/09/11 01:52,2026-09-11T02:07:15+09:00,2026/09/11,2026/10/08,2026-09,PUT,67625,3530,6,,30.01,,4615,2,3780,2,,,,,
2026/09/11 01:52,2026-09-11T02:07:15+09:00,2026/09/11,2026/10/08,2026-09,CALL,67500,865,274,1,25.9,24.89,610,4,555,4,25.98,-135,-17.42,640,09/10 22:30
2026/09/11 01:52,2026-09-11T02:07:15+09:00,2026/09/11,2026/10/08,2026-09,PUT,67500,3450,32,,29.84,11.1,4510,1,3705,1,,,,,
2026/09/11 01:52,2026-09-11T02:07:15+09:00,2026/09/11,2026/10/08,2026-09,CALL,67375,910,74,,26.23,24.97,655,2,585,2,,,,,
2026/09/11 01:52,2026-09-11T02:07:15+09:00,2026/09/11,2026/10/08,2026-09,PUT,67375,3355,,,29.92,12.17,4420,2,3605,2,,,,,
2026/09/11 01:52,2026-09-11T02:07:15+09:00,2026/09/11,2026/10/08,2026-09,CALL,67250,945,,,26.09,24.94,675,4,610,4,,,,,
2026/09/11 01:52,2026-09-11T02:07:15+09:00,2026/09/11,2026/10/08,2026-09,PUT,67250,3285,,,29.57,13.95,4305,1,3535,1,,,,,
2026/09/11 01:52,2026-09-11T02:07:15+09:00,2026/09/11,2026/10/08,2026-09,CALL,67125,985,,,26.19,24.98,710,2,640,2,,,,,
2026/09/11 01:52,2026-09-11T02:07:15+09:00,2026/09/11,2026/10/08,2026-09,PUT,67125,3190,,,30.27,14.5,4255,2,3440,2,,,,,
2026/09/11 01:52,2026-09-11T02:07:15+09:00,2026/09/11,2026/10/08,2026-09,CALL,67000,1030,1339,6,26.11,25.08,735,4,675,4,25.83,-290,-29.59,690,09/11 01:07
2026/09/11 01:52,2026-09-11T02:07:15+09:00,2026/09/11,2026/10/08,2026-09,PUT,67000,3125,511,,29.73,15.84,4130,4,3380,4,,,,,
2026/09/11 01:52,2026-09-11T02:07:15+09:00,2026/09/11,2026/10/08,2026-09,CALL,66875,1095,,,26.51,25.09,790,2,705,2,,,,,
2026/09/11 01:52,2026-09-11T02:07:15+09:00,2026/09/11,2026/10/08,2026-09,PUT,66875,3020,,,30.15,15.78,4065,2,3270,2,,,,,
2026/09/11 01:52,2026-09-11T02:07:15+09:00,2026/09/11,2026/10/08,2026-09,CALL,66750,1135,123,,26.31,25.15,810,4,740,4,,,,,
2026/09/11 01:52,2026-09-11T02:07:15+09:00,2026/09/11,2026/10/08,2026-09,PUT,66750,2950,,,30.07,16.59,3970,1,3200,1,,,,,
2026/09/11 01:52,2026-09-11T02:07:15+09:00,2026/09/11,2026/10/08,2026-09,CALL,66625,1185,,,26.58,25.2,860,2,775,2,,,,,
2026/09/11 01:52,2026-09-11T02:07:15+09:00,2026/09/11,2026/10/08,2026-09,PUT,66625,2865,,,29.67,16.98,3855,2,3115,2,,,,,
2026/09/11 01:52,2026-09-11T02:07:15+09:00,2026/09/11,2026/10/08,2026-09,CALL,66500,1220,23,1,26.51,25.31,890,4,815,4,26.2,5,0.45,1120,09/10 19:07
2026/09/11 01:52,2026-09-11T02:07:15+09:00,2026/09/11,2026/10/08,2026-09,PUT,66500,2810,94,,29.87,22.6,3780,5,3325,5,,,,,
2026/09/11 01:52,2026-09-11T02:07:15+09:00,2026/09/11,2026/10/08,2026-09,CALL,66375,1285,1,,26.59,25.4,930,2,855,2,,,,,
2026/09/11 01:52,2026-09-11T02:07:15+09:00,2026/09/11,2026/10/08,2026-09,PUT,66375,2720,1,,30.06,18.07,3705,2,2970,2,,,,,
2026/09/11 01:52,2026-09-11T02:07:15+09:00,2026/09/11,2026/10/08,2026-09,CALL,66250,1335,4,,26.56,25.55,965,4,900,4,,,,,
2026/09/11 01:52,2026-09-11T02:07:15+09:00,2026/09/11,2026/10/08,2026-09,PUT,66250,2655,1,,34.4,18.65,3910,1,2905,1,,,,,
2026/09/11 01:52,2026-09-11T02:07:15+09:00,2026/09/11,2026/10/08,2026-09,CALL,66125,1400,1,,26.75,25.52,1015,2,935,2,,,,,
2026/09/11 01:52,2026-09-11T02:07:15+09:00,2026/09/11,2026/10/08,2026-09,PUT,66125,2575,,,32.16,18.82,3675,2,2820,2,,,,,
2026/09/11 01:52,2026-09-11T02:07:15+09:00,2026/09/11,2026/10/08,2026-09,CALL,66000,1430,1223,11,26.85,25.63,1060,2,980,2,25.83,-450,-32.14,950,09/11 01:19
2026/09/11 01:52,2026-09-11T02:07:15+09:00,2026/09/11,2026/10/08,2026-09,PUT,66000,2520,1192,3,27.53,24.56,3280,4,3085,4,26.36,580,22.31,3180,09/10 22:32
2026/09/11 01:52,2026-09-11T02:07:15+09:00,2026/09/11,2026/10/08,2026-09,CALL,65875,1520,2,,26.92,25.57,1105,2,1015,2,,,,,
2026/09/11 01:52,2026-09-11T02:07:15+09:00,2026/09/11,2026/10/08,2026-09,PUT,65875,2440,,,,,,,,,,,,,
2026/09/11 01:52,2026-09-11T02:07:15+09:00,2026/09/11,2026/10/08,2026-09,CALL,65750,1565,56,1,26.91,25.86,1145,2,1075,2,27.05,,,1135,09/10 23:14
2026/09/11 01:52,2026-09-11T02:07:15+09:00,2026/09/11,2026/10/08,2026-09,PUT,65750,2375,116,,,,,,3,10,,,,,
2026/09/11 01:52,2026-09-11T02:07:15+09:00,2026/09/11,2026/10/08,2026-09,CALL,65625,1625,,,27.09,25.91,1200,2,1120,2,,,,,
2026/09/11 01:52,2026-09-11T02:07:15+09:00,2026/09/11,2026/10/08,2026-09,PUT,65625,2310,,,,,,,,,,,,,
2026/09/11 01:52,2026-09-11T02:07:15+09:00,2026/09/11,2026/10/08,2026-09,CALL,65500,1665,132,,27.11,26.02,1245,2,1170,2,,,,,
2026/09/11 01:52,2026-09-11T02:07:15+09:00,2026/09/11,2026/10/08,2026-09,PUT,65500,2255,144,,27.55,24.69,2950,4,2755,4,,,,,
2026/09/11 01:52,2026-09-11T02:07:15+09:00,2026/09/11,2026/10/08,2026-09,CALL,65375,1750,,,27.48,25.81,1315,2,1200,2,,,,,
2026/09/11 01:52,2026-09-11T02:07:15+09:00,2026/09/11,2026/10/08,2026-09,PUT,65375,2180,231,,,,,,,,,,,,
2026/09/11 01:52,2026-09-11T02:07:15+09:00,2026/09/11,2026/10/08,2026-09,CALL,65250,1815,1,,27.39,26.1,1355,2,1265,2,,,,,
2026/09/11 01:52,2026-09-11T02:07:15+09:00,2026/09/11,2026/10/08,2026-09,PUT,65250,2115,2,,,,,,3,10,,,,,
2026/09/11 01:52,2026-09-11T02:07:15+09:00,2026/09/11,2026/10/08,2026-09,CALL,65125,1875,,,27.65,26,1420,2,1305,2,,,,,
2026/09/11 01:52,2026-09-11T02:07:15+09:00,2026/09/11,2026/10/08,2026-09,PUT,65125,2055,,,,,,,,,,,,,
2026/09/11 01:52,2026-09-11T02:07:15+09:00,2026/09/11,2026/10/08,2026-09,CALL,65000,1925,423,4,27.6,26.18,1465,2,1365,2,27.29,-280,-15.69,1505,09/10 22:04
2026/09/11 01:52,2026-09-11T02:07:15+09:00,2026/09/11,2026/10/08,2026-09,PUT,65000,1985,1916,5,27.95,25.39,2665,4,2485,4,28.8,190,9.57,2175,09/10 17:00
2026/09/11 01:52,2026-09-11T02:07:15+09:00,2026/09/11,2026/10/08,2026-09,CALL,64875,2015,,,27.89,26.12,1535,2,1410,2,,,,,
2026/09/11 01:52,2026-09-11T02:07:15+09:00,2026/09/11,2026/10/08,2026-09,PUT,64875,1940,,,,,,,,,,,,,
2026/09/11 01:52,2026-09-11T02:07:15+09:00,2026/09/11,2026/10/08,2026-09,CALL,64750,2105,1,,27.66,26.18,1570,2,1465,2,,,,,
2026/09/11 01:52,2026-09-11T02:07:15+09:00,2026/09/11,2026/10/08,2026-09,PUT,64750,1880,3,,,,,,3,10,,,,,
2026/09/11 01:52,2026-09-11T02:07:15+09:00,2026/09/11,2026/10/08,2026-09,CALL,64625,2195,,,28.05,26.3,1650,2,1525,2,,,,,
2026/09/11 01:52,2026-09-11T02:07:15+09:00,2026/09/11,2026/10/08,2026-09,PUT,64625,1840,,,27.84,26.16,2435,4,2315,4,,,,,
2026/09/11 01:52,2026-09-11T02:07:15+09:00,2026/09/11,2026/10/08,2026-09,CALL,64500,2250,25,,27.87,26.61,1690,2,1600,2,,,,,
2026/09/11 01:52,2026-09-11T02:07:15+09:00,2026/09/11,2026/10/08,2026-09,PUT,64500,1770,492,,27.66,26.33,2350,4,2255,4,,,,,
2026/09/11 01:52,2026-09-11T02:07:15+09:00,2026/09/11,2026/10/08,2026-09,CALL,64375,2340,,,28.15,26.34,1765,4,1635,4,,,,,
2026/09/11 01:52,2026-09-11T02:07:15+09:00,2026/09/11,2026/10/08,2026-09,PUT,64375,1735,,,27.94,26.06,2300,2,2165,2,,,,,
2026/09/11 01:52,2026-09-11T02:07:15+09:00,2026/09/11,2026/10/08,2026-09,CALL,64250,2380,,,28,26.68,1810,4,1715,4,,,,,
2026/09/11 01:52,2026-09-11T02:07:15+09:00,2026/09/11,2026/10/08,2026-09,PUT,64250,1685,105,,27.79,26.4,2220,2,2120,2,,,,,
2026/09/11 01:52,2026-09-11T02:07:15+09:00,2026/09/11,2026/10/08,2026-09,CALL,64125,2490,,,,,,,,,,,,,
2026/09/11 01:52,2026-09-11T02:07:15+09:00,2026/09/11,2026/10/08,2026-09,PUT,64125,1635,1030,,28.12,26.23,2175,2,2040,2,,,,,
2026/09/11 01:52,2026-09-11T02:07:15+09:00,2026/09/11,2026/10/08,2026-09,CALL,64000,2505,252,33,28.77,26.33,1980,4,1805,4,27.44,-580,-24.17,1820,09/11 01:19
2026/09/11 01:52,2026-09-11T02:07:15+09:00,2026/09/11,2026/10/08,2026-09,PUT,64000,1575,1726,15,28.07,26.61,2105,2,2000,2,27.51,410,25.15,2040,09/11 00:01
2026/09/11 01:52,2026-09-11T02:07:15+09:00,2026/09/11,2026/10/08,2026-09,CALL,63875,2645,50,,,,,,,,,,,,
2026/09/11 01:52,2026-09-11T02:07:15+09:00,2026/09/11,2026/10/08,2026-09,PUT,63875,1535,483,,28.15,26.82,2045,2,1950,2,,,,,
2026/09/11 01:52,2026-09-11T02:07:15+09:00,2026/09/11,2026/10/08,2026-09,CALL,63750,2690,,,,,,,10,1,,,,,
2026/09/11 01:52,2026-09-11T02:07:15+09:00,2026/09/11,2026/10/08,2026-09,PUT,63750,1480,131,,28.07,26.88,1975,2,1890,2,,,,,
2026/09/11 01:52,2026-09-11T02:07:15+09:00,2026/09/11,2026/10/08,2026-09,CALL,63625,2805,,,,,,,,,,,,,
2026/09/11 01:52,2026-09-11T02:07:15+09:00,2026/09/11,2026/10/08,2026-09,PUT,63625,1445,,,28.25,27,1925,2,1835,2,,,,,
2026/09/11 01:52,2026-09-11T02:07:15+09:00,2026/09/11,2026/10/08,2026-09,CALL,63500,2880,3,,29.19,26.67,2255,4,2075,4,,,,,
2026/09/11 01:52,2026-09-11T02:07:15+09:00,2026/09/11,2026/10/08,2026-09,PUT,63500,1390,216,1,28.49,27.09,1880,2,1780,2,28.31,70,4.71,1555,09/10 18:36
2026/09/11 01:52,2026-09-11T02:07:15+09:00,2026/09/11,2026/10/08,2026-09,CALL,63375,2965,,,,,,,,,,,,,
2026/09/11 01:52,2026-09-11T02:07:15+09:00,2026/09/11,2026/10/08,2026-09,PUT,63375,1370,232,,28.43,27.17,1815,2,1725,2,,,,,
2026/09/11 01:52,2026-09-11T02:07:15+09:00,2026/09/11,2026/10/08,2026-09,CALL,63250,3035,,,,,,,3,10,,,,,
2026/09/11 01:52,2026-09-11T02:07:15+09:00,2026/09/11,2026/10/08,2026-09,PUT,63250,1320,112,1,28.63,27.29,1770,2,1675,2,28.44,-270,-15.61,1460,09/10 18:37
2026/09/11 01:52,2026-09-11T02:07:15+09:00,2026/09/11,2026/10/08,2026-09,CALL,63125,3135,,,,,,,,,,,,,
2026/09/11 01:52,2026-09-11T02:07:15+09:00,2026/09/11,2026/10/08,2026-09,PUT,63125,1290,,1,28.75,27.34,1720,2,1620,2,28.3,,,1380,09/10 17:47
2026/09/11 01:52,2026-09-11T02:07:15+09:00,2026/09/11,2026/10/08,2026-09,CALL,63000,3215,5,,29.56,27,2545,4,2365,4,,,,,
2026/09/11 01:52,2026-09-11T02:07:15+09:00,2026/09/11,2026/10/08,2026-09,PUT,63000,1225,1268,5,28.78,27.64,1665,2,1585,2,28.24,320,24.81,1610,09/11 00:33
2026/09/11 01:52,2026-09-11T02:07:15+09:00,2026/09/11,2026/10/08,2026-09,CALL,62875,3305,,,,,,,,,,,,,
2026/09/11 01:52,2026-09-11T02:07:15+09:00,2026/09/11,2026/10/08,2026-09,PUT,62875,1205,86,,28.87,27.51,1615,2,1520,2,,,,,
2026/09/11 01:52,2026-09-11T02:07:15+09:00,2026/09/11,2026/10/08,2026-09,CALL,62750,3395,,,,,,,3,10,,,,,
2026/09/11 01:52,2026-09-11T02:07:15+09:00,2026/09/11,2026/10/08,2026-09,PUT,62750,1135,196,,28.94,27.71,1565,2,1480,2,,,,,
2026/09/11 01:52,2026-09-11T02:07:15+09:00,2026/09/11,2026/10/08,2026-09,CALL,62625,3490,,,,,,,,,,,,,
2026/09/11 01:52,2026-09-11T02:07:15+09:00,2026/09/11,2026/10/08,2026-09,PUT,62625,1140,130,,29.13,27.68,1525,2,1425,2,,,,,
2026/09/11 01:52,2026-09-11T02:07:15+09:00,2026/09/11,2026/10/08,2026-09,CALL,62500,3570,,,30.7,26.69,2905,5,2630,5,,,,,
2026/09/11 01:52,2026-09-11T02:07:15+09:00,2026/09/11,2026/10/08,2026-09,PUT,62500,1080,1613,,29.1,28.08,1470,4,1400,4,,,,,
2026/09/11 01:52,2026-09-11T02:07:15+09:00,2026/09/11,2026/10/08,2026-09,CALL,62375,3675,,,33.5,20.69,3170,2,2305,2,,,,,
2026/09/11 01:52,2026-09-11T02:07:15+09:00,2026/09/11,2026/10/08,2026-09,PUT,62375,1075,6,,29.19,28.16,1425,2,1355,2,,,,,
2026/09/11 01:52,2026-09-11T02:07:15+09:00,2026/09/11,2026/10/08,2026-09,CALL,62250,3755,,,37.32,24.56,3505,1,2640,1,,,,,
2026/09/11 01:52,2026-09-11T02:07:15+09:00,2026/09/11,2026/10/08,2026-09,PUT,62250,1015,63,,29.34,28.3,1385,4,1315,4,,,,,
2026/09/11 01:52,2026-09-11T02:07:15+09:00,2026/09/11,2026/10/08,2026-09,CALL,62125,3860,,,37.8,21.73,3610,2,2535,2,,,,,
2026/09/11 01:52,2026-09-11T02:07:15+09:00,2026/09/11,2026/10/08,2026-09,PUT,62125,1000,,,29.62,28.13,1355,2,1255,2,,,,,
2026/09/11 01:52,2026-09-11T02:07:15+09:00,2026/09/11,2026/10/08,2026-09,CALL,62000,3940,49,,31.02,26.79,3225,8,2945,8,,,,,
2026/09/11 01:52,2026-09-11T02:07:15+09:00,2026/09/11,2026/10/08,2026-09,PUT,62000,935,1344,15,29.52,28.54,1300,4,1235,4,29.56,105,11.23,1040,09/10 19:24
2026/09/11 01:52,2026-09-11T02:07:15+09:00,2026/09/11,2026/10/08,2026-09,CALL,61875,4030,,,38.14,22,3780,2,2720,2,,,,,
2026/09/11 01:52,2026-09-11T02:07:15+09:00,2026/09/11,2026/10/08,2026-09,PUT,61875,930,22,,29.77,28.4,1270,2,1180,2,,,,,
2026/09/11 01:52,2026-09-11T02:07:15+09:00,2026/09/11,2026/10/08,2026-09,CALL,61750,4130,,,38.52,20.84,3880,1,2735,1,,,,,
2026/09/11 01:52,2026-09-11T02:07:15+09:00,2026/09/11,2026/10/08,2026-09,PUT,61750,890,298,,29.94,28.71,1235,4,1155,4,,,,,
2026/09/11 01:52,2026-09-11T02:07:15+09:00,2026/09/11,2026/10/08,2026-09,CALL,61625,4225,,,38.82,21.54,3975,2,2865,2,,,,,
2026/09/11 01:52,2026-09-11T02:07:15+09:00,2026/09/11,2026/10/08,2026-09,PUT,61625,880,136,,29.94,28.77,1190,2,1115,2,,,,,
2026/09/11 01:52,2026-09-11T02:07:15+09:00,2026/09/11,2026/10/08,2026-09,CALL,61500,4320,,,39.03,22.23,4065,1,2995,1,,,,,
2026/09/11 01:52,2026-09-11T02:07:15+09:00,2026/09/11,2026/10/08,2026-09,PUT,61500,835,237,,30,28.98,1150,4,1085,4,,,,,
2026/09/11 01:52,2026-09-11T02:07:15+09:00,2026/09/11,2026/10/08,2026-09,CALL,61375,4425,,,33.95,21.8,3810,2,3060,2,,,,,
2026/09/11 01:52,2026-09-11T02:07:15+09:00,2026/09/11,2026/10/08,2026-09,PUT,61375,790,126,,30.2,29.08,1120,2,1050,2,,,,,
2026/09/11 01:52,2026-09-11T02:07:15+09:00,2026/09/11,2026/10/08,2026-09,CALL,61250,4520,,,34.09,24.13,3900,1,3285,1,,,,,
2026/09/11 01:52,2026-09-11T02:07:15+09:00,2026/09/11,2026/10/08,2026-09,PUT,61250,785,106,,30.22,29.26,1080,4,1020,4,,,,,
2026/09/11 01:52,2026-09-11T02:07:15+09:00,2026/09/11,2026/10/08,2026-09,CALL,61125,4625,,,34.7,21.07,4020,2,3205,2,,,,,
2026/09/11 01:52,2026-09-11T02:07:15+09:00,2026/09/11,2026/10/08,2026-09,PUT,61125,775,1210,,30.4,29.18,1050,2,975,2,,,,,
2026/09/11 01:52,2026-09-11T02:07:15+09:00,2026/09/11,2026/10/08,2026-09,CALL,61000,4720,201,,34.83,21.73,4110,4,3335,4,,,,,
2026/09/11 01:52,2026-09-11T02:07:15+09:00,2026/09/11,2026/10/08,2026-09,PUT,61000,720,635,28,30.56,29.49,1020,4,955,4,29.95,280,38.89,1000,09/11 00:55
2026/09/11 01:52,2026-09-11T02:07:15+09:00,2026/09/11,2026/10/08,2026-09,CALL,60875,4820,,,35.18,22.19,4215,2,3455,2,,,,,
2026/09/11 01:52,2026-09-11T02:07:15+09:00,2026/09/11,2026/10/08,2026-09,PUT,60875,725,469,,30.7,29.62,990,2,925,2,,,,,
2026/09/11 01:52,2026-09-11T02:07:15+09:00,2026/09/11,2026/10/08,2026-09,CALL,60750,4925,,,35.36,19.83,4310,1,3435,1,,,,,
2026/09/11 01:52,2026-09-11T02:07:15+09:00,2026/09/11,2026/10/08,2026-09,PUT,60750,685,183,,30.75,29.74,955,4,895,4,,,,,
2026/09/11 01:52,2026-09-11T02:07:15+09:00,2026/09/11,2026/10/08,2026-09,CALL,60625,5030,,,35.78,20.56,4420,2,3570,2,,,,,
2026/09/11 01:52,2026-09-11T02:07:15+09:00,2026/09/11,2026/10/08,2026-09,PUT,60625,685,155,,30.87,29.75,925,2,860,2,,,,,
2026/09/11 01:52,2026-09-11T02:07:15+09:00,2026/09/11,2026/10/08,2026-09,CALL,60500,5130,100,,35.94,19.52,4515,1,3625,1,,,,,
2026/09/11 01:52,2026-09-11T02:07:15+09:00,2026/09/11,2026/10/08,2026-09,PUT,60500,635,304,9,31.14,30.02,905,4,840,4,31.13,240,37.8,875,09/10 23:21
2026/09/11 01:52,2026-09-11T02:07:15+09:00,2026/09/11,2026/10/08,2026-09,CALL,60375,5235,,,36.34,19.78,4625,2,3740,2,,,,,
2026/09/11 01:52,2026-09-11T02:07:15+09:00,2026/09/11,2026/10/08,2026-09,PUT,60375,630,592,,31.15,30.18,870,2,815,2,,,,,
2026/09/11 01:52,2026-09-11T02:07:15+09:00,2026/09/11,2026/10/08,2026-09,CALL,60250,5340,,,36.74,25.53,4735,1,4110,1,,,,,
2026/09/11 01:52,2026-09-11T02:07:15+09:00,2026/09/11,2026/10/08,2026-09,PUT,60250,595,144,,31.31,30.33,845,4,790,4,,,,,
2026/09/11 01:52,2026-09-11T02:07:15+09:00,2026/09/11,2026/10/08,2026-09,CALL,60125,5445,,,36.96,21.24,4835,2,4010,2,,,,,
2026/09/11 01:52,2026-09-11T02:07:15+09:00,2026/09/11,2026/10/08,2026-09,PUT,60125,590,5,,31.55,30.47,825,2,765,2,,,,,
2026/09/11 01:52,2026-09-11T02:07:15+09:00,2026/09/11,2026/10/08,2026-09,CALL,60000,5550,1,,37.25,25.81,4940,4,4320,4,,,,,
2026/09/11 01:52,2026-09-11T02:07:15+09:00,2026/09/11,2026/10/08,2026-09,PUT,60000,560,10942,82,31.6,30.59,795,4,740,4,31.08,240,42.86,800,09/11 01:34
2026/09/11 01:52,2026-09-11T02:07:15+09:00,2026/09/11,2026/10/08,2026-09,CALL,59875,5665,,,37.71,18.14,5055,2,4110,2,,,,,
2026/09/11 01:52,2026-09-11T02:07:15+09:00,2026/09/11,2026/10/08,2026-09,PUT,59875,570,66,,31.73,30.6,770,2,710,2,,,,,
2026/09/11 01:52,2026-09-11T02:07:15+09:00,2026/09/11,2026/10/08,2026-09,CALL,59750,5765,,,37.99,18.58,5160,1,4235,1,,,,,
2026/09/11 01:52,2026-09-11T02:07:15+09:00,2026/09/11,2026/10/08,2026-09,PUT,59750,535,60,,31.84,30.89,745,4,695,4,,,,,
2026/09/11 01:52,2026-09-11T02:07:15+09:00,2026/09/11,2026/10/08,2026-09,CALL,59625,5870,,,38.26,17.99,5265,2,4330,2,,,,,
2026/09/11 01:52,2026-09-11T02:07:15+09:00,2026/09/11,2026/10/08,2026-09,PUT,59625,520,20,,32.13,30.88,730,2,665,2,,,,,
2026/09/11 01:52,2026-09-11T02:07:15+09:00,2026/09/11,2026/10/08,2026-09,CALL,59500,5985,,,38.62,17.46,5375,1,4430,1,,,,,
2026/09/11 01:52,2026-09-11T02:07:15+09:00,2026/09/11,2026/10/08,2026-09,PUT,59500,500,109,13,32.13,31.14,700,4,650,4,32.23,200,40,700,09/10 22:18
2026/09/11 01:52,2026-09-11T02:07:15+09:00,2026/09/11,2026/10/08,2026-09,CALL,59375,6090,,,38.88,17.45,5480,2,4545,2,,,,,
2026/09/11 01:52,2026-09-11T02:07:15+09:00,2026/09/11,2026/10/08,2026-09,PUT,59375,495,2,,32.3,31.19,680,2,625,2,,,,,
2026/09/11 01:52,2026-09-11T02:07:15+09:00,2026/09/11,2026/10/08,2026-09,CALL,59250,6200,,,39.31,16.93,5595,1,4650,1,,,,,
2026/09/11 01:52,2026-09-11T02:07:15+09:00,2026/09/11,2026/10/08,2026-09,PUT,59250,470,161,,32.46,31.44,660,4,610,4,,,,,
2026/09/11 01:52,2026-09-11T02:07:15+09:00,2026/09/11,2026/10/08,2026-09,CALL,59125,6315,,,39.73,17.31,5710,2,4775,2,,,,,
2026/09/11 01:52,2026-09-11T02:07:15+09:00,2026/09/11,2026/10/08,2026-09,PUT,59125,450,64,,32.61,31.57,640,2,590,2,,,,,
2026/09/11 01:52,2026-09-11T02:07:15+09:00,2026/09/11,2026/10/08,2026-09,CALL,59000,6425,,,39.97,17.94,5815,4,4905,4,,,,,
2026/09/11 01:52,2026-09-11T02:07:15+09:00,2026/09/11,2026/10/08,2026-09,PUT,59000,435,812,34,32.74,31.79,620,4,575,4,32.18,185,42.53,620,09/11 01:34
2026/09/11 01:52,2026-09-11T02:07:15+09:00,2026/09/11,2026/10/08,2026-09,CALL,58875,6535,,,,,,,,,,,,,
2026/09/11 01:52,2026-09-11T02:07:15+09:00,2026/09/11,2026/10/08,2026-09,PUT,58875,440,4,,32.87,31.9,600,2,555,2,,,,,
2026/09/11 01:52,2026-09-11T02:07:15+09:00,2026/09/11,2026/10/08,2026-09,CALL,58750,6645,,,,,,,3,10,,,,,
2026/09/11 01:52,2026-09-11T02:07:15+09:00,2026/09/11,2026/10/08,2026-09,PUT,58750,415,48,,32.98,32.1,580,4,540,4,,,,,
2026/09/11 01:52,2026-09-11T02:07:15+09:00,2026/09/11,2026/10/08,2026-09,CALL,58625,6760,,,,,,,,,,,,,
2026/09/11 01:52,2026-09-11T02:07:15+09:00,2026/09/11,2026/10/08,2026-09,PUT,58625,415,61,,33.19,32.19,565,2,520,2,,,,,
2026/09/11 01:52,2026-09-11T02:07:15+09:00,2026/09/11,2026/10/08,2026-09,CALL,58500,6870,,,,,,,3,10,,,,,
2026/09/11 01:52,2026-09-11T02:07:15+09:00,2026/09/11,2026/10/08,2026-09,PUT,58500,390,345,8,33.28,32.37,545,4,505,4,33.69,170,43.59,560,09/10 22:37
2026/09/11 01:52,2026-09-11T02:07:15+09:00,2026/09/11,2026/10/08,2026-09,CALL,58375,6985,,,,,,,,,,,,,
2026/09/11 01:52,2026-09-11T02:07:15+09:00,2026/09/11,2026/10/08,2026-09,PUT,58375,395,483,,33.46,32.54,530,2,490,2,,,,,
2026/09/11 01:52,2026-09-11T02:07:15+09:00,2026/09/11,2026/10/08,2026-09,CALL,58250,7095,,,,,,,3,10,,,,,
2026/09/11 01:52,2026-09-11T02:07:15+09:00,2026/09/11,2026/10/08,2026-09,PUT,58250,370,119,1,33.64,32.7,515,4,475,4,34.06,155,41.89,525,09/10 22:35
2026/09/11 01:52,2026-09-11T02:07:15+09:00,2026/09/11,2026/10/08,2026-09,CALL,58000,7325,,,,,,,,,,,,,
2026/09/11 01:52,2026-09-11T02:07:15+09:00,2026/09/11,2026/10/08,2026-09,PUT,58000,345,2460,28,33.97,32.99,485,4,445,5,33.34,130,37.68,475,09/11 01:07
2026/09/11 01:52,2026-09-11T02:07:15+09:00,2026/09/11,2026/10/08,2026-09,CALL,57750,7550,,,,,,,,,,,,,
2026/09/11 01:52,2026-09-11T02:07:15+09:00,2026/09/11,2026/10/08,2026-09,PUT,57750,330,76,,,13.46,,,3,10,,,,,
2026/09/11 01:52,2026-09-11T02:07:15+09:00,2026/09/11,2026/10/08,2026-09,CALL,57500,7785,,,,,,,,,,,,,
2026/09/11 01:52,2026-09-11T02:07:15+09:00,2026/09/11,2026/10/08,2026-09,PUT,57500,310,346,,,27.74,,,200,1,,,,,
2026/09/11 01:52,2026-09-11T02:07:15+09:00,2026/09/11,2026/10/08,2026-09,CALL,57250,8015,,,,,,,,,,,,,
2026/09/11 01:52,2026-09-11T02:07:15+09:00,2026/09/11,2026/10/08,2026-09,PUT,57250,294,115,,,14.51,,,3,10,,,,,
2026/09/11 01:52,2026-09-11T02:07:15+09:00,2026/09/11,2026/10/08,2026-09,CALL,57000,8250,1,,,,,,,,,,,,
2026/09/11 01:52,2026-09-11T02:07:15+09:00,2026/09/11,2026/10/08,2026-09,PUT,57000,273,922,6,35.52,27.5,390,1,150,1,35.71,122,44.69,395,09/10 22:56
2026/09/11 01:52,2026-09-11T02:07:15+09:00,2026/09/11,2026/10/08,2026-09,CALL,56750,8485,,,,,,,,,,,,,
2026/09/11 01:52,2026-09-11T02:07:15+09:00,2026/09/11,2026/10/08,2026-09,PUT,56750,264,110,,,15.57,,,3,10,,,,,
2026/09/11 01:52,2026-09-11T02:07:15+09:00,2026/09/11,2026/10/08,2026-09,CALL,56500,8720,,,,,,,,,,,,,
2026/09/11 01:52,2026-09-11T02:07:15+09:00,2026/09/11,2026/10/08,2026-09,PUT,56500,249,637,2,,16.09,,,3,10,35.99,26,10.44,275,09/10 18:32
2026/09/11 01:52,2026-09-11T02:07:15+09:00,2026/09/11,2026/10/08,2026-09,CALL,56250,8960,,,,,,,,,,,,,
2026/09/11 01:52,2026-09-11T02:07:15+09:00,2026/09/11,2026/10/08,2026-09,PUT,56250,237,63,2,,16.62,,,3,10,36.1,33,13.92,270,09/10 20:55
2026/09/11 01:52,2026-09-11T02:07:15+09:00,2026/09/11,2026/10/08,2026-09,CALL,56000,9195,,,,,,,,,,,,,
2026/09/11 01:52,2026-09-11T02:07:15+09:00,2026/09/11,2026/10/08,2026-09,PUT,56000,222,1234,31,37.58,35.93,330,1,280,1,36.25,73,32.88,295,09/11 00:55
2026/09/11 01:52,2026-09-11T02:07:15+09:00,2026/09/11,2026/10/08,2026-09,CALL,55750,9435,,,,,,,,,,,,,
2026/09/11 01:52,2026-09-11T02:07:15+09:00,2026/09/11,2026/10/08,2026-09,PUT,55750,212,96,,37.19,35.77,290,2,250,10,,,,,
2026/09/11 01:52,2026-09-11T02:07:15+09:00,2026/09/11,2026/10/08,2026-09,CALL,55500,9670,,,,,,,,,,,,,
2026/09/11 01:52,2026-09-11T02:07:15+09:00,2026/09/11,2026/10/08,2026-09,PUT,55500,202,265,2,37.55,36.15,274,2,236,10,37.39,68,33.66,270,09/10 23:13
2026/09/11 01:52,2026-09-11T02:07:15+09:00,2026/09/11,2026/10/08,2026-09,CALL,55250,9910,,,,,,,,,,,,,
2026/09/11 01:52,2026-09-11T02:07:15+09:00,2026/09/11,2026/10/08,2026-09,PUT,55250,192,70,11,37.92,36.49,259,2,222,10,37.53,22,11.46,214,09/10 20:56
2026/09/11 01:52,2026-09-11T02:07:15+09:00,2026/09/11,2026/10/08,2026-09,CALL,55000,10150,4,,,,,,,,,,,,
2026/09/11 01:52,2026-09-11T02:07:15+09:00,2026/09/11,2026/10/08,2026-09,PUT,55000,185,3823,67,38.29,37.37,245,10,222,1,37.74,41,22.16,226,09/11 00:16
2026/09/11 01:52,2026-09-11T02:07:15+09:00,2026/09/11,2026/10/08,2026-09,CALL,54750,10395,,,,,,,,,,,,,
2026/09/11 01:52,2026-09-11T02:07:15+09:00,2026/09/11,2026/10/08,2026-09,PUT,54750,173,63,,38.67,37.23,232,2,198,10,,,,,
2026/09/11 01:52,2026-09-11T02:07:15+09:00,2026/09/11,2026/10/08,2026-09,CALL,54500,10630,,,,,,,,,,,,,
2026/09/11 01:52,2026-09-11T02:07:15+09:00,2026/09/11,2026/10/08,2026-09,PUT,54500,166,635,,39.06,37.61,220,10,187,10,,,,,
2026/09/11 01:52,2026-09-11T02:07:15+09:00,2026/09/11,2026/10/08,2026-09,CALL,54250,10875,,,,,,,,,,,,,
2026/09/11 01:52,2026-09-11T02:07:15+09:00,2026/09/11,2026/10/08,2026-09,PUT,54250,157,69,,39.47,38,209,2,177,10,,,,,
2026/09/11 01:52,2026-09-11T02:07:15+09:00,2026/09/11,2026/10/08,2026-09,CALL,54000,11115,,,,,,,,,,,,,
2026/09/11 01:52,2026-09-11T02:07:15+09:00,2026/09/11,2026/10/08,2026-09,PUT,54000,151,907,11,39.85,38.31,198,8,166,10,39.22,41,27.15,192,09/11 01:10
2026/09/11 01:52,2026-09-11T02:07:15+09:00,2026/09/11,2026/10/08,2026-09,CALL,53750,11360,,,,,,,,,,,,,
2026/09/11 01:52,2026-09-11T02:07:15+09:00,2026/09/11,2026/10/08,2026-09,PUT,53750,144,40,,40.2,38.7,187,10,157,10,,,,,
2026/09/11 01:52,2026-09-11T02:07:15+09:00,2026/09/11,2026/10/08,2026-09,CALL,53500,11600,,,,,,,,,,,,,
2026/09/11 01:52,2026-09-11T02:07:15+09:00,2026/09/11,2026/10/08,2026-09,PUT,53500,136,848,4,40.63,39.11,178,10,149,10,40.98,43,31.62,179,09/10 22:30
2026/09/11 01:52,2026-09-11T02:07:15+09:00,2026/09/11,2026/10/08,2026-09,CALL,53250,11845,,,,,,,,,,,,,
2026/09/11 01:52,2026-09-11T02:07:15+09:00,2026/09/11,2026/10/08,2026-09,PUT,53250,130,74,,41.02,39.49,169,10,141,10,,,,,
2026/09/11 01:52,2026-09-11T02:07:15+09:00,2026/09/11,2026/10/08,2026-09,CALL,53000,12090,34,,,,,,,,,,,,
2026/09/11 01:52,2026-09-11T02:07:15+09:00,2026/09/11,2026/10/08,2026-09,PUT,53000,124,1342,7,41.45,39.97,161,10,135,10,40.46,26,20.97,150,09/11 01:11
2026/09/11 01:52,2026-09-11T02:07:15+09:00,2026/09/11,2026/10/08,2026-09,CALL,52750,12335,,,,,,,,,,,,,
2026/09/11 01:52,2026-09-11T02:07:15+09:00,2026/09/11,2026/10/08,2026-09,PUT,52750,119,123,3,41.86,40.37,153,2,128,10,41.71,3,2.52,122,09/10 20:41
2026/09/11 01:52,2026-09-11T02:07:15+09:00,2026/09/11,2026/10/08,2026-09,CALL,52500,12580,,,,,,,,,,,,,
2026/09/11 01:52,2026-09-11T02:07:15+09:00,2026/09/11,2026/10/08,2026-09,PUT,52500,114,467,1,42.3,40.75,146,10,121,10,42.59,12,8.63,151,09/10 22:23
2026/09/11 01:52,2026-09-11T02:07:15+09:00,2026/09/11,2026/10/08,2026-09,CALL,52250,12825,,,,,,,,,,,,,
2026/09/11 01:52,2026-09-11T02:07:15+09:00,2026/09/11,2026/10/08,2026-09,PUT,52250,111,47,,42.72,41.16,139,10,115,2,,,,,
2026/09/11 01:52,2026-09-11T02:07:15+09:00,2026/09/11,2026/10/08,2026-09,CALL,52000,13070,,,,,,,,,,,,,
2026/09/11 01:52,2026-09-11T02:07:15+09:00,2026/09/11,2026/10/08,2026-09,PUT,52000,105,1833,26,42.66,41.77,125,1,112,1,42.89,22,20,132,09/10 23:17
2026/09/11 01:52,2026-09-11T02:07:15+09:00,2026/09/11,2026/10/08,2026-09,CALL,51750,13315,,,,,,,,,,,,,
2026/09/11 01:52,2026-09-11T02:07:15+09:00,2026/09/11,2026/10/08,2026-09,PUT,51750,100,80,,43.55,42,126,10,104,10,,,,,
2026/09/11 01:52,2026-09-11T02:07:15+09:00,2026/09/11,2026/10/08,2026-09,CALL,51500,13560,,,,,,,,,,,,,
2026/09/11 01:52,2026-09-11T02:07:15+09:00,2026/09/11,2026/10/08,2026-09,PUT,51500,97,439,2,43.97,42.43,120,11,99,2,43.83,23,23.71,120,09/10 23:14
2026/09/11 01:52,2026-09-11T02:07:15+09:00,2026/09/11,2026/10/08,2026-09,CALL,51250,13810,,,,,,,,,,,,,
2026/09/11 01:52,2026-09-11T02:07:15+09:00,2026/09/11,2026/10/08,2026-09,PUT,51250,93,91,,44.44,42.83,115,10,94,10,,,,,
2026/09/11 01:52,2026-09-11T02:07:15+09:00,2026/09/11,2026/10/08,2026-09,CALL,51000,14055,,,,,,,,,,,,,
2026/09/11 01:52,2026-09-11T02:07:15+09:00,2026/09/11,2026/10/08,2026-09,PUT,51000,90,448,8,44.89,43.55,110,8,93,1,44.96,17,18.48,109,09/10 22:28
2026/09/11 01:52,2026-09-11T02:07:15+09:00,2026/09/11,2026/10/08,2026-09,CALL,50750,14300,,,,,,,,,,,,,
2026/09/11 01:52,2026-09-11T02:07:15+09:00,2026/09/11,2026/10/08,2026-09,PUT,50750,86,57,4,45.49,43.84,107,2,87,10,45.27,20,23.26,106,09/10 23:14
2026/09/11 01:52,2026-09-11T02:07:15+09:00,2026/09/11,2026/10/08,2026-09,CALL,50500,14545,,,,,,,,,,,,,
2026/09/11 01:52,2026-09-11T02:07:15+09:00,2026/09/11,2026/10/08,2026-09,PUT,50500,83,425,,45.99,44.28,103,10,83,10,,,,,
2026/09/11 01:52,2026-09-11T02:07:15+09:00,2026/09/11,2026/10/08,2026-09,CALL,50250,14790,,,,,,,,,,,,,
2026/09/11 01:52,2026-09-11T02:07:15+09:00,2026/09/11,2026/10/08,2026-09,PUT,50250,81,67,,46.4,44.7,98,10,79,2,,,,,
2026/09/11 01:52,2026-09-11T02:07:15+09:00,2026/09/11,2026/10/08,2026-09,CALL,50000,15040,,,,,,,,,,,,,
2026/09/11 01:52,2026-09-11T02:07:15+09:00,2026/09/11,2026/10/08,2026-09,PUT,50000,75,1597,48,46.87,45.1,94,10,75,11,46.43,9,12,84,09/10 23:31
2026/09/11 01:52,2026-09-11T02:07:15+09:00,2026/09/11,2026/10/08,2026-09,CALL,49750,15285,,,,,,,,,,,,,
2026/09/11 01:52,2026-09-11T02:07:15+09:00,2026/09/11,2026/10/08,2026-09,PUT,49750,76,64,,47.32,30.87,90,10,3,20,,,,,
2026/09/11 01:52,2026-09-11T02:07:15+09:00,2026/09/11,2026/10/08,2026-09,CALL,49500,15535,,,,,,,,,,,,,
2026/09/11 01:52,2026-09-11T02:07:15+09:00,2026/09/11,2026/10/08,2026-09,PUT,49500,69,209,5,47.86,46.05,87,10,69,10,47.49,11,15.94,80,09/10 21:54
2026/09/11 01:52,2026-09-11T02:07:15+09:00,2026/09/11,2026/10/08,2026-09,CALL,49250,15780,,,,,,,,,,,,,
2026/09/11 01:52,2026-09-11T02:07:15+09:00,2026/09/11,2026/10/08,2026-09,PUT,49250,67,80,,48.38,46.51,84,10,66,10,,,,,
2026/09/11 01:52,2026-09-11T02:07:15+09:00,2026/09/11,2026/10/08,2026-09,CALL,49000,16030,,,,,,,,,,,,,
2026/09/11 01:52,2026-09-11T02:07:15+09:00,2026/09/11,2026/10/08,2026-09,PUT,49000,65,269,5,48.79,47.52,80,10,68,4,48.45,11,16.92,76,09/10 22:12
2026/09/11 01:52,2026-09-11T02:07:15+09:00,2026/09/11,2026/10/08,2026-09,CALL,48750,16275,,,,,,,,,,,,,
2026/09/11 01:52,2026-09-11T02:07:15+09:00,2026/09/11,2026/10/08,2026-09,PUT,48750,65,25,,49.29,47.49,77,2,61,2,,,,,
2026/09/11 01:52,2026-09-11T02:07:15+09:00,2026/09/11,2026/10/08,2026-09,CALL,48500,16525,,,,,,,,,,,,,
2026/09/11 01:52,2026-09-11T02:07:15+09:00,2026/09/11,2026/10/08,2026-09,PUT,48500,63,197,1,49.56,33.76,72,1,3,20,49.52,-1,-1.41,70,09/10 21:57
2026/09/11 01:52,2026-09-11T02:07:15+09:00,2026/09/11,2026/10/08,2026-09,CALL,48250,16770,,,,,,,,,,,,,
2026/09/11 01:52,2026-09-11T02:07:15+09:00,2026/09/11,2026/10/08,2026-09,PUT,48250,60,52,,50.25,48.29,71,10,55,10,,,,,
2026/09/11 01:52,2026-09-11T02:07:15+09:00,2026/09/11,2026/10/08,2026-09,CALL,48000,17020,,,,,,,,,,,,,
2026/09/11 01:52,2026-09-11T02:07:15+09:00,2026/09/11,2026/10/08,2026-09,PUT,48000,59,762,54,50.7,48.79,68,10,53,10,50.33,7,12.07,65,09/10 23:08
2026/09/11 01:52,2026-09-11T02:07:15+09:00,2026/09/11,2026/10/08,2026-09,CALL,47750,17265,,,,,,,,,,,,,
2026/09/11 01:52,2026-09-11T02:07:15+09:00,2026/09/11,2026/10/08,2026-09,PUT,47750,58,46,,51.26,49.29,66,10,51,2,,,,,
2026/09/11 01:52,2026-09-11T02:07:15+09:00,2026/09/11,2026/10/08,2026-09,CALL,47500,17515,34,,,,,,,,,,,,
2026/09/11 01:52,2026-09-11T02:07:15+09:00,2026/09/11,2026/10/08,2026-09,PUT,47500,50,43,,51.69,49.78,63,2,49,10,,,,,
2026/09/11 01:52,2026-09-11T02:07:15+09:00,2026/09/11,2026/10/08,2026-09,CALL,47250,17765,,,,,,,,,,,,,
2026/09/11 01:52,2026-09-11T02:07:15+09:00,2026/09/11,2026/10/08,2026-09,PUT,47250,54,41,,52.24,50.25,61,10,47,2,,,,,
2026/09/11 01:52,2026-09-11T02:07:15+09:00,2026/09/11,2026/10/08,2026-09,CALL,47000,18010,,,,,,,,,,,,,
2026/09/11 01:52,2026-09-11T02:07:15+09:00,2026/09/11,2026/10/08,2026-09,PUT,47000,51,409,9,52.9,50.71,60,11,45,3,52.8,6,12.24,55,09/10 23:24
2026/09/11 01:52,2026-09-11T02:07:15+09:00,2026/09/11,2026/10/08,2026-09,CALL,46750,18255,,,,,,,,,,,,,
2026/09/11 01:52,2026-09-11T02:07:15+09:00,2026/09/11,2026/10/08,2026-09,PUT,46750,49,131,,53.3,51.15,57,10,43,2,,,,,
2026/09/11 01:52,2026-09-11T02:07:15+09:00,2026/09/11,2026/10/08,2026-09,CALL,46500,18505,,,,,,,,,,,,,
2026/09/11 01:52,2026-09-11T02:07:15+09:00,2026/09/11,2026/10/08,2026-09,PUT,46500,48,257,,53.81,51.76,55,10,42,10,,,,,
2026/09/11 01:52,2026-09-11T02:07:15+09:00,2026/09/11,2026/10/08,2026-09,CALL,46250,18755,,,,,,,,,,,,,
2026/09/11 01:52,2026-09-11T02:07:15+09:00,2026/09/11,2026/10/08,2026-09,PUT,46250,47,13,,54.32,52.18,53,10,40,2,,,,,
2026/09/11 01:52,2026-09-11T02:07:15+09:00,2026/09/11,2026/10/08,2026-09,CALL,46000,19000,,,,,,,,,,,,,
2026/09/11 01:52,2026-09-11T02:07:15+09:00,2026/09/11,2026/10/08,2026-09,PUT,46000,44,363,4,54.33,52.77,48,4,39,10,54.24,2,4.65,45,09/10 23:27
2026/09/11 01:52,2026-09-11T02:07:15+09:00,2026/09/11,2026/10/08,2026-09,CALL,45750,19250,,,,,,,,,,,,,
2026/09/11 01:52,2026-09-11T02:07:15+09:00,2026/09/11,2026/10/08,2026-09,PUT,45750,43,143,,55.45,53.16,50,10,37,2,,,,,
2026/09/11 01:52,2026-09-11T02:07:15+09:00,2026/09/11,2026/10/08,2026-09,CALL,45500,19500,,,,,,,,,,,,,
2026/09/11 01:52,2026-09-11T02:07:15+09:00,2026/09/11,2026/10/08,2026-09,PUT,45500,41,608,,55.93,53.54,48,10,35,8,,,,,
2026/09/11 01:52,2026-09-11T02:07:15+09:00,2026/09/11,2026/10/08,2026-09,CALL,45250,19745,,,,,,,,,,,,,
2026/09/11 01:52,2026-09-11T02:07:15+09:00,2026/09/11,2026/10/08,2026-09,PUT,45250,39,29,,56.39,54.1,46,10,34,10,,,,,
2026/09/11 01:52,2026-09-11T02:07:15+09:00,2026/09/11,2026/10/08,2026-09,CALL,45000,19995,2,,,,,,,,,,,,
2026/09/11 01:52,2026-09-11T02:07:15+09:00,2026/09/11,2026/10/08,2026-09,PUT,45000,35,1648,17,57.01,54.88,45,9,34,1,56.53,9,25.71,44,09/11 01:11
2026/09/11 01:52,2026-09-11T02:07:15+09:00,2026/09/11,2026/10/08,2026-09,CALL,44750,20235,,,,,,,,,,,,,
2026/09/11 01:52,2026-09-11T02:07:15+09:00,2026/09/11,2026/10/08,2026-09,PUT,44750,29,37,,62.59,43.94,77,3,4,3,,,,,
2026/09/11 01:52,2026-09-11T02:07:15+09:00,2026/09/11,2026/10/08,2026-09,CALL,44500,20485,,,,,,,,,,,,,
2026/09/11 01:52,2026-09-11T02:07:15+09:00,2026/09/11,2026/10/08,2026-09,PUT,44500,30,2,,58.26,55.53,43,3,30,9,,,,,
2026/09/11 01:52,2026-09-11T02:07:15+09:00,2026/09/11,2026/10/08,2026-09,CALL,44250,20735,,,,,,,,,,,,,
2026/09/11 01:52,2026-09-11T02:07:15+09:00,2026/09/11,2026/10/08,2026-09,PUT,44250,28,36,,64.05,53.54,75,3,20,3,,,,,
2026/09/11 01:52,2026-09-11T02:07:15+09:00,2026/09/11,2026/10/08,2026-09,CALL,44000,20980,,,,,,,,,,,,,
2026/09/11 01:52,2026-09-11T02:07:15+09:00,2026/09/11,2026/10/08,2026-09,PUT,44000,30,253,4,58.88,56.58,38,1,28,9,58.42,4,13.33,34,09/10 23:28
2026/09/11 01:52,2026-09-11T02:07:15+09:00,2026/09/11,2026/10/08,2026-09,CALL,43750,21230,,,,,,,,,,,,,
2026/09/11 01:52,2026-09-11T02:07:15+09:00,2026/09/11,2026/10/08,2026-09,PUT,43750,26,13,,65.38,54,72,3,17,3,,,,,
2026/09/11 01:52,2026-09-11T02:07:15+09:00,2026/09/11,2026/10/08,2026-09,CALL,43500,21480,,,,,,,,,,,,,
2026/09/11 01:52,2026-09-11T02:07:15+09:00,2026/09/11,2026/10/08,2026-09,PUT,43500,25,15,1,60.49,57.6,38,3,26,9,59.21,,,31,09/10 21:34
2026/09/11 01:52,2026-09-11T02:07:15+09:00,2026/09/11,2026/10/08,2026-09,CALL,43250,21725,,,,,,,,,,,,,
2026/09/11 01:52,2026-09-11T02:07:15+09:00,2026/09/11,2026/10/08,2026-09,PUT,43250,23,15,,66.84,54.7,70,3,15,3,,,,,
2026/09/11 01:52,2026-09-11T02:07:15+09:00,2026/09/11,2026/10/08,2026-09,CALL,43000,21975,,,,,,,,,,,,,
2026/09/11 01:52,2026-09-11T02:07:15+09:00,2026/09/11,2026/10/08,2026-09,PUT,43000,23,197,3,60.98,59.71,33,1,28,2,60.73,1,3.33,31,09/10 22:02
2026/09/11 01:52,2026-09-11T02:07:15+09:00,2026/09/11,2026/10/08,2026-09,CALL,42750,22225,,,,,,,,,,,,,
2026/09/11 01:52,2026-09-11T02:07:15+09:00,2026/09/11,2026/10/08,2026-09,PUT,42750,23,31,,68.3,58.08,68,3,20,3,,,,,
2026/09/11 01:52,2026-09-11T02:07:15+09:00,2026/09/11,2026/10/08,2026-09,CALL,42000,22970,,,,,,,,,,,,,
2026/09/11 01:52,2026-09-11T02:07:15+09:00,2026/09/11,2026/10/08,2026-09,PUT,42000,20,166,4,63.72,60.4,31,9,20,9,61.89,-2,-7.41,25,09/11 01:33
2026/09/11 01:52,2026-09-11T02:07:15+09:00,2026/09/11,2026/10/08,2026-09,CALL,41000,23965,,,,,,,,,,,,,
2026/09/11 01:52,2026-09-11T02:07:15+09:00,2026/09/11,2026/10/08,2026-09,PUT,41000,18,144,,65.58,63.56,26,12,20,1,,,,,
2026/09/11 01:52,2026-09-11T02:07:15+09:00,2026/09/11,2026/10/08,2026-09,CALL,40000,24965,,,,,,,,,,,,,
2026/09/11 01:52,2026-09-11T02:07:15+09:00,2026/09/11,2026/10/08,2026-09,PUT,40000,17,4215,46,66.78,65.98,20,5,18,1,66.53,3,17.65,20,09/11 01:08
2026/09/11 01:52,2026-09-11T02:07:15+09:00,2026/09/11,2026/10/08,2026-09,CALL,39000,25960,,,,,,,,,,,,,
2026/09/11 01:52,2026-09-11T02:07:15+09:00,2026/09/11,2026/10/08,2026-09,PUT,39000,14,107,5,69.67,67.35,19,1,14,12,69.38,0,0,15,09/10 17:19
2026/09/11 01:52,2026-09-11T02:07:15+09:00,2026/09/11,2026/10/08,2026-09,CALL,38000,26955,,,,,,,,,,,,,
2026/09/11 01:52,2026-09-11T02:07:15+09:00,2026/09/11,2026/10/08,2026-09,PUT,38000,10,35,11,71.64,68.84,16,1,11,12,70.9,1,7.14,15,09/11 01:22
2026/09/11 01:52,2026-09-11T02:07:15+09:00,2026/09/11,2026/10/08,2026-09,CALL,37000,27950,,,,,,,,,,,,,
2026/09/11 01:52,2026-09-11T02:07:15+09:00,2026/09/11,2026/10/08,2026-09,PUT,37000,10,193,17,74.5,72.76,15,6,12,1,73.36,2,18.18,13,09/10 23:07
2026/09/11 01:52,2026-09-11T02:07:15+09:00,2026/09/11,2026/10/08,2026-09,CALL,36000,28950,,,,,,,,,,,,,
2026/09/11 01:52,2026-09-11T02:07:15+09:00,2026/09/11,2026/10/08,2026-09,PUT,36000,6,42,12,85.35,73.95,33,15,9,1,75.52,,,11,09/10 22:32
2026/09/11 01:52,2026-09-11T02:07:15+09:00,2026/09/11,2026/10/08,2026-09,CALL,35000,29950,24,,,,,,,,,,,,
2026/09/11 01:52,2026-09-11T02:07:15+09:00,2026/09/11,2026/10/08,2026-09,PUT,35000,7,2068,32,78.15,76.45,10,3,8,1,76.81,-1,-11.11,8,09/10 23:38
2026/09/11 01:52,2026-09-11T02:07:15+09:00,2026/09/11,2026/10/08,2026-09,CALL,34000,30945,,,,,,,,,,,,,
2026/09/11 01:52,2026-09-11T02:07:15+09:00,2026/09/11,2026/10/08,2026-09,PUT,34000,6,26,30,81.66,77.75,10,6,6,1,81.65,3,42.86,10,09/10 23:07
2026/09/11 01:52,2026-09-11T02:07:15+09:00,2026/09/11,2026/10/08,2026-09,CALL,33000,31945,,,,,,,,,,,,,
2026/09/11 01:52,2026-09-11T02:07:15+09:00,2026/09/11,2026/10/08,2026-09,PUT,33000,4,2734,21,83.43,76.42,8,1,3,24,82.71,1,16.67,7,09/10 23:31
2026/09/11 01:52,2026-09-11T02:07:15+09:00,2026/09/11,2026/10/08,2026-09,CALL,32000,32945,,,,,,,,,,,,,
2026/09/11 01:52,2026-09-11T02:07:15+09:00,2026/09/11,2026/10/08,2026-09,PUT,32000,3,52,22,99.39,83.38,28,15,5,9,86.03,-4,-36.36,7,09/10 22:12
2026/09/11 01:52,2026-09-11T02:07:15+09:00,2026/09/11,2026/10/08,2026-09,CALL,31000,33945,,,,,,,,,,,,,
2026/09/11 01:52,2026-09-11T02:07:15+09:00,2026/09/11,2026/10/08,2026-09,PUT,31000,3,22,,103.18,80.58,27,15,2,1,,,,,
2026/09/11 01:52,2026-09-11T02:07:15+09:00,2026/09/11,2026/10/08,2026-09,CALL,30000,34940,,,,,,,,,,,,,
2026/09/11 01:52,2026-09-11T02:07:15+09:00,2026/09/11,2026/10/08,2026-09,PUT,30000,3,6033,28,90.72,88.97,5,1,4,5,90.56,1,25,5,09/11 01:31
2026/09/11 01:52,2026-09-11T02:07:15+09:00,2026/09/11,2026/10/08,2026-09,CALL,29000,35940,,,,,,,,,,,,,
2026/09/11 01:52,2026-09-11T02:07:15+09:00,2026/09/11,2026/10/08,2026-09,PUT,29000,2,13,,92.76,90.55,4,2,3,1,,,,,
2026/09/11 01:52,2026-09-11T02:07:15+09:00,2026/09/11,2026/10/08,2026-09,CALL,28000,36940,,,,,,,,,,,,,
2026/09/11 01:52,2026-09-11T02:07:15+09:00,2026/09/11,2026/10/08,2026-09,PUT,28000,2,19,,98.56,91.37,5,1,2,4,,,,,
2026/09/11 01:52,2026-09-11T02:07:15+09:00,2026/09/11,2026/10/08,2026-09,CALL,27000,37940,,,,,,,,,,,,,
2026/09/11 01:52,2026-09-11T02:07:15+09:00,2026/09/11,2026/10/08,2026-09,PUT,27000,3,106,1,120.43,90.44,25,17,1,93,98.38,0,0,3,09/10 22:37
2026/09/11 01:52,2026-09-11T02:07:15+09:00,2026/09/11,2026/10/08,2026-09,CALL,26000,38940,,,,,,,,,,,,,
2026/09/11 01:52,2026-09-11T02:07:15+09:00,2026/09/11,2026/10/08,2026-09,PUT,26000,1,65,,104.94,99.22,4,2,2,1,,,,,
2026/09/11 01:52,2026-09-11T02:07:15+09:00,2026/09/11,2026/10/08,2026-09,CALL,25000,39935,,,,,,,,,,,,,
2026/09/11 01:52,2026-09-11T02:07:15+09:00,2026/09/11,2026/10/08,2026-09,PUT,25000,2,1482,2,106.75,103.38,3,1,2,2,104.45,0,0,2,09/10 18:00
2026/09/11 01:52,2026-09-11T02:07:15+09:00,2026/09/11,2026/10/08,2026-09,CALL,22500,42435,,,,,,,,,,,,,
2026/09/11 01:52,2026-09-11T02:07:15+09:00,2026/09/11,2026/10/08,2026-09,PUT,22500,1,52,73,114.54,108.86,2,1,1,49,115.13,0,0,2,09/10 21:08
2026/09/11 01:52,2026-09-11T02:07:15+09:00,2026/09/11,2026/10/08,2026-09,CALL,20000,44930,,,,,,,,,,,,,
2026/09/11 01:52,2026-09-11T02:07:15+09:00,2026/09/11,2026/10/08,2026-09,PUT,20000,1,779,117,127.04,120.76,2,22,1,36,120.66,-1,-50,1,09/11 01:33
2026/09/11 01:52,2026-09-11T02:07:15+09:00,2026/09/11,2026/11/12,2026-10,CALL,100000,2,19,18,34.6,31.82,3,3,1,52,33.26,,,2,09/10 22:17
2026/09/11 01:52,2026-09-11T02:07:15+09:00,2026/09/11,2026/11/12,2026-10,PUT,100000,34890,,,,,,,,,,,,,
2026/09/11 01:52,2026-09-11T02:07:15+09:00,2026/09/11,2026/11/12,2026-10,CALL,97500,2,,,,30.18,,,1,20,,,,,
2026/09/11 01:52,2026-09-11T02:07:15+09:00,2026/09/11,2026/11/12,2026-10,PUT,97500,32395,,,,,,,,,,,,,
2026/09/11 01:52,2026-09-11T02:07:15+09:00,2026/09/11,2026/11/12,2026-10,CALL,95000,4,7,,34.6,28.49,10,7,1,20,,,,,
2026/09/11 01:52,2026-09-11T02:07:15+09:00,2026/09/11,2026/11/12,2026-10,PUT,95000,29905,,,,,,,,,,,,,
2026/09/11 01:52,2026-09-11T02:07:15+09:00,2026/09/11,2026/11/12,2026-10,CALL,92500,6,1,,41.3,26.75,74,15,1,20,,,,,
2026/09/11 01:52,2026-09-11T02:07:15+09:00,2026/09/11,2026/11/12,2026-10,PUT,92500,27410,,,,,,,,,,,,,
2026/09/11 01:52,2026-09-11T02:07:15+09:00,2026/09/11,2026/11/12,2026-10,CALL,90000,8,121,,30.11,27.9,9,2,4,1,,,,,
2026/09/11 01:52,2026-09-11T02:07:15+09:00,2026/09/11,2026/11/12,2026-10,PUT,90000,24920,,,,,,,,,,,,,
2026/09/11 01:52,2026-09-11T02:07:15+09:00,2026/09/11,2026/11/12,2026-10,CALL,87500,24,12,,38.32,28.77,109,6,12,1,,,,,
2026/09/11 01:52,2026-09-11T02:07:15+09:00,2026/09/11,2026/11/12,2026-10,PUT,87500,22440,,,,,,,,,,,,,
2026/09/11 01:52,2026-09-11T02:07:15+09:00,2026/09/11,2026/11/12,2026-10,CALL,85000,39,5,,34.94,27.3,100,7,16,1,,,,,
2026/09/11 01:52,2026-09-11T02:07:15+09:00,2026/09/11,2026/11/12,2026-10,PUT,85000,19970,,,,,,,,,,,,,
2026/09/11 01:52,2026-09-11T02:07:15+09:00,2026/09/11,2026/11/12,2026-10,CALL,82500,65,54,14,33.69,27.35,136,6,35,1,28.15,-4,-7.41,50,09/10 23:32
2026/09/11 01:52,2026-09-11T02:07:15+09:00,2026/09/11,2026/11/12,2026-10,PUT,82500,17500,,,,,,,,,,,,,
2026/09/11 01:52,2026-09-11T02:07:15+09:00,2026/09/11,2026/11/12,2026-10,CALL,80000,94,105,1,27.54,25.82,76,1,50,5,25.97,-13,-14.13,79,09/10 18:09
2026/09/11 01:52,2026-09-11T02:07:15+09:00,2026/09/11,2026/11/12,2026-10,PUT,80000,15025,,,,,,,,,,,,,
2026/09/11 01:52,2026-09-11T02:07:15+09:00,2026/09/11,2026/11/12,2026-10,CALL,79500,103,1,,27.78,25.93,92,4,60,2,,,,,
2026/09/11 01:52,2026-09-11T02:07:15+09:00,2026/09/11,2026/11/12,2026-10,PUT,79500,14535,2,,,,,,,,,,,,
2026/09/11 01:52,2026-09-11T02:07:15+09:00,2026/09/11,2026/11/12,2026-10,CALL,79000,121,2,17,27.8,25.87,106,2,69,2,26.88,,,100,09/10 23:41
2026/09/11 01:52,2026-09-11T02:07:15+09:00,2026/09/11,2026/11/12,2026-10,PUT,79000,14055,,,,,,,,,,,,,
2026/09/11 01:52,2026-09-11T02:07:15+09:00,2026/09/11,2026/11/12,2026-10,CALL,78500,132,,,27.49,25.7,114,4,77,2,,,,,
2026/09/11 01:52,2026-09-11T02:07:15+09:00,2026/09/11,2026/11/12,2026-10,PUT,78500,13570,,,,,,,,,,,,,
2026/09/11 01:52,2026-09-11T02:07:15+09:00,2026/09/11,2026/11/12,2026-10,CALL,78000,150,113,3,27.27,25.67,125,3,89,4,26.55,-10,-7.69,120,09/10 23:24
2026/09/11 01:52,2026-09-11T02:07:15+09:00,2026/09/11,2026/11/12,2026-10,PUT,78000,13090,,,,,,,,,,,,,
2026/09/11 01:52,2026-09-11T02:07:15+09:00,2026/09/11,2026/11/12,2026-10,CALL,77500,175,,,27.15,25.78,140,6,106,2,,,,,
2026/09/11 01:52,2026-09-11T02:07:15+09:00,2026/09/11,2026/11/12,2026-10,PUT,77500,12615,,,,,,,,,,,,,
2026/09/11 01:52,2026-09-11T02:07:15+09:00,2026/09/11,2026/11/12,2026-10,CALL,77000,193,123,,27.04,25.72,157,6,121,2,,,,,
2026/09/11 01:52,2026-09-11T02:07:15+09:00,2026/09/11,2026/11/12,2026-10,PUT,77000,12135,,,,,,,,,,,,,
2026/09/11 01:52,2026-09-11T02:07:15+09:00,2026/09/11,2026/11/12,2026-10,CALL,76500,224,280,,26.9,25.68,175,2,139,2,,,,,
2026/09/11 01:52,2026-09-11T02:07:15+09:00,2026/09/11,2026/11/12,2026-10,PUT,76500,11665,,,,,,,,,,,,,
2026/09/11 01:52,2026-09-11T02:07:15+09:00,2026/09/11,2026/11/12,2026-10,CALL,76250,239,,,26.83,25.63,185,2,148,2,,,,,
2026/09/11 01:52,2026-09-11T02:07:15+09:00,2026/09/11,2026/11/12,2026-10,PUT,76250,11430,,,,,,,,,,,,,
2026/09/11 01:52,2026-09-11T02:07:15+09:00,2026/09/11,2026/11/12,2026-10,CALL,76000,246,25,5,26.6,25.63,190,2,159,2,25.98,,,190,09/10 22:39
2026/09/11 01:52,2026-09-11T02:07:15+09:00,2026/09/11,2026/11/12,2026-10,PUT,76000,11195,,,,,,,,,,,,,
2026/09/11 01:52,2026-09-11T02:07:15+09:00,2026/09/11,2026/11/12,2026-10,CALL,75750,272,1,1,26.71,25.58,207,6,169,2,25.82,-31,-12.76,212,09/10 21:10
2026/09/11 01:52,2026-09-11T02:07:15+09:00,2026/09/11,2026/11/12,2026-10,PUT,75750,10965,,,,,,,,,,,,,
2026/09/11 01:52,2026-09-11T02:07:15+09:00,2026/09/11,2026/11/12,2026-10,CALL,75500,291,78,1,26.65,25.57,219,5,181,2,26.21,,,220,09/10 21:50
2026/09/11 01:52,2026-09-11T02:07:15+09:00,2026/09/11,2026/11/12,2026-10,PUT,75500,10735,,,,,,,,,,,,,
2026/09/11 01:52,2026-09-11T02:07:15+09:00,2026/09/11,2026/11/12,2026-10,CALL,75250,310,1,,26.65,25.59,234,4,195,2,,,,,
2026/09/11 01:52,2026-09-11T02:07:15+09:00,2026/09/11,2026/11/12,2026-10,PUT,75250,10505,,,,,,,,,,,,,
2026/09/11 01:52,2026-09-11T02:07:15+09:00,2026/09/11,2026/11/12,2026-10,CALL,75000,305,891,,26.61,25.56,248,6,208,2,,,,,
2026/09/11 01:52,2026-09-11T02:07:15+09:00,2026/09/11,2026/11/12,2026-10,PUT,75000,10255,,,,,,,,,,,,,
2026/09/11 01:52,2026-09-11T02:07:15+09:00,2026/09/11,2026/11/12,2026-10,CALL,74750,355,,,26.59,25.58,264,4,224,2,,,,,
2026/09/11 01:52,2026-09-11T02:07:15+09:00,2026/09/11,2026/11/12,2026-10,PUT,74750,10050,,,,,,,,,,,,,
2026/09/11 01:52,2026-09-11T02:07:15+09:00,2026/09/11,2026/11/12,2026-10,CALL,74500,380,116,,26.55,25.48,280,6,236,2,,,,,
2026/09/11 01:52,2026-09-11T02:07:15+09:00,2026/09/11,2026/11/12,2026-10,PUT,74500,9825,,,,,,,,,,,,,
2026/09/11 01:52,2026-09-11T02:07:15+09:00,2026/09/11,2026/11/12,2026-10,CALL,74250,405,,,26.44,25.49,294,2,253,2,,,,,
2026/09/11 01:52,2026-09-11T02:07:15+09:00,2026/09/11,2026/11/12,2026-10,PUT,74250,9600,,,,,,,,,,,,,
2026/09/11 01:52,2026-09-11T02:07:15+09:00,2026/09/11,2026/11/12,2026-10,CALL,74000,425,101,6,26.58,25.49,320,2,271,2,26.07,-60,-15.79,320,09/10 23:59
2026/09/11 01:52,2026-09-11T02:07:15+09:00,2026/09/11,2026/11/12,2026-10,PUT,74000,9370,,,,,,,,,,,,,
2026/09/11 01:52,2026-09-11T02:07:15+09:00,2026/09/11,2026/11/12,2026-10,CALL,73750,460,,,26.46,25.47,335,2,289,2,,,,,
2026/09/11 01:52,2026-09-11T02:07:15+09:00,2026/09/11,2026/11/12,2026-10,PUT,73750,9155,,,,,,,,,,,,,
2026/09/11 01:52,2026-09-11T02:07:15+09:00,2026/09/11,2026/11/12,2026-10,CALL,73500,490,,,26.62,25.49,365,2,310,2,,,,,
2026/09/11 01:52,2026-09-11T02:07:15+09:00,2026/09/11,2026/11/12,2026-10,PUT,73500,8935,,,,,,,,,,,,,
2026/09/11 01:52,2026-09-11T02:07:15+09:00,2026/09/11,2026/11/12,2026-10,CALL,73250,520,,,26.45,25.56,380,2,335,2,,,,,
2026/09/11 01:52,2026-09-11T02:07:15+09:00,2026/09/11,2026/11/12,2026-10,PUT,73250,8715,,,,,,,,,,,,,
2026/09/11 01:52,2026-09-11T02:07:15+09:00,2026/09/11,2026/11/12,2026-10,CALL,73000,545,101,,26.56,25.61,410,2,360,2,,,,,
2026/09/11 01:52,2026-09-11T02:07:15+09:00,2026/09/11,2026/11/12,2026-10,PUT,73000,8495,,,,,,,,,,,,,
2026/09/11 01:52,2026-09-11T02:07:15+09:00,2026/09/11,2026/11/12,2026-10,CALL,72750,585,,,26.62,25.53,440,2,380,2,,,,,
2026/09/11 01:52,2026-09-11T02:07:15+09:00,2026/09/11,2026/11/12,2026-10,PUT,72750,8285,,,,,,,,,,,,,
2026/09/11 01:52,2026-09-11T02:07:15+09:00,2026/09/11,2026/11/12,2026-10,CALL,72500,625,602,,26.49,25.61,460,2,410,2,,,,,
2026/09/11 01:52,2026-09-11T02:07:15+09:00,2026/09/11,2026/11/12,2026-10,PUT,72500,8075,330,,,,,,,,,,,,
2026/09/11 01:52,2026-09-11T02:07:15+09:00,2026/09/11,2026/11/12,2026-10,CALL,72250,665,1,,26.68,25.49,500,2,430,2,,,,,
2026/09/11 01:52,2026-09-11T02:07:15+09:00,2026/09/11,2026/11/12,2026-10,PUT,72250,7865,,,,,,,,,,,,,
2026/09/11 01:52,2026-09-11T02:07:15+09:00,2026/09/11,2026/11/12,2026-10,CALL,72125,680,,,,,,,,,,,,,
2026/09/11 01:52,2026-09-11T02:07:15+09:00,2026/09/11,2026/11/12,2026-10,PUT,72125,7750,,,,,,,,,,,,,
2026/09/11 01:52,2026-09-11T02:07:15+09:00,2026/09/11,2026/11/12,2026-10,CALL,72000,680,395,2,26.75,25.6,535,2,465,2,25.62,-15,-2.31,635,09/10 19:07
2026/09/11 01:52,2026-09-11T02:07:15+09:00,2026/09/11,2026/11/12,2026-10,PUT,72000,7630,,,,,,,,,,,,,
2026/09/11 01:52,2026-09-11T02:07:15+09:00,2026/09/11,2026/11/12,2026-10,CALL,71875,730,,,,,,,,,,,,,
2026/09/11 01:52,2026-09-11T02:07:15+09:00,2026/09/11,2026/11/12,2026-10,PUT,71875,7555,,,,,,,,,,,,,
2026/09/11 01:52,2026-09-11T02:07:15+09:00,2026/09/11,2026/11/12,2026-10,CALL,71750,750,,,26.63,25.76,560,2,505,2,,,,,
2026/09/11 01:52,2026-09-11T02:07:15+09:00,2026/09/11,2026/11/12,2026-10,PUT,71750,7450,,,,,,,,,,,,,
2026/09/11 01:52,2026-09-11T02:07:15+09:00,2026/09/11,2026/11/12,2026-10,CALL,71625,775,8,,,,,,,,,,,,
2026/09/11 01:52,2026-09-11T02:07:15+09:00,2026/09/11,2026/11/12,2026-10,PUT,71625,7350,,,,,,,,,,,,,
2026/09/11 01:52,2026-09-11T02:07:15+09:00,2026/09/11,2026/11/12,2026-10,CALL,71500,795,354,,26.8,25.65,605,2,530,2,,,,,
2026/09/11 01:52,2026-09-11T02:07:15+09:00,2026/09/11,2026/11/12,2026-10,PUT,71500,7245,,,,,,,,,,,,,
2026/09/11 01:52,2026-09-11T02:07:15+09:00,2026/09/11,2026/11/12,2026-10,CALL,71375,820,,,,,,,,,,,,,
2026/09/11 01:52,2026-09-11T02:07:15+09:00,2026/09/11,2026/11/12,2026-10,PUT,71375,7145,,,,,,,,,,,,,
2026/09/11 01:52,2026-09-11T02:07:15+09:00,2026/09/11,2026/11/12,2026-10,CALL,71250,840,,,26.85,25.67,645,2,565,2,,,,,
2026/09/11 01:52,2026-09-11T02:07:15+09:00,2026/09/11,2026/11/12,2026-10,PUT,71250,7040,,,,,,,,,,,,,
2026/09/11 01:52,2026-09-11T02:07:15+09:00,2026/09/11,2026/11/12,2026-10,CALL,71125,845,2,,,,,,,,,,,,
2026/09/11 01:52,2026-09-11T02:07:15+09:00,2026/09/11,2026/11/12,2026-10,PUT,71125,6920,,,,,,,,,,,,,
2026/09/11 01:52,2026-09-11T02:07:15+09:00,2026/09/11,2026/11/12,2026-10,CALL,71000,860,400,3,26.81,25.88,680,2,615,2,26.32,-180,-20.93,680,09/10 22:30
2026/09/11 01:52,2026-09-11T02:07:15+09:00,2026/09/11,2026/11/12,2026-10,PUT,71000,6840,,,,,,,,,,,,,
2026/09/11 01:52,2026-09-11T02:07:15+09:00,2026/09/11,2026/11/12,2026-10,CALL,70875,910,,,,,,,,,,,,,
2026/09/11 01:52,2026-09-11T02:07:15+09:00,2026/09/11,2026/11/12,2026-10,PUT,70875,6735,,,,,,,,,,,,,
2026/09/11 01:52,2026-09-11T02:07:15+09:00,2026/09/11,2026/11/12,2026-10,CALL,70750,910,4,,27.02,25.77,735,2,645,2,,,,,
2026/09/11 01:52,2026-09-11T02:07:15+09:00,2026/09/11,2026/11/12,2026-10,PUT,70750,6650,160,,,,,,,,,,,,
2026/09/11 01:52,2026-09-11T02:07:15+09:00,2026/09/11,2026/11/12,2026-10,CALL,70625,965,,,,,,,,,,,,,
2026/09/11 01:52,2026-09-11T02:07:15+09:00,2026/09/11,2026/11/12,2026-10,PUT,70625,6540,,,,,,,,,,,,,
2026/09/11 01:52,2026-09-11T02:07:15+09:00,2026/09/11,2026/11/12,2026-10,CALL,70500,1000,2,,26.99,25.77,775,2,685,2,,,,,
2026/09/11 01:52,2026-09-11T02:07:15+09:00,2026/09/11,2026/11/12,2026-10,PUT,70500,6455,,,,,,,,,,,,,
2026/09/11 01:52,2026-09-11T02:07:15+09:00,2026/09/11,2026/11/12,2026-10,CALL,70375,1005,,,,,,,,,,,,,
2026/09/11 01:52,2026-09-11T02:07:15+09:00,2026/09/11,2026/11/12,2026-10,PUT,70375,6330,,,,,,,,,,,,,
2026/09/11 01:52,2026-09-11T02:07:15+09:00,2026/09/11,2026/11/12,2026-10,CALL,70250,1020,4,,26.94,26.02,815,2,745,2,,,,,
2026/09/11 01:52,2026-09-11T02:07:15+09:00,2026/09/11,2026/11/12,2026-10,PUT,70250,6235,,,,,,,,,,,,,
2026/09/11 01:52,2026-09-11T02:07:15+09:00,2026/09/11,2026/11/12,2026-10,CALL,70125,1065,,,,,,,,,,,,,
2026/09/11 01:52,2026-09-11T02:07:15+09:00,2026/09/11,2026/11/12,2026-10,PUT,70125,6145,,,,,,,,,,,,,
2026/09/11 01:52,2026-09-11T02:07:15+09:00,2026/09/11,2026/11/12,2026-10,CALL,70000,1090,1505,4,27.05,26.03,870,2,790,2,26.2,-180,-17.39,855,09/11 00:01
2026/09/11 01:52,2026-09-11T02:07:15+09:00,2026/09/11,2026/11/12,2026-10,PUT,70000,6040,460,,,,,,,,,,,,
2026/09/11 01:52,2026-09-11T02:07:15+09:00,2026/09/11,2026/11/12,2026-10,CALL,69875,1130,16,,,,,,,,,,,,
2026/09/11 01:52,2026-09-11T02:07:15+09:00,2026/09/11,2026/11/12,2026-10,PUT,69875,5955,,,,,,,,,,,,,
2026/09/11 01:52,2026-09-11T02:07:15+09:00,2026/09/11,2026/11/12,2026-10,CALL,69750,1160,,,27.07,25.95,920,2,830,2,,,,,
2026/09/11 01:52,2026-09-11T02:07:15+09:00,2026/09/11,2026/11/12,2026-10,PUT,69750,5865,,,,,,,,,,,,,
2026/09/11 01:52,2026-09-11T02:07:15+09:00,2026/09/11,2026/11/12,2026-10,CALL,69625,1195,,,,,,,,,,,,,
2026/09/11 01:52,2026-09-11T02:07:15+09:00,2026/09/11,2026/11/12,2026-10,PUT,69625,5775,,,,,,,,,,,,,
2026/09/11 01:52,2026-09-11T02:07:15+09:00,2026/09/11,2026/11/12,2026-10,CALL,69500,1225,4,2,27.13,26.15,975,2,895,2,26.97,,,1035,09/10 23:24
2026/09/11 01:52,2026-09-11T02:07:15+09:00,2026/09/11,2026/11/12,2026-10,PUT,69500,5680,1,,,,,,,,,,,,
2026/09/11 01:52,2026-09-11T02:07:15+09:00,2026/09/11,2026/11/12,2026-10,CALL,69375,1255,,,,,,,,,,,,,
2026/09/11 01:52,2026-09-11T02:07:15+09:00,2026/09/11,2026/11/12,2026-10,PUT,69375,5590,,,,,,,,,,,,,
2026/09/11 01:52,2026-09-11T02:07:15+09:00,2026/09/11,2026/11/12,2026-10,CALL,69250,1295,,,27.21,26.26,1035,2,955,2,,,,,
2026/09/11 01:52,2026-09-11T02:07:15+09:00,2026/09/11,2026/11/12,2026-10,PUT,69250,5500,,,,,,,,,,,,,
2026/09/11 01:52,2026-09-11T02:07:15+09:00,2026/09/11,2026/11/12,2026-10,CALL,69125,1330,,,,,,,,,,,,,
2026/09/11 01:52,2026-09-11T02:07:15+09:00,2026/09/11,2026/11/12,2026-10,PUT,69125,5410,,,,,,,,,,,,,
2026/09/11 01:52,2026-09-11T02:07:15+09:00,2026/09/11,2026/11/12,2026-10,CALL,69000,1365,1946,,27.38,26.33,1105,2,1015,2,,,,,
2026/09/11 01:52,2026-09-11T02:07:15+09:00,2026/09/11,2026/11/12,2026-10,PUT,69000,5320,450,,,,,,,,,,,,
2026/09/11 01:52,2026-09-11T02:07:15+09:00,2026/09/11,2026/11/12,2026-10,CALL,68875,1405,,,,,,,,,,,,,
2026/09/11 01:52,2026-09-11T02:07:15+09:00,2026/09/11,2026/11/12,2026-10,PUT,68875,5235,,,,,,,,,,,,,
2026/09/11 01:52,2026-09-11T02:07:15+09:00,2026/09/11,2026/11/12,2026-10,CALL,68750,1440,,,27.45,26.32,1170,2,1070,2,,,,,
2026/09/11 01:52,2026-09-11T02:07:15+09:00,2026/09/11,2026/11/12,2026-10,PUT,68750,5145,,,,,,,,,,,,,
2026/09/11 01:52,2026-09-11T02:07:15+09:00,2026/09/11,2026/11/12,2026-10,CALL,68625,1485,,,,,,,,,,,,,
2026/09/11 01:52,2026-09-11T02:07:15+09:00,2026/09/11,2026/11/12,2026-10,PUT,68625,5065,,,,,,,,,,,,,
2026/09/11 01:52,2026-09-11T02:07:15+09:00,2026/09/11,2026/11/12,2026-10,CALL,68500,1525,1,,27.67,26.22,1250,2,1120,2,,,,,
2026/09/11 01:52,2026-09-11T02:07:15+09:00,2026/09/11,2026/11/12,2026-10,PUT,68500,4980,478,,,,,,,,,,,,
2026/09/11 01:52,2026-09-11T02:07:15+09:00,2026/09/11,2026/11/12,2026-10,CALL,68375,1570,16,,,,,,,,,,,,
2026/09/11 01:52,2026-09-11T02:07:15+09:00,2026/09/11,2026/11/12,2026-10,PUT,68375,4900,16,,,,,,,,,,,,
2026/09/11 01:52,2026-09-11T02:07:15+09:00,2026/09/11,2026/11/12,2026-10,CALL,68250,1610,,,27.68,26.26,1315,2,1185,2,,,,,
2026/09/11 01:52,2026-09-11T02:07:15+09:00,2026/09/11,2026/11/12,2026-10,PUT,68250,4820,,,26.1,23.79,5660,2,5455,2,,,,,
2026/09/11 01:52,2026-09-11T02:07:15+09:00,2026/09/11,2026/11/12,2026-10,CALL,68125,1645,,,,,,,,,,,,,
2026/09/11 01:52,2026-09-11T02:07:15+09:00,2026/09/11,2026/11/12,2026-10,PUT,68125,4725,,,29.93,20.27,5925,2,5060,2,,,,,
2026/09/11 01:52,2026-09-11T02:07:15+09:00,2026/09/11,2026/11/12,2026-10,CALL,68000,1690,431,,27.78,26.6,1390,2,1280,2,,,,,
2026/09/11 01:52,2026-09-11T02:07:15+09:00,2026/09/11,2026/11/12,2026-10,PUT,68000,4645,,,26.28,24.08,5490,10,5290,10,,,,,
2026/09/11 01:52,2026-09-11T02:07:15+09:00,2026/09/11,2026/11/12,2026-10,CALL,67875,1740,5,,,,,,,,,,,,
2026/09/11 01:52,2026-09-11T02:07:15+09:00,2026/09/11,2026/11/12,2026-10,PUT,67875,4570,,,30.08,19.75,5760,2,4820,2,,,,,
2026/09/11 01:52,2026-09-11T02:07:15+09:00,2026/09/11,2026/11/12,2026-10,CALL,67750,1795,28,,27.89,26.52,1470,2,1340,2,,,,,
2026/09/11 01:52,2026-09-11T02:07:15+09:00,2026/09/11,2026/11/12,2026-10,PUT,67750,4500,,,26.26,24.43,5305,3,5135,3,,,,,
2026/09/11 01:52,2026-09-11T02:07:15+09:00,2026/09/11,2026/11/12,2026-10,CALL,67625,1830,,,,,,,,,,,,,
2026/09/11 01:52,2026-09-11T02:07:15+09:00,2026/09/11,2026/11/12,2026-10,PUT,67625,4415,,,30.76,20.22,5650,2,4665,2,,,,,
2026/09/11 01:52,2026-09-11T02:07:15+09:00,2026/09/11,2026/11/12,2026-10,CALL,67500,1885,302,,27.87,26.74,1540,2,1430,1,,,,,
2026/09/11 01:52,2026-09-11T02:07:15+09:00,2026/09/11,2026/11/12,2026-10,PUT,67500,4345,4,,26.42,24.2,5140,2,4930,6,,,,,
2026/09/11 01:52,2026-09-11T02:07:15+09:00,2026/09/11,2026/11/12,2026-10,CALL,67375,1935,,,,,,,,,,,,,
2026/09/11 01:52,2026-09-11T02:07:15+09:00,2026/09/11,2026/11/12,2026-10,PUT,67375,4270,,,,,,,,,,,,,
2026/09/11 01:52,2026-09-11T02:07:15+09:00,2026/09/11,2026/11/12,2026-10,CALL,67250,1980,,,27.98,26.6,1625,1,1490,1,,,,,
2026/09/11 01:52,2026-09-11T02:07:15+09:00,2026/09/11,2026/11/12,2026-10,PUT,67250,4190,,,26.4,24.79,4960,1,4805,1,,,,,
2026/09/11 01:52,2026-09-11T02:07:15+09:00,2026/09/11,2026/11/12,2026-10,CALL,67125,2030,,,,,,,,,,,,,
2026/09/11 01:52,2026-09-11T02:07:15+09:00,2026/09/11,2026/11/12,2026-10,PUT,67125,4115,,,,,,,,,,,,,
2026/09/11 01:52,2026-09-11T02:07:15+09:00,2026/09/11,2026/11/12,2026-10,CALL,67000,2060,1130,7,28.11,26.8,1715,1,1585,1,27.73,,,1785,09/10 23:24
2026/09/11 01:52,2026-09-11T02:07:15+09:00,2026/09/11,2026/11/12,2026-10,PUT,67000,4025,870,,26.65,24.5,4810,1,4600,5,,,,,
2026/09/11 01:52,2026-09-11T02:07:15+09:00,2026/09/11,2026/11/12,2026-10,CALL,66875,2135,,,,,,,,,,,,,
2026/09/11 01:52,2026-09-11T02:07:15+09:00,2026/09/11,2026/11/12,2026-10,PUT,66875,3970,,,,,,,,,,,,,
2026/09/11 01:52,2026-09-11T02:07:15+09:00,2026/09/11,2026/11/12,2026-10,CALL,66750,2175,,,28.3,27.01,1815,1,1685,1,,,,,
2026/09/11 01:52,2026-09-11T02:07:15+09:00,2026/09/11,2026/11/12,2026-10,PUT,66750,3885,,,26.61,25.05,4635,1,4480,1,,,,,
2026/09/11 01:52,2026-09-11T02:07:15+09:00,2026/09/11,2026/11/12,2026-10,CALL,66625,2240,,,,,,,,,,,,,
2026/09/11 01:52,2026-09-11T02:07:15+09:00,2026/09/11,2026/11/12,2026-10,PUT,66625,3825,,,,,,,,,,,,,
2026/09/11 01:52,2026-09-11T02:07:15+09:00,2026/09/11,2026/11/12,2026-10,CALL,66500,2275,,,28.42,26.84,1910,1,1750,1,,,,,
2026/09/11 01:52,2026-09-11T02:07:15+09:00,2026/09/11,2026/11/12,2026-10,PUT,66500,3735,239,,27.04,25.36,4510,5,4340,1,,,,,
2026/09/11 01:52,2026-09-11T02:07:15+09:00,2026/09/11,2026/11/12,2026-10,CALL,66375,2335,,,,,,,,,,,,,
2026/09/11 01:52,2026-09-11T02:07:15+09:00,2026/09/11,2026/11/12,2026-10,PUT,66375,3670,,,,,,,,,,,,,
2026/09/11 01:52,2026-09-11T02:07:15+09:00,2026/09/11,2026/11/12,2026-10,CALL,66250,2390,,,28.4,26.89,1995,1,1840,1,,,,,
2026/09/11 01:52,2026-09-11T02:07:15+09:00,2026/09/11,2026/11/12,2026-10,PUT,66250,3605,,,26.8,25.18,4320,1,4155,1,,,,,
2026/09/11 01:52,2026-09-11T02:07:15+09:00,2026/09/11,2026/11/12,2026-10,CALL,66125,2450,3,,,,,,,,,,,,
2026/09/11 01:52,2026-09-11T02:07:15+09:00,2026/09/11,2026/11/12,2026-10,PUT,66125,3540,,,,,,,,,,,,,
2026/09/11 01:52,2026-09-11T02:07:15+09:00,2026/09/11,2026/11/12,2026-10,CALL,66000,2505,486,3,28.89,26.96,2135,1,1935,16,26.71,,,2445,09/10 17:12
2026/09/11 01:52,2026-09-11T02:07:15+09:00,2026/09/11,2026/11/12,2026-10,PUT,66000,3465,1720,,26.96,25.46,4175,1,4020,1,,,,,
2026/09/11 01:52,2026-09-11T02:07:15+09:00,2026/09/11,2026/11/12,2026-10,CALL,65875,2570,50,,,,,,,,,,,,
2026/09/11 01:52,2026-09-11T02:07:15+09:00,2026/09/11,2026/11/12,2026-10,PUT,65875,3405,,,,,,,,,,,,,
2026/09/11 01:52,2026-09-11T02:07:15+09:00,2026/09/11,2026/11/12,2026-10,CALL,65750,2585,1,,28.68,27.14,2205,1,2045,1,,,,,
2026/09/11 01:52,2026-09-11T02:07:15+09:00,2026/09/11,2026/11/12,2026-10,PUT,65750,3315,,,27.48,25.75,4070,1,3890,1,,,,,
2026/09/11 01:52,2026-09-11T02:07:15+09:00,2026/09/11,2026/11/12,2026-10,CALL,65625,2680,,,,,,,,,,,,,
2026/09/11 01:52,2026-09-11T02:07:15+09:00,2026/09/11,2026/11/12,2026-10,PUT,65625,3270,,,,,,,,,,,,,
2026/09/11 01:52,2026-09-11T02:07:15+09:00,2026/09/11,2026/11/12,2026-10,CALL,65500,2755,171,,28.86,27.24,2320,1,2150,16,,,,,
2026/09/11 01:52,2026-09-11T02:07:15+09:00,2026/09/11,2026/11/12,2026-10,PUT,65500,3215,100,,27.15,25.66,3880,1,3725,1,,,,,
2026/09/11 01:52,2026-09-11T02:07:15+09:00,2026/09/11,2026/11/12,2026-10,CALL,65375,2815,11,,,,,,,,,,,,
2026/09/11 01:52,2026-09-11T02:07:15+09:00,2026/09/11,2026/11/12,2026-10,PUT,65375,3155,30,,,,,,,,,,,,
2026/09/11 01:52,2026-09-11T02:07:15+09:00,2026/09/11,2026/11/12,2026-10,CALL,65250,2855,,,29.02,27.59,2435,1,2285,1,,,,,
2026/09/11 01:52,2026-09-11T02:07:15+09:00,2026/09/11,2026/11/12,2026-10,PUT,65250,3070,,,27.4,25.69,3755,1,3575,1,,,,,
2026/09/11 01:52,2026-09-11T02:07:15+09:00,2026/09/11,2026/11/12,2026-10,CALL,65125,2925,,,,,,,,,,,,,
2026/09/11 01:52,2026-09-11T02:07:15+09:00,2026/09/11,2026/11/12,2026-10,PUT,65125,3015,,,,,,,,,,,,,
2026/09/11 01:52,2026-09-11T02:07:15+09:00,2026/09/11,2026/11/12,2026-10,CALL,65000,2995,357,,29,27.54,2535,1,2380,1,,,,,
2026/09/11 01:52,2026-09-11T02:07:15+09:00,2026/09/11,2026/11/12,2026-10,PUT,65000,2960,901,1,27.77,26.17,3645,5,3475,1,28.31,,,3155,09/10 18:20
2026/09/11 01:52,2026-09-11T02:07:15+09:00,2026/09/11,2026/11/12,2026-10,CALL,64875,3035,,,,,,,,,,,,,
2026/09/11 01:52,2026-09-11T02:07:15+09:00,2026/09/11,2026/11/12,2026-10,PUT,64875,2890,,,,,,,,,,,,,
2026/09/11 01:52,2026-09-11T02:07:15+09:00,2026/09/11,2026/11/12,2026-10,CALL,64750,3170,,,29.33,27.82,2675,1,2515,1,,,,,
2026/09/11 01:52,2026-09-11T02:07:15+09:00,2026/09/11,2026/11/12,2026-10,PUT,64750,2885,,,27.87,26.36,3510,1,3350,1,,,,,
2026/09/11 01:52,2026-09-11T02:07:15+09:00,2026/09/11,2026/11/12,2026-10,CALL,64625,3175,,,,,,,,,,,,,
2026/09/11 01:52,2026-09-11T02:07:15+09:00,2026/09/11,2026/11/12,2026-10,PUT,64625,2770,,,,,,,,,,,,,
2026/09/11 01:52,2026-09-11T02:07:15+09:00,2026/09/11,2026/11/12,2026-10,CALL,64500,3245,,,29.58,27.99,2810,1,2640,1,,,,,
2026/09/11 01:52,2026-09-11T02:07:15+09:00,2026/09/11,2026/11/12,2026-10,PUT,64500,2715,300,,27.8,26.34,3360,16,3205,1,,,,,
2026/09/11 01:52,2026-09-11T02:07:15+09:00,2026/09/11,2026/11/12,2026-10,CALL,64375,3365,,,,,,,,,,,,,
2026/09/11 01:52,2026-09-11T02:07:15+09:00,2026/09/11,2026/11/12,2026-10,PUT,64375,2705,,,,,,,,,,,,,
2026/09/11 01:52,2026-09-11T02:07:15+09:00,2026/09/11,2026/11/12,2026-10,CALL,64250,3385,,,29.67,27.65,2930,1,2715,1,,,,,
2026/09/11 01:52,2026-09-11T02:07:15+09:00,2026/09/11,2026/11/12,2026-10,PUT,64250,2605,,,27.88,26.33,3230,1,3065,1,,,,,
2026/09/11 01:52,2026-09-11T02:07:15+09:00,2026/09/11,2026/11/12,2026-10,CALL,64125,3450,,,,,,,,,,,,,
2026/09/11 01:52,2026-09-11T02:07:15+09:00,2026/09/11,2026/11/12,2026-10,PUT,64125,2555,,,,,,,,,,,,,
2026/09/11 01:52,2026-09-11T02:07:15+09:00,2026/09/11,2026/11/12,2026-10,CALL,64000,3550,125,5,30.14,27.7,3095,5,2835,5,29.08,,,3135,09/10 23:24
2026/09/11 01:52,2026-09-11T02:07:15+09:00,2026/09/11,2026/11/12,2026-10,PUT,64000,2520,466,,28.5,26.62,3160,16,2960,1,,,,,
2026/09/11 01:52,2026-09-11T02:07:15+09:00,2026/09/11,2026/11/12,2026-10,CALL,63875,3640,,,,,,,,,,,,,
2026/09/11 01:52,2026-09-11T02:07:15+09:00,2026/09/11,2026/11/12,2026-10,PUT,63875,2485,,,,,,,,,,,,,
2026/09/11 01:52,2026-09-11T02:07:15+09:00,2026/09/11,2026/11/12,2026-10,CALL,63750,3710,,,30.03,27.91,3200,1,2975,1,,,,,
2026/09/11 01:52,2026-09-11T02:07:15+09:00,2026/09/11,2026/11/12,2026-10,PUT,63750,2430,,,28.57,26.69,3035,1,2835,1,,,,,
2026/09/11 01:52,2026-09-11T02:07:15+09:00,2026/09/11,2026/11/12,2026-10,CALL,63625,3750,,,,,,,,,,,,,
2026/09/11 01:52,2026-09-11T02:07:15+09:00,2026/09/11,2026/11/12,2026-10,PUT,63625,2340,,,,,,,,,,,,,
2026/09/11 01:52,2026-09-11T02:07:15+09:00,2026/09/11,2026/11/12,2026-10,CALL,63500,3880,,,29.88,28.28,3305,1,3135,5,,,,,
2026/09/11 01:52,2026-09-11T02:07:15+09:00,2026/09/11,2026/11/12,2026-10,PUT,63500,2345,5,,28.56,26.82,2905,16,2720,16,,,,,
2026/09/11 01:52,2026-09-11T02:07:15+09:00,2026/09/11,2026/11/12,2026-10,CALL,63375,3910,,,,,,,,,,,,,
2026/09/11 01:52,2026-09-11T02:07:15+09:00,2026/09/11,2026/11/12,2026-10,PUT,63375,2255,,,,,,,,,,,,,
2026/09/11 01:52,2026-09-11T02:07:15+09:00,2026/09/11,2026/11/12,2026-10,CALL,63250,3985,,,30.04,28.67,3445,1,3300,1,,,,,
2026/09/11 01:52,2026-09-11T02:07:15+09:00,2026/09/11,2026/11/12,2026-10,PUT,63250,2205,,,28.67,27.15,2790,1,2630,1,,,,,
2026/09/11 01:52,2026-09-11T02:07:15+09:00,2026/09/11,2026/11/12,2026-10,CALL,63125,4070,,,,,,,,,,,,,
2026/09/11 01:52,2026-09-11T02:07:15+09:00,2026/09/11,2026/11/12,2026-10,PUT,63125,2160,,,,,,,,,,,,,
2026/09/11 01:52,2026-09-11T02:07:15+09:00,2026/09/11,2026/11/12,2026-10,CALL,63000,4190,,,30.26,28.36,3595,1,3395,5,,,,,
2026/09/11 01:52,2026-09-11T02:07:15+09:00,2026/09/11,2026/11/12,2026-10,PUT,63000,2160,563,,28.64,27.22,2665,1,2515,16,,,,,
2026/09/11 01:52,2026-09-11T02:07:15+09:00,2026/09/11,2026/11/12,2026-10,CALL,62875,4305,,,,,,,,,,,,,
2026/09/11 01:52,2026-09-11T02:07:15+09:00,2026/09/11,2026/11/12,2026-10,PUT,62875,2150,5,,,,,,,,,,,,
2026/09/11 01:52,2026-09-11T02:07:15+09:00,2026/09/11,2026/11/12,2026-10,CALL,62750,4385,,,30.84,28.78,3785,1,3570,1,,,,,
2026/09/11 01:52,2026-09-11T02:07:15+09:00,2026/09/11,2026/11/12,2026-10,PUT,62750,2105,,,28.97,27.49,2580,1,2425,1,,,,,
2026/09/11 01:52,2026-09-11T02:07:15+09:00,2026/09/11,2026/11/12,2026-10,CALL,62625,4465,,,,,,,,,,,,,
2026/09/11 01:52,2026-09-11T02:07:15+09:00,2026/09/11,2026/11/12,2026-10,PUT,62625,2060,,,,,,,,,,,,,
2026/09/11 01:52,2026-09-11T02:07:15+09:00,2026/09/11,2026/11/12,2026-10,CALL,62500,4575,,,30.81,29.23,3915,5,3750,1,,,,,
2026/09/11 01:52,2026-09-11T02:07:15+09:00,2026/09/11,2026/11/12,2026-10,PUT,62500,1960,355,,29.08,27.78,2475,1,2340,1,,,,,
2026/09/11 01:52,2026-09-11T02:07:15+09:00,2026/09/11,2026/11/12,2026-10,CALL,62375,4620,,,,,,,,,,,,,
2026/09/11 01:52,2026-09-11T02:07:15+09:00,2026/09/11,2026/11/12,2026-10,PUT,62375,1970,,,,,,,,,,,,,
2026/09/11 01:52,2026-09-11T02:07:15+09:00,2026/09/11,2026/11/12,2026-10,CALL,62250,4710,,,31.05,28.92,4075,1,3855,1,,,,,
2026/09/11 01:52,2026-09-11T02:07:15+09:00,2026/09/11,2026/11/12,2026-10,PUT,62250,1930,12,,29.21,27.85,2375,1,2235,1,,,,,
2026/09/11 01:52,2026-09-11T02:07:15+09:00,2026/09/11,2026/11/12,2026-10,CALL,62125,4795,,,33.78,25.3,4425,2,3555,2,,,,,
2026/09/11 01:52,2026-09-11T02:07:15+09:00,2026/09/11,2026/11/12,2026-10,PUT,62125,1890,,,,,,,,,,,,,
2026/09/11 01:52,2026-09-11T02:07:15+09:00,2026/09/11,2026/11/12,2026-10,CALL,62000,4870,,,31.36,29.01,4245,9,4005,9,,,,,
2026/09/11 01:52,2026-09-11T02:07:15+09:00,2026/09/11,2026/11/12,2026-10,PUT,62000,1845,1223,,29.35,28.13,2280,2,2155,2,,,,,
2026/09/11 01:52,2026-09-11T02:07:15+09:00,2026/09/11,2026/11/12,2026-10,CALL,61875,4965,,,35.27,27.57,4715,2,3930,2,,,,,
2026/09/11 01:52,2026-09-11T02:07:15+09:00,2026/09/11,2026/11/12,2026-10,PUT,61875,1810,,,,,,,,,,,,,
2026/09/11 01:52,2026-09-11T02:07:15+09:00,2026/09/11,2026/11/12,2026-10,CALL,61750,5050,,,31.54,29.18,4405,2,4165,2,,,,,
2026/09/11 01:52,2026-09-11T02:07:15+09:00,2026/09/11,2026/11/12,2026-10,PUT,61750,1775,,,29.52,27.99,2190,2,2035,2,,,,,
2026/09/11 01:52,2026-09-11T02:07:15+09:00,2026/09/11,2026/11/12,2026-10,CALL,61625,5145,,,35.67,26.8,4895,2,4000,2,,,,,
2026/09/11 01:52,2026-09-11T02:07:15+09:00,2026/09/11,2026/11/12,2026-10,PUT,61625,1740,,,,,,,,,,,,,
2026/09/11 01:52,2026-09-11T02:07:15+09:00,2026/09/11,2026/11/12,2026-10,CALL,61500,5230,,,31.55,29.21,4550,6,4315,6,,,,,
2026/09/11 01:52,2026-09-11T02:07:15+09:00,2026/09/11,2026/11/12,2026-10,PUT,61500,1705,18,,29.46,28.31,2080,2,1965,2,,,,,
2026/09/11 01:52,2026-09-11T02:07:15+09:00,2026/09/11,2026/11/12,2026-10,CALL,61375,5320,,,36,27.7,5070,2,4240,2,,,,,
2026/09/11 01:52,2026-09-11T02:07:15+09:00,2026/09/11,2026/11/12,2026-10,PUT,61375,1665,,,,4.54,,,10,3,,,,,
2026/09/11 01:52,2026-09-11T02:07:15+09:00,2026/09/11,2026/11/12,2026-10,CALL,61250,5405,,,31.89,29.82,4730,3,4525,3,,,,,
2026/09/11 01:52,2026-09-11T02:07:15+09:00,2026/09/11,2026/11/12,2026-10,PUT,61250,1630,16,,29.87,28.55,2020,2,1890,2,,,,,
2026/09/11 01:52,2026-09-11T02:07:15+09:00,2026/09/11,2026/11/12,2026-10,CALL,61000,5595,200,,36.54,26.55,5340,4,4360,4,,,,,
2026/09/11 01:52,2026-09-11T02:07:15+09:00,2026/09/11,2026/11/12,2026-10,PUT,61000,1570,621,,29.8,28.77,1915,2,1815,2,,,,,
2026/09/11 01:52,2026-09-11T02:07:15+09:00,2026/09/11,2026/11/12,2026-10,CALL,60750,5770,,,36.87,26.44,5520,1,4510,1,,,,,
2026/09/11 01:52,2026-09-11T02:07:15+09:00,2026/09/11,2026/11/12,2026-10,PUT,60750,1490,28,,30.11,28.91,1850,2,1735,2,,,,,
2026/09/11 01:52,2026-09-11T02:07:15+09:00,2026/09/11,2026/11/12,2026-10,CALL,60500,5955,100,,37.18,27.85,5700,1,4805,1,,,,,
2026/09/11 01:52,2026-09-11T02:07:15+09:00,2026/09/11,2026/11/12,2026-10,PUT,60500,1430,103,,30.07,29.18,1755,2,1670,2,,,,,
2026/09/11 01:52,2026-09-11T02:07:15+09:00,2026/09/11,2026/11/12,2026-10,CALL,60250,6130,,,37.47,26.15,5880,1,4815,1,,,,,
2026/09/11 01:52,2026-09-11T02:07:15+09:00,2026/09/11,2026/11/12,2026-10,PUT,60250,1355,17,,30.22,29.2,1680,2,1585,2,,,,,
2026/09/11 01:52,2026-09-11T02:07:15+09:00,2026/09/11,2026/11/12,2026-10,CALL,60000,6345,100,,36.38,27.04,5930,4,5065,4,,,,,
2026/09/11 01:52,2026-09-11T02:07:15+09:00,2026/09/11,2026/11/12,2026-10,PUT,60000,1260,657,2,30.51,29.42,1620,2,1520,2,30.77,50,3.97,1310,09/10 17:09
2026/09/11 01:52,2026-09-11T02:07:15+09:00,2026/09/11,2026/11/12,2026-10,CALL,59750,6530,,,,,,,,,,,,,
2026/09/11 01:52,2026-09-11T02:07:15+09:00,2026/09/11,2026/11/12,2026-10,PUT,59750,1260,1,,30.77,29.6,1560,2,1455,2,,,,,
2026/09/11 01:52,2026-09-11T02:07:15+09:00,2026/09/11,2026/11/12,2026-10,CALL,59500,6715,,,,,,,,,,,,,
2026/09/11 01:52,2026-09-11T02:07:15+09:00,2026/09/11,2026/11/12,2026-10,PUT,59500,1195,1965,2,30.89,29.76,1490,2,1390,2,31.18,,,1360,09/10 21:05
2026/09/11 01:52,2026-09-11T02:07:15+09:00,2026/09/11,2026/11/12,2026-10,CALL,59250,6935,,,,,,,,,,,,,
2026/09/11 01:52,2026-09-11T02:07:15+09:00,2026/09/11,2026/11/12,2026-10,PUT,59250,1160,6,,30.99,30.01,1420,2,1335,2,,,,,
2026/09/11 01:52,2026-09-11T02:07:15+09:00,2026/09/11,2026/11/12,2026-10,CALL,59000,7115,,,,,,,,,,,,,
2026/09/11 01:52,2026-09-11T02:07:15+09:00,2026/09/11,2026/11/12,2026-10,PUT,59000,1095,372,1,31.11,30.29,1355,2,1285,2,31.52,40,3.32,1245,09/10 21:05
2026/09/11 01:52,2026-09-11T02:07:15+09:00,2026/09/11,2026/11/12,2026-10,CALL,58750,7310,,,,,,,,,,,,,
2026/09/11 01:52,2026-09-11T02:07:15+09:00,2026/09/11,2026/11/12,2026-10,PUT,58750,1040,13,2,31.45,30.43,1310,2,1225,2,31.74,,,1195,09/10 21:05
2026/09/11 01:52,2026-09-11T02:07:15+09:00,2026/09/11,2026/11/12,2026-10,CALL,58500,7520,,,,,,,,,,,,,
2026/09/11 01:52,2026-09-11T02:07:15+09:00,2026/09/11,2026/11/12,2026-10,PUT,58500,1000,342,1,31.64,30.48,1255,2,1160,2,31.91,-125,-10.42,1075,09/10 19:59
2026/09/11 01:52,2026-09-11T02:07:15+09:00,2026/09/11,2026/11/12,2026-10,CALL,58250,7725,,,,,,,,,,,,,
2026/09/11 01:52,2026-09-11T02:07:15+09:00,2026/09/11,2026/11/12,2026-10,PUT,58250,950,86,,31.81,30.87,1200,2,1125,2,,,,,
2026/09/11 01:52,2026-09-11T02:07:15+09:00,2026/09/11,2026/11/12,2026-10,CALL,58000,7940,1,,,,,,,,,,,,
2026/09/11 01:52,2026-09-11T02:07:15+09:00,2026/09/11,2026/11/12,2026-10,PUT,58000,910,711,,31.95,31.06,1145,2,1075,2,,,,,
2026/09/11 01:52,2026-09-11T02:07:15+09:00,2026/09/11,2026/11/12,2026-10,CALL,57750,8175,,,,,,,,,,,,,
2026/09/11 01:52,2026-09-11T02:07:15+09:00,2026/09/11,2026/11/12,2026-10,PUT,57750,910,123,,32.19,31.35,1100,2,1035,2,,,,,
2026/09/11 01:52,2026-09-11T02:07:15+09:00,2026/09/11,2026/11/12,2026-10,CALL,57500,8360,100,,,,,,,,,,,,
2026/09/11 01:52,2026-09-11T02:07:15+09:00,2026/09/11,2026/11/12,2026-10,PUT,57500,835,451,,32.35,31.55,1050,2,990,2,,,,,
2026/09/11 01:52,2026-09-11T02:07:15+09:00,2026/09/11,2026/11/12,2026-10,CALL,57250,8580,,,,,,,,,,,,,
2026/09/11 01:52,2026-09-11T02:07:15+09:00,2026/09/11,2026/11/12,2026-10,PUT,57250,800,105,,32.55,31.8,1005,2,950,2,,,,,
2026/09/11 01:52,2026-09-11T02:07:15+09:00,2026/09/11,2026/11/12,2026-10,CALL,57000,8790,,,,,,,,,,,,,
2026/09/11 01:52,2026-09-11T02:07:15+09:00,2026/09/11,2026/11/12,2026-10,PUT,57000,755,743,,32.86,31.95,970,2,905,2,,,,,
2026/09/11 01:52,2026-09-11T02:07:15+09:00,2026/09/11,2026/11/12,2026-10,CALL,56750,9010,,,,,,,,,,,,,
2026/09/11 01:52,2026-09-11T02:07:15+09:00,2026/09/11,2026/11/12,2026-10,PUT,56750,735,52,,33.16,32.23,935,2,870,2,,,,,
2026/09/11 01:52,2026-09-11T02:07:15+09:00,2026/09/11,2026/11/12,2026-10,CALL,56500,9250,,,,,,,,,,,,,
2026/09/11 01:52,2026-09-11T02:07:15+09:00,2026/09/11,2026/11/12,2026-10,PUT,56500,710,389,,33.36,32.41,895,2,830,2,,,,,
2026/09/11 01:52,2026-09-11T02:07:15+09:00,2026/09/11,2026/11/12,2026-10,CALL,56250,9450,,,,,,,,,,,,,
2026/09/11 01:52,2026-09-11T02:07:15+09:00,2026/09/11,2026/11/12,2026-10,PUT,56250,680,64,,33.62,32.64,860,2,795,2,,,,,
2026/09/11 01:52,2026-09-11T02:07:15+09:00,2026/09/11,2026/11/12,2026-10,CALL,56000,9665,34,,,,,,,,,,,,
2026/09/11 01:52,2026-09-11T02:07:15+09:00,2026/09/11,2026/11/12,2026-10,PUT,56000,655,651,4,33.86,33.01,825,2,770,2,34.25,120,17.14,820,09/10 23:17
2026/09/11 01:52,2026-09-11T02:07:15+09:00,2026/09/11,2026/11/12,2026-10,CALL,55750,9895,,,,,,,,,,,,,
2026/09/11 01:52,2026-09-11T02:07:15+09:00,2026/09/11,2026/11/12,2026-10,PUT,55750,630,34,,34.07,33.2,790,2,735,2,,,,,
2026/09/11 01:52,2026-09-11T02:07:15+09:00,2026/09/11,2026/11/12,2026-10,CALL,55500,10140,,,,,,,,,,,,,
2026/09/11 01:52,2026-09-11T02:07:15+09:00,2026/09/11,2026/11/12,2026-10,PUT,55500,650,166,,34.43,33.45,765,2,705,2,,,,,
2026/09/11 01:52,2026-09-11T02:07:15+09:00,2026/09/11,2026/11/12,2026-10,CALL,55250,10365,,,,,,,,,,,,,
2026/09/11 01:52,2026-09-11T02:07:15+09:00,2026/09/11,2026/11/12,2026-10,PUT,55250,580,33,,34.68,33.77,735,2,680,2,,,,,
2026/09/11 01:52,2026-09-11T02:07:15+09:00,2026/09/11,2026/11/12,2026-10,CALL,55000,10590,,,,,,,,,,,,,
2026/09/11 01:52,2026-09-11T02:07:15+09:00,2026/09/11,2026/11/12,2026-10,PUT,55000,560,517,,34.92,33.98,705,2,650,2,,,,,
2026/09/11 01:52,2026-09-11T02:07:15+09:00,2026/09/11,2026/11/12,2026-10,CALL,54750,10800,,,,,,,,,,,,,
2026/09/11 01:52,2026-09-11T02:07:15+09:00,2026/09/11,2026/11/12,2026-10,PUT,54750,540,3,,35.14,34.26,675,2,625,2,,,,,
2026/09/11 01:52,2026-09-11T02:07:15+09:00,2026/09/11,2026/11/12,2026-10,CALL,54500,11045,,,,,,,,,,,,,
2026/09/11 01:52,2026-09-11T02:07:15+09:00,2026/09/11,2026/11/12,2026-10,PUT,54500,535,901,,35.43,34.52,650,2,600,2,,,,,
2026/09/11 01:52,2026-09-11T02:07:15+09:00,2026/09/11,2026/11/12,2026-10,CALL,54250,11260,,,,,,,,,,,,,
2026/09/11 01:52,2026-09-11T02:07:15+09:00,2026/09/11,2026/11/12,2026-10,PUT,54250,500,9,,35.7,34.77,625,2,575,2,,,,,
2026/09/11 01:52,2026-09-11T02:07:15+09:00,2026/09/11,2026/11/12,2026-10,CALL,54000,11500,,,,,,,,,,,,,
2026/09/11 01:52,2026-09-11T02:07:15+09:00,2026/09/11,2026/11/12,2026-10,PUT,54000,520,647,,35.95,35.09,600,2,555,2,,,,,
2026/09/11 01:52,2026-09-11T02:07:15+09:00,2026/09/11,2026/11/12,2026-10,CALL,53750,11735,,,,,,,,,,,,,
2026/09/11 01:52,2026-09-11T02:07:15+09:00,2026/09/11,2026/11/12,2026-10,PUT,53750,465,40,,36.38,35.4,585,2,535,2,,,,,
2026/09/11 01:52,2026-09-11T02:07:15+09:00,2026/09/11,2026/11/12,2026-10,CALL,53500,11965,,,,,,,,,,,,,
2026/09/11 01:52,2026-09-11T02:07:15+09:00,2026/09/11,2026/11/12,2026-10,PUT,53500,455,533,1,36.7,35.79,565,2,520,2,36.65,75,16.48,530,09/10 21:39
2026/09/11 01:52,2026-09-11T02:07:15+09:00,2026/09/11,2026/11/12,2026-10,CALL,53250,12190,,,,,,,,,,,,,
2026/09/11 01:52,2026-09-11T02:07:15+09:00,2026/09/11,2026/11/12,2026-10,PUT,53250,430,37,,36.9,35.97,540,2,495,2,,,,,
2026/09/11 01:52,2026-09-11T02:07:15+09:00,2026/09/11,2026/11/12,2026-10,CALL,53000,12425,,,,,,,,,,,,,
2026/09/11 01:52,2026-09-11T02:07:15+09:00,2026/09/11,2026/11/12,2026-10,PUT,53000,415,171,,37.29,36.34,525,2,480,2,,,,,
2026/09/11 01:52,2026-09-11T02:07:15+09:00,2026/09/11,2026/11/12,2026-10,CALL,52750,12670,,,,,,,,,,,,,
2026/09/11 01:52,2026-09-11T02:07:15+09:00,2026/09/11,2026/11/12,2026-10,PUT,52750,405,19,,37.57,36.7,505,2,465,2,,,,,
2026/09/11 01:52,2026-09-11T02:07:15+09:00,2026/09/11,2026/11/12,2026-10,CALL,52500,12890,,,,,,,,,,,,,
2026/09/11 01:52,2026-09-11T02:07:15+09:00,2026/09/11,2026/11/12,2026-10,PUT,52500,385,462,2,37.83,36.93,485,2,445,2,37.78,,,465,09/10 23:11
2026/09/11 01:52,2026-09-11T02:07:15+09:00,2026/09/11,2026/11/12,2026-10,CALL,52250,13130,,,,,,,,,,,,,
2026/09/11 01:52,2026-09-11T02:07:15+09:00,2026/09/11,2026/11/12,2026-10,PUT,52250,375,8,,38.18,37.14,470,2,425,2,,,,,
2026/09/11 01:52,2026-09-11T02:07:15+09:00,2026/09/11,2026/11/12,2026-10,CALL,52000,13370,,,,,,,,,,,,,
2026/09/11 01:52,2026-09-11T02:07:15+09:00,2026/09/11,2026/11/12,2026-10,PUT,52000,365,1473,,38.53,37.58,455,2,415,2,,,,,
2026/09/11 01:52,2026-09-11T02:07:15+09:00,2026/09/11,2026/11/12,2026-10,CALL,51750,13615,,,,,,,,,,,,,
2026/09/11 01:52,2026-09-11T02:07:15+09:00,2026/09/11,2026/11/12,2026-10,PUT,51750,360,57,,38.86,37.89,440,2,400,2,,,,,
2026/09/11 01:52,2026-09-11T02:07:15+09:00,2026/09/11,2026/11/12,2026-10,CALL,51500,13855,,,,,,,,,,,,,
2026/09/11 01:52,2026-09-11T02:07:15+09:00,2026/09/11,2026/11/12,2026-10,PUT,51500,340,366,,39.18,38.18,425,2,385,2,,,,,
2026/09/11 01:52,2026-09-11T02:07:15+09:00,2026/09/11,2026/11/12,2026-10,CALL,51250,14095,,,,,,,,,,,,,
2026/09/11 01:52,2026-09-11T02:07:15+09:00,2026/09/11,2026/11/12,2026-10,PUT,51250,340,10,,39.36,38.46,405,2,370,2,,,,,
2026/09/11 01:52,2026-09-11T02:07:15+09:00,2026/09/11,2026/11/12,2026-10,CALL,51000,14335,,,,,,,,,,,,,
2026/09/11 01:52,2026-09-11T02:07:15+09:00,2026/09/11,2026/11/12,2026-10,PUT,51000,330,612,,39.52,38.85,385,2,360,2,,,,,
2026/09/11 01:52,2026-09-11T02:07:15+09:00,2026/09/11,2026/11/12,2026-10,CALL,50750,14575,,,,,,,,,,,,,
2026/09/11 01:52,2026-09-11T02:07:15+09:00,2026/09/11,2026/11/12,2026-10,PUT,50750,305,115,,40.19,39.1,385,2,345,2,,,,,
2026/09/11 01:52,2026-09-11T02:07:15+09:00,2026/09/11,2026/11/12,2026-10,CALL,50500,14815,,,,,,,,,,,,,
2026/09/11 01:52,2026-09-11T02:07:15+09:00,2026/09/11,2026/11/12,2026-10,PUT,50500,290,170,,40.46,39.48,370,2,335,2,,,,,
2026/09/11 01:52,2026-09-11T02:07:15+09:00,2026/09/11,2026/11/12,2026-10,CALL,50250,15055,35,,,,,,,,,,,,
2026/09/11 01:52,2026-09-11T02:07:15+09:00,2026/09/11,2026/11/12,2026-10,PUT,50250,300,77,,40.71,39.55,355,2,315,2,,,,,
2026/09/11 01:52,2026-09-11T02:07:15+09:00,2026/09/11,2026/11/12,2026-10,CALL,50000,15285,,,,,,,,,,,,,
2026/09/11 01:52,2026-09-11T02:07:15+09:00,2026/09/11,2026/11/12,2026-10,PUT,50000,281,860,2,40.95,40.06,340,2,310,2,41.17,24,8.25,315,09/10 21:32
2026/09/11 01:52,2026-09-11T02:07:15+09:00,2026/09/11,2026/11/12,2026-10,CALL,49750,15520,,,,,,,,,,,,,
2026/09/11 01:52,2026-09-11T02:07:15+09:00,2026/09/11,2026/11/12,2026-10,PUT,49750,266,60,,41.32,40.37,330,2,299,2,,,,,
2026/09/11 01:52,2026-09-11T02:07:15+09:00,2026/09/11,2026/11/12,2026-10,CALL,49500,15765,,,,,,,,,,,,,
2026/09/11 01:52,2026-09-11T02:07:15+09:00,2026/09/11,2026/11/12,2026-10,PUT,49500,258,356,,41.83,40.74,325,2,290,2,,,,,
2026/09/11 01:52,2026-09-11T02:07:15+09:00,2026/09/11,2026/11/12,2026-10,CALL,49250,16015,,,,,,,,,,,,,
2026/09/11 01:52,2026-09-11T02:07:15+09:00,2026/09/11,2026/11/12,2026-10,PUT,49250,251,147,,42.03,40.89,310,2,275,2,,,,,
2026/09/11 01:52,2026-09-11T02:07:15+09:00,2026/09/11,2026/11/12,2026-10,CALL,49000,16255,,,,,,,,,,,,,
2026/09/11 01:52,2026-09-11T02:07:15+09:00,2026/09/11,2026/11/12,2026-10,PUT,49000,254,274,,,41.03,,,260,2,,,,,
2026/09/11 01:52,2026-09-11T02:07:15+09:00,2026/09/11,2026/11/12,2026-10,CALL,48750,16500,,,,,,,,,,,,,
2026/09/11 01:52,2026-09-11T02:07:15+09:00,2026/09/11,2026/11/12,2026-10,PUT,48750,249,128,,42.93,41.35,297,2,251,2,,,,,
2026/09/11 01:52,2026-09-11T02:07:15+09:00,2026/09/11,2026/11/12,2026-10,CALL,48500,16740,,,,,,,,,,,,,
2026/09/11 01:52,2026-09-11T02:07:15+09:00,2026/09/11,2026/11/12,2026-10,PUT,48500,241,13,,43.26,41.66,287,4,242,2,,,,,
2026/09/11 01:52,2026-09-11T02:07:15+09:00,2026/09/11,2026/11/12,2026-10,CALL,48250,16985,,,,,,,,,,,,,
2026/09/11 01:52,2026-09-11T02:07:15+09:00,2026/09/11,2026/11/12,2026-10,PUT,48250,234,18,,43.57,42,277,2,234,2,,,,,
2026/09/11 01:52,2026-09-11T02:07:15+09:00,2026/09/11,2026/11/12,2026-10,CALL,48000,17220,,,,,,,,,,,,,
2026/09/11 01:52,2026-09-11T02:07:15+09:00,2026/09/11,2026/11/12,2026-10,PUT,48000,224,174,,43.94,42.33,269,2,226,2,,,,,
2026/09/11 01:52,2026-09-11T02:07:15+09:00,2026/09/11,2026/11/12,2026-10,CALL,47750,17470,,,,,,,,,,,,,
2026/09/11 01:52,2026-09-11T02:07:15+09:00,2026/09/11,2026/11/12,2026-10,PUT,47750,208,98,,44.23,42.65,259,2,218,2,,,,,
2026/09/11 01:52,2026-09-11T02:07:15+09:00,2026/09/11,2026/11/12,2026-10,CALL,47500,17690,,,,,,,,,,,,,
2026/09/11 01:52,2026-09-11T02:07:15+09:00,2026/09/11,2026/11/12,2026-10,PUT,47500,192,230,2,44.63,43,252,2,211,4,44.25,,,222,09/10 23:25
2026/09/11 01:52,2026-09-11T02:07:15+09:00,2026/09/11,2026/11/12,2026-10,CALL,47250,17940,,,,,,,,,,,,,
2026/09/11 01:52,2026-09-11T02:07:15+09:00,2026/09/11,2026/11/12,2026-10,PUT,47250,192,34,1,44.97,43.3,244,2,203,2,44.76,,,222,09/10 23:32
2026/09/11 01:52,2026-09-11T02:07:15+09:00,2026/09/11,2026/11/12,2026-10,CALL,47000,18185,,,,,,,,,,,,,
2026/09/11 01:52,2026-09-11T02:07:15+09:00,2026/09/11,2026/11/12,2026-10,PUT,47000,191,105,,45.31,43.63,236,4,196,2,,,,,
2026/09/11 01:52,2026-09-11T02:07:15+09:00,2026/09/11,2026/11/12,2026-10,CALL,46750,18435,,,,,,,,,,,,,
2026/09/11 01:52,2026-09-11T02:07:15+09:00,2026/09/11,2026/11/12,2026-10,PUT,46750,190,4,,45.64,43.99,228,2,190,2,,,,,
2026/09/11 01:52,2026-09-11T02:07:15+09:00,2026/09/11,2026/11/12,2026-10,CALL,46500,18685,,,,,,,,,,,,,
2026/09/11 01:52,2026-09-11T02:07:15+09:00,2026/09/11,2026/11/12,2026-10,PUT,46500,188,3,,45.99,44.35,221,2,184,2,,,,,
2026/09/11 01:52,2026-09-11T02:07:15+09:00,2026/09/11,2026/11/12,2026-10,CALL,46250,18925,,,,,,,,,,,,,
2026/09/11 01:52,2026-09-11T02:07:15+09:00,2026/09/11,2026/11/12,2026-10,PUT,46250,182,4,,46.39,44.64,215,2,177,2,,,,,
2026/09/11 01:52,2026-09-11T02:07:15+09:00,2026/09/11,2026/11/12,2026-10,CALL,46000,19165,,,,,,,,,,,,,
2026/09/11 01:52,2026-09-11T02:07:15+09:00,2026/09/11,2026/11/12,2026-10,PUT,46000,173,129,,46.68,44.98,207,2,171,2,,,,,
2026/09/11 01:52,2026-09-11T02:07:15+09:00,2026/09/11,2026/11/12,2026-10,CALL,45750,19415,,,,,,,,,,,,,
2026/09/11 01:52,2026-09-11T02:07:15+09:00,2026/09/11,2026/11/12,2026-10,PUT,45750,165,8,,47.1,45.31,202,2,165,2,,,,,
2026/09/11 01:52,2026-09-11T02:07:15+09:00,2026/09/11,2026/11/12,2026-10,CALL,45500,19660,,,,,,,,,,,,,
2026/09/11 01:52,2026-09-11T02:07:15+09:00,2026/09/11,2026/11/12,2026-10,PUT,45500,165,104,,47.43,45.62,195,2,159,2,,,,,
2026/09/11 01:52,2026-09-11T02:07:15+09:00,2026/09/11,2026/11/12,2026-10,CALL,45250,19890,,,,,,,,,,,,,
2026/09/11 01:52,2026-09-11T02:07:15+09:00,2026/09/11,2026/11/12,2026-10,PUT,45250,150,105,,47.83,45.98,190,2,154,2,,,,,
2026/09/11 01:52,2026-09-11T02:07:15+09:00,2026/09/11,2026/11/12,2026-10,CALL,45000,20135,,,,,,,,,,,,,
2026/09/11 01:52,2026-09-11T02:07:15+09:00,2026/09/11,2026/11/12,2026-10,PUT,45000,145,1121,,48.09,46.22,182,2,147,2,,,,,
2026/09/11 01:52,2026-09-11T02:07:15+09:00,2026/09/11,2026/11/12,2026-10,CALL,44750,20380,,,,,,,,,,,,,
2026/09/11 01:52,2026-09-11T02:07:15+09:00,2026/09/11,2026/11/12,2026-10,PUT,44750,141,6,,48.48,46.56,177,2,142,2,,,,,
2026/09/11 01:52,2026-09-11T02:07:15+09:00,2026/09/11,2026/11/12,2026-10,CALL,44500,20625,2,,,,,,,,,,,,
2026/09/11 01:52,2026-09-11T02:07:15+09:00,2026/09/11,2026/11/12,2026-10,PUT,44500,136,101,,48.87,46.89,172,2,137,2,,,,,
2026/09/11 01:52,2026-09-11T02:07:15+09:00,2026/09/11,2026/11/12,2026-10,CALL,44000,21115,,,,,,,,,,,,,
2026/09/11 01:52,2026-09-11T02:07:15+09:00,2026/09/11,2026/11/12,2026-10,PUT,44000,127,104,,49.1,47.58,153,1,128,2,,,,,
2026/09/11 01:52,2026-09-11T02:07:15+09:00,2026/09/11,2026/11/12,2026-10,CALL,43000,22100,,,,,,,,,,,,,
2026/09/11 01:52,2026-09-11T02:07:15+09:00,2026/09/11,2026/11/12,2026-10,PUT,43000,123,266,,51.08,48.92,143,2,111,2,,,,,
2026/09/11 01:52,2026-09-11T02:07:15+09:00,2026/09/11,2026/11/12,2026-10,CALL,42000,23085,,,,,,,,,,,,,
2026/09/11 01:52,2026-09-11T02:07:15+09:00,2026/09/11,2026/11/12,2026-10,PUT,42000,99,354,1,52.62,50.34,127,2,97,2,52.09,-7,-6.48,101,09/10 19:40
2026/09/11 01:52,2026-09-11T02:07:15+09:00,2026/09/11,2026/11/12,2026-10,CALL,41000,24065,,,,,,,,,,,,,
2026/09/11 01:52,2026-09-11T02:07:15+09:00,2026/09/11,2026/11/12,2026-10,PUT,41000,81,206,,54.2,51.71,113,2,84,2,,,,,
2026/09/11 01:52,2026-09-11T02:07:15+09:00,2026/09/11,2026/11/12,2026-10,CALL,40000,25055,,,,,,,,,,,,,
2026/09/11 01:52,2026-09-11T02:07:15+09:00,2026/09/11,2026/11/12,2026-10,PUT,40000,77,108,1,55.02,53.13,92,1,73,2,55.21,-2,-2.5,78,09/10 18:10
2026/09/11 01:52,2026-09-11T02:07:15+09:00,2026/09/11,2026/11/12,2026-10,CALL,39000,26040,,,,,,,,,,,,,
2026/09/11 01:52,2026-09-11T02:07:15+09:00,2026/09/11,2026/11/12,2026-10,PUT,39000,60,100,,57.36,54.52,89,4,63,2,,,,,
2026/09/11 01:52,2026-09-11T02:07:15+09:00,2026/09/11,2026/11/12,2026-10,CALL,38000,27030,,,,,,,,,,,,,
2026/09/11 01:52,2026-09-11T02:07:15+09:00,2026/09/11,2026/11/12,2026-10,PUT,38000,54,9,,58.65,56.16,76,2,56,4,,,,,
2026/09/11 01:52,2026-09-11T02:07:15+09:00,2026/09/11,2026/11/12,2026-10,CALL,37000,28020,,,,,,,,,,,,,
2026/09/11 01:52,2026-09-11T02:07:15+09:00,2026/09/11,2026/11/12,2026-10,PUT,37000,47,2,,60.5,57.23,69,2,46,2,,,,,
2026/09/11 01:52,2026-09-11T02:07:15+09:00,2026/09/11,2026/11/12,2026-10,CALL,36000,29015,,,,,,,,,,,,,
2026/09/11 01:52,2026-09-11T02:07:15+09:00,2026/09/11,2026/11/12,2026-10,PUT,36000,42,,,62.29,58.58,62,2,39,2,,,,,
2026/09/11 01:52,2026-09-11T02:07:15+09:00,2026/09/11,2026/11/12,2026-10,CALL,35000,30005,,,,,,,,,,,,,
2026/09/11 01:52,2026-09-11T02:07:15+09:00,2026/09/11,2026/11/12,2026-10,PUT,35000,38,715,1,63.2,59.95,50,1,33,2,62.54,5,12.5,45,09/11 00:29
2026/09/11 01:52,2026-09-11T02:07:15+09:00,2026/09/11,2026/11/12,2026-10,CALL,34000,31000,,,,,,,,,,,,,
2026/09/11 01:52,2026-09-11T02:07:15+09:00,2026/09/11,2026/11/12,2026-10,PUT,34000,32,,,76.22,45.13,135,6,1,26,,,,,
2026/09/11 01:52,2026-09-11T02:07:15+09:00,2026/09/11,2026/11/12,2026-10,CALL,33000,31990,,,,,,,,,,,,,
2026/09/11 01:52,2026-09-11T02:07:15+09:00,2026/09/11,2026/11/12,2026-10,PUT,33000,28,,,78.97,47.16,130,6,1,26,,,,,
2026/09/11 01:52,2026-09-11T02:07:15+09:00,2026/09/11,2026/11/12,2026-10,CALL,32000,32985,,,,,,,,,,,,,
2026/09/11 01:52,2026-09-11T02:07:15+09:00,2026/09/11,2026/11/12,2026-10,PUT,32000,24,,,81.88,49.26,126,6,1,26,,,,,
2026/09/11 01:52,2026-09-11T02:07:15+09:00,2026/09/11,2026/11/12,2026-10,CALL,31000,33980,,,,,,,,,,,,,
2026/09/11 01:52,2026-09-11T02:07:15+09:00,2026/09/11,2026/11/12,2026-10,PUT,31000,21,,,84.85,51.42,122,6,1,16,,,,,
2026/09/11 01:52,2026-09-11T02:07:15+09:00,2026/09/11,2026/11/12,2026-10,CALL,30000,34975,,,,,,,,,,,,,
2026/09/11 01:52,2026-09-11T02:07:15+09:00,2026/09/11,2026/11/12,2026-10,PUT,30000,20,4645,4,71.66,67.79,25,4,15,13,71.18,-1,-4.17,23,09/11 00:53
2026/09/11 01:52,2026-09-11T02:07:15+09:00,2026/09/11,2026/11/12,2026-10,CALL,29000,35970,,,,,,,,,,,,,
2026/09/11 01:52,2026-09-11T02:07:15+09:00,2026/09/11,2026/11/12,2026-10,PUT,29000,15,304,5,91.12,69.05,115,6,12,12,72.23,,,18,09/10 22:33
2026/09/11 01:52,2026-09-11T02:07:15+09:00,2026/09/11,2026/11/12,2026-10,CALL,28000,36965,,,,,,,,,,,,,
2026/09/11 01:52,2026-09-11T02:07:15+09:00,2026/09/11,2026/11/12,2026-10,PUT,28000,13,46,,80.87,69.17,35,7,8,18,,,,,
2026/09/11 01:52,2026-09-11T02:07:15+09:00,2026/09/11,2026/11/12,2026-10,CALL,27000,37960,,,,,,,,,,,,,
2026/09/11 01:52,2026-09-11T02:07:15+09:00,2026/09/11,2026/11/12,2026-10,PUT,27000,11,6,,98.02,69.05,110,6,5,11,,,,,
2026/09/11 01:52,2026-09-11T02:07:15+09:00,2026/09/11,2026/11/12,2026-10,CALL,26000,38955,,,,,,,,,,,,,
2026/09/11 01:52,2026-09-11T02:07:15+09:00,2026/09/11,2026/11/12,2026-10,PUT,26000,9,,,101.71,71.94,108,6,5,8,,,,,
2026/09/11 01:52,2026-09-11T02:07:15+09:00,2026/09/11,2026/11/12,2026-10,CALL,25000,39950,,,,,,,,,,,,,
2026/09/11 01:52,2026-09-11T02:07:15+09:00,2026/09/11,2026/11/12,2026-10,PUT,25000,10,135,3,85.68,79.85,20,12,10,6,81.5,-1,-7.69,12,09/10 23:15
2026/09/11 01:52,2026-09-11T02:07:15+09:00,2026/09/11,2026/12/10,2026-12,CALL,85000,71,1005,1,,21.37,,,10,2,24.78,,,46,09/10 17:51
2026/09/11 01:52,2026-09-11T02:07:15+09:00,2026/09/11,2026/12/10,2026-12,PUT,85000,19905,,,,,,,,,,,,,
2026/09/11 01:52,2026-09-11T02:07:15+09:00,2026/09/11,2026/12/10,2026-12,CALL,84000,88,523,,35.72,16.74,370,1,1,10,,,,,
2026/09/11 01:52,2026-09-11T02:07:15+09:00,2026/09/11,2026/12/10,2026-12,PUT,84000,18925,,,,,,,,,,,,,
2026/09/11 01:52,2026-09-11T02:07:15+09:00,2026/09/11,2026/12/10,2026-12,CALL,83000,109,120,,,17.59,,,3,1,,,,,
2026/09/11 01:52,2026-09-11T02:07:15+09:00,2026/09/11,2026/12/10,2026-12,PUT,83000,17950,,,,,,,,,,,,,
2026/09/11 01:52,2026-09-11T02:07:15+09:00,2026/09/11,2026/12/10,2026-12,CALL,82500,121,1126,,,15.73,,,1,10,,,,,
2026/09/11 01:52,2026-09-11T02:07:15+09:00,2026/09/11,2026/12/10,2026-12,PUT,82500,17465,,,,,,,,,,,,,
2026/09/11 01:52,2026-09-11T02:07:15+09:00,2026/09/11,2026/12/10,2026-12,CALL,82000,135,,1,,23.17,,,50,4,25.94,,,100,09/10 23:17
2026/09/11 01:52,2026-09-11T02:07:15+09:00,2026/09/11,2026/12/10,2026-12,PUT,82000,16980,,,,,,,,,,,,,
2026/09/11 01:52,2026-09-11T02:07:15+09:00,2026/09/11,2026/12/10,2026-12,CALL,81000,167,1,,,14.68,,,1,10,,,,,
2026/09/11 01:52,2026-09-11T02:07:15+09:00,2026/09/11,2026/12/10,2026-12,PUT,81000,16015,,,,,,,,,,,,,
2026/09/11 01:52,2026-09-11T02:07:15+09:00,2026/09/11,2026/12/10,2026-12,CALL,80000,197,7255,,61.36,22.83,3000,1,80,1,,,,,
2026/09/11 01:52,2026-09-11T02:07:15+09:00,2026/09/11,2026/12/10,2026-12,PUT,80000,15050,3700,,,,,,,,,,,,
2026/09/11 01:52,2026-09-11T02:07:15+09:00,2026/09/11,2026/12/10,2026-12,CALL,79000,250,204,,,13.25,,,1,10,,,,,
2026/09/11 01:52,2026-09-11T02:07:15+09:00,2026/09/11,2026/12/10,2026-12,PUT,79000,14105,,,,,,,,,,,,,
2026/09/11 01:52,2026-09-11T02:07:15+09:00,2026/09/11,2026/12/10,2026-12,CALL,78000,310,382,1,25.99,24.56,260,1,200,1,25.6,,,250,09/10 22:44
2026/09/11 01:52,2026-09-11T02:07:15+09:00,2026/09/11,2026/12/10,2026-12,PUT,78000,13170,,,,,,,,,,,,,
2026/09/11 01:52,2026-09-11T02:07:15+09:00,2026/09/11,2026/12/10,2026-12,CALL,77500,345,1055,,,,,,,,,,,,
2026/09/11 01:52,2026-09-11T02:07:15+09:00,2026/09/11,2026/12/10,2026-12,PUT,77500,12705,,,,,,,,,,,,,
2026/09/11 01:52,2026-09-11T02:07:15+09:00,2026/09/11,2026/12/10,2026-12,CALL,77000,390,461,1,27.06,,380,1,,,25.53,,,300,09/10 22:13
2026/09/11 01:52,2026-09-11T02:07:15+09:00,2026/09/11,2026/12/10,2026-12,PUT,77000,12250,,,,,,,,,,,,,
2026/09/11 01:52,2026-09-11T02:07:15+09:00,2026/09/11,2026/12/10,2026-12,CALL,76250,445,12,,,,,,,,,,,,
2026/09/11 01:52,2026-09-11T02:07:15+09:00,2026/09/11,2026/12/10,2026-12,PUT,76250,11560,,,,,,,,,,,,,
2026/09/11 01:52,2026-09-11T02:07:15+09:00,2026/09/11,2026/12/10,2026-12,CALL,76000,470,458,,,,,,,,,,,,
2026/09/11 01:52,2026-09-11T02:07:15+09:00,2026/09/11,2026/12/10,2026-12,PUT,76000,11335,300,,,,,,,,,,,,
2026/09/11 01:52,2026-09-11T02:07:15+09:00,2026/09/11,2026/12/10,2026-12,CALL,75750,495,,,,,,,,,,,,,
2026/09/11 01:52,2026-09-11T02:07:15+09:00,2026/09/11,2026/12/10,2026-12,PUT,75750,11110,,,,,,,,,,,,,
2026/09/11 01:52,2026-09-11T02:07:15+09:00,2026/09/11,2026/12/10,2026-12,CALL,75500,520,1,,,,,,,,,,,,
2026/09/11 01:52,2026-09-11T02:07:15+09:00,2026/09/11,2026/12/10,2026-12,PUT,75500,10890,,,,,,,,,,,,,
2026/09/11 01:52,2026-09-11T02:07:15+09:00,2026/09/11,2026/12/10,2026-12,CALL,75250,545,,,,,,,,,,,,,
2026/09/11 01:52,2026-09-11T02:07:15+09:00,2026/09/11,2026/12/10,2026-12,PUT,75250,10665,,,,,,,,,,,,,
2026/09/11 01:52,2026-09-11T02:07:15+09:00,2026/09/11,2026/12/10,2026-12,CALL,75000,580,3626,1,,,,,,,25,,,530,09/10 19:22
2026/09/11 01:52,2026-09-11T02:07:15+09:00,2026/09/11,2026/12/10,2026-12,PUT,75000,10450,,,,,,,,,,,,,
2026/09/11 01:52,2026-09-11T02:07:15+09:00,2026/09/11,2026/12/10,2026-12,CALL,74750,605,,,,,,,,,,,,,
2026/09/11 01:52,2026-09-11T02:07:15+09:00,2026/09/11,2026/12/10,2026-12,PUT,74750,10225,,,,,,,,,,,,,
2026/09/11 01:52,2026-09-11T02:07:15+09:00,2026/09/11,2026/12/10,2026-12,CALL,74500,640,1,,,,,,,,,,,,
2026/09/11 01:52,2026-09-11T02:07:15+09:00,2026/09/11,2026/12/10,2026-12,PUT,74500,10010,,,,,,,,,,,,,
2026/09/11 01:52,2026-09-11T02:07:15+09:00,2026/09/11,2026/12/10,2026-12,CALL,74250,675,,,,,,,,,,,,,
2026/09/11 01:52,2026-09-11T02:07:15+09:00,2026/09/11,2026/12/10,2026-12,PUT,74250,9800,,,,,,,,,,,,,
2026/09/11 01:52,2026-09-11T02:07:15+09:00,2026/09/11,2026/12/10,2026-12,CALL,74000,710,1550,1,,,,,,,25.5,,,665,09/10 20:03
2026/09/11 01:52,2026-09-11T02:07:15+09:00,2026/09/11,2026/12/10,2026-12,PUT,74000,9585,100,1,,,,,,,24.32,,,9925,09/10 20:05
2026/09/11 01:52,2026-09-11T02:07:15+09:00,2026/09/11,2026/12/10,2026-12,CALL,73750,745,,,,,,,,,,,,,
2026/09/11 01:52,2026-09-11T02:07:15+09:00,2026/09/11,2026/12/10,2026-12,PUT,73750,9370,,,,,,,,,,,,,
2026/09/11 01:52,2026-09-11T02:07:15+09:00,2026/09/11,2026/12/10,2026-12,CALL,73500,785,400,,,,,,,,,,,,
2026/09/11 01:52,2026-09-11T02:07:15+09:00,2026/09/11,2026/12/10,2026-12,PUT,73500,9160,,,,,,,,,,,,,
2026/09/11 01:52,2026-09-11T02:07:15+09:00,2026/09/11,2026/12/10,2026-12,CALL,73250,830,,,,,,,,,,,,,
2026/09/11 01:52,2026-09-11T02:07:15+09:00,2026/09/11,2026/12/10,2026-12,PUT,73250,8955,,,,,,,,,,,,,
2026/09/11 01:52,2026-09-11T02:07:15+09:00,2026/09/11,2026/12/10,2026-12,CALL,73000,865,802,,,,,,,,,,,,
2026/09/11 01:52,2026-09-11T02:07:15+09:00,2026/09/11,2026/12/10,2026-12,PUT,73000,8745,,,,,,,,,,,,,
2026/09/11 01:52,2026-09-11T02:07:15+09:00,2026/09/11,2026/12/10,2026-12,CALL,72750,910,,,,,,,,,,,,,
2026/09/11 01:52,2026-09-11T02:07:15+09:00,2026/09/11,2026/12/10,2026-12,PUT,72750,8540,,,,,,,,,,,,,
2026/09/11 01:52,2026-09-11T02:07:15+09:00,2026/09/11,2026/12/10,2026-12,CALL,72500,960,2312,,,,,,,,,,,,
2026/09/11 01:52,2026-09-11T02:07:15+09:00,2026/09/11,2026/12/10,2026-12,PUT,72500,8340,420,,,,,,,,,,,,
2026/09/11 01:52,2026-09-11T02:07:15+09:00,2026/09/11,2026/12/10,2026-12,CALL,72250,1005,2,,,,,,,,,,,,
2026/09/11 01:52,2026-09-11T02:07:15+09:00,2026/09/11,2026/12/10,2026-12,PUT,72250,8140,,,,,,,,,,,,,
2026/09/11 01:52,2026-09-11T02:07:15+09:00,2026/09/11,2026/12/10,2026-12,CALL,72000,1055,3210,,,,,,,,,,,,
2026/09/11 01:52,2026-09-11T02:07:15+09:00,2026/09/11,2026/12/10,2026-12,PUT,72000,7940,120,,,,,,,,,,,,
2026/09/11 01:52,2026-09-11T02:07:15+09:00,2026/09/11,2026/12/10,2026-12,CALL,71750,1110,24,,,,,,,,,,,,
2026/09/11 01:52,2026-09-11T02:07:15+09:00,2026/09/11,2026/12/10,2026-12,PUT,71750,7745,,,,,,,,,,,,,
2026/09/11 01:52,2026-09-11T02:07:15+09:00,2026/09/11,2026/12/10,2026-12,CALL,71500,1165,1,,,,,,,,,,,,
2026/09/11 01:52,2026-09-11T02:07:15+09:00,2026/09/11,2026/12/10,2026-12,PUT,71500,7550,,,,,,,,,,,,,
2026/09/11 01:52,2026-09-11T02:07:15+09:00,2026/09/11,2026/12/10,2026-12,CALL,71250,1220,,,,,,,,,,,,,
2026/09/11 01:52,2026-09-11T02:07:15+09:00,2026/09/11,2026/12/10,2026-12,PUT,71250,7355,,,,,,,,,,,,,
2026/09/11 01:52,2026-09-11T02:07:15+09:00,2026/09/11,2026/12/10,2026-12,CALL,71000,1270,2549,,,,,,,,,,,,
2026/09/11 01:52,2026-09-11T02:07:15+09:00,2026/09/11,2026/12/10,2026-12,PUT,71000,7155,31,,,,,,,,,,,,
2026/09/11 01:52,2026-09-11T02:07:15+09:00,2026/09/11,2026/12/10,2026-12,CALL,70750,1345,,,,,,,,,,,,,
2026/09/11 01:52,2026-09-11T02:07:15+09:00,2026/09/11,2026/12/10,2026-12,PUT,70750,6980,,,,,,,,,,,,,
2026/09/11 01:52,2026-09-11T02:07:15+09:00,2026/09/11,2026/12/10,2026-12,CALL,70500,1410,,,,,,,,,,,,,
2026/09/11 01:52,2026-09-11T02:07:15+09:00,2026/09/11,2026/12/10,2026-12,PUT,70500,6795,,,,,,,,,,,,,
2026/09/11 01:52,2026-09-11T02:07:15+09:00,2026/09/11,2026/12/10,2026-12,CALL,70250,1475,,,,,,,,,,,,,
2026/09/11 01:52,2026-09-11T02:07:15+09:00,2026/09/11,2026/12/10,2026-12,PUT,70250,6615,,,,,,,,,,,,,
2026/09/11 01:52,2026-09-11T02:07:15+09:00,2026/09/11,2026/12/10,2026-12,CALL,70000,1545,6081,,,16.57,,,400,1,,,,,
2026/09/11 01:52,2026-09-11T02:07:15+09:00,2026/09/11,2026/12/10,2026-12,PUT,70000,6435,1653,,,,,,,,,,,,
2026/09/11 01:52,2026-09-11T02:07:15+09:00,2026/09/11,2026/12/10,2026-12,CALL,69750,1620,158,,,,,,,,,,,,
2026/09/11 01:52,2026-09-11T02:07:15+09:00,2026/09/11,2026/12/10,2026-12,PUT,69750,6260,,,,,,,,,,,,,
2026/09/11 01:52,2026-09-11T02:07:15+09:00,2026/09/11,2026/12/10,2026-12,CALL,69500,1690,,,,,,,,,,,,,
2026/09/11 01:52,2026-09-11T02:07:15+09:00,2026/09/11,2026/12/10,2026-12,PUT,69500,6080,,,,,,,,,,,,,
2026/09/11 01:52,2026-09-11T02:07:15+09:00,2026/09/11,2026/12/10,2026-12,CALL,69250,1755,50,,,,,,,,,,,,
2026/09/11 01:52,2026-09-11T02:07:15+09:00,2026/09/11,2026/12/10,2026-12,PUT,69250,5895,,,,,,,,,,,,,
2026/09/11 01:52,2026-09-11T02:07:15+09:00,2026/09/11,2026/12/10,2026-12,CALL,69000,1840,1630,,,5.2,,,1,1,,,,,
2026/09/11 01:52,2026-09-11T02:07:15+09:00,2026/09/11,2026/12/10,2026-12,PUT,69000,5735,1570,,,,,,,,,,,,
2026/09/11 01:52,2026-09-11T02:07:15+09:00,2026/09/11,2026/12/10,2026-12,CALL,68750,1915,,,,,,,,,,,,,
2026/09/11 01:52,2026-09-11T02:07:15+09:00,2026/09/11,2026/12/10,2026-12,PUT,68750,5560,100,,,,,,,,,,,,
2026/09/11 01:52,2026-09-11T02:07:15+09:00,2026/09/11,2026/12/10,2026-12,CALL,68500,2000,437,,,,,,,,,,,,
2026/09/11 01:52,2026-09-11T02:07:15+09:00,2026/09/11,2026/12/10,2026-12,PUT,68500,5395,203,,,,,,,,,,,,
2026/09/11 01:52,2026-09-11T02:07:15+09:00,2026/09/11,2026/12/10,2026-12,CALL,68250,2095,,,,,,,,,,,,,
2026/09/11 01:52,2026-09-11T02:07:15+09:00,2026/09/11,2026/12/10,2026-12,PUT,68250,5240,,,,,,,,,,,,,
2026/09/11 01:52,2026-09-11T02:07:15+09:00,2026/09/11,2026/12/10,2026-12,CALL,68000,2185,3448,,,,,,,,,,,,
2026/09/11 01:52,2026-09-11T02:07:15+09:00,2026/09/11,2026/12/10,2026-12,PUT,68000,5080,1900,,,,,,1,1,,,,,
2026/09/11 01:52,2026-09-11T02:07:15+09:00,2026/09/11,2026/12/10,2026-12,CALL,67750,2275,,,,,,,,,,,,,
2026/09/11 01:52,2026-09-11T02:07:15+09:00,2026/09/11,2026/12/10,2026-12,PUT,67750,4925,,,,,,,,,,,,,
2026/09/11 01:52,2026-09-11T02:07:15+09:00,2026/09/11,2026/12/10,2026-12,CALL,67500,2375,25,,,,,,,,,,,,
2026/09/11 01:52,2026-09-11T02:07:15+09:00,2026/09/11,2026/12/10,2026-12,PUT,67500,4775,25,,,,,,,,,,,,
2026/09/11 01:52,2026-09-11T02:07:15+09:00,2026/09/11,2026/12/10,2026-12,CALL,67250,2480,25,,,,,,,,,,,,
2026/09/11 01:52,2026-09-11T02:07:15+09:00,2026/09/11,2026/12/10,2026-12,PUT,67250,4630,25,,,,,,,,,,,,
2026/09/11 01:52,2026-09-11T02:07:15+09:00,2026/09/11,2026/12/10,2026-12,CALL,67000,2580,1430,,,,,,,,,,,,
2026/09/11 01:52,2026-09-11T02:07:15+09:00,2026/09/11,2026/12/10,2026-12,PUT,67000,4485,1590,,,,,,,,,,,,
2026/09/11 01:52,2026-09-11T02:07:15+09:00,2026/09/11,2026/12/10,2026-12,CALL,66750,2690,,,,,,,,,,,,,
2026/09/11 01:52,2026-09-11T02:07:15+09:00,2026/09/11,2026/12/10,2026-12,PUT,66750,4340,,,,,,,,,,,,,
2026/09/11 01:52,2026-09-11T02:07:15+09:00,2026/09/11,2026/12/10,2026-12,CALL,66500,2800,2750,,,,,,,,,,,,
2026/09/11 01:52,2026-09-11T02:07:15+09:00,2026/09/11,2026/12/10,2026-12,PUT,66500,4205,750,,,,,,,,,,,,
2026/09/11 01:52,2026-09-11T02:07:15+09:00,2026/09/11,2026/12/10,2026-12,CALL,66250,2910,15,,,,,,,,,,,,
2026/09/11 01:52,2026-09-11T02:07:15+09:00,2026/09/11,2026/12/10,2026-12,PUT,66250,4065,,,,,,,,,,,,,
2026/09/11 01:52,2026-09-11T02:07:15+09:00,2026/09/11,2026/12/10,2026-12,CALL,66000,3030,1257,,,,,,,,,,,,
2026/09/11 01:52,2026-09-11T02:07:15+09:00,2026/09/11,2026/12/10,2026-12,PUT,66000,3935,1038,,,,,,,,,,,,
2026/09/11 01:52,2026-09-11T02:07:15+09:00,2026/09/11,2026/12/10,2026-12,CALL,65750,3175,15,,,,,,,,,,,,
2026/09/11 01:52,2026-09-11T02:07:15+09:00,2026/09/11,2026/12/10,2026-12,PUT,65750,3835,15,,,,,,,,,,,,
2026/09/11 01:52,2026-09-11T02:07:15+09:00,2026/09/11,2026/12/10,2026-12,CALL,65500,3300,734,,,,,,,,,,,,
2026/09/11 01:52,2026-09-11T02:07:15+09:00,2026/09/11,2026/12/10,2026-12,PUT,65500,3710,605,,,,,,,,,,,,
2026/09/11 01:52,2026-09-11T02:07:15+09:00,2026/09/11,2026/12/10,2026-12,CALL,65250,3425,,,,,,,,,,,,,
2026/09/11 01:52,2026-09-11T02:07:15+09:00,2026/09/11,2026/12/10,2026-12,PUT,65250,3585,,,,,,,,,,,,,
2026/09/11 01:52,2026-09-11T02:07:15+09:00,2026/09/11,2026/12/10,2026-12,CALL,65000,3550,3417,,,,,,,,,,,,
2026/09/11 01:52,2026-09-11T02:07:15+09:00,2026/09/11,2026/12/10,2026-12,PUT,65000,3460,4462,,,,,,,,,,,,
2026/09/11 01:52,2026-09-11T02:07:15+09:00,2026/09/11,2026/12/10,2026-12,CALL,64750,3680,,,,,,,,,,,,,
2026/09/11 01:52,2026-09-11T02:07:15+09:00,2026/09/11,2026/12/10,2026-12,PUT,64750,3350,,,,,,,,,,,,,
2026/09/11 01:52,2026-09-11T02:07:15+09:00,2026/09/11,2026/12/10,2026-12,CALL,64500,3830,146,,,,,,,,,,,,
2026/09/11 01:52,2026-09-11T02:07:15+09:00,2026/09/11,2026/12/10,2026-12,PUT,64500,3230,75,,,,,,,,,,,,
2026/09/11 01:52,2026-09-11T02:07:15+09:00,2026/09/11,2026/12/10,2026-12,CALL,64250,3970,,,,,,,,,,,,,
2026/09/11 01:52,2026-09-11T02:07:15+09:00,2026/09/11,2026/12/10,2026-12,PUT,64250,3120,,,,,,,,,,,,,
2026/09/11 01:52,2026-09-11T02:07:15+09:00,2026/09/11,2026/12/10,2026-12,CALL,64000,4110,2240,,,,,,,,,,,,
2026/09/11 01:52,2026-09-11T02:07:15+09:00,2026/09/11,2026/12/10,2026-12,PUT,64000,3015,1956,,,,,,,,,,,,
2026/09/11 01:52,2026-09-11T02:07:15+09:00,2026/09/11,2026/12/10,2026-12,CALL,63750,4250,,,,,,,,,,,,,
2026/09/11 01:52,2026-09-11T02:07:15+09:00,2026/09/11,2026/12/10,2026-12,PUT,63750,2905,23,,,,,,,,,,,,
2026/09/11 01:52,2026-09-11T02:07:15+09:00,2026/09/11,2026/12/10,2026-12,CALL,63500,4365,300,,,,,,,,,,,,
2026/09/11 01:52,2026-09-11T02:07:15+09:00,2026/09/11,2026/12/10,2026-12,PUT,63500,2785,600,,,,,,,,,,,,
2026/09/11 01:52,2026-09-11T02:07:15+09:00,2026/09/11,2026/12/10,2026-12,CALL,63250,4520,,,,,,,,,,,,,
2026/09/11 01:52,2026-09-11T02:07:15+09:00,2026/09/11,2026/12/10,2026-12,PUT,63250,2685,23,,,,,,,,,,,,
2026/09/11 01:52,2026-09-11T02:07:15+09:00,2026/09/11,2026/12/10,2026-12,CALL,63000,4675,1615,,,,,,,,,,,,
2026/09/11 01:52,2026-09-11T02:07:15+09:00,2026/09/11,2026/12/10,2026-12,PUT,63000,2590,2493,,,2.11,,,20,1,,,,,
2026/09/11 01:52,2026-09-11T02:07:15+09:00,2026/09/11,2026/12/10,2026-12,CALL,62750,4830,,,,,,,,,,,,,
2026/09/11 01:52,2026-09-11T02:07:15+09:00,2026/09/11,2026/12/10,2026-12,PUT,62750,2495,,,,,,,,,,,,,
2026/09/11 01:52,2026-09-11T02:07:15+09:00,2026/09/11,2026/12/10,2026-12,CALL,62500,4985,812,,,,,,,,,,,,
2026/09/11 01:52,2026-09-11T02:07:15+09:00,2026/09/11,2026/12/10,2026-12,PUT,62500,2405,1087,,,,,,,,,,,,
2026/09/11 01:52,2026-09-11T02:07:15+09:00,2026/09/11,2026/12/10,2026-12,CALL,62250,5145,,,,,,,,,,,,,
2026/09/11 01:52,2026-09-11T02:07:15+09:00,2026/09/11,2026/12/10,2026-12,PUT,62250,2320,250,,,,,,,,,,,,
2026/09/11 01:52,2026-09-11T02:07:15+09:00,2026/09/11,2026/12/10,2026-12,CALL,62000,5310,1450,,,,,,,,,,,,
2026/09/11 01:52,2026-09-11T02:07:15+09:00,2026/09/11,2026/12/10,2026-12,PUT,62000,2230,2961,,,3.68,,,20,1,,,,,
2026/09/11 01:52,2026-09-11T02:07:15+09:00,2026/09/11,2026/12/10,2026-12,CALL,61750,5475,,,,,,,,,,,,,
2026/09/11 01:52,2026-09-11T02:07:15+09:00,2026/09/11,2026/12/10,2026-12,PUT,61750,2150,,,,,,,,,,,,,
2026/09/11 01:52,2026-09-11T02:07:15+09:00,2026/09/11,2026/12/10,2026-12,CALL,61500,5650,1,,,,,,,,,,,,
2026/09/11 01:52,2026-09-11T02:07:15+09:00,2026/09/11,2026/12/10,2026-12,PUT,61500,2070,1,,,,,,,,,,,,
2026/09/11 01:52,2026-09-11T02:07:15+09:00,2026/09/11,2026/12/10,2026-12,CALL,61250,5815,,,,,,,,,,,,,
2026/09/11 01:52,2026-09-11T02:07:15+09:00,2026/09/11,2026/12/10,2026-12,PUT,61250,1990,42,,,,,,,,,,,,
2026/09/11 01:52,2026-09-11T02:07:15+09:00,2026/09/11,2026/12/10,2026-12,CALL,61000,5995,813,,,,,,1,10,,,,,
2026/09/11 01:52,2026-09-11T02:07:15+09:00,2026/09/11,2026/12/10,2026-12,PUT,61000,1920,1336,,,4.92,,,15,1,,,,,
2026/09/11 01:52,2026-09-11T02:07:15+09:00,2026/09/11,2026/12/10,2026-12,CALL,60750,6170,,,,,,,1,10,,,,,
2026/09/11 01:52,2026-09-11T02:07:15+09:00,2026/09/11,2026/12/10,2026-12,PUT,60750,1850,,,,,,,,,,,,,
2026/09/11 01:52,2026-09-11T02:07:15+09:00,2026/09/11,2026/12/10,2026-12,CALL,60500,6350,102,,,,,,1,10,,,,,
2026/09/11 01:52,2026-09-11T02:07:15+09:00,2026/09/11,2026/12/10,2026-12,PUT,60500,1780,200,,,,,,,,,,,,
2026/09/11 01:52,2026-09-11T02:07:15+09:00,2026/09/11,2026/12/10,2026-12,CALL,60250,6535,,,,,,,,,,,,,
2026/09/11 01:52,2026-09-11T02:07:15+09:00,2026/09/11,2026/12/10,2026-12,PUT,60250,1715,36,,,,,,,,,,,,
2026/09/11 01:52,2026-09-11T02:07:15+09:00,2026/09/11,2026/12/10,2026-12,CALL,60000,6735,7564,,,,,,,,,,,,
2026/09/11 01:52,2026-09-11T02:07:15+09:00,2026/09/11,2026/12/10,2026-12,PUT,60000,1665,9860,,,22.47,,,1230,1,,,,,
2026/09/11 01:52,2026-09-11T02:07:15+09:00,2026/09/11,2026/12/10,2026-12,CALL,59750,6900,,,,,,,,,,,,,
2026/09/11 01:52,2026-09-11T02:07:15+09:00,2026/09/11,2026/12/10,2026-12,PUT,59750,1585,,,,,,,,,,,,,
2026/09/11 01:52,2026-09-11T02:07:15+09:00,2026/09/11,2026/12/10,2026-12,CALL,59500,7095,100,,,,,,,,,,,,
2026/09/11 01:52,2026-09-11T02:07:15+09:00,2026/09/11,2026/12/10,2026-12,PUT,59500,1525,250,,,,,,,,,,,,
2026/09/11 01:52,2026-09-11T02:07:15+09:00,2026/09/11,2026/12/10,2026-12,CALL,59250,7285,,,,,,,,,,,,,
2026/09/11 01:52,2026-09-11T02:07:15+09:00,2026/09/11,2026/12/10,2026-12,PUT,59250,1470,60,,,,,,,,,,,,
2026/09/11 01:52,2026-09-11T02:07:15+09:00,2026/09/11,2026/12/10,2026-12,CALL,59000,7480,1900,,,,,,,,,,,,
2026/09/11 01:52,2026-09-11T02:07:15+09:00,2026/09/11,2026/12/10,2026-12,PUT,59000,1405,2425,,,7.27,,,10,1,,,,,
2026/09/11 01:52,2026-09-11T02:07:15+09:00,2026/09/11,2026/12/10,2026-12,CALL,58750,7670,,,,,,,,,,,,,
2026/09/11 01:52,2026-09-11T02:07:15+09:00,2026/09/11,2026/12/10,2026-12,PUT,58750,1360,,,,,,,,,,,,,
2026/09/11 01:52,2026-09-11T02:07:15+09:00,2026/09/11,2026/12/10,2026-12,CALL,58500,7875,350,,,,,,,,,,,,
2026/09/11 01:52,2026-09-11T02:07:15+09:00,2026/09/11,2026/12/10,2026-12,PUT,58500,1310,850,,,6.16,,,1,1,,,,,
2026/09/11 01:52,2026-09-11T02:07:15+09:00,2026/09/11,2026/12/10,2026-12,CALL,58250,8070,,,,,,,,,,,,,
2026/09/11 01:52,2026-09-11T02:07:15+09:00,2026/09/11,2026/12/10,2026-12,PUT,58250,1255,65,,,,,,,,,,,,
2026/09/11 01:52,2026-09-11T02:07:15+09:00,2026/09/11,2026/12/10,2026-12,CALL,58000,8285,2603,,,,,,,,,,,,
2026/09/11 01:52,2026-09-11T02:07:15+09:00,2026/09/11,2026/12/10,2026-12,PUT,58000,1225,1937,,,8.59,,,10,1,,,,,
2026/09/11 01:52,2026-09-11T02:07:15+09:00,2026/09/11,2026/12/10,2026-12,CALL,57750,8475,,,,,,,,,,,,,
2026/09/11 01:52,2026-09-11T02:07:15+09:00,2026/09/11,2026/12/10,2026-12,PUT,57750,1165,,,,,,,,,,,,,
2026/09/11 01:52,2026-09-11T02:07:15+09:00,2026/09/11,2026/12/10,2026-12,CALL,57500,8685,80,,,,,,,,,,,,
2026/09/11 01:52,2026-09-11T02:07:15+09:00,2026/09/11,2026/12/10,2026-12,PUT,57500,1125,850,,,,,,,,,,,,
2026/09/11 01:52,2026-09-11T02:07:15+09:00,2026/09/11,2026/12/10,2026-12,CALL,57250,8905,113,,,,,,,,,,,,
2026/09/11 01:52,2026-09-11T02:07:15+09:00,2026/09/11,2026/12/10,2026-12,PUT,57250,1080,28,,,,,,,,,,,,
2026/09/11 01:52,2026-09-11T02:07:15+09:00,2026/09/11,2026/12/10,2026-12,CALL,57000,9110,500,,,,,,,,,,,,
2026/09/11 01:52,2026-09-11T02:07:15+09:00,2026/09/11,2026/12/10,2026-12,PUT,57000,1025,2486,,,9.9,,,10,1,,,,,
2026/09/11 01:52,2026-09-11T02:07:15+09:00,2026/09/11,2026/12/10,2026-12,CALL,56750,9315,,,,,,,,,,,,,
2026/09/11 01:52,2026-09-11T02:07:15+09:00,2026/09/11,2026/12/10,2026-12,PUT,56750,1010,12,,,,,,,,,,,,
2026/09/11 01:52,2026-09-11T02:07:15+09:00,2026/09/11,2026/12/10,2026-12,CALL,56500,9530,283,,,,,,,,,,,,
2026/09/11 01:52,2026-09-11T02:07:15+09:00,2026/09/11,2026/12/10,2026-12,PUT,56500,975,321,,,,,,,,,,,,
2026/09/11 01:52,2026-09-11T02:07:15+09:00,2026/09/11,2026/12/10,2026-12,CALL,56250,9750,,,,,,,,,,,,,
2026/09/11 01:52,2026-09-11T02:07:15+09:00,2026/09/11,2026/12/10,2026-12,PUT,56250,945,11,,,,,,,,,,,,
2026/09/11 01:52,2026-09-11T02:07:15+09:00,2026/09/11,2026/12/10,2026-12,CALL,56000,9950,791,1,,,,,,,31.49,,,9575,09/10 20:09
2026/09/11 01:52,2026-09-11T02:07:15+09:00,2026/09/11,2026/12/10,2026-12,PUT,56000,900,2628,1,,11.23,,,10,1,32.13,,,990,09/10 20:07
2026/09/11 01:52,2026-09-11T02:07:15+09:00,2026/09/11,2026/12/10,2026-12,CALL,55750,10170,,,,,,,,,,,,,
2026/09/11 01:52,2026-09-11T02:07:15+09:00,2026/09/11,2026/12/10,2026-12,PUT,55750,865,22,,,,,,,,,,,,
2026/09/11 01:52,2026-09-11T02:07:15+09:00,2026/09/11,2026/12/10,2026-12,CALL,55500,10385,300,,,,,,,,,,,,
2026/09/11 01:52,2026-09-11T02:07:15+09:00,2026/09/11,2026/12/10,2026-12,PUT,55500,830,101,,,,,,,,,,,,
2026/09/11 01:52,2026-09-11T02:07:15+09:00,2026/09/11,2026/12/10,2026-12,CALL,55250,10605,,,,,,,,,,,,,
2026/09/11 01:52,2026-09-11T02:07:15+09:00,2026/09/11,2026/12/10,2026-12,PUT,55250,805,1,,,,,,,,,,,,
2026/09/11 01:52,2026-09-11T02:07:15+09:00,2026/09/11,2026/12/10,2026-12,CALL,55000,10825,1829,,,,,,,,,,,,
2026/09/11 01:52,2026-09-11T02:07:15+09:00,2026/09/11,2026/12/10,2026-12,PUT,55000,775,5022,,,12.56,,,10,1,,,,,
2026/09/11 01:52,2026-09-11T02:07:15+09:00,2026/09/11,2026/12/10,2026-12,CALL,54750,11045,,,,,,,,,,,,,
2026/09/11 01:52,2026-09-11T02:07:15+09:00,2026/09/11,2026/12/10,2026-12,PUT,54750,750,32,,,10.23,,,1,1,,,,,
2026/09/11 01:52,2026-09-11T02:07:15+09:00,2026/09/11,2026/12/10,2026-12,CALL,54500,11270,540,,,,,,,,,,,,
2026/09/11 01:52,2026-09-11T02:07:15+09:00,2026/09/11,2026/12/10,2026-12,PUT,54500,720,780,,,,,,,,,,,,
2026/09/11 01:52,2026-09-11T02:07:15+09:00,2026/09/11,2026/12/10,2026-12,CALL,54250,11495,,,,,,,,,,,,,
2026/09/11 01:52,2026-09-11T02:07:15+09:00,2026/09/11,2026/12/10,2026-12,PUT,54250,695,,,,,,,,,,,,,
2026/09/11 01:52,2026-09-11T02:07:15+09:00,2026/09/11,2026/12/10,2026-12,CALL,54000,11720,1941,,,,,,,,,,,,
2026/09/11 01:52,2026-09-11T02:07:15+09:00,2026/09/11,2026/12/10,2026-12,PUT,54000,670,3083,,,13.9,,,10,1,,,,,
2026/09/11 01:52,2026-09-11T02:07:15+09:00,2026/09/11,2026/12/10,2026-12,CALL,53750,11945,,,,,,,,,,,,,
2026/09/11 01:52,2026-09-11T02:07:15+09:00,2026/09/11,2026/12/10,2026-12,PUT,53750,650,11,,,,,,,,,,,,
2026/09/11 01:52,2026-09-11T02:07:15+09:00,2026/09/11,2026/12/10,2026-12,CALL,53500,12170,106,,,,,,,,,,,,
2026/09/11 01:52,2026-09-11T02:07:15+09:00,2026/09/11,2026/12/10,2026-12,PUT,53500,635,207,,,,,,,,,,,,
2026/09/11 01:52,2026-09-11T02:07:15+09:00,2026/09/11,2026/12/10,2026-12,CALL,53250,12400,,,,,,,,,,,,,
2026/09/11 01:52,2026-09-11T02:07:15+09:00,2026/09/11,2026/12/10,2026-12,PUT,53250,605,188,,,,,,,,,,,,
2026/09/11 01:52,2026-09-11T02:07:15+09:00,2026/09/11,2026/12/10,2026-12,CALL,53000,12625,1135,,,,,,,,,,,,
2026/09/11 01:52,2026-09-11T02:07:15+09:00,2026/09/11,2026/12/10,2026-12,PUT,53000,585,1863,1,38.81,15.26,1000,1,10,1,34.75,125,21.37,710,09/10 21:59
2026/09/11 01:52,2026-09-11T02:07:15+09:00,2026/09/11,2026/12/10,2026-12,CALL,52750,12855,,,,,,,,,,,,,
2026/09/11 01:52,2026-09-11T02:07:15+09:00,2026/09/11,2026/12/10,2026-12,PUT,52750,565,,,,,,,,,,,,,
2026/09/11 01:52,2026-09-11T02:07:15+09:00,2026/09/11,2026/12/10,2026-12,CALL,52500,13085,50,,,,,,,,,,,,
2026/09/11 01:52,2026-09-11T02:07:15+09:00,2026/09/11,2026/12/10,2026-12,PUT,52500,545,600,1,,,,,,,33.96,,,600,09/10 23:12
2026/09/11 01:52,2026-09-11T02:07:15+09:00,2026/09/11,2026/12/10,2026-12,CALL,52250,13320,250,,,,,,,,,,,,
2026/09/11 01:52,2026-09-11T02:07:15+09:00,2026/09/11,2026/12/10,2026-12,PUT,52250,530,525,,,,,,,,,,,,
2026/09/11 01:52,2026-09-11T02:07:15+09:00,2026/09/11,2026/12/10,2026-12,CALL,52000,13555,802,,,,,,,,,,,,
2026/09/11 01:52,2026-09-11T02:07:15+09:00,2026/09/11,2026/12/10,2026-12,PUT,52000,515,2766,1,37.7,23.21,750,1,100,1,35.25,-25,-4.5,530,09/10 19:33
2026/09/11 01:52,2026-09-11T02:07:15+09:00,2026/09/11,2026/12/10,2026-12,CALL,51750,13780,,,,,,,,,,,,,
2026/09/11 01:52,2026-09-11T02:07:15+09:00,2026/09/11,2026/12/10,2026-12,PUT,51750,495,,,,,,,,,,,,,
2026/09/11 01:52,2026-09-11T02:07:15+09:00,2026/09/11,2026/12/10,2026-12,CALL,51500,14015,,,,,,,,,,,,,
2026/09/11 01:52,2026-09-11T02:07:15+09:00,2026/09/11,2026/12/10,2026-12,PUT,51500,480,20,,,,,,,,,,,,
2026/09/11 01:52,2026-09-11T02:07:15+09:00,2026/09/11,2026/12/10,2026-12,CALL,51250,14250,,,,,,,,,,,,,
2026/09/11 01:52,2026-09-11T02:07:15+09:00,2026/09/11,2026/12/10,2026-12,PUT,51250,465,2,,,,,,,,,,,,
2026/09/11 01:52,2026-09-11T02:07:15+09:00,2026/09/11,2026/12/10,2026-12,CALL,51000,14490,731,,,,,,,,,,,,
2026/09/11 01:52,2026-09-11T02:07:15+09:00,2026/09/11,2026/12/10,2026-12,PUT,51000,455,1565,,,18.02,,,10,1,,,,,
2026/09/11 01:52,2026-09-11T02:07:15+09:00,2026/09/11,2026/12/10,2026-12,CALL,50750,14715,45,,,,,,,,,,,,
2026/09/11 01:52,2026-09-11T02:07:15+09:00,2026/09/11,2026/12/10,2026-12,PUT,50750,435,47,,,,,,,,,,,,
2026/09/11 01:52,2026-09-11T02:07:15+09:00,2026/09/11,2026/12/10,2026-12,CALL,50500,14950,600,,,,,,,,,,,,
2026/09/11 01:52,2026-09-11T02:07:15+09:00,2026/09/11,2026/12/10,2026-12,PUT,50500,420,1178,,,,,,,,,,,,
2026/09/11 01:52,2026-09-11T02:07:15+09:00,2026/09/11,2026/12/10,2026-12,CALL,50250,15190,58,,,,,,,,,,,,
2026/09/11 01:52,2026-09-11T02:07:15+09:00,2026/09/11,2026/12/10,2026-12,PUT,50250,415,16,,,,,,,,,,,,
2026/09/11 01:52,2026-09-11T02:07:15+09:00,2026/09/11,2026/12/10,2026-12,CALL,50000,15425,5692,,,,,,,,,,,,
2026/09/11 01:52,2026-09-11T02:07:15+09:00,2026/09/11,2026/12/10,2026-12,PUT,50000,395,9147,1,41.53,32.18,680,4,250,1,37.96,100,25.32,495,09/10 22:20
2026/09/11 01:52,2026-09-11T02:07:15+09:00,2026/09/11,2026/12/10,2026-12,CALL,49750,15660,,,,,,,,,,,,,
2026/09/11 01:52,2026-09-11T02:07:15+09:00,2026/09/11,2026/12/10,2026-12,PUT,49750,385,73,,,,,,,,,,,,
2026/09/11 01:52,2026-09-11T02:07:15+09:00,2026/09/11,2026/12/10,2026-12,CALL,49500,15900,260,,,,,,,,,,,,
2026/09/11 01:52,2026-09-11T02:07:15+09:00,2026/09/11,2026/12/10,2026-12,PUT,49500,375,2719,,,,,,,,,,,,
2026/09/11 01:52,2026-09-11T02:07:15+09:00,2026/09/11,2026/12/10,2026-12,CALL,49250,16135,,,,,,,,,,,,,
2026/09/11 01:52,2026-09-11T02:07:15+09:00,2026/09/11,2026/12/10,2026-12,PUT,49250,370,203,,,,,,,,,,,,
2026/09/11 01:52,2026-09-11T02:07:15+09:00,2026/09/11,2026/12/10,2026-12,CALL,49000,16375,1000,,,,,,,,,,,,
2026/09/11 01:52,2026-09-11T02:07:15+09:00,2026/09/11,2026/12/10,2026-12,PUT,49000,350,3629,,,,,,,,,,,,
2026/09/11 01:52,2026-09-11T02:07:15+09:00,2026/09/11,2026/12/10,2026-12,CALL,48750,16615,,,,,,,,,,,,,
2026/09/11 01:52,2026-09-11T02:07:15+09:00,2026/09/11,2026/12/10,2026-12,PUT,48750,340,2,,,,,,,,,,,,
2026/09/11 01:52,2026-09-11T02:07:15+09:00,2026/09/11,2026/12/10,2026-12,CALL,48500,16855,,,,,,,,,,,,,
2026/09/11 01:52,2026-09-11T02:07:15+09:00,2026/09/11,2026/12/10,2026-12,PUT,48500,330,302,,,24.67,,,30,1,,,,,
2026/09/11 01:52,2026-09-11T02:07:15+09:00,2026/09/11,2026/12/10,2026-12,CALL,48250,17095,,,,,,,,,,,,,
2026/09/11 01:52,2026-09-11T02:07:15+09:00,2026/09/11,2026/12/10,2026-12,PUT,48250,320,3,,,,,,,,,,,,
2026/09/11 01:52,2026-09-11T02:07:15+09:00,2026/09/11,2026/12/10,2026-12,CALL,48000,17335,750,,,,,,,,,,,,
2026/09/11 01:52,2026-09-11T02:07:15+09:00,2026/09/11,2026/12/10,2026-12,PUT,48000,310,4167,,,34.79,,,200,1,,,,,
2026/09/11 01:52,2026-09-11T02:07:15+09:00,2026/09/11,2026/12/10,2026-12,CALL,47750,17575,,,,,,,,,,,,,
2026/09/11 01:52,2026-09-11T02:07:15+09:00,2026/09/11,2026/12/10,2026-12,PUT,47750,305,2,,,,,,,,,,,,
2026/09/11 01:52,2026-09-11T02:07:15+09:00,2026/09/11,2026/12/10,2026-12,CALL,47500,17815,200,,,,,,,,,,,,
2026/09/11 01:52,2026-09-11T02:07:15+09:00,2026/09/11,2026/12/10,2026-12,PUT,47500,292,1121,,,,,,,,,,,,
2026/09/11 01:52,2026-09-11T02:07:15+09:00,2026/09/11,2026/12/10,2026-12,CALL,47250,18055,,,,,,,,,,,,,
2026/09/11 01:52,2026-09-11T02:07:15+09:00,2026/09/11,2026/12/10,2026-12,PUT,47250,283,,,,,,,,,,,,,
2026/09/11 01:52,2026-09-11T02:07:15+09:00,2026/09/11,2026/12/10,2026-12,CALL,47000,18295,350,,,,,,,,,,,,
2026/09/11 01:52,2026-09-11T02:07:15+09:00,2026/09/11,2026/12/10,2026-12,PUT,47000,277,2846,,,19.26,,,1,1,,,,,
2026/09/11 01:52,2026-09-11T02:07:15+09:00,2026/09/11,2026/12/10,2026-12,CALL,46750,18535,,,,,,,,,,,,,
2026/09/11 01:52,2026-09-11T02:07:15+09:00,2026/09/11,2026/12/10,2026-12,PUT,46750,269,,,,,,,,,,,,,
2026/09/11 01:52,2026-09-11T02:07:15+09:00,2026/09/11,2026/12/10,2026-12,CALL,46500,18780,,,,,,,,,,,,,
2026/09/11 01:52,2026-09-11T02:07:15+09:00,2026/09/11,2026/12/10,2026-12,PUT,46500,262,100,,,,,,,,,,,,
2026/09/11 01:52,2026-09-11T02:07:15+09:00,2026/09/11,2026/12/10,2026-12,CALL,46250,19020,315,,,,,,,,,,,,
2026/09/11 01:52,2026-09-11T02:07:15+09:00,2026/09/11,2026/12/10,2026-12,PUT,46250,254,,,,,,,,,,,,,
2026/09/11 01:52,2026-09-11T02:07:15+09:00,2026/09/11,2026/12/10,2026-12,CALL,46000,19265,2300,,,,,,,,,,,,
2026/09/11 01:52,2026-09-11T02:07:15+09:00,2026/09/11,2026/12/10,2026-12,PUT,46000,248,3857,,,20.51,,,1,1,,,,,
2026/09/11 01:52,2026-09-11T02:07:15+09:00,2026/09/11,2026/12/10,2026-12,CALL,45750,19505,,,,,,,,,,,,,
2026/09/11 01:52,2026-09-11T02:07:15+09:00,2026/09/11,2026/12/10,2026-12,PUT,45750,240,,,,,,,,,,,,,
2026/09/11 01:52,2026-09-11T02:07:15+09:00,2026/09/11,2026/12/10,2026-12,CALL,45500,19745,200,,,,,,,,,,,,
2026/09/11 01:52,2026-09-11T02:07:15+09:00,2026/09/11,2026/12/10,2026-12,PUT,45500,233,350,,,,,,,,,,,,
2026/09/11 01:52,2026-09-11T02:07:15+09:00,2026/09/11,2026/12/10,2026-12,CALL,45250,19990,413,,,,,,,,,,,,
2026/09/11 01:52,2026-09-11T02:07:15+09:00,2026/09/11,2026/12/10,2026-12,PUT,45250,227,51,,,,,,,,,,,,
2026/09/11 01:52,2026-09-11T02:07:15+09:00,2026/09/11,2026/12/10,2026-12,CALL,45000,20230,1842,,,,,,,,,,,,
2026/09/11 01:52,2026-09-11T02:07:15+09:00,2026/09/11,2026/12/10,2026-12,PUT,45000,221,2725,,50.33,37.52,500,1,120,1,,,,,
2026/09/11 01:52,2026-09-11T02:07:15+09:00,2026/09/11,2026/12/10,2026-12,CALL,44750,20475,,,,,,,,,,,,,
2026/09/11 01:52,2026-09-11T02:07:15+09:00,2026/09/11,2026/12/10,2026-12,PUT,44750,215,,,,,,,,,,,,,
2026/09/11 01:52,2026-09-11T02:07:15+09:00,2026/09/11,2026/12/10,2026-12,CALL,44500,20720,,,,,,,,,,,,,
2026/09/11 01:52,2026-09-11T02:07:15+09:00,2026/09/11,2026/12/10,2026-12,PUT,44500,209,,,,,,,,,,,,,
2026/09/11 01:52,2026-09-11T02:07:15+09:00,2026/09/11,2026/12/10,2026-12,CALL,44250,20960,,,,,,,,,,,,,
2026/09/11 01:52,2026-09-11T02:07:15+09:00,2026/09/11,2026/12/10,2026-12,PUT,44250,204,,,,,,,,,,,,,
2026/09/11 01:52,2026-09-11T02:07:15+09:00,2026/09/11,2026/12/10,2026-12,CALL,44000,21205,600,,,,,,,,,,,,
2026/09/11 01:52,2026-09-11T02:07:15+09:00,2026/09/11,2026/12/10,2026-12,PUT,44000,198,2900,,,38.39,,,100,1,,,,,
2026/09/11 01:52,2026-09-11T02:07:15+09:00,2026/09/11,2026/12/10,2026-12,CALL,43750,21450,131,,,,,,,,,,,,
2026/09/11 01:52,2026-09-11T02:07:15+09:00,2026/09/11,2026/12/10,2026-12,PUT,43750,193,9,,,,,,,,,,,,
2026/09/11 01:52,2026-09-11T02:07:15+09:00,2026/09/11,2026/12/10,2026-12,CALL,43500,21695,,,,,,,,,,,,,
2026/09/11 01:52,2026-09-11T02:07:15+09:00,2026/09/11,2026/12/10,2026-12,PUT,43500,188,100,,,,,,,,,,,,
2026/09/11 01:52,2026-09-11T02:07:15+09:00,2026/09/11,2026/12/10,2026-12,CALL,43250,21940,,,,,,,,,,,,,
2026/09/11 01:52,2026-09-11T02:07:15+09:00,2026/09/11,2026/12/10,2026-12,PUT,43250,183,,,,,,,,,,,,,
2026/09/11 01:52,2026-09-11T02:07:15+09:00,2026/09/11,2026/12/10,2026-12,CALL,43000,22180,1400,,,,,,,,,,,,
2026/09/11 01:52,2026-09-11T02:07:15+09:00,2026/09/11,2026/12/10,2026-12,PUT,43000,178,2282,,,24.41,,,1,10,,,,,
2026/09/11 01:52,2026-09-11T02:07:15+09:00,2026/09/11,2026/12/10,2026-12,CALL,42750,22425,,,,,,,,,,,,,
2026/09/11 01:52,2026-09-11T02:07:15+09:00,2026/09/11,2026/12/10,2026-12,PUT,42750,174,,,,,,,,,,,,,
2026/09/11 01:52,2026-09-11T02:07:15+09:00,2026/09/11,2026/12/10,2026-12,CALL,42500,22670,250,,,,,,,,,,,,
2026/09/11 01:52,2026-09-11T02:07:15+09:00,2026/09/11,2026/12/10,2026-12,PUT,42500,169,300,,,,,,,,,,,,
2026/09/11 01:52,2026-09-11T02:07:15+09:00,2026/09/11,2026/12/10,2026-12,CALL,42250,22915,,,,,,,,,,,,,
2026/09/11 01:52,2026-09-11T02:07:15+09:00,2026/09/11,2026/12/10,2026-12,PUT,42250,165,,,,,,,,,,,,,
2026/09/11 01:52,2026-09-11T02:07:15+09:00,2026/09/11,2026/12/10,2026-12,CALL,42000,23160,1071,,,,,,,,,,,,
2026/09/11 01:52,2026-09-11T02:07:15+09:00,2026/09/11,2026/12/10,2026-12,PUT,42000,160,3702,,,25.77,,,1,10,,,,,
2026/09/11 01:52,2026-09-11T02:07:15+09:00,2026/09/11,2026/12/10,2026-12,CALL,41750,23405,,,,,,,,,,,,,
2026/09/11 01:52,2026-09-11T02:07:15+09:00,2026/09/11,2026/12/10,2026-12,PUT,41750,157,,,,,,,,,,,,,
2026/09/11 01:52,2026-09-11T02:07:15+09:00,2026/09/11,2026/12/10,2026-12,CALL,41500,23650,100,,,,,,,,,,,,
2026/09/11 01:52,2026-09-11T02:07:15+09:00,2026/09/11,2026/12/10,2026-12,PUT,41500,152,101,,,,,,,,,,,,
2026/09/11 01:52,2026-09-11T02:07:15+09:00,2026/09/11,2026/12/10,2026-12,CALL,41250,23895,,,,,,,,,,,,,
2026/09/11 01:52,2026-09-11T02:07:15+09:00,2026/09/11,2026/12/10,2026-12,PUT,41250,149,3,,,,,,,,,,,,
2026/09/11 01:52,2026-09-11T02:07:15+09:00,2026/09/11,2026/12/10,2026-12,CALL,41000,24140,1300,,,,,,,,,,,,
2026/09/11 01:52,2026-09-11T02:07:15+09:00,2026/09/11,2026/12/10,2026-12,PUT,41000,145,1927,1,,27.15,,,1,10,47,,,120,09/10 19:38
2026/09/11 01:52,2026-09-11T02:07:15+09:00,2026/09/11,2026/12/10,2026-12,CALL,40750,24385,,,,,,,,,,,,,
2026/09/11 01:52,2026-09-11T02:07:15+09:00,2026/09/11,2026/12/10,2026-12,PUT,40750,141,,,,,,,,,,,,,
2026/09/11 01:52,2026-09-11T02:07:15+09:00,2026/09/11,2026/12/10,2026-12,CALL,40500,24630,400,,,,,,,,,,,,
2026/09/11 01:52,2026-09-11T02:07:15+09:00,2026/09/11,2026/12/10,2026-12,PUT,40500,138,1399,,,,,,,,,,,,
2026/09/11 01:52,2026-09-11T02:07:15+09:00,2026/09/11,2026/12/10,2026-12,CALL,40250,24875,,,,,,,,,,,,,
2026/09/11 01:52,2026-09-11T02:07:15+09:00,2026/09/11,2026/12/10,2026-12,PUT,40250,134,5,,,,,,,,,,,,
2026/09/11 01:52,2026-09-11T02:07:15+09:00,2026/09/11,2026/12/10,2026-12,CALL,40000,25120,1200,,,,,,,,,,,,
2026/09/11 01:52,2026-09-11T02:07:15+09:00,2026/09/11,2026/12/10,2026-12,PUT,40000,131,5302,,,45.22,,,80,1,,,,,
2026/09/11 01:52,2026-09-11T02:07:15+09:00,2026/09/11,2026/12/10,2026-12,CALL,39750,25365,,,,,,,,,,,,,
2026/09/11 01:52,2026-09-11T02:07:15+09:00,2026/09/11,2026/12/10,2026-12,PUT,39750,127,,,,,,,,,,,,,
2026/09/11 01:52,2026-09-11T02:07:15+09:00,2026/09/11,2026/12/10,2026-12,CALL,39500,25615,500,,,,,,,,,,,,
2026/09/11 01:52,2026-09-11T02:07:15+09:00,2026/09/11,2026/12/10,2026-12,PUT,39500,124,1008,,,29.29,,,1,10,,,,,
2026/09/11 01:52,2026-09-11T02:07:15+09:00,2026/09/11,2026/12/10,2026-12,CALL,39250,25860,,,,,,,,,,,,,
2026/09/11 01:52,2026-09-11T02:07:15+09:00,2026/09/11,2026/12/10,2026-12,PUT,39250,121,650,,,,,,,,,,,,
2026/09/11 01:52,2026-09-11T02:07:15+09:00,2026/09/11,2026/12/10,2026-12,CALL,39000,26105,750,,,,,,,,,,,,
2026/09/11 01:52,2026-09-11T02:07:15+09:00,2026/09/11,2026/12/10,2026-12,PUT,39000,118,2405,,,49.02,,,100,1,,,,,
2026/09/11 01:52,2026-09-11T02:07:15+09:00,2026/09/11,2026/12/10,2026-12,CALL,38750,26350,50,,,,,,,,,,,,
2026/09/11 01:52,2026-09-11T02:07:15+09:00,2026/09/11,2026/12/10,2026-12,PUT,38750,115,50,,,,,,,,,,,,
2026/09/11 01:52,2026-09-11T02:07:15+09:00,2026/09/11,2026/12/10,2026-12,CALL,38500,26595,700,,,,,,,,,,,,
2026/09/11 01:52,2026-09-11T02:07:15+09:00,2026/09/11,2026/12/10,2026-12,PUT,38500,112,1150,,,,,,,,,,,,
2026/09/11 01:52,2026-09-11T02:07:15+09:00,2026/09/11,2026/12/10,2026-12,CALL,38250,26845,,,,,,,,,,,,,
2026/09/11 01:52,2026-09-11T02:07:15+09:00,2026/09/11,2026/12/10,2026-12,PUT,38250,109,,,,,,,,,,,,,
2026/09/11 01:52,2026-09-11T02:07:15+09:00,2026/09/11,2026/12/10,2026-12,CALL,38000,27090,1225,,,,,,,,,,,,
2026/09/11 01:52,2026-09-11T02:07:15+09:00,2026/09/11,2026/12/10,2026-12,PUT,38000,106,2686,,,34.38,,,3,1,,,,,
2026/09/11 01:52,2026-09-11T02:07:15+09:00,2026/09/11,2026/12/10,2026-12,CALL,37750,27335,100,,,,,,,,,,,,
2026/09/11 01:52,2026-09-11T02:07:15+09:00,2026/09/11,2026/12/10,2026-12,PUT,37750,103,100,,,,,,,,,,,,
2026/09/11 01:52,2026-09-11T02:07:15+09:00,2026/09/11,2026/12/10,2026-12,CALL,37500,27580,88,,,,,,,,,,,,
2026/09/11 01:52,2026-09-11T02:07:15+09:00,2026/09/11,2026/12/10,2026-12,PUT,37500,101,188,,,,,,,,,,,,
2026/09/11 01:52,2026-09-11T02:07:15+09:00,2026/09/11,2026/12/10,2026-12,CALL,37250,27830,,,,,,,,,,,,,
2026/09/11 01:52,2026-09-11T02:07:15+09:00,2026/09/11,2026/12/10,2026-12,PUT,37250,98,,,,,,,,,,,,,
2026/09/11 01:52,2026-09-11T02:07:15+09:00,2026/09/11,2026/12/10,2026-12,CALL,37000,28075,450,,,,,,,,,,,,
2026/09/11 01:52,2026-09-11T02:07:15+09:00,2026/09/11,2026/12/10,2026-12,PUT,37000,96,2635,,,33.03,,,1,88,,,,,
2026/09/11 01:52,2026-09-11T02:07:15+09:00,2026/09/11,2026/12/10,2026-12,CALL,36750,28320,,,,,,,,,,,,,
2026/09/11 01:52,2026-09-11T02:07:15+09:00,2026/09/11,2026/12/10,2026-12,PUT,36750,93,400,,,,,,,,,,,,
2026/09/11 01:52,2026-09-11T02:07:15+09:00,2026/09/11,2026/12/10,2026-12,CALL,36500,28570,252,,,,,,,,,,,,
2026/09/11 01:52,2026-09-11T02:07:15+09:00,2026/09/11,2026/12/10,2026-12,PUT,36500,91,225,,,,,,,,,,,,
2026/09/11 01:52,2026-09-11T02:07:15+09:00,2026/09/11,2026/12/10,2026-12,CALL,36250,28815,,,,,,,,,,,,,
2026/09/11 01:52,2026-09-11T02:07:15+09:00,2026/09/11,2026/12/10,2026-12,PUT,36250,88,,,,,,,,,,,,,
2026/09/11 01:52,2026-09-11T02:07:15+09:00,2026/09/11,2026/12/10,2026-12,CALL,36000,29030,975,,,,,,,,,,,,
2026/09/11 01:52,2026-09-11T02:07:15+09:00,2026/09/11,2026/12/10,2026-12,PUT,36000,56,2905,,,50.19,,,46,1,,,,,
2026/09/11 01:52,2026-09-11T02:07:15+09:00,2026/09/11,2026/12/10,2026-12,CALL,35750,29280,,,,,,,,,,,,,
2026/09/11 01:52,2026-09-11T02:07:15+09:00,2026/09/11,2026/12/10,2026-12,PUT,35750,54,,,,,,,,,,,,,
2026/09/11 01:52,2026-09-11T02:07:15+09:00,2026/09/11,2026/12/10,2026-12,CALL,35500,29525,,,,,,,,,,,,,
2026/09/11 01:52,2026-09-11T02:07:15+09:00,2026/09/11,2026/12/10,2026-12,PUT,35500,53,,,,,,,,,,,,,
2026/09/11 01:52,2026-09-11T02:07:15+09:00,2026/09/11,2026/12/10,2026-12,CALL,35250,29775,,,,,,,,,,,,,
2026/09/11 01:52,2026-09-11T02:07:15+09:00,2026/09/11,2026/12/10,2026-12,PUT,35250,51,,,,,,,,,,,,,
2026/09/11 01:52,2026-09-11T02:07:15+09:00,2026/09/11,2026/12/10,2026-12,CALL,35000,30020,435,,,,,,,,,,,,
2026/09/11 01:52,2026-09-11T02:07:15+09:00,2026/09/11,2026/12/10,2026-12,PUT,35000,53,5037,,,52.27,,,45,1,,,,,
2026/09/11 01:52,2026-09-11T02:07:15+09:00,2026/09/11,2026/12/10,2026-12,CALL,34750,30270,,,,,,,,,,,,,
2026/09/11 01:52,2026-09-11T02:07:15+09:00,2026/09/11,2026/12/10,2026-12,PUT,34750,49,1,,,,,,,,,,,,
2026/09/11 01:52,2026-09-11T02:07:15+09:00,2026/09/11,2026/12/10,2026-12,CALL,34500,30515,400,,,,,,,,,,,,
2026/09/11 01:52,2026-09-11T02:07:15+09:00,2026/09/11,2026/12/10,2026-12,PUT,34500,47,560,,,,,,,,,,,,
2026/09/11 01:52,2026-09-11T02:07:15+09:00,2026/09/11,2026/12/10,2026-12,CALL,34250,30765,,,,,,,,,,,,,
2026/09/11 01:52,2026-09-11T02:07:15+09:00,2026/09/11,2026/12/10,2026-12,PUT,34250,45,,,,,,,,,,,,,
2026/09/11 01:52,2026-09-11T02:07:15+09:00,2026/09/11,2026/12/10,2026-12,CALL,34000,31010,280,,,,,,,,,,,,
2026/09/11 01:52,2026-09-11T02:07:15+09:00,2026/09/11,2026/12/10,2026-12,PUT,34000,45,2820,,,37.85,,,1,10,,,,,
2026/09/11 01:52,2026-09-11T02:07:15+09:00,2026/09/11,2026/12/10,2026-12,CALL,33750,31260,,,,,,,,,,,,,
2026/09/11 01:52,2026-09-11T02:07:15+09:00,2026/09/11,2026/12/10,2026-12,PUT,33750,42,,,,,,,,,,,,,
2026/09/11 01:52,2026-09-11T02:07:15+09:00,2026/09/11,2026/12/10,2026-12,CALL,33500,31505,,,,,,,,,,,,,
2026/09/11 01:52,2026-09-11T02:07:15+09:00,2026/09/11,2026/12/10,2026-12,PUT,33500,41,72,,,,,,,,,,,,
2026/09/11 01:52,2026-09-11T02:07:15+09:00,2026/09/11,2026/12/10,2026-12,CALL,33250,31755,,,,,,,,,,,,,
2026/09/11 01:52,2026-09-11T02:07:15+09:00,2026/09/11,2026/12/10,2026-12,PUT,33250,40,37,,,,,,,,,,,,
2026/09/11 01:52,2026-09-11T02:07:15+09:00,2026/09/11,2026/12/10,2026-12,CALL,33000,32000,1950,,,,,,,,,,,,
2026/09/11 01:52,2026-09-11T02:07:15+09:00,2026/09/11,2026/12/10,2026-12,PUT,33000,39,3362,,,55.89,,,39,1,,,,,
2026/09/11 01:52,2026-09-11T02:07:15+09:00,2026/09/11,2026/12/10,2026-12,CALL,32750,32250,,,,,,,,,,,,,
2026/09/11 01:52,2026-09-11T02:07:15+09:00,2026/09/11,2026/12/10,2026-12,PUT,32750,37,,,,,,,,,,,,,
2026/09/11 01:52,2026-09-11T02:07:15+09:00,2026/09/11,2026/12/10,2026-12,CALL,32500,32495,250,,,,,,,,,,,,
2026/09/11 01:52,2026-09-11T02:07:15+09:00,2026/09/11,2026/12/10,2026-12,PUT,32500,36,900,,,,,,,,,,,,
2026/09/11 01:52,2026-09-11T02:07:15+09:00,2026/09/11,2026/12/10,2026-12,CALL,32250,32745,,,,,,,,,,,,,
2026/09/11 01:52,2026-09-11T02:07:15+09:00,2026/09/11,2026/12/10,2026-12,PUT,32250,35,600,,,,,,,,,,,,
2026/09/11 01:52,2026-09-11T02:07:15+09:00,2026/09/11,2026/12/10,2026-12,CALL,32000,32995,700,,,,,,,,,,,,
2026/09/11 01:52,2026-09-11T02:07:15+09:00,2026/09/11,2026/12/10,2026-12,PUT,32000,34,4655,,,41.29,,,1,10,,,,,
2026/09/11 01:52,2026-09-11T02:07:15+09:00,2026/09/11,2026/12/10,2026-12,CALL,31750,33240,,,,,,,,,,,,,
2026/09/11 01:52,2026-09-11T02:07:15+09:00,2026/09/11,2026/12/10,2026-12,PUT,31750,33,,,,,,,,,,,,,
2026/09/11 01:52,2026-09-11T02:07:15+09:00,2026/09/11,2026/12/10,2026-12,CALL,31500,33490,50,,,,,,,,,,,,
2026/09/11 01:52,2026-09-11T02:07:15+09:00,2026/09/11,2026/12/10,2026-12,PUT,31500,32,350,,,,,,,,,,,,
2026/09/11 01:52,2026-09-11T02:07:15+09:00,2026/09/11,2026/12/10,2026-12,CALL,31250,33735,,,,,,,,,,,,,
2026/09/11 01:52,2026-09-11T02:07:15+09:00,2026/09/11,2026/12/10,2026-12,PUT,31250,31,,,,,,,,,,,,,
2026/09/11 01:52,2026-09-11T02:07:15+09:00,2026/09/11,2026/12/10,2026-12,CALL,31000,33985,241,,,,,,,,,,,,
2026/09/11 01:52,2026-09-11T02:07:15+09:00,2026/09/11,2026/12/10,2026-12,PUT,31000,29,2037,,,43.09,,,1,10,,,,,
2026/09/11 01:52,2026-09-11T02:07:15+09:00,2026/09/11,2026/12/10,2026-12,CALL,30750,34235,,,,,,,,,,,,,
2026/09/11 01:52,2026-09-11T02:07:15+09:00,2026/09/11,2026/12/10,2026-12,PUT,30750,28,,,,,,,,,,,,,
2026/09/11 01:52,2026-09-11T02:07:15+09:00,2026/09/11,2026/12/10,2026-12,CALL,30500,34480,50,,,,,,,,,,,,
2026/09/11 01:52,2026-09-11T02:07:15+09:00,2026/09/11,2026/12/10,2026-12,PUT,30500,27,51,,79.88,,220,1,,,,,,,
2026/09/11 01:52,2026-09-11T02:07:15+09:00,2026/09/11,2026/12/10,2026-12,CALL,30250,34730,,,,,,,,,,,,,
2026/09/11 01:52,2026-09-11T02:07:15+09:00,2026/09/11,2026/12/10,2026-12,PUT,30250,26,,,,,,,,,,,,,
2026/09/11 01:52,2026-09-11T02:07:15+09:00,2026/09/11,2026/12/10,2026-12,CALL,30000,34975,2553,,,,,,,,,,,,
2026/09/11 01:52,2026-09-11T02:07:15+09:00,2026/09/11,2026/12/10,2026-12,PUT,30000,31,7953,9,66.08,64.4,55,1,45,1,65.92,,,53,09/10 23:32
2026/09/11 01:52,2026-09-11T02:07:15+09:00,2026/09/11,2026/12/10,2026-12,CALL,29750,35225,,,,,,,,,,,,,
2026/09/11 01:52,2026-09-11T02:07:15+09:00,2026/09/11,2026/12/10,2026-12,PUT,29750,25,,,,,,,,,,,,,
2026/09/11 01:52,2026-09-11T02:07:15+09:00,2026/09/11,2026/12/10,2026-12,CALL,29500,35475,,,,,,,,,,,,,
2026/09/11 01:52,2026-09-11T02:07:15+09:00,2026/09/11,2026/12/10,2026-12,PUT,29500,24,,,,,,,,,,,,,
2026/09/11 01:52,2026-09-11T02:07:15+09:00,2026/09/11,2026/12/10,2026-12,CALL,29250,35720,,,,,,,,,,,,,
2026/09/11 01:52,2026-09-11T02:07:15+09:00,2026/09/11,2026/12/10,2026-12,PUT,29250,23,,,,,,,,,,,,,
2026/09/11 01:52,2026-09-11T02:07:15+09:00,2026/09/11,2026/12/10,2026-12,CALL,29000,35970,150,,,,,,,,,,,,
2026/09/11 01:52,2026-09-11T02:07:15+09:00,2026/09/11,2026/12/10,2026-12,PUT,29000,22,1450,,,53.26,,,5,1,,,,,
2026/09/11 01:52,2026-09-11T02:07:15+09:00,2026/09/11,2026/12/10,2026-12,CALL,28750,36215,,,,,,,,,,,,,
2026/09/11 01:52,2026-09-11T02:07:15+09:00,2026/09/11,2026/12/10,2026-12,PUT,28750,21,,,,,,,,,,,,,
2026/09/11 01:52,2026-09-11T02:07:15+09:00,2026/09/11,2026/12/10,2026-12,CALL,28500,36465,125,,,,,,,,,,,,
2026/09/11 01:52,2026-09-11T02:07:15+09:00,2026/09/11,2026/12/10,2026-12,PUT,28500,20,400,,,,,,,,,,,,
2026/09/11 01:52,2026-09-11T02:07:15+09:00,2026/09/11,2026/12/10,2026-12,CALL,28250,36715,,,,,,,,,,,,,
2026/09/11 01:52,2026-09-11T02:07:15+09:00,2026/09/11,2026/12/10,2026-12,PUT,28250,19,,,,,,,,,,,,,
2026/09/11 01:52,2026-09-11T02:07:15+09:00,2026/09/11,2026/12/10,2026-12,CALL,28000,36960,75,,,,,,,,,,,,
2026/09/11 01:52,2026-09-11T02:07:15+09:00,2026/09/11,2026/12/10,2026-12,PUT,28000,18,1331,,,55.5,,,5,4,,,,,
2026/09/11 01:52,2026-09-11T02:07:15+09:00,2026/09/11,2026/12/10,2026-12,CALL,27750,37210,,,,,,,,,,,,,
2026/09/11 01:52,2026-09-11T02:07:15+09:00,2026/09/11,2026/12/10,2026-12,PUT,27750,18,72,,,,,,,,,,,,
2026/09/11 01:52,2026-09-11T02:07:15+09:00,2026/09/11,2026/12/10,2026-12,CALL,27500,37460,,,,,,,,,,,,,
2026/09/11 01:52,2026-09-11T02:07:15+09:00,2026/09/11,2026/12/10,2026-12,PUT,27500,17,25,,,,,,,,,,,,
2026/09/11 01:52,2026-09-11T02:07:15+09:00,2026/09/11,2026/12/10,2026-12,CALL,27250,37705,,,,,,,,,,,,,
2026/09/11 01:52,2026-09-11T02:07:15+09:00,2026/09/11,2026/12/10,2026-12,PUT,27250,16,,,,,,,,,,,,,
2026/09/11 01:52,2026-09-11T02:07:15+09:00,2026/09/11,2026/12/10,2026-12,CALL,27000,37955,250,,,,,,,,,,,,
2026/09/11 01:52,2026-09-11T02:07:15+09:00,2026/09/11,2026/12/10,2026-12,PUT,27000,15,2630,,,62.74,,,12,1,,,,,
2026/09/11 01:52,2026-09-11T02:07:15+09:00,2026/09/11,2026/12/10,2026-12,CALL,26750,38205,,,,,,,,,,,,,
2026/09/11 01:52,2026-09-11T02:07:15+09:00,2026/09/11,2026/12/10,2026-12,PUT,26750,15,,,,,,,,,,,,,
2026/09/11 01:52,2026-09-11T02:07:15+09:00,2026/09/11,2026/12/10,2026-12,CALL,26500,38450,,,,,,,,,,,,,
2026/09/11 01:52,2026-09-11T02:07:15+09:00,2026/09/11,2026/12/10,2026-12,PUT,26500,14,1,,,62.89,,,10,3,,,,,
2026/09/11 01:52,2026-09-11T02:07:15+09:00,2026/09/11,2026/12/10,2026-12,CALL,26250,38700,,,,,,,,,,,,,
2026/09/11 01:52,2026-09-11T02:07:15+09:00,2026/09/11,2026/12/10,2026-12,PUT,26250,13,,,,,,,,,,,,,
2026/09/11 01:52,2026-09-11T02:07:15+09:00,2026/09/11,2026/12/10,2026-12,CALL,26000,38950,350,,,,,,,,,,,,
2026/09/11 01:52,2026-09-11T02:07:15+09:00,2026/09/11,2026/12/10,2026-12,PUT,26000,13,1425,,76.64,53.07,50,1,1,10,,,,,
2026/09/11 01:52,2026-09-11T02:07:15+09:00,2026/09/11,2026/12/10,2026-12,CALL,25750,39195,,,,,,,,,,,,,
2026/09/11 01:52,2026-09-11T02:07:15+09:00,2026/09/11,2026/12/10,2026-12,PUT,25750,12,,,,,,,,,,,,,
2026/09/11 01:52,2026-09-11T02:07:15+09:00,2026/09/11,2026/12/10,2026-12,CALL,25500,39445,,,,,,,,,,,,,
2026/09/11 01:52,2026-09-11T02:07:15+09:00,2026/09/11,2026/12/10,2026-12,PUT,25500,12,2,,,,,,,,,,,,
2026/09/11 01:52,2026-09-11T02:07:15+09:00,2026/09/11,2026/12/10,2026-12,CALL,25250,39690,,,,,,,,,,,,,
2026/09/11 01:52,2026-09-11T02:07:15+09:00,2026/09/11,2026/12/10,2026-12,PUT,25250,11,1,,,,,,,,,,,,
2026/09/11 01:52,2026-09-11T02:07:15+09:00,2026/09/11,2026/12/10,2026-12,CALL,25000,39940,300,,,,,,,,,,,,
2026/09/11 01:52,2026-09-11T02:07:15+09:00,2026/09/11,2026/12/10,2026-12,PUT,25000,10,2014,,75.01,63.74,30,1,6,8,,,,,
2026/09/11 01:52,2026-09-11T02:07:15+09:00,2026/09/11,2026/12/10,2026-12,CALL,24750,40190,,,,,,,,,,,,,
2026/09/11 01:52,2026-09-11T02:07:15+09:00,2026/09/11,2026/12/10,2026-12,PUT,24750,9,1,,,,,,,,,,,,
2026/09/11 01:52,2026-09-11T02:07:15+09:00,2026/09/11,2026/12/10,2026-12,CALL,24500,40435,,,,,,,,,,,,,
2026/09/11 01:52,2026-09-11T02:07:15+09:00,2026/09/11,2026/12/10,2026-12,PUT,24500,9,250,,,,,,,,,,,,
2026/09/11 01:52,2026-09-11T02:07:15+09:00,2026/09/11,2026/12/10,2026-12,CALL,24250,40685,,,,,,,,,,,,,
2026/09/11 01:52,2026-09-11T02:07:15+09:00,2026/09/11,2026/12/10,2026-12,PUT,24250,8,,,,,,,,,,,,,
2026/09/11 01:52,2026-09-11T02:07:15+09:00,2026/09/11,2026/12/10,2026-12,CALL,24000,40930,,,,,,,,,,,,,
2026/09/11 01:52,2026-09-11T02:07:15+09:00,2026/09/11,2026/12/10,2026-12,PUT,24000,7,405,,80.76,,40,1,,,,,,,
2026/09/11 01:52,2026-09-11T02:07:15+09:00,2026/09/11,2026/12/10,2026-12,CALL,23750,41180,,,,,,,,,,,,,
2026/09/11 01:52,2026-09-11T02:07:15+09:00,2026/09/11,2026/12/10,2026-12,PUT,23750,6,,,,,,,,,,,,,
2026/09/11 01:52,2026-09-11T02:07:15+09:00,2026/09/11,2026/12/10,2026-12,CALL,23500,41430,,,,,,,,,,,,,
2026/09/11 01:52,2026-09-11T02:07:15+09:00,2026/09/11,2026/12/10,2026-12,PUT,23500,6,127,,,,,,,,,,,,
2026/09/11 01:52,2026-09-11T02:07:15+09:00,2026/09/11,2026/12/10,2026-12,CALL,23250,41675,,,,,,,,,,,,,
2026/09/11 01:52,2026-09-11T02:07:15+09:00,2026/09/11,2026/12/10,2026-12,PUT,23250,7,,,,69.4,,,7,1,,,,,
2026/09/11 01:52,2026-09-11T02:07:15+09:00,2026/09/11,2026/12/10,2026-12,CALL,23000,41925,,,,,,,,,,,,,
2026/09/11 01:52,2026-09-11T02:07:15+09:00,2026/09/11,2026/12/10,2026-12,PUT,23000,4,2106,,,63.15,,,2,1,,,,,
2026/09/11 01:52,2026-09-11T02:07:15+09:00,2026/09/11,2026/12/10,2026-12,CALL,22750,42175,,,,,,,,,,,,,
2026/09/11 01:52,2026-09-11T02:07:15+09:00,2026/09/11,2026/12/10,2026-12,PUT,22750,4,,,,,,,,,,,,,
2026/09/11 01:52,2026-09-11T02:07:15+09:00,2026/09/11,2026/12/10,2026-12,CALL,22500,42420,,,,,,,,,,,,,
2026/09/11 01:52,2026-09-11T02:07:15+09:00,2026/09/11,2026/12/10,2026-12,PUT,22500,3,150,,,,,,,,,,,,
2026/09/11 01:52,2026-09-11T02:07:15+09:00,2026/09/11,2026/12/10,2026-12,CALL,22250,42670,,,,,,,,,,,,,
2026/09/11 01:52,2026-09-11T02:07:15+09:00,2026/09/11,2026/12/10,2026-12,PUT,22250,3,,,,,,,,,,,,,
2026/09/11 01:52,2026-09-11T02:07:15+09:00,2026/09/11,2026/12/10,2026-12,CALL,22000,42920,100,,,,,,,,,,,,
2026/09/11 01:52,2026-09-11T02:07:15+09:00,2026/09/11,2026/12/10,2026-12,PUT,22000,2,1716,,98.64,62.54,100,1,1,2,,,,,
2026/09/11 01:52,2026-09-11T02:07:15+09:00,2026/09/11,2026/12/10,2026-12,CALL,21750,43170,,,,,,,,,,,,,
2026/09/11 01:52,2026-09-11T02:07:15+09:00,2026/09/11,2026/12/10,2026-12,PUT,21750,1,,,,,,,,,,,,,
2026/09/11 01:52,2026-09-11T02:07:15+09:00,2026/09/11,2026/12/10,2026-12,CALL,21500,43420,,,,,,,,,,,,,
2026/09/11 01:52,2026-09-11T02:07:15+09:00,2026/09/11,2026/12/10,2026-12,PUT,21500,1,500,,,,,,,,,,,,
2026/09/11 01:52,2026-09-11T02:07:15+09:00,2026/09/11,2026/12/10,2026-12,CALL,21250,43665,,,,,,,,,,,,,
2026/09/11 01:52,2026-09-11T02:07:15+09:00,2026/09/11,2026/12/10,2026-12,PUT,21250,1,,,,,,,,,,,,,
2026/09/11 01:52,2026-09-11T02:07:15+09:00,2026/09/11,2026/12/10,2026-12,CALL,21000,43915,,,,,,,,,,,,,
2026/09/11 01:52,2026-09-11T02:07:15+09:00,2026/09/11,2026/12/10,2026-12,PUT,21000,1,350,,,,,,,,,,,,
2026/09/11 01:52,2026-09-11T02:07:15+09:00,2026/09/11,2026/12/10,2026-12,CALL,20750,44165,,,,,,,,,,,,,
2026/09/11 01:52,2026-09-11T02:07:15+09:00,2026/09/11,2026/12/10,2026-12,PUT,20750,1,,,,,,,,,,,,,
2026/09/11 01:52,2026-09-11T02:07:15+09:00,2026/09/11,2026/12/10,2026-12,CALL,20500,44415,,,,,,,,,,,,,
2026/09/11 01:52,2026-09-11T02:07:15+09:00,2026/09/11,2026/12/10,2026-12,PUT,20500,1,,,,,,,,,,,,,
2026/09/11 01:52,2026-09-11T02:07:15+09:00,2026/09/11,2026/12/10,2026-12,CALL,20250,44665,,,,,,,,,,,,,
2026/09/11 01:52,2026-09-11T02:07:15+09:00,2026/09/11,2026/12/10,2026-12,PUT,20250,1,3,,,,,,,,,,,,
2026/09/11 01:52,2026-09-11T02:07:15+09:00,2026/09/11,2026/12/10,2026-12,CALL,20000,44910,150,,,,,,,,,,,,
2026/09/11 01:52,2026-09-11T02:07:15+09:00,2026/09/11,2026/12/10,2026-12,PUT,20000,9,2420,,84.68,81.14,14,1,9,1,,,,,
2026/09/11 01:52,2026-09-11T02:07:15+09:00,2026/09/11,2026/12/10,2026-12,CALL,19750,45160,,,,,,,,,,,,,
2026/09/11 01:52,2026-09-11T02:07:15+09:00,2026/09/11,2026/12/10,2026-12,PUT,19750,1,,,,,,,,,,,,,
2026/09/11 01:52,2026-09-11T02:07:15+09:00,2026/09/11,2026/12/10,2026-12,CALL,19500,45410,,,,,,,,,,,,,
2026/09/11 01:52,2026-09-11T02:07:15+09:00,2026/09/11,2026/12/10,2026-12,PUT,19500,1,,,,,,,,,,,,,
2026/09/11 01:52,2026-09-11T02:07:15+09:00,2026/09/11,2026/12/10,2026-12,CALL,19250,45660,,,,,,,,,,,,,
2026/09/11 01:52,2026-09-11T02:07:15+09:00,2026/09/11,2026/12/10,2026-12,PUT,19250,1,,,,,,,,,,,,,
2026/09/11 01:52,2026-09-11T02:07:15+09:00,2026/09/11,2026/12/10,2026-12,CALL,19000,45910,,,,,,,,,,,,,
2026/09/11 01:52,2026-09-11T02:07:15+09:00,2026/09/11,2026/12/10,2026-12,PUT,19000,1,650,,,70.86,,,1,1,,,,,
2026/09/11 01:52,2026-09-11T02:07:15+09:00,2026/09/11,2026/12/10,2026-12,CALL,18750,46155,,,,,,,,,,,,,
2026/09/11 01:52,2026-09-11T02:07:15+09:00,2026/09/11,2026/12/10,2026-12,PUT,18750,1,,,,,,,,,,,,,
2026/09/11 01:52,2026-09-11T02:07:15+09:00,2026/09/11,2026/12/10,2026-12,CALL,18500,46405,,,,,,,,,,,,,
2026/09/11 01:52,2026-09-11T02:07:15+09:00,2026/09/11,2026/12/10,2026-12,PUT,18500,1,,,,,,,,,,,,,
2026/09/11 01:52,2026-09-11T02:07:15+09:00,2026/09/11,2026/12/10,2026-12,CALL,18250,46655,,,,,,,,,,,,,
2026/09/11 01:52,2026-09-11T02:07:15+09:00,2026/09/11,2026/12/10,2026-12,PUT,18250,1,,,,,,,,,,,,,
2026/09/11 01:52,2026-09-11T02:07:15+09:00,2026/09/11,2026/12/10,2026-12,CALL,18000,46905,,,,,,,,,,,,,
2026/09/11 01:52,2026-09-11T02:07:15+09:00,2026/09/11,2026/12/10,2026-12,PUT,18000,2,153,,,77.77,,,2,1,,,,,
2026/09/11 01:52,2026-09-11T02:07:15+09:00,2026/09/11,2026/12/10,2026-12,CALL,17750,47155,,,,,,,,,,,,,
2026/09/11 01:52,2026-09-11T02:07:15+09:00,2026/09/11,2026/12/10,2026-12,PUT,17750,1,,,,,,,,,,,,,
2026/09/11 01:52,2026-09-11T02:07:15+09:00,2026/09/11,2026/12/10,2026-12,CALL,17500,47400,,,,,,,,,,,,,
2026/09/11 01:52,2026-09-11T02:07:15+09:00,2026/09/11,2026/12/10,2026-12,PUT,17500,1,,,,,,,,,,,,,
2026/09/11 01:52,2026-09-11T02:07:15+09:00,2026/09/11,2026/12/10,2026-12,CALL,17250,47650,,,,,,,,,,,,,
2026/09/11 01:52,2026-09-11T02:07:15+09:00,2026/09/11,2026/12/10,2026-12,PUT,17250,1,,,,,,,,,,,,,
2026/09/11 01:52,2026-09-11T02:07:15+09:00,2026/09/11,2026/12/10,2026-12,CALL,17000,47900,,,,,,,,,,,,,
2026/09/11 01:52,2026-09-11T02:07:15+09:00,2026/09/11,2026/12/10,2026-12,PUT,17000,1,3,,,,,,,,,,,,
2026/09/11 01:52,2026-09-11T02:07:15+09:00,2026/09/11,2026/12/10,2026-12,CALL,16750,48150,,,,,,,,,,,,,
2026/09/11 01:52,2026-09-11T02:07:15+09:00,2026/09/11,2026/12/10,2026-12,PUT,16750,1,,,,,,,,,,,,,
2026/09/11 01:52,2026-09-11T02:07:15+09:00,2026/09/11,2026/12/10,2026-12,CALL,16500,48400,,,,,,,,,,,,,
2026/09/11 01:52,2026-09-11T02:07:15+09:00,2026/09/11,2026/12/10,2026-12,PUT,16500,1,1,,,,,,,,,,,,
2026/09/11 01:52,2026-09-11T02:07:15+09:00,2026/09/11,2026/12/10,2026-12,CALL,16250,48645,,,,,,,,,,,,,
2026/09/11 01:52,2026-09-11T02:07:15+09:00,2026/09/11,2026/12/10,2026-12,PUT,16250,1,,,,,,,,,,,,,
2026/09/11 01:52,2026-09-11T02:07:15+09:00,2026/09/11,2026/12/10,2026-12,CALL,16000,48895,,,,,,,,,,,,,
2026/09/11 01:52,2026-09-11T02:07:15+09:00,2026/09/11,2026/12/10,2026-12,PUT,16000,1,3,,,80.65,,,1,1,,,,,
2026/09/11 01:52,2026-09-11T02:07:15+09:00,2026/09/11,2026/12/10,2026-12,CALL,15750,49145,,,,,,,,,,,,,
2026/09/11 01:52,2026-09-11T02:07:15+09:00,2026/09/11,2026/12/10,2026-12,PUT,15750,1,,,,,,,,,,,,,
2026/09/11 01:52,2026-09-11T02:07:15+09:00,2026/09/11,2026/12/10,2026-12,CALL,15500,49395,,,,,,,,,,,,,
2026/09/11 01:52,2026-09-11T02:07:15+09:00,2026/09/11,2026/12/10,2026-12,PUT,15500,1,,,,,,,,,,,,,
2026/09/11 01:52,2026-09-11T02:07:15+09:00,2026/09/11,2026/12/10,2026-12,CALL,15250,49645,,,,,,,,,,,,,
2026/09/11 01:52,2026-09-11T02:07:15+09:00,2026/09/11,2026/12/10,2026-12,PUT,15250,1,,,,,,,,,,,,,
2026/09/11 01:52,2026-09-11T02:07:15+09:00,2026/09/11,2026/12/10,2026-12,CALL,15000,49890,,,,,,,,,,,,,
2026/09/11 01:52,2026-09-11T02:07:15+09:00,2026/09/11,2026/12/10,2026-12,PUT,15000,2,4,,,88.69,,,2,1,,,,,
2026/09/11 01:52,2026-09-11T02:07:15+09:00,2026/09/11,2026/12/10,2026-12,CALL,14750,50140,,,,,,,,,,,,,
2026/09/11 01:52,2026-09-11T02:07:15+09:00,2026/09/11,2026/12/10,2026-12,PUT,14750,1,1,,,,,,,,,,,,
2026/09/11 01:52,2026-09-11T02:07:15+09:00,2026/09/11,2026/12/10,2026-12,CALL,14500,50390,,,,,,,,,,,,,
2026/09/11 01:52,2026-09-11T02:07:15+09:00,2026/09/11,2026/12/10,2026-12,PUT,14500,1,1,,,,,,,,,,,,
2026/09/11 01:52,2026-09-11T02:07:15+09:00,2026/09/11,2026/12/10,2026-12,CALL,14250,50640,,,,,,,,,,,,,
2026/09/11 01:52,2026-09-11T02:07:15+09:00,2026/09/11,2026/12/10,2026-12,PUT,14250,1,,,,,,,,,,,,,
2026/09/11 01:52,2026-09-11T02:07:15+09:00,2026/09/11,2026/12/10,2026-12,CALL,14000,50885,,,,,,,,,,,,,
2026/09/11 01:52,2026-09-11T02:07:15+09:00,2026/09/11,2026/12/10,2026-12,PUT,14000,2,11,,,92.84,,,2,1,,,,,
2026/09/11 01:52,2026-09-11T02:07:15+09:00,2026/09/11,2026/12/10,2026-12,CALL,13750,51135,,,,,,,,,,,,,
2026/09/11 01:52,2026-09-11T02:07:15+09:00,2026/09/11,2026/12/10,2026-12,PUT,13750,1,,,,,,,,,,,,,
2026/09/11 01:52,2026-09-11T02:07:15+09:00,2026/09/11,2026/12/10,2026-12,CALL,13500,51385,,,,,,,,,,,,,
2026/09/11 01:52,2026-09-11T02:07:15+09:00,2026/09/11,2026/12/10,2026-12,PUT,13500,1,100,,,90.37,,,1,100,,,,,
2026/09/11 01:52,2026-09-11T02:07:15+09:00,2026/09/11,2026/12/10,2026-12,CALL,13250,51635,,,,,,,,,,,,,
2026/09/11 01:52,2026-09-11T02:07:15+09:00,2026/09/11,2026/12/10,2026-12,PUT,13250,1,,,,,,,,,,,,,
2026/09/11 01:52,2026-09-11T02:07:15+09:00,2026/09/11,2026/12/10,2026-12,CALL,13000,51885,,,,,,,,,,,,,
2026/09/11 01:52,2026-09-11T02:07:15+09:00,2026/09/11,2026/12/10,2026-12,PUT,13000,3,5,3,,100.41,,,3,1,101.08,,,3,09/10 18:11
2026/09/11 01:52,2026-09-11T02:07:15+09:00,2026/09/11,2026/12/10,2026-12,CALL,12750,52130,,,,,,,,,,,,,
2026/09/11 01:52,2026-09-11T02:07:15+09:00,2026/09/11,2026/12/10,2026-12,PUT,12750,1,,,,93.66,,,1,1,,,,,
2026/09/11 01:52,2026-09-11T02:07:15+09:00,2026/09/11,2026/12/10,2026-12,CALL,12500,52380,84,,,,,,,,,,,,
2026/09/11 01:52,2026-09-11T02:07:15+09:00,2026/09/11,2026/12/10,2026-12,PUT,12500,2,858,9,105.27,102.85,4,2,3,1,105.32,2,100,4,09/11 00:24
