qri_update_time,collected_at,trading_day,last_trading_day,contract,option_type,strike,settlement,open_interest,volume,ask_iv,bid_iv,ask_price,ask_quantity,bid_price,bid_quantity,iv,change,change_percent,last_price,trade_time
2026/09/07 18:22,2026-09-07T18:37:58+09:00,2026/09/08,2026/09/10,2026-09,CALL,77000,1,,1,46.95,,1,169,,,46.82,0,0,1,09/07 17:20
2026/09/07 18:22,2026-09-07T18:37:58+09:00,2026/09/08,2026/09/10,2026-09,PUT,77000,10510,,,,,,,,,,,,,
2026/09/07 18:22,2026-09-07T18:37:58+09:00,2026/09/08,2026/09/10,2026-09,CALL,76500,1,,,45.11,,1,94,,,,,,,
2026/09/07 18:22,2026-09-07T18:37:58+09:00,2026/09/08,2026/09/10,2026-09,PUT,76500,10010,,,,,,,,,,,,,
2026/09/07 18:22,2026-09-07T18:37:58+09:00,2026/09/08,2026/09/10,2026-09,CALL,76000,1,,,43.24,,1,84,,,,,,,
2026/09/07 18:22,2026-09-07T18:37:58+09:00,2026/09/08,2026/09/10,2026-09,PUT,76000,9510,,,,,,,,,,,,,
2026/09/07 18:22,2026-09-07T18:37:58+09:00,2026/09/08,2026/09/10,2026-09,CALL,75500,1,,,41.36,,1,107,,,,,,,
2026/09/07 18:22,2026-09-07T18:37:58+09:00,2026/09/08,2026/09/10,2026-09,PUT,75500,9010,,,,,,,,,,,,,
2026/09/07 18:22,2026-09-07T18:37:58+09:00,2026/09/08,2026/09/10,2026-09,CALL,75375,1,,,51.55,,10,14,,,,,,,
2026/09/07 18:22,2026-09-07T18:37:58+09:00,2026/09/08,2026/09/10,2026-09,PUT,75375,8885,,,,,,,,,,,,,
2026/09/07 18:22,2026-09-07T18:37:58+09:00,2026/09/08,2026/09/10,2026-09,CALL,75250,1,,,40.41,,1,55,,,,,,,
2026/09/07 18:22,2026-09-07T18:37:58+09:00,2026/09/08,2026/09/10,2026-09,PUT,75250,8760,,,,,,,,,,,,,
2026/09/07 18:22,2026-09-07T18:37:58+09:00,2026/09/08,2026/09/10,2026-09,CALL,75125,1,,,50.4,,10,14,,,,,,,
2026/09/07 18:22,2026-09-07T18:37:58+09:00,2026/09/08,2026/09/10,2026-09,PUT,75125,8635,,,,,,,,,,,,,
2026/09/07 18:22,2026-09-07T18:37:58+09:00,2026/09/08,2026/09/10,2026-09,CALL,75000,1,,1,39.46,,1,199,,,38.52,0,0,1,09/07 17:00
2026/09/07 18:22,2026-09-07T18:37:58+09:00,2026/09/08,2026/09/10,2026-09,PUT,75000,8510,,,,,,,,,,,,,
2026/09/07 18:22,2026-09-07T18:37:58+09:00,2026/09/08,2026/09/10,2026-09,CALL,74875,1,,,49.24,,10,14,,,,,,,
2026/09/07 18:22,2026-09-07T18:37:58+09:00,2026/09/08,2026/09/10,2026-09,PUT,74875,8385,,,,,,,,,,,,,
2026/09/07 18:22,2026-09-07T18:37:58+09:00,2026/09/08,2026/09/10,2026-09,CALL,74750,1,,,49.24,,11,17,,,,,,,
2026/09/07 18:22,2026-09-07T18:37:58+09:00,2026/09/08,2026/09/10,2026-09,PUT,74750,8260,,,,,,,,,,,,,
2026/09/07 18:22,2026-09-07T18:37:58+09:00,2026/09/08,2026/09/10,2026-09,CALL,74625,1,,,38.02,,1,4,,,,,,,
2026/09/07 18:22,2026-09-07T18:37:58+09:00,2026/09/08,2026/09/10,2026-09,PUT,74625,8135,,,,,,,,,,,,,
2026/09/07 18:22,2026-09-07T18:37:58+09:00,2026/09/08,2026/09/10,2026-09,CALL,74500,1,,2,37.53,,1,50,,,37.25,,,1,09/07 17:38
2026/09/07 18:22,2026-09-07T18:37:58+09:00,2026/09/08,2026/09/10,2026-09,PUT,74500,8010,,,,,,,,,,,,,
2026/09/07 18:22,2026-09-07T18:37:58+09:00,2026/09/08,2026/09/10,2026-09,CALL,74375,1,,,46.91,,10,14,,,,,,,
2026/09/07 18:22,2026-09-07T18:37:58+09:00,2026/09/08,2026/09/10,2026-09,PUT,74375,7885,,,,,,,,,,,,,
2026/09/07 18:22,2026-09-07T18:37:58+09:00,2026/09/08,2026/09/10,2026-09,CALL,74250,1,,,46.87,,11,17,,,,,,,
2026/09/07 18:22,2026-09-07T18:37:58+09:00,2026/09/08,2026/09/10,2026-09,PUT,74250,7760,,,,,,,,,,,,,
2026/09/07 18:22,2026-09-07T18:37:58+09:00,2026/09/08,2026/09/10,2026-09,CALL,74125,1,,,46.28,,11,14,,,,,,,
2026/09/07 18:22,2026-09-07T18:37:58+09:00,2026/09/08,2026/09/10,2026-09,PUT,74125,7635,,,,,,,,,,,,,
2026/09/07 18:22,2026-09-07T18:37:58+09:00,2026/09/08,2026/09/10,2026-09,CALL,74000,1,,6,35.59,,1,232,,,35.59,0,0,1,09/07 18:19
2026/09/07 18:22,2026-09-07T18:37:58+09:00,2026/09/08,2026/09/10,2026-09,PUT,74000,7510,,,,,,,,,,,,,
2026/09/07 18:22,2026-09-07T18:37:58+09:00,2026/09/08,2026/09/10,2026-09,CALL,73875,1,,,45.08,,11,14,,,,,,,
2026/09/07 18:22,2026-09-07T18:37:58+09:00,2026/09/08,2026/09/10,2026-09,PUT,73875,7385,,,,,,,,,,,,,
2026/09/07 18:22,2026-09-07T18:37:58+09:00,2026/09/08,2026/09/10,2026-09,CALL,73750,1,,,34.61,,1,50,,,,,,,
2026/09/07 18:22,2026-09-07T18:37:58+09:00,2026/09/08,2026/09/10,2026-09,PUT,73750,7260,,,,,,,,,,,,,
2026/09/07 18:22,2026-09-07T18:37:58+09:00,2026/09/08,2026/09/10,2026-09,CALL,73625,1,,,43.87,,11,14,,,,,,,
2026/09/07 18:22,2026-09-07T18:37:58+09:00,2026/09/08,2026/09/10,2026-09,PUT,73625,7140,,,,,,,,,,,,,
2026/09/07 18:22,2026-09-07T18:37:58+09:00,2026/09/08,2026/09/10,2026-09,CALL,73500,1,,210,33.62,,1,225,,,33.35,0,0,1,09/07 17:34
2026/09/07 18:22,2026-09-07T18:37:58+09:00,2026/09/08,2026/09/10,2026-09,PUT,73500,7015,,,,,,,,,,,,,
2026/09/07 18:22,2026-09-07T18:37:58+09:00,2026/09/08,2026/09/10,2026-09,CALL,73375,2,,,43.14,,12,18,,,,,,,
2026/09/07 18:22,2026-09-07T18:37:58+09:00,2026/09/08,2026/09/10,2026-09,PUT,73375,6890,,,,,,,,,,,,,
2026/09/07 18:22,2026-09-07T18:37:58+09:00,2026/09/08,2026/09/10,2026-09,CALL,73250,2,,,34.78,,2,49,,,,,,,
2026/09/07 18:22,2026-09-07T18:37:58+09:00,2026/09/08,2026/09/10,2026-09,PUT,73250,6765,,,,,,,,,,,,,
2026/09/07 18:22,2026-09-07T18:37:58+09:00,2026/09/08,2026/09/10,2026-09,CALL,73125,2,,,34.25,,2,4,,,,,,,
2026/09/07 18:22,2026-09-07T18:37:58+09:00,2026/09/08,2026/09/10,2026-09,PUT,73125,6640,,,,,,,,,,,,,
2026/09/07 18:22,2026-09-07T18:37:58+09:00,2026/09/08,2026/09/10,2026-09,CALL,73000,2,,6,33.72,31.63,2,65,1,36,33.39,0,0,2,09/07 17:32
2026/09/07 18:22,2026-09-07T18:37:58+09:00,2026/09/08,2026/09/10,2026-09,PUT,73000,6515,,,,,,,,,,,,,
2026/09/07 18:22,2026-09-07T18:37:58+09:00,2026/09/08,2026/09/10,2026-09,CALL,72875,2,,,40.2,,11,4,,,,,,,
2026/09/07 18:22,2026-09-07T18:37:58+09:00,2026/09/08,2026/09/10,2026-09,PUT,72875,6390,,,,,,,,,,,,,
2026/09/07 18:22,2026-09-07T18:37:58+09:00,2026/09/08,2026/09/10,2026-09,CALL,72750,2,,,32.66,30.62,2,50,1,72,,,,,
2026/09/07 18:22,2026-09-07T18:37:58+09:00,2026/09/08,2026/09/10,2026-09,PUT,72750,6265,,,,,,,,,,,,,
2026/09/07 18:22,2026-09-07T18:37:58+09:00,2026/09/08,2026/09/10,2026-09,CALL,72625,3,,,38.96,,11,4,,,,,,,
2026/09/07 18:22,2026-09-07T18:37:58+09:00,2026/09/08,2026/09/10,2026-09,PUT,72625,6140,,,,,,,,,,,,,
2026/09/07 18:22,2026-09-07T18:37:58+09:00,2026/09/08,2026/09/10,2026-09,CALL,72500,2,,5,32.92,31.59,3,40,2,1,31.4,0,0,2,09/07 17:11
2026/09/07 18:22,2026-09-07T18:37:58+09:00,2026/09/08,2026/09/10,2026-09,PUT,72500,6015,,,,,,,,,,,,,
2026/09/07 18:22,2026-09-07T18:37:58+09:00,2026/09/08,2026/09/10,2026-09,CALL,72375,3,,,38.15,31.06,12,4,2,4,,,,,
2026/09/07 18:22,2026-09-07T18:37:58+09:00,2026/09/08,2026/09/10,2026-09,PUT,72375,5890,,,,,,,,,,,,,
2026/09/07 18:22,2026-09-07T18:37:58+09:00,2026/09/08,2026/09/10,2026-09,CALL,72250,3,,6,32.81,31.81,4,40,3,3,31.19,0,0,3,09/07 17:50
2026/09/07 18:22,2026-09-07T18:37:58+09:00,2026/09/08,2026/09/10,2026-09,PUT,72250,5765,,,,,,,,,,,,,
2026/09/07 18:22,2026-09-07T18:37:58+09:00,2026/09/08,2026/09/10,2026-09,CALL,72125,4,,,33.06,31.25,5,33,3,4,,,,,
2026/09/07 18:22,2026-09-07T18:37:58+09:00,2026/09/08,2026/09/10,2026-09,PUT,72125,5640,,,,,,,,,,,,,
2026/09/07 18:22,2026-09-07T18:37:58+09:00,2026/09/08,2026/09/10,2026-09,CALL,72000,3,,99,31.66,30.69,4,10,3,99,31.66,1,33.33,4,09/07 18:21
2026/09/07 18:22,2026-09-07T18:37:58+09:00,2026/09/08,2026/09/10,2026-09,PUT,72000,5515,,,,,,,,,,,,,
2026/09/07 18:22,2026-09-07T18:37:58+09:00,2026/09/08,2026/09/10,2026-09,CALL,71875,4,,,32.58,30.13,6,33,3,84,,,,,
2026/09/07 18:22,2026-09-07T18:37:58+09:00,2026/09/08,2026/09/10,2026-09,PUT,71875,5390,,,,,,,,,,,,,
2026/09/07 18:22,2026-09-07T18:37:58+09:00,2026/09/08,2026/09/10,2026-09,CALL,71750,6,,,31.98,30.51,6,16,4,76,,,,,
2026/09/07 18:22,2026-09-07T18:37:58+09:00,2026/09/08,2026/09/10,2026-09,PUT,71750,5265,,,,,,,,,,,,,
2026/09/07 18:22,2026-09-07T18:37:58+09:00,2026/09/08,2026/09/10,2026-09,CALL,71625,6,,,32.51,30.7,8,33,5,4,,,,,
2026/09/07 18:22,2026-09-07T18:37:58+09:00,2026/09/08,2026/09/10,2026-09,PUT,71625,5145,,,55.54,,5605,2,4815,2,,,,,
2026/09/07 18:22,2026-09-07T18:37:58+09:00,2026/09/08,2026/09/10,2026-09,CALL,71500,6,,15,31.89,30.77,8,23,6,1,30.98,1,16.67,7,09/07 17:45
2026/09/07 18:22,2026-09-07T18:37:58+09:00,2026/09/08,2026/09/10,2026-09,PUT,71500,5020,,,54.64,,5480,1,4690,1,,,,,
2026/09/07 18:22,2026-09-07T18:37:58+09:00,2026/09/08,2026/09/10,2026-09,CALL,71375,8,,,32.61,28.75,11,33,4,33,,,,,
2026/09/07 18:22,2026-09-07T18:37:58+09:00,2026/09/08,2026/09/10,2026-09,PUT,71375,4895,,,53.72,,5355,2,4570,2,,,,,
2026/09/07 18:22,2026-09-07T18:37:58+09:00,2026/09/08,2026/09/10,2026-09,CALL,71250,9,,,32.35,30.12,12,37,7,20,,,,,
2026/09/07 18:22,2026-09-07T18:37:58+09:00,2026/09/08,2026/09/10,2026-09,PUT,71250,4770,,,52.81,,5230,1,4445,1,,,,,
2026/09/07 18:22,2026-09-07T18:37:58+09:00,2026/09/08,2026/09/10,2026-09,CALL,71125,10,,,32.39,30,14,33,8,19,,,,,
2026/09/07 18:22,2026-09-07T18:37:58+09:00,2026/09/08,2026/09/10,2026-09,PUT,71125,4645,,,52.3,,5110,2,4320,2,,,,,
2026/09/07 18:22,2026-09-07T18:37:58+09:00,2026/09/08,2026/09/10,2026-09,CALL,71000,11,,106,30.65,30.25,11,9,10,43,30.65,0,0,11,09/07 18:19
2026/09/07 18:22,2026-09-07T18:37:58+09:00,2026/09/08,2026/09/10,2026-09,PUT,71000,4525,,,51.37,,4985,4,4195,4,,,,,
2026/09/07 18:22,2026-09-07T18:37:58+09:00,2026/09/08,2026/09/10,2026-09,CALL,70875,12,,,32.77,30.36,20,24,12,1,,,,,
2026/09/07 18:22,2026-09-07T18:37:58+09:00,2026/09/08,2026/09/10,2026-09,PUT,70875,4400,,,50.43,,4860,2,4070,2,,,,,
2026/09/07 18:22,2026-09-07T18:37:58+09:00,2026/09/08,2026/09/10,2026-09,CALL,70750,14,,21,30.67,30.04,15,6,13,1,29.55,-2,-14.29,12,09/07 17:13
2026/09/07 18:22,2026-09-07T18:37:58+09:00,2026/09/08,2026/09/10,2026-09,PUT,70750,4275,,,49.89,,4740,1,3950,1,,,,,
2026/09/07 18:22,2026-09-07T18:37:58+09:00,2026/09/08,2026/09/10,2026-09,CALL,70625,17,,,32.29,27.88,24,23,9,23,,,,,
2026/09/07 18:22,2026-09-07T18:37:58+09:00,2026/09/08,2026/09/10,2026-09,PUT,70625,4155,,,46.05,,4580,2,4170,2,,,,,
2026/09/07 18:22,2026-09-07T18:37:58+09:00,2026/09/08,2026/09/10,2026-09,CALL,70500,20,,2,30.13,29.86,18,1,17,1,30.01,-1,-5,19,09/07 17:27
2026/09/07 18:22,2026-09-07T18:37:58+09:00,2026/09/08,2026/09/10,2026-09,PUT,70500,4030,,,50.22,,4520,1,4040,3,,,,,
2026/09/07 18:22,2026-09-07T18:37:58+09:00,2026/09/08,2026/09/10,2026-09,CALL,70375,22,,,31.84,28.3,29,23,14,23,,,,,
2026/09/07 18:22,2026-09-07T18:37:58+09:00,2026/09/08,2026/09/10,2026-09,PUT,70375,3910,,,41.96,,4305,3,3875,8,,,,,
2026/09/07 18:22,2026-09-07T18:37:58+09:00,2026/09/08,2026/09/10,2026-09,CALL,70250,26,,14,30.29,29.65,25,1,22,1,29.49,3,13.64,25,09/07 17:50
2026/09/07 18:22,2026-09-07T18:37:58+09:00,2026/09/08,2026/09/10,2026-09,PUT,70250,3790,,,40.11,,4170,2,3750,8,,,,,
2026/09/07 18:22,2026-09-07T18:37:58+09:00,2026/09/08,2026/09/10,2026-09,CALL,70125,32,,,31.54,26.61,36,23,13,23,,,,,
2026/09/07 18:22,2026-09-07T18:37:58+09:00,2026/09/08,2026/09/10,2026-09,PUT,70125,3670,,,43.12,,4090,6,3630,8,,,,,
2026/09/07 18:22,2026-09-07T18:37:58+09:00,2026/09/08,2026/09/10,2026-09,CALL,70000,35,,21,29.92,29.37,31,1,28,3,29.74,-5,-14.29,30,09/07 18:19
2026/09/07 18:22,2026-09-07T18:37:58+09:00,2026/09/08,2026/09/10,2026-09,PUT,70000,3550,,,51.36,,4100,22,3610,22,,,,,
2026/09/07 18:22,2026-09-07T18:37:58+09:00,2026/09/08,2026/09/10,2026-09,CALL,69875,42,,,31.44,27.43,46,22,22,22,,,,,
2026/09/07 18:22,2026-09-07T18:37:58+09:00,2026/09/08,2026/09/10,2026-09,PUT,69875,3430,,,40.79,,3835,3,3380,8,,,,,
2026/09/07 18:22,2026-09-07T18:37:58+09:00,2026/09/08,2026/09/10,2026-09,CALL,69750,46,,5,29.91,29.17,41,1,36,1,29.35,-6,-13.04,40,09/07 17:39
2026/09/07 18:22,2026-09-07T18:37:58+09:00,2026/09/08,2026/09/10,2026-09,PUT,69750,3310,,,46.43,,3805,2,3255,8,,,,,
2026/09/07 18:22,2026-09-07T18:37:58+09:00,2026/09/08,2026/09/10,2026-09,CALL,69625,55,,,30.18,28.96,49,2,40,18,,,,,
2026/09/07 18:22,2026-09-07T18:37:58+09:00,2026/09/08,2026/09/10,2026-09,PUT,69625,3190,,,37.25,,3565,7,3135,8,,,,,
2026/09/07 18:22,2026-09-07T18:37:58+09:00,2026/09/08,2026/09/10,2026-09,CALL,69500,60,,10,29.58,28.95,51,1,46,1,29.03,-6,-10,54,09/07 17:50
2026/09/07 18:22,2026-09-07T18:37:58+09:00,2026/09/08,2026/09/10,2026-09,PUT,69500,3075,,,40.03,,3490,3,3005,11,,,,,
2026/09/07 18:22,2026-09-07T18:37:58+09:00,2026/09/08,2026/09/10,2026-09,CALL,69375,73,,,30.1,28.73,63,8,51,2,,,,,
2026/09/07 18:22,2026-09-07T18:37:58+09:00,2026/09/08,2026/09/10,2026-09,PUT,69375,2960,,,41.65,,3405,7,2890,8,,,,,
2026/09/07 18:22,2026-09-07T18:37:58+09:00,2026/09/08,2026/09/10,2026-09,CALL,69250,79,,3,29.53,29.11,66,1,62,1,29.2,2,3.03,68,09/07 17:26
2026/09/07 18:22,2026-09-07T18:37:58+09:00,2026/09/08,2026/09/10,2026-09,PUT,69250,2845,,,33.12,,3175,2,2765,8,,,,,
2026/09/07 18:22,2026-09-07T18:37:58+09:00,2026/09/08,2026/09/10,2026-09,CALL,69125,101,,,30.89,28.63,90,3,66,18,,,,,
2026/09/07 18:22,2026-09-07T18:37:58+09:00,2026/09/08,2026/09/10,2026-09,PUT,69125,2740,,,41.29,,3185,3,2650,8,,,,,
2026/09/07 18:22,2026-09-07T18:37:58+09:00,2026/09/08,2026/09/10,2026-09,CALL,69000,102,,40,29.23,28.87,82,1,78,5,28.95,-20,-19.61,82,09/07 18:15
2026/09/07 18:22,2026-09-07T18:37:58+09:00,2026/09/08,2026/09/10,2026-09,PUT,69000,2620,,,38.39,,3030,4,2495,22,,,,,
2026/09/07 18:22,2026-09-07T18:37:58+09:00,2026/09/08,2026/09/10,2026-09,CALL,68875,116,,,29.39,28.55,95,3,85,14,,,,,
2026/09/07 18:22,2026-09-07T18:37:58+09:00,2026/09/08,2026/09/10,2026-09,PUT,68875,2505,,,41.81,,2985,3,2420,8,,,,,
2026/09/07 18:22,2026-09-07T18:37:58+09:00,2026/09/08,2026/09/10,2026-09,CALL,68750,131,,2,29.2,28.57,105,1,97,1,28.52,-21,-16.03,110,09/07 17:49
2026/09/07 18:22,2026-09-07T18:37:58+09:00,2026/09/08,2026/09/10,2026-09,PUT,68750,2395,,,33.08,25.29,2730,5,2630,11,,,,,
2026/09/07 18:22,2026-09-07T18:37:58+09:00,2026/09/08,2026/09/10,2026-09,CALL,68625,148,,,29.23,28.5,119,5,109,3,,,,,
2026/09/07 18:22,2026-09-07T18:37:58+09:00,2026/09/08,2026/09/10,2026-09,PUT,68625,2285,,,42.48,,2795,3,2200,3,,,,,
2026/09/07 18:22,2026-09-07T18:37:58+09:00,2026/09/08,2026/09/10,2026-09,CALL,68500,165,,9,29.22,28.68,134,3,126,5,28.71,-32,-19.39,133,09/07 17:47
2026/09/07 18:22,2026-09-07T18:37:58+09:00,2026/09/08,2026/09/10,2026-09,PUT,68500,2185,,,32.14,25.63,2500,5,2405,16,,,,,
2026/09/07 18:22,2026-09-07T18:37:58+09:00,2026/09/08,2026/09/10,2026-09,CALL,68375,185,,,29.18,28.42,150,3,138,2,,,,,
2026/09/07 18:22,2026-09-07T18:37:58+09:00,2026/09/08,2026/09/10,2026-09,PUT,68375,2075,,,43.26,,2615,3,1985,3,,,,,
2026/09/07 18:22,2026-09-07T18:37:58+09:00,2026/09/08,2026/09/10,2026-09,CALL,68250,206,,,29.11,28.45,167,2,156,1,,,,,
2026/09/07 18:22,2026-09-07T18:37:58+09:00,2026/09/08,2026/09/10,2026-09,PUT,68250,1975,,,32.38,25.47,2295,5,2180,5,,,,,
2026/09/07 18:22,2026-09-07T18:37:58+09:00,2026/09/08,2026/09/10,2026-09,CALL,68125,228,,,29.06,28.09,186,2,169,3,,,,,
2026/09/07 18:22,2026-09-07T18:37:58+09:00,2026/09/08,2026/09/10,2026-09,PUT,68125,1870,,,37.61,,2300,8,1770,8,,,,,
2026/09/07 18:22,2026-09-07T18:37:58+09:00,2026/09/08,2026/09/10,2026-09,CALL,68000,255,,45,28.64,28.42,200,1,196,1,28.66,-50,-19.61,205,09/07 18:17
2026/09/07 18:22,2026-09-07T18:37:58+09:00,2026/09/08,2026/09/10,2026-09,PUT,68000,1780,,,29.96,26.41,2045,4,1980,22,,,,,
2026/09/07 18:22,2026-09-07T18:37:58+09:00,2026/09/08,2026/09/10,2026-09,CALL,67875,279,,,28.98,28.26,230,3,216,2,,,,,
2026/09/07 18:22,2026-09-07T18:37:58+09:00,2026/09/08,2026/09/10,2026-09,PUT,67875,1675,,,33.33,,2015,7,1575,8,,,,,
2026/09/07 18:22,2026-09-07T18:37:58+09:00,2026/09/08,2026/09/10,2026-09,CALL,67750,310,,1,28.89,28.21,254,2,240,1,28.56,11,4.37,263,09/07 17:30
2026/09/07 18:22,2026-09-07T18:37:58+09:00,2026/09/08,2026/09/10,2026-09,PUT,67750,1580,,,34.24,26.2,1940,6,1770,12,,,,,
2026/09/07 18:22,2026-09-07T18:37:58+09:00,2026/09/08,2026/09/10,2026-09,CALL,67625,345,,,28.89,28.05,282,1,264,1,,,,,
2026/09/07 18:22,2026-09-07T18:37:58+09:00,2026/09/08,2026/09/10,2026-09,PUT,67625,1490,,,31.07,,1775,3,1390,8,,,,,
2026/09/07 18:22,2026-09-07T18:37:58+09:00,2026/09/08,2026/09/10,2026-09,CALL,67500,400,,3,28.79,28.08,310,1,294,2,28.28,-95,-23.75,305,09/07 18:17
2026/09/07 18:22,2026-09-07T18:37:58+09:00,2026/09/08,2026/09/10,2026-09,PUT,67500,1405,,,29.23,26.53,1640,4,1580,16,,,,,
2026/09/07 18:22,2026-09-07T18:37:58+09:00,2026/09/08,2026/09/10,2026-09,CALL,67375,420,,,29.32,28.03,355,11,325,2,,,,,
2026/09/07 18:22,2026-09-07T18:37:58+09:00,2026/09/08,2026/09/10,2026-09,PUT,67375,1315,,,37.51,14.55,1750,3,1255,3,,,,,
2026/09/07 18:22,2026-09-07T18:37:58+09:00,2026/09/08,2026/09/10,2026-09,CALL,67250,450,,,28.46,28.05,370,1,360,5,,,,,
2026/09/07 18:22,2026-09-07T18:37:58+09:00,2026/09/08,2026/09/10,2026-09,PUT,67250,1235,,,30.72,26.58,1495,9,1395,11,,,,,
2026/09/07 18:22,2026-09-07T18:37:58+09:00,2026/09/08,2026/09/10,2026-09,CALL,67125,515,,,28.76,27.96,415,11,395,2,,,,,
2026/09/07 18:22,2026-09-07T18:37:58+09:00,2026/09/08,2026/09/10,2026-09,PUT,67125,1155,,,33.9,23.2,1490,3,1225,8,,,,,
2026/09/07 18:22,2026-09-07T18:37:58+09:00,2026/09/08,2026/09/10,2026-09,CALL,67000,550,,13,28.54,27.96,450,3,435,6,28.79,-60,-10.91,490,09/07 18:02
2026/09/07 18:22,2026-09-07T18:37:58+09:00,2026/09/08,2026/09/10,2026-09,PUT,67000,1075,,,28.74,25.38,1275,4,1190,26,,,,,
2026/09/07 18:22,2026-09-07T18:37:58+09:00,2026/09/08,2026/09/10,2026-09,CALL,66875,595,,,29.18,27.84,510,10,475,2,,,,,
2026/09/07 18:22,2026-09-07T18:37:58+09:00,2026/09/08,2026/09/10,2026-09,PUT,66875,1000,,,28.99,25.91,1200,10,1120,10,,,,,
2026/09/07 18:22,2026-09-07T18:37:58+09:00,2026/09/08,2026/09/10,2026-09,CALL,66750,625,,,28.38,27.81,535,3,520,3,,,,,
2026/09/07 18:22,2026-09-07T18:37:58+09:00,2026/09/08,2026/09/10,2026-09,PUT,66750,925,,,28.94,26.3,1120,4,1050,11,,,,,
2026/09/07 18:22,2026-09-07T18:37:58+09:00,2026/09/08,2026/09/10,2026-09,CALL,66625,715,,,29.7,27.67,620,9,565,2,,,,,
2026/09/07 18:22,2026-09-07T18:37:58+09:00,2026/09/08,2026/09/10,2026-09,PUT,66625,870,,,29.89,26.19,1070,8,970,14,,,,,
2026/09/07 18:22,2026-09-07T18:37:58+09:00,2026/09/08,2026/09/10,2026-09,CALL,66500,735,,1,28.33,27.78,635,3,620,17,28.03,-40,-5.44,695,09/07 17:07
2026/09/07 18:22,2026-09-07T18:37:58+09:00,2026/09/08,2026/09/10,2026-09,PUT,66500,805,,,28.7,26.13,965,6,895,20,,,,,
2026/09/07 18:22,2026-09-07T18:37:58+09:00,2026/09/08,2026/09/10,2026-09,CALL,66375,850,,,29.77,27.41,730,17,665,2,,,,,
2026/09/07 18:22,2026-09-07T18:37:58+09:00,2026/09/08,2026/09/10,2026-09,PUT,66375,735,,,28.5,26.32,890,4,830,15,,,,,
2026/09/07 18:22,2026-09-07T18:37:58+09:00,2026/09/08,2026/09/10,2026-09,CALL,66250,900,,,28.38,27.84,750,5,735,1,,,,,
2026/09/07 18:22,2026-09-07T18:37:58+09:00,2026/09/08,2026/09/10,2026-09,PUT,66250,720,,2,28.38,27.66,820,3,800,3,28.11,60,8.33,780,09/07 18:12
2026/09/07 18:22,2026-09-07T18:37:58+09:00,2026/09/08,2026/09/10,2026-09,CALL,66125,990,,,29.77,26.51,850,15,760,4,,,,,
2026/09/07 18:22,2026-09-07T18:37:58+09:00,2026/09/08,2026/09/10,2026-09,PUT,66125,625,,,28.87,27.24,770,2,725,9,,,,,
2026/09/07 18:22,2026-09-07T18:37:58+09:00,2026/09/08,2026/09/10,2026-09,CALL,66000,1050,,4,29.61,27.79,910,25,860,25,28.36,-40,-4.28,895,09/07 18:15
2026/09/07 18:22,2026-09-07T18:37:58+09:00,2026/09/08,2026/09/10,2026-09,PUT,66000,610,,10,28.33,27.97,695,1,685,2,28.33,85,13.93,695,09/07 18:22
2026/09/07 18:22,2026-09-07T18:37:58+09:00,2026/09/08,2026/09/10,2026-09,CALL,65875,1140,,,29.33,27.86,970,10,930,4,,,,,
2026/09/07 18:22,2026-09-07T18:37:58+09:00,2026/09/08,2026/09/10,2026-09,PUT,65875,525,,,28.59,27.12,645,2,605,9,,,,,
2026/09/07 18:22,2026-09-07T18:37:58+09:00,2026/09/08,2026/09/10,2026-09,CALL,65750,1215,,,31.15,27.81,1090,15,1000,11,,,,,
2026/09/07 18:22,2026-09-07T18:37:58+09:00,2026/09/08,2026/09/10,2026-09,PUT,65750,480,,1,28.55,28,590,3,575,11,28.6,40,7.62,565,09/07 18:12
2026/09/07 18:22,2026-09-07T18:37:58+09:00,2026/09/08,2026/09/10,2026-09,CALL,65625,1300,,,37.77,26.12,1340,8,1030,7,,,,,
2026/09/07 18:22,2026-09-07T18:37:58+09:00,2026/09/08,2026/09/10,2026-09,PUT,65625,435,,,28.78,27.64,545,2,515,10,,,,,
2026/09/07 18:22,2026-09-07T18:37:58+09:00,2026/09/08,2026/09/10,2026-09,CALL,65500,1390,,2,30.43,27.92,1220,17,1155,16,28.31,0,0,1230,09/07 17:59
2026/09/07 18:22,2026-09-07T18:37:58+09:00,2026/09/08,2026/09/10,2026-09,PUT,65500,405,,,28.7,28.31,495,5,485,4,,,,,
2026/09/07 18:22,2026-09-07T18:37:58+09:00,2026/09/08,2026/09/10,2026-09,CALL,65375,1470,,,39.14,24.07,1525,3,1140,3,,,,,
2026/09/07 18:22,2026-09-07T18:37:58+09:00,2026/09/08,2026/09/10,2026-09,PUT,65375,370,,,29.09,28.1,460,3,435,11,,,,,
2026/09/07 18:22,2026-09-07T18:37:58+09:00,2026/09/08,2026/09/10,2026-09,CALL,65250,1565,,,33.58,27.55,1460,5,1310,4,,,,,
2026/09/07 18:22,2026-09-07T18:37:58+09:00,2026/09/08,2026/09/10,2026-09,PUT,65250,325,,4,28.98,28.37,415,5,400,5,29.25,,,400,09/07 17:30
2026/09/07 18:22,2026-09-07T18:37:58+09:00,2026/09/08,2026/09/10,2026-09,CALL,65125,1665,,,40.84,27.04,1725,3,1385,1,,,,,
2026/09/07 18:22,2026-09-07T18:37:58+09:00,2026/09/08,2026/09/10,2026-09,PUT,65125,300,,,29.16,28.53,380,2,365,11,,,,,
2026/09/07 18:22,2026-09-07T18:37:58+09:00,2026/09/08,2026/09/10,2026-09,CALL,65000,1755,,5,30.74,28.36,1560,22,1505,4,29.36,55,3.51,1620,09/07 17:49
2026/09/07 18:22,2026-09-07T18:37:58+09:00,2026/09/08,2026/09/10,2026-09,PUT,65000,275,,20,29.23,28.8,345,1,335,5,29.06,50,18.18,325,09/07 18:13
2026/09/07 18:22,2026-09-07T18:37:58+09:00,2026/09/08,2026/09/10,2026-09,CALL,64875,1860,,,41.7,22.71,1910,3,1480,3,,,,,
2026/09/07 18:22,2026-09-07T18:37:58+09:00,2026/09/08,2026/09/10,2026-09,PUT,64875,245,,,29.64,28.6,320,2,297,12,,,,,
2026/09/07 18:22,2026-09-07T18:37:58+09:00,2026/09/08,2026/09/10,2026-09,CALL,64750,1970,,,33.38,27.83,1800,5,1680,4,,,,,
2026/09/07 18:22,2026-09-07T18:37:58+09:00,2026/09/08,2026/09/10,2026-09,PUT,64750,245,,,29.64,29.07,288,1,276,2,,,,,
2026/09/07 18:22,2026-09-07T18:37:58+09:00,2026/09/08,2026/09/10,2026-09,CALL,64625,2070,,,44.82,,2155,8,1530,7,,,,,
2026/09/07 18:22,2026-09-07T18:37:58+09:00,2026/09/08,2026/09/10,2026-09,PUT,64625,203,,,29.86,29.22,263,1,250,1,,,,,
2026/09/07 18:22,2026-09-07T18:37:58+09:00,2026/09/08,2026/09/10,2026-09,CALL,64500,2180,,1,31.59,28.52,1950,16,1890,4,29.98,-80,-3.94,1950,09/07 17:14
2026/09/07 18:22,2026-09-07T18:37:58+09:00,2026/09/08,2026/09/10,2026-09,PUT,64500,189,,7,29.98,29.52,238,1,229,1,29.67,43,22.75,232,09/07 18:18
2026/09/07 18:22,2026-09-07T18:37:58+09:00,2026/09/08,2026/09/10,2026-09,CALL,64375,2280,,,46.33,24.18,2365,3,1920,7,,,,,
2026/09/07 18:22,2026-09-07T18:37:58+09:00,2026/09/08,2026/09/10,2026-09,PUT,64375,164,,,30.42,29.56,221,3,205,2,,,,,
2026/09/07 18:22,2026-09-07T18:37:58+09:00,2026/09/08,2026/09/10,2026-09,CALL,64250,1570,,,38.07,27.62,2275,5,2080,4,,,,,
2026/09/07 18:22,2026-09-07T18:37:58+09:00,2026/09/08,2026/09/10,2026-09,PUT,64250,153,,,30.46,29.83,198,1,187,1,,,,,
2026/09/07 18:22,2026-09-07T18:37:58+09:00,2026/09/08,2026/09/10,2026-09,CALL,64125,2505,,,48.35,,2590,8,1970,7,,,,,
2026/09/07 18:22,2026-09-07T18:37:58+09:00,2026/09/08,2026/09/10,2026-09,PUT,64125,137,,,30.61,30.01,179,2,169,2,,,,,
2026/09/07 18:22,2026-09-07T18:37:58+09:00,2026/09/08,2026/09/10,2026-09,CALL,64000,2620,,,37.55,14.61,2460,22,2185,7,,,,,
2026/09/07 18:22,2026-09-07T18:37:58+09:00,2026/09/08,2026/09/10,2026-09,PUT,64000,129,,16,30.79,30.41,162,1,156,1,30.87,25,19.38,154,09/07 18:12
2026/09/07 18:22,2026-09-07T18:37:58+09:00,2026/09/08,2026/09/10,2026-09,CALL,63875,2735,,,50.01,21.37,2810,8,2340,7,,,,,
2026/09/07 18:22,2026-09-07T18:37:58+09:00,2026/09/08,2026/09/10,2026-09,PUT,63875,116,,,31.15,30.27,149,14,136,5,,,,,
2026/09/07 18:22,2026-09-07T18:37:58+09:00,2026/09/08,2026/09/10,2026-09,CALL,63750,2845,,,50.55,0,2915,2,2430,2,,,,,
2026/09/07 18:22,2026-09-07T18:37:58+09:00,2026/09/08,2026/09/10,2026-09,PUT,63750,105,,2,31.28,30.71,134,1,126,1,31.34,-2,-1.59,124,09/07 18:06
2026/09/07 18:22,2026-09-07T18:37:58+09:00,2026/09/08,2026/09/10,2026-09,CALL,63625,2960,,,51.78,,3035,8,2425,7,,,,,
2026/09/07 18:22,2026-09-07T18:37:58+09:00,2026/09/08,2026/09/10,2026-09,PUT,63625,95,,,31.84,30.86,126,2,113,5,,,,,
2026/09/07 18:22,2026-09-07T18:37:58+09:00,2026/09/08,2026/09/10,2026-09,CALL,63500,3075,,,52.74,27.7,3150,3,2745,10,,,,,
2026/09/07 18:22,2026-09-07T18:37:58+09:00,2026/09/08,2026/09/10,2026-09,PUT,63500,92,,7,31.81,31.24,111,1,104,1,31.48,10,10.87,102,09/07 17:47
2026/09/07 18:22,2026-09-07T18:37:58+09:00,2026/09/08,2026/09/10,2026-09,CALL,63375,3195,,,53.68,,3265,8,2800,3,,,,,
2026/09/07 18:22,2026-09-07T18:37:58+09:00,2026/09/08,2026/09/10,2026-09,PUT,63375,78,,,32.16,31.47,102,3,94,16,,,,,
2026/09/07 18:22,2026-09-07T18:37:58+09:00,2026/09/08,2026/09/10,2026-09,CALL,63250,3310,,,54.59,,3380,8,2820,7,,,,,
2026/09/07 18:22,2026-09-07T18:37:58+09:00,2026/09/08,2026/09/10,2026-09,PUT,63250,75,,1,32.53,31.98,94,1,88,1,32.17,10,13.33,85,09/07 17:25
2026/09/07 18:22,2026-09-07T18:37:58+09:00,2026/09/08,2026/09/10,2026-09,CALL,63125,3430,,,55.48,,3495,8,2905,7,,,,,
2026/09/07 18:22,2026-09-07T18:37:58+09:00,2026/09/08,2026/09/10,2026-09,PUT,63125,66,,,32.84,31.96,86,3,77,6,,,,,
2026/09/07 18:22,2026-09-07T18:37:58+09:00,2026/09/08,2026/09/10,2026-09,CALL,63000,3550,,,48.27,,3465,22,2980,4,,,,,
2026/09/07 18:22,2026-09-07T18:37:58+09:00,2026/09/08,2026/09/10,2026-09,PUT,63000,60,,45,32.77,32.56,75,9,73,1,32.85,15,25,75,09/07 18:20
2026/09/07 18:22,2026-09-07T18:37:58+09:00,2026/09/08,2026/09/10,2026-09,CALL,62875,3670,,,57.2,,3725,8,3200,3,,,,,
2026/09/07 18:22,2026-09-07T18:37:58+09:00,2026/09/08,2026/09/10,2026-09,PUT,62875,55,,,33.57,32.69,73,14,65,14,,,,,
2026/09/07 18:22,2026-09-07T18:37:58+09:00,2026/09/08,2026/09/10,2026-09,CALL,62750,3790,,,58.29,21.86,3845,8,3435,7,,,,,
2026/09/07 18:22,2026-09-07T18:37:58+09:00,2026/09/08,2026/09/10,2026-09,PUT,62750,52,,,33.67,33.2,65,1,61,1,,,,,
2026/09/07 18:22,2026-09-07T18:37:58+09:00,2026/09/08,2026/09/10,2026-09,CALL,62625,3915,,,59.09,24.79,3960,8,3565,3,,,,,
2026/09/07 18:22,2026-09-07T18:37:58+09:00,2026/09/08,2026/09/10,2026-09,PUT,62625,46,,,34.3,33.29,62,19,54,22,,,,,
2026/09/07 18:22,2026-09-07T18:37:58+09:00,2026/09/08,2026/09/10,2026-09,CALL,62500,4035,,,59.88,23.3,4075,3,3685,1,,,,,
2026/09/07 18:22,2026-09-07T18:37:58+09:00,2026/09/08,2026/09/10,2026-09,PUT,62500,44,,51,34.51,33.97,56,1,52,1,34.64,8,18.18,52,09/07 18:03
2026/09/07 18:22,2026-09-07T18:37:58+09:00,2026/09/08,2026/09/10,2026-09,CALL,62375,4155,,,60.92,,4195,8,3800,7,,,,,
2026/09/07 18:22,2026-09-07T18:37:58+09:00,2026/09/08,2026/09/10,2026-09,PUT,62375,40,,,34.78,34.21,51,4,47,4,,,,,
2026/09/07 18:22,2026-09-07T18:37:58+09:00,2026/09/08,2026/09/10,2026-09,CALL,62250,4275,,,61.96,,4315,8,3790,8,,,,,
2026/09/07 18:22,2026-09-07T18:37:58+09:00,2026/09/08,2026/09/10,2026-09,PUT,62250,38,,5,35.14,34.53,47,1,43,1,34.8,5,13.16,43,09/07 17:17
2026/09/07 18:22,2026-09-07T18:37:58+09:00,2026/09/08,2026/09/10,2026-09,CALL,62125,4400,,,62.98,,4435,8,3890,7,,,,,
2026/09/07 18:22,2026-09-07T18:37:58+09:00,2026/09/08,2026/09/10,2026-09,PUT,62125,34,,1,35.76,34.96,45,17,40,4,35.54,-10,-22.22,35,09/07 17:03
2026/09/07 18:22,2026-09-07T18:37:58+09:00,2026/09/08,2026/09/10,2026-09,CALL,62000,4525,,,64.58,,4565,22,4070,4,,,,,
2026/09/07 18:22,2026-09-07T18:37:58+09:00,2026/09/08,2026/09/10,2026-09,PUT,62000,30,,33,35.86,35.52,40,11,38,13,36.2,7,23.33,37,09/07 18:01
2026/09/07 18:22,2026-09-07T18:37:58+09:00,2026/09/08,2026/09/10,2026-09,CALL,61875,4645,,,64.98,,4675,8,4140,7,,,,,
2026/09/07 18:22,2026-09-07T18:37:58+09:00,2026/09/08,2026/09/10,2026-09,PUT,61875,30,,,37.6,32.6,45,23,20,23,,,,,
2026/09/07 18:22,2026-09-07T18:37:58+09:00,2026/09/08,2026/09/10,2026-09,CALL,61750,4770,,,63.43,,4755,2,4425,1,,,,,
2026/09/07 18:22,2026-09-07T18:37:58+09:00,2026/09/08,2026/09/10,2026-09,PUT,61750,28,,,36.57,36.17,34,1,32,6,,,,,
2026/09/07 18:22,2026-09-07T18:37:58+09:00,2026/09/08,2026/09/10,2026-09,CALL,61625,4890,,,61.67,,4835,3,4385,6,,,,,
2026/09/07 18:22,2026-09-07T18:37:58+09:00,2026/09/08,2026/09/10,2026-09,PUT,61625,26,,,38.75,32.44,41,23,14,23,,,,,
2026/09/07 18:22,2026-09-07T18:37:58+09:00,2026/09/08,2026/09/10,2026-09,CALL,61500,5015,,,66.28,,5010,3,4525,3,,,,,
2026/09/07 18:22,2026-09-07T18:37:58+09:00,2026/09/08,2026/09/10,2026-09,PUT,61500,24,,22,37.5,37.06,30,14,28,9,37.72,4,16.67,28,09/07 18:10
2026/09/07 18:22,2026-09-07T18:37:58+09:00,2026/09/08,2026/09/10,2026-09,CALL,61375,5140,,,86.82,,5465,2,4670,2,,,,,
2026/09/07 18:22,2026-09-07T18:37:58+09:00,2026/09/08,2026/09/10,2026-09,PUT,61375,21,,,39.01,35.02,33,24,17,24,,,,,
2026/09/07 18:22,2026-09-07T18:37:58+09:00,2026/09/08,2026/09/10,2026-09,CALL,61250,5260,,,87.98,,5585,1,4795,1,,,,,
2026/09/07 18:22,2026-09-07T18:37:58+09:00,2026/09/08,2026/09/10,2026-09,PUT,61250,21,,,38.06,37.81,25,1,24,6,,,,,
2026/09/07 18:22,2026-09-07T18:37:58+09:00,2026/09/08,2026/09/10,2026-09,CALL,61125,5385,,,89.41,,5710,2,4920,2,,,,,
2026/09/07 18:22,2026-09-07T18:37:58+09:00,2026/09/08,2026/09/10,2026-09,PUT,61125,20,,,39.87,35.6,29,24,14,24,,,,,
2026/09/07 18:22,2026-09-07T18:37:58+09:00,2026/09/08,2026/09/10,2026-09,CALL,61000,5510,,,90.57,,5830,4,5040,4,,,,,
2026/09/07 18:22,2026-09-07T18:37:58+09:00,2026/09/08,2026/09/10,2026-09,PUT,61000,19,,31,38.95,38.66,22,3,21,2,39.23,2,10.53,21,09/07 18:08
2026/09/07 18:22,2026-09-07T18:37:58+09:00,2026/09/08,2026/09/10,2026-09,CALL,60875,5630,,,88.63,,5895,2,5105,2,,,,,
2026/09/07 18:22,2026-09-07T18:37:58+09:00,2026/09/08,2026/09/10,2026-09,PUT,60875,15,,,40.85,35.95,26,24,11,24,,,,,
2026/09/07 18:22,2026-09-07T18:37:58+09:00,2026/09/08,2026/09/10,2026-09,CALL,60750,5755,,,81.37,,5875,1,5090,1,,,,,
2026/09/07 18:22,2026-09-07T18:37:58+09:00,2026/09/08,2026/09/10,2026-09,PUT,60750,15,,,39.71,36.26,19,1,10,28,,,,,
2026/09/07 18:22,2026-09-07T18:37:58+09:00,2026/09/08,2026/09/10,2026-09,CALL,60625,5880,,,,,,,,,,,,,
2026/09/07 18:22,2026-09-07T18:37:58+09:00,2026/09/08,2026/09/10,2026-09,PUT,60625,15,,,42.01,36.51,24,24,9,24,,,,,
2026/09/07 18:22,2026-09-07T18:37:58+09:00,2026/09/08,2026/09/10,2026-09,CALL,60500,6005,,,,,,,3,10,,,,,
2026/09/07 18:22,2026-09-07T18:37:58+09:00,2026/09/08,2026/09/10,2026-09,PUT,60500,12,,1,40.66,39.94,17,1,15,36,40.31,3,25,15,09/07 17:22
2026/09/07 18:22,2026-09-07T18:37:58+09:00,2026/09/08,2026/09/10,2026-09,CALL,60375,6130,,,,,,,,,,,,,
2026/09/07 18:22,2026-09-07T18:37:58+09:00,2026/09/08,2026/09/10,2026-09,PUT,60375,12,,,42.79,36.83,21,24,7,24,,,,,
2026/09/07 18:22,2026-09-07T18:37:58+09:00,2026/09/08,2026/09/10,2026-09,CALL,60250,6255,,,,,,,3,10,,,,,
2026/09/07 18:22,2026-09-07T18:37:58+09:00,2026/09/08,2026/09/10,2026-09,PUT,60250,12,,,43.3,40.7,20,28,13,1,,,,,
2026/09/07 18:22,2026-09-07T18:37:58+09:00,2026/09/08,2026/09/10,2026-09,CALL,60125,6375,,,,,,,1,10,,,,,
2026/09/07 18:22,2026-09-07T18:37:58+09:00,2026/09/08,2026/09/10,2026-09,PUT,60125,11,,,44.12,40.56,20,24,11,21,,,,,
2026/09/07 18:22,2026-09-07T18:37:58+09:00,2026/09/08,2026/09/10,2026-09,CALL,60000,6500,,,,,,,350,2,,,,,
2026/09/07 18:22,2026-09-07T18:37:58+09:00,2026/09/08,2026/09/10,2026-09,PUT,60000,11,,70,42.27,41.81,13,1,12,9,42.27,2,18.18,13,09/07 18:21
2026/09/07 18:22,2026-09-07T18:37:58+09:00,2026/09/08,2026/09/10,2026-09,CALL,59875,6625,,,,,,,,,,,,,
2026/09/07 18:22,2026-09-07T18:37:58+09:00,2026/09/08,2026/09/10,2026-09,PUT,59875,9,,2,45.06,41.02,18,24,9,21,42.43,0,0,11,09/07 17:19
2026/09/07 18:22,2026-09-07T18:37:58+09:00,2026/09/08,2026/09/10,2026-09,CALL,59750,6750,,,,,,,3,10,,,,,
2026/09/07 18:22,2026-09-07T18:37:58+09:00,2026/09/08,2026/09/10,2026-09,PUT,59750,9,,,43.83,41.78,13,22,9,22,,,,,
2026/09/07 18:22,2026-09-07T18:37:58+09:00,2026/09/08,2026/09/10,2026-09,CALL,59625,6875,,,,,,,,,,,,,
2026/09/07 18:22,2026-09-07T18:37:58+09:00,2026/09/08,2026/09/10,2026-09,PUT,59625,9,,,43.64,42.53,11,15,9,33,,,,,
2026/09/07 18:22,2026-09-07T18:37:58+09:00,2026/09/08,2026/09/10,2026-09,CALL,59500,7000,,,,,,,3,10,,,,,
2026/09/07 18:22,2026-09-07T18:37:58+09:00,2026/09/08,2026/09/10,2026-09,PUT,59500,9,,1,43.86,43.28,10,1,9,1,43.41,0,0,9,09/07 17:18
2026/09/07 18:22,2026-09-07T18:37:58+09:00,2026/09/08,2026/09/10,2026-09,CALL,59375,7125,,,,,,,,,,,,,
2026/09/07 18:22,2026-09-07T18:37:58+09:00,2026/09/08,2026/09/10,2026-09,PUT,59375,8,,,45.17,43.4,11,33,8,33,,,,,
2026/09/07 18:22,2026-09-07T18:37:58+09:00,2026/09/08,2026/09/10,2026-09,CALL,59250,7250,,,,,,,,,,,,,
2026/09/07 18:22,2026-09-07T18:37:58+09:00,2026/09/08,2026/09/10,2026-09,PUT,59250,7,,,45.39,42.66,10,37,6,37,,,,,
2026/09/07 18:22,2026-09-07T18:37:58+09:00,2026/09/08,2026/09/10,2026-09,CALL,59125,7375,,,,,,,,,,,,,
2026/09/07 18:22,2026-09-07T18:37:58+09:00,2026/09/08,2026/09/10,2026-09,PUT,59125,7,,,45.54,42.49,9,33,5,33,,,,,
2026/09/07 18:22,2026-09-07T18:37:58+09:00,2026/09/08,2026/09/10,2026-09,CALL,59000,7500,,,,,,,,,,,,,
2026/09/07 18:22,2026-09-07T18:37:58+09:00,2026/09/08,2026/09/10,2026-09,PUT,59000,6,,13,45.63,44.11,8,25,6,28,45.37,0,0,7,09/07 18:06
2026/09/07 18:22,2026-09-07T18:37:58+09:00,2026/09/08,2026/09/10,2026-09,CALL,58875,7625,,,,,,,,,,,,,
2026/09/07 18:22,2026-09-07T18:37:58+09:00,2026/09/08,2026/09/10,2026-09,PUT,58875,6,,,46.38,43.92,8,19,5,34,,,,,
2026/09/07 18:22,2026-09-07T18:37:58+09:00,2026/09/08,2026/09/10,2026-09,CALL,58750,7745,,,,,,,,,,,,,
2026/09/07 18:22,2026-09-07T18:37:58+09:00,2026/09/08,2026/09/10,2026-09,PUT,58750,6,,1,46.38,44.63,7,15,5,37,45.87,0,0,6,09/07 18:13
2026/09/07 18:22,2026-09-07T18:37:58+09:00,2026/09/08,2026/09/10,2026-09,CALL,58625,7870,,,,,,,,,,,,,
2026/09/07 18:22,2026-09-07T18:37:58+09:00,2026/09/08,2026/09/10,2026-09,PUT,58625,6,,,47.12,45.35,7,20,5,15,,,,,
2026/09/07 18:22,2026-09-07T18:37:58+09:00,2026/09/08,2026/09/10,2026-09,CALL,58500,7995,,,,,,,,,,,,,
2026/09/07 18:22,2026-09-07T18:37:58+09:00,2026/09/08,2026/09/10,2026-09,PUT,58500,6,,,47.01,46.06,6,1,5,23,,,,,
2026/09/07 18:22,2026-09-07T18:37:58+09:00,2026/09/08,2026/09/10,2026-09,CALL,58375,8120,,,,,,,,,,,,,
2026/09/07 18:22,2026-09-07T18:37:58+09:00,2026/09/08,2026/09/10,2026-09,PUT,58375,5,,,47.74,45.66,6,15,4,33,,,,,
2026/09/07 18:22,2026-09-07T18:37:58+09:00,2026/09/08,2026/09/10,2026-09,CALL,58250,8245,,,,,,,,,,,,,
2026/09/07 18:22,2026-09-07T18:37:58+09:00,2026/09/08,2026/09/10,2026-09,PUT,58250,5,,5,47.5,46.37,5,1,4,37,47.74,1,25,5,09/07 17:28
2026/09/07 18:22,2026-09-07T18:37:58+09:00,2026/09/08,2026/09/10,2026-09,CALL,58000,8495,,,,,,,,,,,,,
2026/09/07 18:22,2026-09-07T18:37:58+09:00,2026/09/08,2026/09/10,2026-09,PUT,58000,5,,11,48.93,47.77,5,24,4,27,48.01,-1,-20,4,09/07 17:47
2026/09/07 18:22,2026-09-07T18:37:58+09:00,2026/09/08,2026/09/10,2026-09,CALL,57750,8745,,,,,,,,,,,,,
2026/09/07 18:22,2026-09-07T18:37:58+09:00,2026/09/08,2026/09/10,2026-09,PUT,57750,4,,,50.37,47.75,5,20,3,38,,,,,
2026/09/07 18:22,2026-09-07T18:37:58+09:00,2026/09/08,2026/09/10,2026-09,CALL,57500,8995,,,,,,,,,,,,,
2026/09/07 18:22,2026-09-07T18:37:58+09:00,2026/09/08,2026/09/10,2026-09,PUT,57500,3,,8,50.59,49.13,4,16,3,27,49.22,-1,-25,3,09/07 17:12
2026/09/07 18:22,2026-09-07T18:37:58+09:00,2026/09/08,2026/09/10,2026-09,CALL,57250,9245,,,,,,,,,,,,,
2026/09/07 18:22,2026-09-07T18:37:58+09:00,2026/09/08,2026/09/10,2026-09,PUT,57250,3,,,52.01,50.51,4,16,3,20,,,,,
2026/09/07 18:22,2026-09-07T18:37:58+09:00,2026/09/08,2026/09/10,2026-09,CALL,57000,9495,,,,,,,,,,,,,
2026/09/07 18:22,2026-09-07T18:37:58+09:00,2026/09/08,2026/09/10,2026-09,PUT,57000,3,,3,53.42,51.89,4,57,3,11,52.41,0,0,3,09/07 17:48
2026/09/07 18:22,2026-09-07T18:37:58+09:00,2026/09/08,2026/09/10,2026-09,CALL,56750,9745,,,,,,,,,,,,,
2026/09/07 18:22,2026-09-07T18:37:58+09:00,2026/09/08,2026/09/10,2026-09,PUT,56750,3,,7,58.26,51.25,7,5,2,22,62.22,9,300,12,09/07 17:18
2026/09/07 18:22,2026-09-07T18:37:58+09:00,2026/09/08,2026/09/10,2026-09,CALL,56500,9995,,,,,,,,,,,,,
2026/09/07 18:22,2026-09-07T18:37:58+09:00,2026/09/08,2026/09/10,2026-09,PUT,56500,2,,,58.74,52.6,6,8,2,8,,,,,
2026/09/07 18:22,2026-09-07T18:37:58+09:00,2026/09/08,2026/09/10,2026-09,CALL,56250,10245,,,,,,,,,,,,,
2026/09/07 18:22,2026-09-07T18:37:58+09:00,2026/09/08,2026/09/10,2026-09,PUT,56250,2,,,57.7,50.77,4,5,1,33,,,,,
2026/09/07 18:22,2026-09-07T18:37:58+09:00,2026/09/08,2026/09/10,2026-09,CALL,56000,10490,,,,,,,,,,,,,
2026/09/07 18:22,2026-09-07T18:37:58+09:00,2026/09/08,2026/09/10,2026-09,PUT,56000,2,,23,55.3,52.05,2,5,1,115,55.64,0,0,2,09/07 17:10
2026/09/07 18:22,2026-09-07T18:37:58+09:00,2026/09/08,2026/09/10,2026-09,CALL,55750,10740,,,,,,,,,,,,,
2026/09/07 18:22,2026-09-07T18:37:58+09:00,2026/09/08,2026/09/10,2026-09,PUT,55750,1,,,67.71,,11,5,,,,,,,
2026/09/07 18:22,2026-09-07T18:37:58+09:00,2026/09/08,2026/09/10,2026-09,CALL,55500,10990,,,,,,,,,,,,,
2026/09/07 18:22,2026-09-07T18:37:58+09:00,2026/09/08,2026/09/10,2026-09,PUT,55500,1,,,60.26,54.63,3,8,1,9,,,,,
2026/09/07 18:22,2026-09-07T18:37:58+09:00,2026/09/08,2026/09/10,2026-09,CALL,55250,11240,,,,,,,,,,,,,
2026/09/07 18:22,2026-09-07T18:37:58+09:00,2026/09/08,2026/09/10,2026-09,PUT,55250,1,,,61.67,,3,5,,,,,,,
2026/09/07 18:22,2026-09-07T18:37:58+09:00,2026/09/08,2026/09/10,2026-09,CALL,55000,11490,,,,,,,,,,,,,
2026/09/07 18:22,2026-09-07T18:37:58+09:00,2026/09/08,2026/09/10,2026-09,PUT,55000,1,,24,60.75,57.22,2,60,1,91,57.48,-1,-50,1,09/07 17:25
2026/09/07 18:22,2026-09-07T18:37:58+09:00,2026/09/08,2026/09/10,2026-09,CALL,54750,11740,,,,,,,,,,,,,
2026/09/07 18:22,2026-09-07T18:37:58+09:00,2026/09/08,2026/09/10,2026-09,PUT,54750,1,,,62.12,,2,4,,,,,,,
2026/09/07 18:22,2026-09-07T18:37:58+09:00,2026/09/08,2026/09/10,2026-09,CALL,54500,11990,,,,,,,,,,,,,
2026/09/07 18:22,2026-09-07T18:37:58+09:00,2026/09/08,2026/09/10,2026-09,PUT,54500,1,,,63.49,,2,13,,,,,,,
2026/09/07 18:22,2026-09-07T18:37:58+09:00,2026/09/08,2026/09/10,2026-09,CALL,54250,12240,,,,,,,,,,,,,
2026/09/07 18:22,2026-09-07T18:37:58+09:00,2026/09/08,2026/09/10,2026-09,PUT,54250,1,,,64.87,,2,10,,,,,,,
2026/09/07 18:22,2026-09-07T18:37:58+09:00,2026/09/08,2026/09/10,2026-09,CALL,54000,12490,,,,,,,,,,,,,
2026/09/07 18:22,2026-09-07T18:37:58+09:00,2026/09/08,2026/09/10,2026-09,PUT,54000,1,,9,66.26,62.46,2,47,1,10,62.75,0,0,1,09/07 17:26
2026/09/07 18:22,2026-09-07T18:37:58+09:00,2026/09/08,2026/09/10,2026-09,CALL,53750,12740,,,,,,,,,,,,,
2026/09/07 18:22,2026-09-07T18:37:58+09:00,2026/09/08,2026/09/10,2026-09,PUT,53750,1,,,80.45,,11,17,,,,,,,
2026/09/07 18:22,2026-09-07T18:37:58+09:00,2026/09/08,2026/09/10,2026-09,CALL,53500,12990,,,,,,,,,,,,,
2026/09/07 18:22,2026-09-07T18:37:58+09:00,2026/09/08,2026/09/10,2026-09,PUT,53500,1,,5,69.04,65.1,2,8,1,8,65.21,0,0,1,09/07 18:17
2026/09/07 18:22,2026-09-07T18:37:58+09:00,2026/09/08,2026/09/10,2026-09,CALL,53250,13240,,,,,,,,,,,,,
2026/09/07 18:22,2026-09-07T18:37:58+09:00,2026/09/08,2026/09/10,2026-09,PUT,53250,1,,,83.69,,11,17,,,,,,,
2026/09/07 18:22,2026-09-07T18:37:58+09:00,2026/09/08,2026/09/10,2026-09,CALL,53000,13490,,,,,,,,,,,,,
2026/09/07 18:22,2026-09-07T18:37:58+09:00,2026/09/08,2026/09/10,2026-09,PUT,53000,1,,4,67.77,,1,25,,,67.87,0,0,1,09/07 18:16
2026/09/07 18:22,2026-09-07T18:37:58+09:00,2026/09/08,2026/09/10,2026-09,CALL,52750,13740,,,,,,,,,,,,,
2026/09/07 18:22,2026-09-07T18:37:58+09:00,2026/09/08,2026/09/10,2026-09,PUT,52750,1,,,86.94,,11,17,,,,,,,
2026/09/07 18:22,2026-09-07T18:37:58+09:00,2026/09/08,2026/09/10,2026-09,CALL,52500,13990,,,,,,,,,,,,,
2026/09/07 18:22,2026-09-07T18:37:58+09:00,2026/09/08,2026/09/10,2026-09,PUT,52500,1,,3,70.45,,1,37,,,70.8,0,0,1,09/07 17:57
2026/09/07 18:22,2026-09-07T18:37:58+09:00,2026/09/08,2026/09/10,2026-09,CALL,52250,14240,,,,,,,,,,,,,
2026/09/07 18:22,2026-09-07T18:37:58+09:00,2026/09/08,2026/09/10,2026-09,PUT,52250,1,,,90.21,,11,17,,,,,,,
2026/09/07 18:22,2026-09-07T18:37:58+09:00,2026/09/08,2026/09/10,2026-09,CALL,52000,14490,,,,,,,,,,,,,
2026/09/07 18:22,2026-09-07T18:37:58+09:00,2026/09/08,2026/09/10,2026-09,PUT,52000,1,,3,73.15,,1,108,,,74.09,0,0,1,09/07 17:01
2026/09/07 18:22,2026-09-07T18:37:58+09:00,2026/09/08,2026/09/10,2026-09,CALL,51750,14740,,,,,,,,,,,,,
2026/09/07 18:22,2026-09-07T18:37:58+09:00,2026/09/08,2026/09/10,2026-09,PUT,51750,1,,,93.51,,11,17,,,,,,,
2026/09/07 18:22,2026-09-07T18:37:58+09:00,2026/09/08,2026/09/10,2026-09,CALL,51500,14990,,,,,,,,,,,,,
2026/09/07 18:22,2026-09-07T18:37:58+09:00,2026/09/08,2026/09/10,2026-09,PUT,51500,1,,2,75.88,,1,48,,,75.98,0,0,1,09/07 18:17
2026/09/07 18:22,2026-09-07T18:37:58+09:00,2026/09/08,2026/09/10,2026-09,CALL,51250,15240,,,,,,,,,,,,,
2026/09/07 18:22,2026-09-07T18:37:58+09:00,2026/09/08,2026/09/10,2026-09,PUT,51250,1,,,96.83,,11,17,,,,,,,
2026/09/07 18:22,2026-09-07T18:37:58+09:00,2026/09/08,2026/09/10,2026-09,CALL,51000,15490,,,,,,,,,,,,,
2026/09/07 18:22,2026-09-07T18:37:58+09:00,2026/09/08,2026/09/10,2026-09,PUT,51000,1,,2,78.62,,1,154,,,78.72,0,0,1,09/07 18:16
2026/09/07 18:22,2026-09-07T18:37:58+09:00,2026/09/08,2026/09/10,2026-09,CALL,50750,15740,,,,,,,,,,,,,
2026/09/07 18:22,2026-09-07T18:37:58+09:00,2026/09/08,2026/09/10,2026-09,PUT,50750,1,,,100.18,,11,17,,,,,,,
2026/09/07 18:22,2026-09-07T18:37:58+09:00,2026/09/08,2026/09/10,2026-09,CALL,50500,15990,,,,,,,,,,,,,
2026/09/07 18:22,2026-09-07T18:37:58+09:00,2026/09/08,2026/09/10,2026-09,PUT,50500,1,,1,81.39,,1,107,,,81.63,0,0,1,09/07 17:40
2026/09/07 18:22,2026-09-07T18:37:58+09:00,2026/09/08,2026/09/10,2026-09,CALL,50250,16240,,,,,,,,,,,,,
2026/09/07 18:22,2026-09-07T18:37:58+09:00,2026/09/08,2026/09/10,2026-09,PUT,50250,1,,,82.78,,1,6,,,,,,,
2026/09/07 18:22,2026-09-07T18:37:58+09:00,2026/09/08,2026/09/10,2026-09,CALL,50000,16490,,,,,,,,,,,,,
2026/09/07 18:22,2026-09-07T18:37:58+09:00,2026/09/08,2026/09/10,2026-09,PUT,50000,1,,1,84.17,,1,382,,,84.63,0,0,1,09/07 17:52
2026/09/07 18:22,2026-09-07T18:37:58+09:00,2026/09/08,2026/09/10,2026-09,CALL,49750,16740,,,,,,,,,,,,,
2026/09/07 18:22,2026-09-07T18:37:58+09:00,2026/09/08,2026/09/10,2026-09,PUT,49750,1,,6,85.58,,1,105,,,85.83,0,0,1,09/07 17:34
2026/09/07 18:22,2026-09-07T18:37:58+09:00,2026/09/08,2026/09/10,2026-09,CALL,49500,16990,,,,,,,,,,,,,
2026/09/07 18:22,2026-09-07T18:37:58+09:00,2026/09/08,2026/09/10,2026-09,PUT,49500,1,,,86.99,,1,11,,,,,,,
2026/09/07 18:22,2026-09-07T18:37:58+09:00,2026/09/08,2026/09/10,2026-09,CALL,49250,17240,,,,,,,,,,,,,
2026/09/07 18:22,2026-09-07T18:37:58+09:00,2026/09/08,2026/09/10,2026-09,PUT,49250,1,,,88.4,,1,6,,,,,,,
2026/09/07 18:22,2026-09-07T18:37:58+09:00,2026/09/08,2026/09/10,2026-09,CALL,49000,17490,,,,,,,,,,,,,
2026/09/07 18:22,2026-09-07T18:37:58+09:00,2026/09/08,2026/09/10,2026-09,PUT,49000,1,,1,89.82,,1,73,,,89.93,0,0,1,09/07 17:18
2026/09/07 18:22,2026-09-07T18:37:58+09:00,2026/09/08,2026/09/10,2026-09,CALL,48750,17740,,,,,,,,,,,,,
2026/09/07 18:22,2026-09-07T18:37:58+09:00,2026/09/08,2026/09/10,2026-09,PUT,48750,1,,,91.25,,1,6,,,,,,,
2026/09/07 18:22,2026-09-07T18:37:58+09:00,2026/09/08,2026/09/10,2026-09,CALL,48500,17990,,,,,,,,,,,,,
2026/09/07 18:22,2026-09-07T18:37:58+09:00,2026/09/08,2026/09/10,2026-09,PUT,48500,1,,,92.68,,1,62,,,,,,,
2026/09/07 18:22,2026-09-07T18:37:58+09:00,2026/09/08,2026/09/10,2026-09,CALL,48250,18240,,,,,,,,,,,,,
2026/09/07 18:22,2026-09-07T18:37:58+09:00,2026/09/08,2026/09/10,2026-09,PUT,48250,1,,,94.12,,1,55,,,,,,,
2026/09/07 18:22,2026-09-07T18:37:58+09:00,2026/09/08,2026/09/10,2026-09,CALL,48000,18490,,,,,,,,,,,,,
2026/09/07 18:22,2026-09-07T18:37:58+09:00,2026/09/08,2026/09/10,2026-09,PUT,48000,1,,,95.57,,1,65,,,,,,,
2026/09/07 18:22,2026-09-07T18:37:58+09:00,2026/09/08,2026/09/10,2026-09,CALL,47750,18740,,,,,,,,,,,,,
2026/09/07 18:22,2026-09-07T18:37:58+09:00,2026/09/08,2026/09/10,2026-09,PUT,47750,1,,,97.02,,1,55,,,,,,,
2026/09/07 18:22,2026-09-07T18:37:58+09:00,2026/09/08,2026/09/10,2026-09,CALL,47500,18990,,,,,,,,,,,,,
2026/09/07 18:22,2026-09-07T18:37:58+09:00,2026/09/08,2026/09/10,2026-09,PUT,47500,1,,,98.48,,1,58,,,,,,,
2026/09/07 18:22,2026-09-07T18:37:58+09:00,2026/09/08,2026/09/10,2026-09,CALL,47250,19240,,,,,,,,,,,,,
2026/09/07 18:22,2026-09-07T18:37:58+09:00,2026/09/08,2026/09/10,2026-09,PUT,47250,1,,,99.95,,1,55,,,,,,,
2026/09/07 18:22,2026-09-07T18:37:58+09:00,2026/09/08,2026/09/10,2026-09,CALL,47000,19490,,,,,,,,,,,,,
2026/09/07 18:22,2026-09-07T18:37:58+09:00,2026/09/08,2026/09/10,2026-09,PUT,47000,1,,2,101.42,,1,87,,,101.69,0,0,1,09/07 17:41
2026/09/07 18:22,2026-09-07T18:37:58+09:00,2026/09/08,2026/10/08,2026-10,CALL,85000,2,,2,28.26,26.73,2,7,1,17,28.09,0,0,2,09/07 17:53
2026/09/07 18:22,2026-09-07T18:37:58+09:00,2026/09/08,2026/10/08,2026-10,PUT,85000,18820,,,,,,,,,,,,,
2026/09/07 18:22,2026-09-07T18:37:58+09:00,2026/09/08,2026/10/08,2026-10,CALL,84500,3,,,29.42,,4,1,,,,,,,
2026/09/07 18:22,2026-09-07T18:37:58+09:00,2026/09/08,2026/10/08,2026-10,PUT,84500,18320,,,,,,,,,,,,,
2026/09/07 18:22,2026-09-07T18:37:58+09:00,2026/09/08,2026/10/08,2026-10,CALL,84000,4,,,28.79,25.59,4,41,1,24,,,,,
2026/09/07 18:22,2026-09-07T18:37:58+09:00,2026/09/08,2026/10/08,2026-10,PUT,84000,17820,,,,,,,,,,,,,
2026/09/07 18:22,2026-09-07T18:37:58+09:00,2026/09/08,2026/10/08,2026-10,CALL,83500,5,,,28.15,25.02,4,1,1,2,,,,,
2026/09/07 18:22,2026-09-07T18:37:58+09:00,2026/09/08,2026/10/08,2026-10,PUT,83500,17325,,,,,,,,,,,,,
2026/09/07 18:22,2026-09-07T18:37:58+09:00,2026/09/08,2026/10/08,2026-10,CALL,83000,5,,,28.11,24.44,5,56,1,40,,,,,
2026/09/07 18:22,2026-09-07T18:37:58+09:00,2026/09/08,2026/10/08,2026-10,PUT,83000,16825,,,,,,,,,,,,,
2026/09/07 18:22,2026-09-07T18:37:58+09:00,2026/09/08,2026/10/08,2026-10,CALL,82500,6,,,28.79,25.25,8,15,2,15,,,,,
2026/09/07 18:22,2026-09-07T18:37:58+09:00,2026/09/08,2026/10/08,2026-10,PUT,82500,16325,,,,,,,,,,,,,
2026/09/07 18:22,2026-09-07T18:37:58+09:00,2026/09/08,2026/10/08,2026-10,CALL,82000,6,,1,27.28,25.53,6,25,3,15,26.56,-1,-16.67,5,09/07 17:50
2026/09/07 18:22,2026-09-07T18:37:58+09:00,2026/09/08,2026/10/08,2026-10,PUT,82000,15825,,,,,,,,,,,,,
2026/09/07 18:22,2026-09-07T18:37:58+09:00,2026/09/08,2026/10/08,2026-10,CALL,81500,8,,,28.08,24.01,10,15,2,15,,,,,
2026/09/07 18:22,2026-09-07T18:37:58+09:00,2026/09/08,2026/10/08,2026-10,PUT,81500,15330,,,,,,,,,,,,,
2026/09/07 18:22,2026-09-07T18:37:58+09:00,2026/09/08,2026/10/08,2026-10,CALL,81000,9,,,27.37,25.45,10,17,5,16,,,,,
2026/09/07 18:22,2026-09-07T18:37:58+09:00,2026/09/08,2026/10/08,2026-10,PUT,81000,14830,,,,,,,,,,,,,
2026/09/07 18:22,2026-09-07T18:37:58+09:00,2026/09/08,2026/10/08,2026-10,CALL,80500,12,,,27.2,24.77,12,19,5,17,,,,,
2026/09/07 18:22,2026-09-07T18:37:58+09:00,2026/09/08,2026/10/08,2026-10,PUT,80500,14335,,,,,,,,,,,,,
2026/09/07 18:22,2026-09-07T18:37:58+09:00,2026/09/08,2026/10/08,2026-10,CALL,80000,12,,4,26.95,25.92,14,16,10,1,26.37,0,0,12,09/07 17:40
2026/09/07 18:22,2026-09-07T18:37:58+09:00,2026/09/08,2026/10/08,2026-10,PUT,80000,13835,,,,,,,,,,,,,
2026/09/07 18:22,2026-09-07T18:37:58+09:00,2026/09/08,2026/10/08,2026-10,CALL,79500,17,,,29.13,22.26,32,6,3,26,,,,,
2026/09/07 18:22,2026-09-07T18:37:58+09:00,2026/09/08,2026/10/08,2026-10,PUT,79500,13340,,,,,,,,,,,,,
2026/09/07 18:22,2026-09-07T18:37:58+09:00,2026/09/08,2026/10/08,2026-10,CALL,79000,18,,,26.22,23.12,18,1,6,7,,,,,
2026/09/07 18:22,2026-09-07T18:37:58+09:00,2026/09/08,2026/10/08,2026-10,PUT,79000,12840,,,,,,,,,,,,,
2026/09/07 18:22,2026-09-07T18:37:58+09:00,2026/09/08,2026/10/08,2026-10,CALL,78500,22,,2,26.55,24.43,25,16,13,16,25.44,-4,-18.18,18,09/07 18:20
2026/09/07 18:22,2026-09-07T18:37:58+09:00,2026/09/08,2026/10/08,2026-10,PUT,78500,12345,,,,,,,,,,,,,
2026/09/07 18:22,2026-09-07T18:37:58+09:00,2026/09/08,2026/10/08,2026-10,CALL,78000,26,,1,26.12,24.45,28,1,17,24,25.31,-2,-7.69,24,09/07 17:50
2026/09/07 18:22,2026-09-07T18:37:58+09:00,2026/09/08,2026/10/08,2026-10,PUT,78000,11850,,,,,,,,,,,,,
2026/09/07 18:22,2026-09-07T18:37:58+09:00,2026/09/08,2026/10/08,2026-10,CALL,77500,34,,,26.1,24.46,35,16,22,22,,,,,
2026/09/07 18:22,2026-09-07T18:37:58+09:00,2026/09/08,2026/10/08,2026-10,PUT,77500,11360,,,,,,,,,,,,,
2026/09/07 18:22,2026-09-07T18:37:58+09:00,2026/09/08,2026/10/08,2026-10,CALL,77000,41,,,25.73,24.78,40,1,31,21,,,,,
2026/09/07 18:22,2026-09-07T18:37:58+09:00,2026/09/08,2026/10/08,2026-10,PUT,77000,10865,,,,,,,,,,,,,
2026/09/07 18:22,2026-09-07T18:37:58+09:00,2026/09/08,2026/10/08,2026-10,CALL,76500,50,,,25.8,25.02,51,2,42,14,,,,,
2026/09/07 18:22,2026-09-07T18:37:58+09:00,2026/09/08,2026/10/08,2026-10,PUT,76500,10375,,,,,,,,,,,,,
2026/09/07 18:22,2026-09-07T18:37:58+09:00,2026/09/08,2026/10/08,2026-10,CALL,76250,57,,,25.65,25,55,2,47,8,,,,,
2026/09/07 18:22,2026-09-07T18:37:58+09:00,2026/09/08,2026/10/08,2026-10,PUT,76250,10135,,,,,,,,,,,,,
2026/09/07 18:22,2026-09-07T18:37:58+09:00,2026/09/08,2026/10/08,2026-10,CALL,76000,61,,,25.61,24.94,61,2,52,18,,,,,
2026/09/07 18:22,2026-09-07T18:37:58+09:00,2026/09/08,2026/10/08,2026-10,PUT,76000,9890,,,,,,,,,,,,,
2026/09/07 18:22,2026-09-07T18:37:58+09:00,2026/09/08,2026/10/08,2026-10,CALL,75750,70,,,25.54,25.06,67,10,60,7,,,,,
2026/09/07 18:22,2026-09-07T18:37:58+09:00,2026/09/08,2026/10/08,2026-10,PUT,75750,9645,,,,,,,,,,,,,
2026/09/07 18:22,2026-09-07T18:37:58+09:00,2026/09/08,2026/10/08,2026-10,CALL,75500,75,,,25.49,24.85,74,1,64,1,,,,,
2026/09/07 18:22,2026-09-07T18:37:58+09:00,2026/09/08,2026/10/08,2026-10,PUT,75500,9400,,,,,,,,,,,,,
2026/09/07 18:22,2026-09-07T18:37:58+09:00,2026/09/08,2026/10/08,2026-10,CALL,75250,85,,,25.52,24.99,83,10,74,2,,,,,
2026/09/07 18:22,2026-09-07T18:37:58+09:00,2026/09/08,2026/10/08,2026-10,PUT,75250,9160,,,,,,,,,,,,,
2026/09/07 18:22,2026-09-07T18:37:58+09:00,2026/09/08,2026/10/08,2026-10,CALL,75000,88,,4,25.4,25.12,90,1,85,1,24.98,1,1.14,89,09/07 18:00
2026/09/07 18:22,2026-09-07T18:37:58+09:00,2026/09/08,2026/10/08,2026-10,PUT,75000,8920,,,,,,,,,,,,,
2026/09/07 18:22,2026-09-07T18:37:58+09:00,2026/09/08,2026/10/08,2026-10,CALL,74750,105,,,25.59,24.88,104,2,90,5,,,,,
2026/09/07 18:22,2026-09-07T18:37:58+09:00,2026/09/08,2026/10/08,2026-10,PUT,74750,8685,,,,,,,,,,,,,
2026/09/07 18:22,2026-09-07T18:37:58+09:00,2026/09/08,2026/10/08,2026-10,CALL,74500,112,,2,25.2,25,107,3,103,1,24.76,-3,-2.86,102,09/07 17:19
2026/09/07 18:22,2026-09-07T18:37:58+09:00,2026/09/08,2026/10/08,2026-10,PUT,74500,8440,,,,,,,,,,,,,
2026/09/07 18:22,2026-09-07T18:37:58+09:00,2026/09/08,2026/10/08,2026-10,CALL,74250,123,,1,25.37,24.84,123,5,111,5,25.09,,,120,09/07 17:37
2026/09/07 18:22,2026-09-07T18:37:58+09:00,2026/09/08,2026/10/08,2026-10,PUT,74250,8200,,,31.62,,8700,1,7950,7,,,,,
2026/09/07 18:22,2026-09-07T18:37:58+09:00,2026/09/08,2026/10/08,2026-10,CALL,74000,138,,14,25.15,24.99,131,3,127,1,24.99,4,3.08,134,09/07 17:53
2026/09/07 18:22,2026-09-07T18:37:58+09:00,2026/09/08,2026/10/08,2026-10,PUT,74000,7970,,,27.86,,8345,3,7720,18,,,,,
2026/09/07 18:22,2026-09-07T18:37:58+09:00,2026/09/08,2026/10/08,2026-10,CALL,73750,152,,,25.33,24.91,150,5,139,5,,,,,
2026/09/07 18:22,2026-09-07T18:37:58+09:00,2026/09/08,2026/10/08,2026-10,PUT,73750,7730,,,33.81,,8340,6,7480,7,,,,,
2026/09/07 18:22,2026-09-07T18:37:58+09:00,2026/09/08,2026/10/08,2026-10,CALL,73500,168,,1,25.12,24.98,160,3,156,1,24.84,1,0.65,156,09/07 17:41
2026/09/07 18:22,2026-09-07T18:37:58+09:00,2026/09/08,2026/10/08,2026-10,PUT,73500,7500,,,28.32,,7900,2,7250,12,,,,,
2026/09/07 18:22,2026-09-07T18:37:58+09:00,2026/09/08,2026/10/08,2026-10,CALL,73250,186,,,25.36,24.88,184,22,170,5,,,,,
2026/09/07 18:22,2026-09-07T18:37:58+09:00,2026/09/08,2026/10/08,2026-10,PUT,73250,7265,,,30.56,,7760,6,7015,7,,,,,
2026/09/07 18:22,2026-09-07T18:37:58+09:00,2026/09/08,2026/10/08,2026-10,CALL,73000,197,,,25.1,24.94,195,1,190,1,,,,,
2026/09/07 18:22,2026-09-07T18:37:58+09:00,2026/09/08,2026/10/08,2026-10,PUT,73000,7035,,,32.6,,7630,18,7130,18,,,,,
2026/09/07 18:22,2026-09-07T18:37:58+09:00,2026/09/08,2026/10/08,2026-10,CALL,72750,225,,,25.24,24.94,220,5,210,1,,,,,
2026/09/07 18:22,2026-09-07T18:37:58+09:00,2026/09/08,2026/10/08,2026-10,PUT,72750,6805,,,30.46,,7315,1,6555,7,,,,,
2026/09/07 18:22,2026-09-07T18:37:58+09:00,2026/09/08,2026/10/08,2026-10,CALL,72500,248,,2,25.07,24.92,236,1,231,1,24.99,6,2.61,236,09/07 18:17
2026/09/07 18:22,2026-09-07T18:37:58+09:00,2026/09/08,2026/10/08,2026-10,PUT,72500,6580,,,29.86,,7070,10,6330,12,,,,,
2026/09/07 18:22,2026-09-07T18:37:58+09:00,2026/09/08,2026/10/08,2026-10,CALL,72250,274,,,25.26,24.77,267,5,249,5,,,,,
2026/09/07 18:22,2026-09-07T18:37:58+09:00,2026/09/08,2026/10/08,2026-10,PUT,72250,6355,,,30.01,,6860,1,6105,7,,,,,
2026/09/07 18:22,2026-09-07T18:37:58+09:00,2026/09/08,2026/10/08,2026-10,CALL,72125,288,,,25.39,24.58,285,2,254,2,,,,,
2026/09/07 18:22,2026-09-07T18:37:58+09:00,2026/09/08,2026/10/08,2026-10,PUT,72125,6245,,,32.16,,6860,4,5995,6,,,,,
2026/09/07 18:22,2026-09-07T18:37:58+09:00,2026/09/08,2026/10/08,2026-10,CALL,72000,305,,,25.05,24.9,285,1,279,1,,,,,
2026/09/07 18:22,2026-09-07T18:37:58+09:00,2026/09/08,2026/10/08,2026-10,PUT,72000,6130,,,28.74,,6585,15,5880,18,,,,,
2026/09/07 18:22,2026-09-07T18:37:58+09:00,2026/09/08,2026/10/08,2026-10,CALL,71875,320,,,26.73,24.78,370,14,288,3,,,,,
2026/09/07 18:22,2026-09-07T18:37:58+09:00,2026/09/08,2026/10/08,2026-10,PUT,71875,6020,,,26.73,,6385,5,5770,6,,,,,
2026/09/07 18:22,2026-09-07T18:37:58+09:00,2026/09/08,2026/10/08,2026-10,CALL,71750,335,,,25.1,24.86,315,5,305,2,,,,,
2026/09/07 18:22,2026-09-07T18:37:58+09:00,2026/09/08,2026/10/08,2026-10,PUT,71750,5910,,,29.83,,6425,1,5660,7,,,,,
2026/09/07 18:22,2026-09-07T18:37:58+09:00,2026/09/08,2026/10/08,2026-10,CALL,71625,340,,,26.67,22.89,400,16,241,15,,,,,
2026/09/07 18:22,2026-09-07T18:37:58+09:00,2026/09/08,2026/10/08,2026-10,PUT,71625,5795,,,28.86,,6270,5,5555,4,,,,,
2026/09/07 18:22,2026-09-07T18:37:58+09:00,2026/09/08,2026/10/08,2026-10,CALL,71500,365,,,25.09,24.86,345,3,335,3,,,,,
2026/09/07 18:22,2026-09-07T18:37:58+09:00,2026/09/08,2026/10/08,2026-10,PUT,71500,5695,,,28.57,,6150,12,5445,12,,,,,
2026/09/07 18:22,2026-09-07T18:37:58+09:00,2026/09/08,2026/10/08,2026-10,CALL,71375,375,,,26.46,23.44,425,27,290,27,,,,,
2026/09/07 18:22,2026-09-07T18:37:58+09:00,2026/09/08,2026/10/08,2026-10,PUT,71375,5580,,,27.89,,6010,1,5330,6,,,,,
2026/09/07 18:22,2026-09-07T18:37:58+09:00,2026/09/08,2026/10/08,2026-10,CALL,71250,400,,,25.13,24.81,380,2,365,4,,,,,
2026/09/07 18:22,2026-09-07T18:37:58+09:00,2026/09/08,2026/10/08,2026-10,PUT,71250,5480,,,27.41,,5880,6,5230,7,,,,,
2026/09/07 18:22,2026-09-07T18:37:58+09:00,2026/09/08,2026/10/08,2026-10,CALL,71125,410,,,26.32,23.43,455,12,320,27,,,,,
2026/09/07 18:22,2026-09-07T18:37:58+09:00,2026/09/08,2026/10/08,2026-10,PUT,71125,5365,,,29.29,,5875,5,5120,5,,,,,
2026/09/07 18:22,2026-09-07T18:37:58+09:00,2026/09/08,2026/10/08,2026-10,CALL,71000,435,,3,25.12,24.81,415,3,400,3,24.8,-5,-1.19,415,09/07 17:48
2026/09/07 18:22,2026-09-07T18:37:58+09:00,2026/09/08,2026/10/08,2026-10,PUT,71000,5265,,,27.02,,5650,3,5110,18,,,,,
2026/09/07 18:22,2026-09-07T18:37:58+09:00,2026/09/08,2026/10/08,2026-10,CALL,70875,450,,,26.52,23.37,505,27,350,27,,,,,
2026/09/07 18:22,2026-09-07T18:37:58+09:00,2026/09/08,2026/10/08,2026-10,PUT,70875,5155,,,27.66,,5580,7,4915,8,,,,,
2026/09/07 18:22,2026-09-07T18:37:58+09:00,2026/09/08,2026/10/08,2026-10,CALL,70750,480,,,25.26,24.66,460,2,430,2,,,,,
2026/09/07 18:22,2026-09-07T18:37:58+09:00,2026/09/08,2026/10/08,2026-10,PUT,70750,5060,,,30.35,,5630,2,4815,2,,,,,
2026/09/07 18:22,2026-09-07T18:37:58+09:00,2026/09/08,2026/10/08,2026-10,CALL,70625,490,,,26.57,23.46,550,27,390,27,,,,,
2026/09/07 18:22,2026-09-07T18:37:58+09:00,2026/09/08,2026/10/08,2026-10,PUT,70625,4945,,,30.17,,5520,7,4710,8,,,,,
2026/09/07 18:22,2026-09-07T18:37:58+09:00,2026/09/08,2026/10/08,2026-10,CALL,70500,520,,,25.04,24.85,490,3,480,3,,,,,
2026/09/07 18:22,2026-09-07T18:37:58+09:00,2026/09/08,2026/10/08,2026-10,PUT,70500,4850,,,27.86,,5285,3,4615,3,,,,,
2026/09/07 18:22,2026-09-07T18:37:58+09:00,2026/09/08,2026/10/08,2026-10,CALL,70375,540,,,26.55,23.48,595,27,430,27,,,,,
2026/09/07 18:22,2026-09-07T18:37:58+09:00,2026/09/08,2026/10/08,2026-10,PUT,70375,4745,,,29.22,0,5265,7,4515,8,,,,,
2026/09/07 18:22,2026-09-07T18:37:58+09:00,2026/09/08,2026/10/08,2026-10,CALL,70250,565,,,25.15,24.79,540,4,520,4,,,,,
2026/09/07 18:22,2026-09-07T18:37:58+09:00,2026/09/08,2026/10/08,2026-10,PUT,70250,4645,,,26.22,11.02,4990,2,4410,8,,,,,
2026/09/07 18:22,2026-09-07T18:37:58+09:00,2026/09/08,2026/10/08,2026-10,CALL,70125,585,,,26.32,23.54,630,10,475,26,,,,,
2026/09/07 18:22,2026-09-07T18:37:58+09:00,2026/09/08,2026/10/08,2026-10,PUT,70125,4540,,,28.09,12.93,5000,8,4320,8,,,,,
2026/09/07 18:22,2026-09-07T18:37:58+09:00,2026/09/08,2026/10/08,2026-10,CALL,70000,620,,6,25.02,24.85,580,3,570,3,24.88,10,1.77,575,09/07 18:18
2026/09/07 18:22,2026-09-07T18:37:58+09:00,2026/09/08,2026/10/08,2026-10,PUT,70000,4450,,,25.37,21.41,4740,3,4525,22,,,,,
2026/09/07 18:22,2026-09-07T18:37:58+09:00,2026/09/08,2026/10/08,2026-10,CALL,69875,640,,,26.46,24.07,690,25,550,10,,,,,
2026/09/07 18:22,2026-09-07T18:37:58+09:00,2026/09/08,2026/10/08,2026-10,PUT,69875,4345,,,30.46,14.6,4955,3,4130,8,,,,,
2026/09/07 18:22,2026-09-07T18:37:58+09:00,2026/09/08,2026/10/08,2026-10,CALL,69750,670,,,25.1,24.85,635,3,620,2,,,,,
2026/09/07 18:22,2026-09-07T18:37:58+09:00,2026/09/08,2026/10/08,2026-10,PUT,69750,4250,,,28.12,15.02,4710,2,4030,8,,,,,
2026/09/07 18:22,2026-09-07T18:37:58+09:00,2026/09/08,2026/10/08,2026-10,CALL,69625,695,,,26.14,23.81,725,25,585,25,,,,,
2026/09/07 18:22,2026-09-07T18:37:58+09:00,2026/09/08,2026/10/08,2026-10,PUT,69625,4150,,,28.28,15.88,4625,8,3950,8,,,,,
2026/09/07 18:22,2026-09-07T18:37:58+09:00,2026/09/08,2026/10/08,2026-10,CALL,69500,735,,,25.12,24.87,690,3,675,3,,,,,
2026/09/07 18:22,2026-09-07T18:37:58+09:00,2026/09/08,2026/10/08,2026-10,PUT,69500,4065,,,26.48,16.01,4415,3,3845,3,,,,,
2026/09/07 18:22,2026-09-07T18:37:58+09:00,2026/09/08,2026/10/08,2026-10,CALL,69375,760,,,26.25,23.76,790,25,635,25,,,,,
2026/09/07 18:22,2026-09-07T18:37:58+09:00,2026/09/08,2026/10/08,2026-10,PUT,69375,3965,,,27.26,16.66,4370,7,3765,8,,,,,
2026/09/07 18:22,2026-09-07T18:37:58+09:00,2026/09/08,2026/10/08,2026-10,CALL,69250,800,,,25.39,24.84,765,27,730,3,,,,,
2026/09/07 18:22,2026-09-07T18:37:58+09:00,2026/09/08,2026/10/08,2026-10,PUT,69250,3885,,,27.62,16.91,4300,7,3670,8,,,,,
2026/09/07 18:22,2026-09-07T18:37:58+09:00,2026/09/08,2026/10/08,2026-10,CALL,69125,825,,,26.68,23.89,880,25,700,25,,,,,
2026/09/07 18:22,2026-09-07T18:37:58+09:00,2026/09/08,2026/10/08,2026-10,PUT,69125,3785,,,29.58,17.51,4340,3,3595,8,,,,,
2026/09/07 18:22,2026-09-07T18:37:58+09:00,2026/09/08,2026/10/08,2026-10,CALL,69000,860,,,25.13,24.9,810,3,795,6,,,,,
2026/09/07 18:22,2026-09-07T18:37:58+09:00,2026/09/08,2026/10/08,2026-10,PUT,69000,3705,,,26.94,24.13,4070,7,3885,22,,,,,
2026/09/07 18:22,2026-09-07T18:37:58+09:00,2026/09/08,2026/10/08,2026-10,CALL,68875,895,,,26.59,23.95,940,24,765,24,,,,,
2026/09/07 18:22,2026-09-07T18:37:58+09:00,2026/09/08,2026/10/08,2026-10,PUT,68875,3600,,,29.14,18.15,4130,7,3425,8,,,,,
2026/09/07 18:22,2026-09-07T18:37:58+09:00,2026/09/08,2026/10/08,2026-10,CALL,68750,930,,,25.42,24.9,895,2,860,2,,,,,
2026/09/07 18:22,2026-09-07T18:37:58+09:00,2026/09/08,2026/10/08,2026-10,PUT,68750,3510,,,26.23,23.62,3840,7,3665,14,,,,,
2026/09/07 18:22,2026-09-07T18:37:58+09:00,2026/09/08,2026/10/08,2026-10,CALL,68625,975,,,25.87,24.92,960,9,895,1,,,,,
2026/09/07 18:22,2026-09-07T18:37:58+09:00,2026/09/08,2026/10/08,2026-10,PUT,68625,3430,,,30.43,18.72,4045,3,3260,8,,,,,
2026/09/07 18:22,2026-09-07T18:37:58+09:00,2026/09/08,2026/10/08,2026-10,CALL,68500,995,,,25.21,24.99,950,1,935,3,,,,,
2026/09/07 18:22,2026-09-07T18:37:58+09:00,2026/09/08,2026/10/08,2026-10,PUT,68500,3340,,,26.43,23.45,3675,7,3470,19,,,,,
2026/09/07 18:22,2026-09-07T18:37:58+09:00,2026/09/08,2026/10/08,2026-10,CALL,68375,1050,,,25.33,24.9,995,9,965,9,,,,,
2026/09/07 18:22,2026-09-07T18:37:58+09:00,2026/09/08,2026/10/08,2026-10,PUT,68375,3260,,,25.33,19.31,3510,6,3105,8,,,,,
2026/09/07 18:22,2026-09-07T18:37:58+09:00,2026/09/08,2026/10/08,2026-10,CALL,68250,1095,,,25.58,25.01,1050,2,1010,1,,,,,
2026/09/07 18:22,2026-09-07T18:37:58+09:00,2026/09/08,2026/10/08,2026-10,PUT,68250,3180,,,25.29,24.08,3420,3,3335,9,,,,,
2026/09/07 18:22,2026-09-07T18:37:58+09:00,2026/09/08,2026/10/08,2026-10,CALL,68125,1125,,,26.08,24.68,1125,8,1025,8,,,,,
2026/09/07 18:22,2026-09-07T18:37:58+09:00,2026/09/08,2026/10/08,2026-10,PUT,68125,3085,,,25.32,19.84,3335,1,2955,5,,,,,
2026/09/07 18:22,2026-09-07T18:37:58+09:00,2026/09/08,2026/10/08,2026-10,CALL,68000,1180,,,25.32,25.04,1110,5,1090,5,,,,,
2026/09/07 18:22,2026-09-07T18:37:58+09:00,2026/09/08,2026/10/08,2026-10,PUT,68000,3025,,4,25.39,24.21,3255,5,3170,4,25.03,,,3190,09/07 17:38
2026/09/07 18:22,2026-09-07T18:37:58+09:00,2026/09/08,2026/10/08,2026-10,CALL,67875,1225,,,26.13,24.76,1210,8,1110,8,,,,,
2026/09/07 18:22,2026-09-07T18:37:58+09:00,2026/09/08,2026/10/08,2026-10,PUT,67875,2930,,,25.52,20.26,3180,6,2805,5,,,,,
2026/09/07 18:22,2026-09-07T18:37:58+09:00,2026/09/08,2026/10/08,2026-10,CALL,67750,1260,,,25.69,25.01,1220,2,1170,2,,,,,
2026/09/07 18:22,2026-09-07T18:37:58+09:00,2026/09/08,2026/10/08,2026-10,PUT,67750,2840,,,25.42,24.4,3090,8,3015,2,,,,,
2026/09/07 18:22,2026-09-07T18:37:58+09:00,2026/09/08,2026/10/08,2026-10,CALL,67625,1305,,,26.19,24.71,1300,8,1190,8,,,,,
2026/09/07 18:22,2026-09-07T18:37:58+09:00,2026/09/08,2026/10/08,2026-10,PUT,67625,2785,,,25.79,23.21,3035,6,2845,10,,,,,
2026/09/07 18:22,2026-09-07T18:37:58+09:00,2026/09/08,2026/10/08,2026-10,CALL,67500,1355,,10,25.39,25.19,1285,1,1270,1,25.2,15,1.18,1290,09/07 17:17
2026/09/07 18:22,2026-09-07T18:37:58+09:00,2026/09/08,2026/10/08,2026-10,PUT,67500,2715,,,25.53,24.39,2935,3,2850,13,,,,,
2026/09/07 18:22,2026-09-07T18:37:58+09:00,2026/09/08,2026/10/08,2026-10,CALL,67375,1420,,,26.25,24.79,1395,8,1285,8,,,,,
2026/09/07 18:22,2026-09-07T18:37:58+09:00,2026/09/08,2026/10/08,2026-10,PUT,67375,2635,,,25.92,23.45,2885,6,2700,10,,,,,
2026/09/07 18:22,2026-09-07T18:37:58+09:00,2026/09/08,2026/10/08,2026-10,CALL,67250,1465,,,25.77,25.11,1405,2,1355,2,,,,,
2026/09/07 18:22,2026-09-07T18:37:58+09:00,2026/09/08,2026/10/08,2026-10,PUT,67250,2580,,,25.57,24.38,2780,2,2690,12,,,,,
2026/09/07 18:22,2026-09-07T18:37:58+09:00,2026/09/08,2026/10/08,2026-10,CALL,67125,1520,,,26.39,24.94,1500,7,1390,7,,,,,
2026/09/07 18:22,2026-09-07T18:37:58+09:00,2026/09/08,2026/10/08,2026-10,PUT,67125,2490,,,25.99,24.15,2735,6,2595,10,,,,,
2026/09/07 18:22,2026-09-07T18:37:58+09:00,2026/09/08,2026/10/08,2026-10,CALL,67000,1535,,15,25.55,25.22,1485,1,1460,2,25.4,-55,-3.58,1480,09/07 17:13
2026/09/07 18:22,2026-09-07T18:37:58+09:00,2026/09/08,2026/10/08,2026-10,PUT,67000,2440,,,25.55,24.57,2625,4,2550,4,,,,,
2026/09/07 18:22,2026-09-07T18:37:58+09:00,2026/09/08,2026/10/08,2026-10,CALL,66875,1635,,,26.46,25.03,1605,22,1495,7,,,,,
2026/09/07 18:22,2026-09-07T18:37:58+09:00,2026/09/08,2026/10/08,2026-10,PUT,66875,2345,,,25.74,24.11,2565,1,2440,10,,,,,
2026/09/07 18:22,2026-09-07T18:37:58+09:00,2026/09/08,2026/10/08,2026-10,CALL,66750,1690,,,26.18,25.14,1635,1,1555,1,,,,,
2026/09/07 18:22,2026-09-07T18:37:58+09:00,2026/09/08,2026/10/08,2026-10,PUT,66750,2305,,,25.6,24.75,2480,2,2415,2,,,,,
2026/09/07 18:22,2026-09-07T18:37:58+09:00,2026/09/08,2026/10/08,2026-10,CALL,66625,1750,,,26.54,25.11,1715,22,1605,7,,,,,
2026/09/07 18:22,2026-09-07T18:37:58+09:00,2026/09/08,2026/10/08,2026-10,PUT,66625,2215,,,25.76,24.33,2420,7,2310,11,,,,,
2026/09/07 18:22,2026-09-07T18:37:58+09:00,2026/09/08,2026/10/08,2026-10,CALL,66500,1810,,4,25.71,25.39,1705,2,1680,4,25.68,655,60.37,1740,09/07 17:58
2026/09/07 18:22,2026-09-07T18:37:58+09:00,2026/09/08,2026/10/08,2026-10,PUT,66500,2205,,,25.78,24.94,2350,3,2285,3,,,,,
2026/09/07 18:22,2026-09-07T18:37:58+09:00,2026/09/08,2026/10/08,2026-10,CALL,66375,1875,,,26.74,25.33,1840,11,1730,7,,,,,
2026/09/07 18:22,2026-09-07T18:37:58+09:00,2026/09/08,2026/10/08,2026-10,PUT,66375,2100,,,25.78,24.49,2280,1,2180,22,,,,,
2026/09/07 18:22,2026-09-07T18:37:58+09:00,2026/09/08,2026/10/08,2026-10,CALL,66250,1935,,,26.21,25.51,1855,2,1800,2,,,,,
2026/09/07 18:22,2026-09-07T18:37:58+09:00,2026/09/08,2026/10/08,2026-10,PUT,66250,2055,,,25.76,25.05,2210,2,2155,2,,,,,
2026/09/07 18:22,2026-09-07T18:37:58+09:00,2026/09/08,2026/10/08,2026-10,CALL,66125,2000,,,26.76,25.35,1955,7,1845,7,,,,,
2026/09/07 18:22,2026-09-07T18:37:58+09:00,2026/09/08,2026/10/08,2026-10,PUT,66125,1980,,,25.99,24.57,2160,7,2050,22,,,,,
2026/09/07 18:22,2026-09-07T18:37:58+09:00,2026/09/08,2026/10/08,2026-10,CALL,66000,2070,,,25.94,25.56,1950,2,1920,2,,,,,
2026/09/07 18:22,2026-09-07T18:37:58+09:00,2026/09/08,2026/10/08,2026-10,PUT,66000,1935,,6,25.94,25.24,2090,4,2035,4,25.68,15,0.74,2040,09/07 17:38
2026/09/07 18:22,2026-09-07T18:37:58+09:00,2026/09/08,2026/10/08,2026-10,CALL,65875,2130,,,26.91,25.49,2085,11,1975,7,,,,,
2026/09/07 18:22,2026-09-07T18:37:58+09:00,2026/09/08,2026/10/08,2026-10,PUT,65875,1860,,,25.95,24.72,2025,1,1930,22,,,,,
2026/09/07 18:22,2026-09-07T18:37:58+09:00,2026/09/08,2026/10/08,2026-10,CALL,65750,2195,,,26.45,25.67,2110,2,2050,2,,,,,
2026/09/07 18:22,2026-09-07T18:37:58+09:00,2026/09/08,2026/10/08,2026-10,PUT,65750,1815,,,26,25.29,1965,2,1910,2,,,,,
2026/09/07 18:22,2026-09-07T18:37:58+09:00,2026/09/08,2026/10/08,2026-10,CALL,65625,2260,,,27,25.64,2215,10,2110,6,,,,,
2026/09/07 18:22,2026-09-07T18:37:58+09:00,2026/09/08,2026/10/08,2026-10,PUT,65625,1740,,,26.16,24.87,1915,7,1815,22,,,,,
2026/09/07 18:22,2026-09-07T18:37:58+09:00,2026/09/08,2026/10/08,2026-10,CALL,65500,2345,,,26.96,25.53,2275,1,2165,1,,,,,
2026/09/07 18:22,2026-09-07T18:37:58+09:00,2026/09/08,2026/10/08,2026-10,PUT,65500,1720,,1,26.05,25.73,1845,2,1820,4,25.85,0,0,1780,09/07 17:52
2026/09/07 18:22,2026-09-07T18:37:58+09:00,2026/09/08,2026/10/08,2026-10,CALL,65375,2415,,,30.4,24.69,2605,5,2165,6,,,,,
2026/09/07 18:22,2026-09-07T18:37:58+09:00,2026/09/08,2026/10/08,2026-10,PUT,65375,1635,,,26.44,25.02,1815,7,1705,22,,,,,
2026/09/07 18:22,2026-09-07T18:37:58+09:00,2026/09/08,2026/10/08,2026-10,CALL,65250,2485,,,27.15,25.85,2420,12,2320,1,,,,,
2026/09/07 18:22,2026-09-07T18:37:58+09:00,2026/09/08,2026/10/08,2026-10,PUT,65250,1600,,,26.24,25.59,1740,2,1690,2,,,,,
2026/09/07 18:22,2026-09-07T18:37:58+09:00,2026/09/08,2026/10/08,2026-10,CALL,65125,2560,,,29.34,24.83,2655,5,2310,6,,,,,
2026/09/07 18:22,2026-09-07T18:37:58+09:00,2026/09/08,2026/10/08,2026-10,PUT,65125,1535,,,26.6,25.16,1710,7,1600,7,,,,,
2026/09/07 18:22,2026-09-07T18:37:58+09:00,2026/09/08,2026/10/08,2026-10,CALL,65000,2650,,,26.95,25.97,2540,4,2465,4,,,,,
2026/09/07 18:22,2026-09-07T18:37:58+09:00,2026/09/08,2026/10/08,2026-10,PUT,65000,1525,,5,26.3,25.97,1630,2,1605,43,26.37,35,2.3,1560,09/07 17:00
2026/09/07 18:22,2026-09-07T18:37:58+09:00,2026/09/08,2026/10/08,2026-10,CALL,64875,2715,,,31.44,25.18,2950,8,2475,3,,,,,
2026/09/07 18:22,2026-09-07T18:37:58+09:00,2026/09/08,2026/10/08,2026-10,PUT,64875,1440,,,26.63,25.31,1600,8,1500,23,,,,,
2026/09/07 18:22,2026-09-07T18:37:58+09:00,2026/09/08,2026/10/08,2026-10,CALL,64750,2800,,,27.82,26.09,2745,13,2615,1,,,,,
2026/09/07 18:22,2026-09-07T18:37:58+09:00,2026/09/08,2026/10/08,2026-10,PUT,64750,1425,,,26.42,26.02,1530,2,1500,11,,,,,
2026/09/07 18:22,2026-09-07T18:37:58+09:00,2026/09/08,2026/10/08,2026-10,CALL,64625,2875,,,31.86,25.39,3120,3,2635,3,,,,,
2026/09/07 18:22,2026-09-07T18:37:58+09:00,2026/09/08,2026/10/08,2026-10,PUT,64625,1335,,,26.8,25.46,1505,8,1405,23,,,,,
2026/09/07 18:22,2026-09-07T18:37:58+09:00,2026/09/08,2026/10/08,2026-10,CALL,64500,2965,,,27.3,26.15,2850,4,2765,3,,,,,
2026/09/07 18:22,2026-09-07T18:37:58+09:00,2026/09/08,2026/10/08,2026-10,PUT,64500,1335,,,26.56,26.29,1435,1,1415,3,,,,,
2026/09/07 18:22,2026-09-07T18:37:58+09:00,2026/09/08,2026/10/08,2026-10,CALL,64375,3050,,,32.29,25.75,3295,3,2810,3,,,,,
2026/09/07 18:22,2026-09-07T18:37:58+09:00,2026/09/08,2026/10/08,2026-10,PUT,64375,1260,,,26.97,25.61,1415,8,1315,23,,,,,
2026/09/07 18:22,2026-09-07T18:37:58+09:00,2026/09/08,2026/10/08,2026-10,CALL,64250,3125,,,32.33,25.74,3370,2,2885,2,,,,,
2026/09/07 18:22,2026-09-07T18:37:58+09:00,2026/09/08,2026/10/08,2026-10,PUT,64250,1255,,,26.77,26.35,1350,2,1320,11,,,,,
2026/09/07 18:22,2026-09-07T18:37:58+09:00,2026/09/08,2026/10/08,2026-10,CALL,64125,3225,,,32.69,26.05,3470,3,2985,1,,,,,
2026/09/07 18:22,2026-09-07T18:37:58+09:00,2026/09/08,2026/10/08,2026-10,PUT,64125,1185,,,27.16,25.78,1330,9,1230,9,,,,,
2026/09/07 18:22,2026-09-07T18:37:58+09:00,2026/09/08,2026/10/08,2026-10,CALL,64000,3310,,,31.06,26.01,3425,22,3060,22,,,,,
2026/09/07 18:22,2026-09-07T18:37:58+09:00,2026/09/08,2026/10/08,2026-10,PUT,64000,1175,,11,26.85,26.64,1260,3,1245,5,26.81,-10,-0.81,1230,09/07 17:58
2026/09/07 18:22,2026-09-07T18:37:58+09:00,2026/09/08,2026/10/08,2026-10,CALL,63875,3390,,,32.9,26.16,3635,3,3150,1,,,,,
2026/09/07 18:22,2026-09-07T18:37:58+09:00,2026/09/08,2026/10/08,2026-10,PUT,63875,1110,,,27.42,26.02,1255,9,1155,9,,,,,
2026/09/07 18:22,2026-09-07T18:37:58+09:00,2026/09/08,2026/10/08,2026-10,CALL,63750,3475,,,33.03,26.22,3720,2,3235,1,,,,,
2026/09/07 18:22,2026-09-07T18:37:58+09:00,2026/09/08,2026/10/08,2026-10,PUT,63750,1085,,,27.01,26.65,1180,2,1155,13,,,,,
2026/09/07 18:22,2026-09-07T18:37:58+09:00,2026/09/08,2026/10/08,2026-10,CALL,63625,3570,,,33.28,26.42,3815,3,3330,1,,,,,
2026/09/07 18:22,2026-09-07T18:37:58+09:00,2026/09/08,2026/10/08,2026-10,PUT,63625,1030,,,28.14,25.76,1215,24,1050,24,,,,,
2026/09/07 18:22,2026-09-07T18:37:58+09:00,2026/09/08,2026/10/08,2026-10,CALL,63500,3660,,,33.31,26.52,3895,3,3420,2,,,,,
2026/09/07 18:22,2026-09-07T18:37:58+09:00,2026/09/08,2026/10/08,2026-10,PUT,63500,1025,,1,27.18,26.96,1105,3,1090,4,27.18,,,1090,09/07 17:42
2026/09/07 18:22,2026-09-07T18:37:58+09:00,2026/09/08,2026/10/08,2026-10,CALL,63375,3750,,,33.61,26.62,3995,3,3510,1,,,,,
2026/09/07 18:22,2026-09-07T18:37:58+09:00,2026/09/08,2026/10/08,2026-10,PUT,63375,965,,,27.94,25.95,1115,24,980,24,,,,,
2026/09/07 18:22,2026-09-07T18:37:58+09:00,2026/09/08,2026/10/08,2026-10,CALL,63250,3845,,,33.83,26.77,4090,2,3605,1,,,,,
2026/09/07 18:22,2026-09-07T18:37:58+09:00,2026/09/08,2026/10/08,2026-10,PUT,63250,955,,,27.44,26.92,1040,3,1005,13,,,,,
2026/09/07 18:22,2026-09-07T18:37:58+09:00,2026/09/08,2026/10/08,2026-10,CALL,63125,3940,,,34.04,26.91,4185,3,3700,1,,,,,
2026/09/07 18:22,2026-09-07T18:37:58+09:00,2026/09/08,2026/10/08,2026-10,PUT,63125,900,,,28.19,27.21,1050,25,985,1,,,,,
2026/09/07 18:22,2026-09-07T18:37:58+09:00,2026/09/08,2026/10/08,2026-10,CALL,63000,4035,,,32.5,26.89,4160,22,3785,3,,,,,
2026/09/07 18:22,2026-09-07T18:37:58+09:00,2026/09/08,2026/10/08,2026-10,PUT,63000,905,,11,27.5,27.27,965,1,950,7,27.58,-10,-1.05,940,09/07 17:53
2026/09/07 18:22,2026-09-07T18:37:58+09:00,2026/09/08,2026/10/08,2026-10,CALL,62875,4130,,,34.44,27.08,4375,3,3885,1,,,,,
2026/09/07 18:22,2026-09-07T18:37:58+09:00,2026/09/08,2026/10/08,2026-10,PUT,62875,850,,,28.47,27.39,990,25,920,1,,,,,
2026/09/07 18:22,2026-09-07T18:37:58+09:00,2026/09/08,2026/10/08,2026-10,CALL,62750,4230,,,34.7,25.66,4475,2,3885,7,,,,,
2026/09/07 18:22,2026-09-07T18:37:58+09:00,2026/09/08,2026/10/08,2026-10,PUT,62750,845,,,27.88,27.49,915,3,890,3,,,,,
2026/09/07 18:22,2026-09-07T18:37:58+09:00,2026/09/08,2026/10/08,2026-10,CALL,62625,4325,,,34.87,23.89,4570,3,3870,7,,,,,
2026/09/07 18:22,2026-09-07T18:37:58+09:00,2026/09/08,2026/10/08,2026-10,PUT,62625,790,,,28.46,27.5,915,10,855,2,,,,,
2026/09/07 18:22,2026-09-07T18:37:58+09:00,2026/09/08,2026/10/08,2026-10,CALL,62500,4425,,,35.11,23.46,4670,3,3940,3,,,,,
2026/09/07 18:22,2026-09-07T18:37:58+09:00,2026/09/08,2026/10/08,2026-10,PUT,62500,785,,21,27.9,27.74,845,3,835,1,27.84,,,825,09/07 18:12
2026/09/07 18:22,2026-09-07T18:37:58+09:00,2026/09/08,2026/10/08,2026-10,CALL,62375,4525,,,35.34,21.79,4770,3,3945,7,,,,,
2026/09/07 18:22,2026-09-07T18:37:58+09:00,2026/09/08,2026/10/08,2026-10,PUT,62375,735,,,28.71,27.81,860,10,805,1,,,,,
2026/09/07 18:22,2026-09-07T18:37:58+09:00,2026/09/08,2026/10/08,2026-10,CALL,62250,4625,,,35.57,24.67,4870,2,4200,7,,,,,
2026/09/07 18:22,2026-09-07T18:37:58+09:00,2026/09/08,2026/10/08,2026-10,PUT,62250,735,,,28.11,27.86,790,2,775,3,,,,,
2026/09/07 18:22,2026-09-07T18:37:58+09:00,2026/09/08,2026/10/08,2026-10,CALL,62125,4725,,,35.78,24.91,4970,3,4310,7,,,,,
2026/09/07 18:22,2026-09-07T18:37:58+09:00,2026/09/08,2026/10/08,2026-10,PUT,62125,690,,,28.9,27.98,805,10,750,2,,,,,
2026/09/07 18:22,2026-09-07T18:37:58+09:00,2026/09/08,2026/10/08,2026-10,CALL,62000,4830,,,34.1,24.68,4950,22,4395,7,,,,,
2026/09/07 18:22,2026-09-07T18:37:58+09:00,2026/09/08,2026/10/08,2026-10,PUT,62000,690,,11,28.34,28.08,740,3,725,10,28.48,-30,-4.03,715,09/07 18:00
2026/09/07 18:22,2026-09-07T18:37:58+09:00,2026/09/08,2026/10/08,2026-10,CALL,61875,4925,,,36.18,23.44,5170,3,4430,3,,,,,
2026/09/07 18:22,2026-09-07T18:37:58+09:00,2026/09/08,2026/10/08,2026-10,PUT,61875,655,,,29.56,28.18,780,27,700,1,,,,,
2026/09/07 18:22,2026-09-07T18:37:58+09:00,2026/09/08,2026/10/08,2026-10,CALL,61750,5035,,,36.53,25.58,5280,2,4640,7,,,,,
2026/09/07 18:22,2026-09-07T18:37:58+09:00,2026/09/08,2026/10/08,2026-10,PUT,61750,645,,,28.61,28.26,695,2,675,5,,,,,
2026/09/07 18:22,2026-09-07T18:37:58+09:00,2026/09/08,2026/10/08,2026-10,CALL,61625,5140,,,36.8,24.8,5385,3,4700,7,,,,,
2026/09/07 18:22,2026-09-07T18:37:58+09:00,2026/09/08,2026/10/08,2026-10,PUT,61625,605,,,29.76,28.42,730,27,655,1,,,,,
2026/09/07 18:22,2026-09-07T18:37:58+09:00,2026/09/08,2026/10/08,2026-10,CALL,61500,5245,,,36.89,24.77,5480,3,4800,1,,,,,
2026/09/07 18:22,2026-09-07T18:37:58+09:00,2026/09/08,2026/10/08,2026-10,PUT,61500,605,,,28.84,28.56,650,3,635,8,,,,,
2026/09/07 18:22,2026-09-07T18:37:58+09:00,2026/09/08,2026/10/08,2026-10,CALL,61375,5345,,,37.22,22.97,5590,3,4820,3,,,,,
2026/09/07 18:22,2026-09-07T18:37:58+09:00,2026/09/08,2026/10/08,2026-10,PUT,61375,565,,,30.09,28.61,690,27,610,3,,,,,
2026/09/07 18:22,2026-09-07T18:37:58+09:00,2026/09/08,2026/10/08,2026-10,CALL,61250,5460,,,37.62,26.86,5705,2,5105,7,,,,,
2026/09/07 18:22,2026-09-07T18:37:58+09:00,2026/09/08,2026/10/08,2026-10,PUT,61250,565,,,29.11,28.82,610,4,595,2,,,,,
2026/09/07 18:22,2026-09-07T18:37:58+09:00,2026/09/08,2026/10/08,2026-10,CALL,61125,5560,,,37.77,25.22,5805,3,5130,7,,,,,
2026/09/07 18:22,2026-09-07T18:37:58+09:00,2026/09/08,2026/10/08,2026-10,PUT,61125,525,,,30.09,27.44,635,12,500,27,,,,,
2026/09/07 18:22,2026-09-07T18:37:58+09:00,2026/09/08,2026/10/08,2026-10,CALL,61000,5670,,,30.02,20.96,5465,3,5065,7,,,,,
2026/09/07 18:22,2026-09-07T18:37:58+09:00,2026/09/08,2026/10/08,2026-10,PUT,61000,535,,8,29.24,29.04,565,3,555,9,29.22,0,0,560,09/07 18:17
2026/09/07 18:22,2026-09-07T18:37:58+09:00,2026/09/08,2026/10/08,2026-10,CALL,60875,5780,,,38.48,27.25,6030,6,5430,1,,,,,
2026/09/07 18:22,2026-09-07T18:37:58+09:00,2026/09/08,2026/10/08,2026-10,PUT,60875,505,,,30.81,27.67,620,27,465,27,,,,,
2026/09/07 18:22,2026-09-07T18:37:58+09:00,2026/09/08,2026/10/08,2026-10,CALL,60750,5890,,,38.78,25.44,6140,7,5455,1,,,,,
2026/09/07 18:22,2026-09-07T18:37:58+09:00,2026/09/08,2026/10/08,2026-10,PUT,60750,500,,,29.61,29.3,535,4,520,2,,,,,
2026/09/07 18:22,2026-09-07T18:37:58+09:00,2026/09/08,2026/10/08,2026-10,CALL,60625,5995,,,38.99,25.65,6245,6,5570,1,,,,,
2026/09/07 18:22,2026-09-07T18:37:58+09:00,2026/09/08,2026/10/08,2026-10,PUT,60625,465,,,30.71,27.85,565,12,430,27,,,,,
2026/09/07 18:22,2026-09-07T18:37:58+09:00,2026/09/08,2026/10/08,2026-10,CALL,60500,6110,,,39.36,26.94,6360,12,5730,2,,,,,
2026/09/07 18:22,2026-09-07T18:37:58+09:00,2026/09/08,2026/10/08,2026-10,PUT,60500,465,,,29.85,29.53,500,7,485,3,,,,,
2026/09/07 18:22,2026-09-07T18:37:58+09:00,2026/09/08,2026/10/08,2026-10,CALL,60375,6220,,,39.65,26.54,6470,6,5820,6,,,,,
2026/09/07 18:22,2026-09-07T18:37:58+09:00,2026/09/08,2026/10/08,2026-10,PUT,60375,435,,,31.07,27.74,535,13,385,2,,,,,
2026/09/07 18:22,2026-09-07T18:37:58+09:00,2026/09/08,2026/10/08,2026-10,CALL,60250,6330,,,39.93,25.15,6580,7,5875,1,,,,,
2026/09/07 18:22,2026-09-07T18:37:58+09:00,2026/09/08,2026/10/08,2026-10,PUT,60250,430,,,30.15,29.81,470,2,455,2,,,,,
2026/09/07 18:22,2026-09-07T18:37:58+09:00,2026/09/08,2026/10/08,2026-10,CALL,60125,6440,,,40.2,20.23,6690,6,5840,1,,,,,
2026/09/07 18:22,2026-09-07T18:37:58+09:00,2026/09/08,2026/10/08,2026-10,PUT,60125,410,,,31.5,27.92,510,14,355,3,,,,,
2026/09/07 18:22,2026-09-07T18:37:58+09:00,2026/09/08,2026/10/08,2026-10,CALL,60000,6550,,,40.47,22,6800,18,6000,3,,,,,
2026/09/07 18:22,2026-09-07T18:37:58+09:00,2026/09/08,2026/10/08,2026-10,PUT,60000,415,,5,30.4,30.06,440,3,425,3,30.26,5,1.2,420,09/07 17:44
2026/09/07 18:22,2026-09-07T18:37:58+09:00,2026/09/08,2026/10/08,2026-10,CALL,59875,6670,,,40.92,24.62,6920,6,6190,5,,,,,
2026/09/07 18:22,2026-09-07T18:37:58+09:00,2026/09/08,2026/10/08,2026-10,PUT,59875,385,,,32.45,28.04,510,14,325,3,,,,,
2026/09/07 18:22,2026-09-07T18:37:58+09:00,2026/09/08,2026/10/08,2026-10,CALL,59750,6780,,,41.18,26.69,7030,7,6370,1,,,,,
2026/09/07 18:22,2026-09-07T18:37:58+09:00,2026/09/08,2026/10/08,2026-10,PUT,59750,385,,,30.74,30.37,415,5,400,5,,,,,
2026/09/07 18:22,2026-09-07T18:37:58+09:00,2026/09/08,2026/10/08,2026-10,CALL,59625,6885,,,41.34,27.4,7135,6,6505,5,,,,,
2026/09/07 18:22,2026-09-07T18:37:58+09:00,2026/09/08,2026/10/08,2026-10,PUT,59625,355,,,32.26,28.79,460,3,320,3,,,,,
2026/09/07 18:22,2026-09-07T18:37:58+09:00,2026/09/08,2026/10/08,2026-10,CALL,59500,7005,,,41.77,19.99,7255,12,6425,2,,,,,
2026/09/07 18:22,2026-09-07T18:37:58+09:00,2026/09/08,2026/10/08,2026-10,PUT,59500,360,,,30.91,30.66,385,3,375,3,,,,,
2026/09/07 18:22,2026-09-07T18:37:58+09:00,2026/09/08,2026/10/08,2026-10,CALL,59375,7120,,,42.11,23.89,7370,6,6625,1,,,,,
2026/09/07 18:22,2026-09-07T18:37:58+09:00,2026/09/08,2026/10/08,2026-10,PUT,59375,340,,,32.71,29.08,440,14,299,3,,,,,
2026/09/07 18:22,2026-09-07T18:37:58+09:00,2026/09/08,2026/10/08,2026-10,CALL,59250,7235,,,42.45,24.27,7485,7,6750,1,,,,,
2026/09/07 18:22,2026-09-07T18:37:58+09:00,2026/09/08,2026/10/08,2026-10,PUT,59250,340,,,31.16,30.9,360,2,350,5,,,,,
2026/09/07 18:22,2026-09-07T18:37:58+09:00,2026/09/08,2026/10/08,2026-10,CALL,59125,7350,,,42.78,25.62,7600,6,6900,6,,,,,
2026/09/07 18:22,2026-09-07T18:37:58+09:00,2026/09/08,2026/10/08,2026-10,PUT,59125,320,,,33.14,29.3,420,14,277,3,,,,,
2026/09/07 18:22,2026-09-07T18:37:58+09:00,2026/09/08,2026/10/08,2026-10,CALL,59000,7465,,,43.11,25.43,7715,18,7010,3,,,,,
2026/09/07 18:22,2026-09-07T18:37:58+09:00,2026/09/08,2026/10/08,2026-10,PUT,59000,320,,,31.51,31.24,340,3,330,3,,,,,
2026/09/07 18:22,2026-09-07T18:37:58+09:00,2026/09/08,2026/10/08,2026-10,CALL,58875,7575,,,43.34,20.29,7825,6,7030,5,,,,,
2026/09/07 18:22,2026-09-07T18:37:58+09:00,2026/09/08,2026/10/08,2026-10,PUT,58875,293,,,33.29,29.5,390,14,256,3,,,,,
2026/09/07 18:22,2026-09-07T18:37:58+09:00,2026/09/08,2026/10/08,2026-10,CALL,58750,7695,,,43.76,,7945,7,7075,1,,,,,
2026/09/07 18:22,2026-09-07T18:37:58+09:00,2026/09/08,2026/10/08,2026-10,PUT,58750,298,,,31.83,31.54,320,2,310,5,,,,,
2026/09/07 18:22,2026-09-07T18:37:58+09:00,2026/09/08,2026/10/08,2026-10,CALL,58625,7820,,,44.28,24.81,8070,6,7345,5,,,,,
2026/09/07 18:22,2026-09-07T18:37:58+09:00,2026/09/08,2026/10/08,2026-10,PUT,58625,288,,,33.78,29.66,375,3,235,3,,,,,
2026/09/07 18:22,2026-09-07T18:37:58+09:00,2026/09/08,2026/10/08,2026-10,CALL,58500,7930,,,44.49,23.89,8180,12,7445,10,,,,,
2026/09/07 18:22,2026-09-07T18:37:58+09:00,2026/09/08,2026/10/08,2026-10,PUT,58500,285,,,32.08,31.93,299,1,294,1,,,,,
2026/09/07 18:22,2026-09-07T18:37:58+09:00,2026/09/08,2026/10/08,2026-10,CALL,58375,8045,,,44.8,27.75,8295,6,7645,5,,,,,
2026/09/07 18:22,2026-09-07T18:37:58+09:00,2026/09/08,2026/10/08,2026-10,PUT,58375,273,,,32.41,31.86,296,3,278,3,,,,,
2026/09/07 18:22,2026-09-07T18:37:58+09:00,2026/09/08,2026/10/08,2026-10,CALL,58250,8165,,,45.21,27.07,8415,7,7745,1,,,,,
2026/09/07 18:22,2026-09-07T18:37:58+09:00,2026/09/08,2026/10/08,2026-10,PUT,58250,265,,,32.47,32.1,284,2,272,5,,,,,
2026/09/07 18:22,2026-09-07T18:37:58+09:00,2026/09/08,2026/10/08,2026-10,CALL,58000,8400,,,45.93,26.38,8650,18,7965,15,,,,,
2026/09/07 18:22,2026-09-07T18:37:58+09:00,2026/09/08,2026/10/08,2026-10,PUT,58000,254,,4,32.74,32.58,266,3,261,1,32.65,-3,-1.13,263,09/07 18:21
2026/09/07 18:22,2026-09-07T18:37:58+09:00,2026/09/08,2026/10/08,2026-10,CALL,57750,8635,,,46.63,28.34,8885,7,8240,1,,,,,
2026/09/07 18:22,2026-09-07T18:37:58+09:00,2026/09/08,2026/10/08,2026-10,PUT,57750,234,,,33.21,32.81,255,5,243,5,,,,,
2026/09/07 18:22,2026-09-07T18:37:58+09:00,2026/09/08,2026/10/08,2026-10,CALL,57500,8870,,,47.32,,9120,12,8320,10,,,,,
2026/09/07 18:22,2026-09-07T18:37:58+09:00,2026/09/08,2026/10/08,2026-10,PUT,57500,224,,,33.42,33.24,237,3,232,1,,,,,
2026/09/07 18:22,2026-09-07T18:37:58+09:00,2026/09/08,2026/10/08,2026-10,CALL,57250,9110,,,48.11,23.51,9360,7,8645,6,,,,,
2026/09/07 18:22,2026-09-07T18:37:58+09:00,2026/09/08,2026/10/08,2026-10,PUT,57250,208,,,33.84,33.43,226,2,215,20,,,,,
2026/09/07 18:22,2026-09-07T18:37:58+09:00,2026/09/08,2026/10/08,2026-10,CALL,57000,9350,,,,,,,,,,,,,
2026/09/07 18:22,2026-09-07T18:37:58+09:00,2026/09/08,2026/10/08,2026-10,PUT,57000,201,,,34.13,33.97,212,3,208,1,,,,,
2026/09/07 18:22,2026-09-07T18:37:58+09:00,2026/09/08,2026/10/08,2026-10,CALL,56750,9590,,,,,,,,,,,,,
2026/09/07 18:22,2026-09-07T18:37:58+09:00,2026/09/08,2026/10/08,2026-10,PUT,56750,187,,,34.62,34.17,204,7,193,7,,,,,
2026/09/07 18:22,2026-09-07T18:37:58+09:00,2026/09/08,2026/10/08,2026-10,CALL,56500,9830,,,,,,,,,,,,,
2026/09/07 18:22,2026-09-07T18:37:58+09:00,2026/09/08,2026/10/08,2026-10,PUT,56500,180,,,34.84,34.67,190,1,186,1,,,,,
2026/09/07 18:22,2026-09-07T18:37:58+09:00,2026/09/08,2026/10/08,2026-10,CALL,56250,10070,,,,,,,,,,,,,
2026/09/07 18:22,2026-09-07T18:37:58+09:00,2026/09/08,2026/10/08,2026-10,PUT,56250,169,,,35.38,34.85,184,8,172,8,,,,,
2026/09/07 18:22,2026-09-07T18:37:58+09:00,2026/09/08,2026/10/08,2026-10,CALL,56000,10310,,,,,,,,,,,,,
2026/09/07 18:22,2026-09-07T18:37:58+09:00,2026/09/08,2026/10/08,2026-10,PUT,56000,163,,,35.59,35.45,171,1,168,1,,,,,
2026/09/07 18:22,2026-09-07T18:37:58+09:00,2026/09/08,2026/10/08,2026-10,CALL,55750,10555,,,,,,,,,,,,,
2026/09/07 18:22,2026-09-07T18:37:58+09:00,2026/09/08,2026/10/08,2026-10,PUT,55750,152,,,36.18,35.61,167,8,155,8,,,,,
2026/09/07 18:22,2026-09-07T18:37:58+09:00,2026/09/08,2026/10/08,2026-10,CALL,55500,10795,,,,,,,,,,,,,
2026/09/07 18:22,2026-09-07T18:37:58+09:00,2026/09/08,2026/10/08,2026-10,PUT,55500,147,,,36.33,36.18,154,1,151,1,,,,,
2026/09/07 18:22,2026-09-07T18:37:58+09:00,2026/09/08,2026/10/08,2026-10,CALL,55250,11040,,,,,,,,,,,,,
2026/09/07 18:22,2026-09-07T18:37:58+09:00,2026/09/08,2026/10/08,2026-10,PUT,55250,137,,,37,36.38,152,9,140,9,,,,,
2026/09/07 18:22,2026-09-07T18:37:58+09:00,2026/09/08,2026/10/08,2026-10,CALL,55000,11280,,,,,,,,,,,,,
2026/09/07 18:22,2026-09-07T18:37:58+09:00,2026/09/08,2026/10/08,2026-10,PUT,55000,140,,1,37.14,36.98,140,3,137,2,37.28,0,0,140,09/07 17:47
2026/09/07 18:22,2026-09-07T18:37:58+09:00,2026/09/08,2026/10/08,2026-10,CALL,54750,11525,,,,,,,,,,,,,
2026/09/07 18:22,2026-09-07T18:37:58+09:00,2026/09/08,2026/10/08,2026-10,PUT,54750,133,,,37.74,37.23,137,9,128,9,,,,,
2026/09/07 18:22,2026-09-07T18:37:58+09:00,2026/09/08,2026/10/08,2026-10,CALL,54500,11770,,,,,,,,,,,,,
2026/09/07 18:22,2026-09-07T18:37:58+09:00,2026/09/08,2026/10/08,2026-10,PUT,54500,121,,,37.93,37.81,127,1,125,1,,,,,
2026/09/07 18:22,2026-09-07T18:37:58+09:00,2026/09/08,2026/10/08,2026-10,CALL,54250,12015,,,,,,,,,,,,,
2026/09/07 18:22,2026-09-07T18:37:58+09:00,2026/09/08,2026/10/08,2026-10,PUT,54250,120,,,38.63,38.08,126,10,117,10,,,,,
2026/09/07 18:22,2026-09-07T18:37:58+09:00,2026/09/08,2026/10/08,2026-10,CALL,54000,12260,,,,,,,,,,,,,
2026/09/07 18:22,2026-09-07T18:37:58+09:00,2026/09/08,2026/10/08,2026-10,PUT,54000,115,,,38.76,38.57,116,3,113,3,,,,,
2026/09/07 18:22,2026-09-07T18:37:58+09:00,2026/09/08,2026/10/08,2026-10,CALL,53750,12505,,,,,,,,,,,,,
2026/09/07 18:22,2026-09-07T18:37:58+09:00,2026/09/08,2026/10/08,2026-10,PUT,53750,104,,,39.32,38.85,113,10,106,10,,,,,
2026/09/07 18:22,2026-09-07T18:37:58+09:00,2026/09/08,2026/10/08,2026-10,CALL,53500,12750,,,,,,,,,,,,,
2026/09/07 18:22,2026-09-07T18:37:58+09:00,2026/09/08,2026/10/08,2026-10,PUT,53500,101,,,39.6,39.39,106,3,103,1,,,,,
2026/09/07 18:22,2026-09-07T18:37:58+09:00,2026/09/08,2026/10/08,2026-10,CALL,53250,12995,,,,,,,,,,,,,
2026/09/07 18:22,2026-09-07T18:37:58+09:00,2026/09/08,2026/10/08,2026-10,PUT,53250,94,,,40.2,39.77,104,9,98,9,,,,,
2026/09/07 18:22,2026-09-07T18:37:58+09:00,2026/09/08,2026/10/08,2026-10,CALL,53000,13240,,,,,,,,,,,,,
2026/09/07 18:22,2026-09-07T18:37:58+09:00,2026/09/08,2026/10/08,2026-10,PUT,53000,92,,1,40.51,40.13,98,1,93,22,40.43,0,0,97,09/07 18:19
2026/09/07 18:22,2026-09-07T18:37:58+09:00,2026/09/08,2026/10/08,2026-10,CALL,52750,13490,,,,,,,,,,,,,
2026/09/07 18:22,2026-09-07T18:37:58+09:00,2026/09/08,2026/10/08,2026-10,PUT,52750,86,,,41.1,40.39,96,8,87,29,,,,,
2026/09/07 18:22,2026-09-07T18:37:58+09:00,2026/09/08,2026/10/08,2026-10,CALL,52500,13735,,,,,,,,,,,,,
2026/09/07 18:22,2026-09-07T18:37:58+09:00,2026/09/08,2026/10/08,2026-10,PUT,52500,82,,,41.6,40.79,93,20,83,16,,,,,
2026/09/07 18:22,2026-09-07T18:37:58+09:00,2026/09/08,2026/10/08,2026-10,CALL,52250,13980,,,,,,,,,,,,,
2026/09/07 18:22,2026-09-07T18:37:58+09:00,2026/09/08,2026/10/08,2026-10,PUT,52250,80,,,41.94,41.35,88,10,81,10,,,,,
2026/09/07 18:22,2026-09-07T18:37:58+09:00,2026/09/08,2026/10/08,2026-10,CALL,52000,14225,,,,,,,,,,,,,
2026/09/07 18:22,2026-09-07T18:37:58+09:00,2026/09/08,2026/10/08,2026-10,PUT,52000,76,,,42.42,41.72,85,24,77,24,,,,,
2026/09/07 18:22,2026-09-07T18:37:58+09:00,2026/09/08,2026/10/08,2026-10,CALL,51750,14475,,,,,,,,,,,,,
2026/09/07 18:22,2026-09-07T18:37:58+09:00,2026/09/08,2026/10/08,2026-10,PUT,51750,73,,,42.89,42.07,82,2,73,31,,,,,
2026/09/07 18:22,2026-09-07T18:37:58+09:00,2026/09/08,2026/10/08,2026-10,CALL,51500,14720,,,,,,,,,,,,,
2026/09/07 18:22,2026-09-07T18:37:58+09:00,2026/09/08,2026/10/08,2026-10,PUT,51500,72,,3,43.36,42.5,79,2,70,16,43.08,-2,-2.6,75,09/07 17:11
2026/09/07 18:22,2026-09-07T18:37:58+09:00,2026/09/08,2026/10/08,2026-10,CALL,51250,14970,,,,,,,,,,,,,
2026/09/07 18:22,2026-09-07T18:37:58+09:00,2026/09/08,2026/10/08,2026-10,PUT,51250,67,,,43.81,43.02,76,2,68,10,,,,,
2026/09/07 18:22,2026-09-07T18:37:58+09:00,2026/09/08,2026/10/08,2026-10,CALL,51000,15215,,,,,,,,,,,,,
2026/09/07 18:22,2026-09-07T18:37:58+09:00,2026/09/08,2026/10/08,2026-10,PUT,51000,65,,,44.25,43.32,73,28,64,24,,,,,
2026/09/07 18:22,2026-09-07T18:37:58+09:00,2026/09/08,2026/10/08,2026-10,CALL,50750,15460,,,,,,,,,,,,,
2026/09/07 18:22,2026-09-07T18:37:58+09:00,2026/09/08,2026/10/08,2026-10,PUT,50750,62,,,44.67,43.82,70,14,62,10,,,,,
2026/09/07 18:22,2026-09-07T18:37:58+09:00,2026/09/08,2026/10/08,2026-10,CALL,50500,15710,,,,,,,,,,,,,
2026/09/07 18:22,2026-09-07T18:37:58+09:00,2026/09/08,2026/10/08,2026-10,PUT,50500,61,,,45.19,44.2,68,2,59,16,,,,,
2026/09/07 18:22,2026-09-07T18:37:58+09:00,2026/09/08,2026/10/08,2026-10,CALL,50250,15960,,,,,,,,,,,,,
2026/09/07 18:22,2026-09-07T18:37:58+09:00,2026/09/08,2026/10/08,2026-10,PUT,50250,58,,,45.59,44.56,65,2,56,10,,,,,
2026/09/07 18:22,2026-09-07T18:37:58+09:00,2026/09/08,2026/10/08,2026-10,CALL,50000,16205,,,,,,,,,,,,,
2026/09/07 18:22,2026-09-07T18:37:58+09:00,2026/09/08,2026/10/08,2026-10,PUT,50000,57,,,46.09,45.02,63,2,54,24,,,,,
2026/09/07 18:22,2026-09-07T18:37:58+09:00,2026/09/08,2026/10/08,2026-10,CALL,49750,16450,,,,,,,,,,,,,
2026/09/07 18:22,2026-09-07T18:37:58+09:00,2026/09/08,2026/10/08,2026-10,PUT,49750,54,,,46.82,44.81,63,2,47,2,,,,,
2026/09/07 18:22,2026-09-07T18:37:58+09:00,2026/09/08,2026/10/08,2026-10,CALL,49500,16700,,,,,,,,,,,,,
2026/09/07 18:22,2026-09-07T18:37:58+09:00,2026/09/08,2026/10/08,2026-10,PUT,49500,52,,,47.31,45.37,61,2,46,2,,,,,
2026/09/07 18:22,2026-09-07T18:37:58+09:00,2026/09/08,2026/10/08,2026-10,CALL,49250,16950,,,,,,,,,,,,,
2026/09/07 18:22,2026-09-07T18:37:58+09:00,2026/09/08,2026/10/08,2026-10,PUT,49250,51,,,47.68,45.63,58,2,43,2,,,,,
2026/09/07 18:22,2026-09-07T18:37:58+09:00,2026/09/08,2026/10/08,2026-10,CALL,49000,17195,,,,,,,,,,,,,
2026/09/07 18:22,2026-09-07T18:37:58+09:00,2026/09/08,2026/10/08,2026-10,PUT,49000,49,,,47.76,46.18,53,1,42,2,,,,,
2026/09/07 18:22,2026-09-07T18:37:58+09:00,2026/09/08,2026/10/08,2026-10,CALL,48750,17445,,,,,,,,,,,,,
2026/09/07 18:22,2026-09-07T18:37:58+09:00,2026/09/08,2026/10/08,2026-10,PUT,48750,47,,,48.75,46.56,55,2,40,2,,,,,
2026/09/07 18:22,2026-09-07T18:37:58+09:00,2026/09/08,2026/10/08,2026-10,CALL,48500,17690,,,,,,,,,,,,,
2026/09/07 18:22,2026-09-07T18:37:58+09:00,2026/09/08,2026/10/08,2026-10,PUT,48500,44,,,49.2,47.1,53,2,39,2,,,,,
2026/09/07 18:22,2026-09-07T18:37:58+09:00,2026/09/08,2026/10/08,2026-10,CALL,48250,17940,,,,,,,,,,,,,
2026/09/07 18:22,2026-09-07T18:37:58+09:00,2026/09/08,2026/10/08,2026-10,PUT,48250,43,,,49.65,47.46,51,2,37,2,,,,,
2026/09/07 18:22,2026-09-07T18:37:58+09:00,2026/09/08,2026/10/08,2026-10,CALL,48000,18190,,,,,,,,,,,,,
2026/09/07 18:22,2026-09-07T18:37:58+09:00,2026/09/08,2026/10/08,2026-10,PUT,48000,42,,,50.23,47.98,50,2,36,2,,,,,
2026/09/07 18:22,2026-09-07T18:37:58+09:00,2026/09/08,2026/10/08,2026-10,CALL,47750,18435,,,,,,,,,,,,,
2026/09/07 18:22,2026-09-07T18:37:58+09:00,2026/09/08,2026/10/08,2026-10,PUT,47750,40,,,50.67,48.31,48,2,34,2,,,,,
2026/09/07 18:22,2026-09-07T18:37:58+09:00,2026/09/08,2026/10/08,2026-10,CALL,47500,18685,,,,,,,,,,,,,
2026/09/07 18:22,2026-09-07T18:37:58+09:00,2026/09/08,2026/10/08,2026-10,PUT,47500,37,,,54.47,42.78,71,6,11,6,,,,,
2026/09/07 18:22,2026-09-07T18:37:58+09:00,2026/09/08,2026/10/08,2026-10,CALL,47250,18930,,,,,,,,,,,,,
2026/09/07 18:22,2026-09-07T18:37:58+09:00,2026/09/08,2026/10/08,2026-10,PUT,47250,36,,,54.99,42.96,69,6,10,6,,,,,
2026/09/07 18:22,2026-09-07T18:37:58+09:00,2026/09/08,2026/10/08,2026-10,CALL,47000,19180,,,,,,,,,,,,,
2026/09/07 18:22,2026-09-07T18:37:58+09:00,2026/09/08,2026/10/08,2026-10,PUT,47000,35,,,51.36,49.81,39,1,31,1,,,,,
2026/09/07 18:22,2026-09-07T18:37:58+09:00,2026/09/08,2026/10/08,2026-10,CALL,46750,19430,,,,,,,,,,,,,
2026/09/07 18:22,2026-09-07T18:37:58+09:00,2026/09/08,2026/10/08,2026-10,PUT,46750,34,,,56.15,42.61,66,6,7,6,,,,,
2026/09/07 18:22,2026-09-07T18:37:58+09:00,2026/09/08,2026/10/08,2026-10,CALL,46500,19680,,,,,,,,,,,,,
2026/09/07 18:22,2026-09-07T18:37:58+09:00,2026/09/08,2026/10/08,2026-10,PUT,46500,33,,,56.79,42.57,65,6,6,6,,,,,
2026/09/07 18:22,2026-09-07T18:37:58+09:00,2026/09/08,2026/10/08,2026-10,CALL,46250,19915,,,,,,,,,,,,,
2026/09/07 18:22,2026-09-07T18:37:58+09:00,2026/09/08,2026/10/08,2026-10,PUT,46250,21,,,57.42,42.42,64,6,5,6,,,,,
2026/09/07 18:22,2026-09-07T18:37:58+09:00,2026/09/08,2026/10/08,2026-10,CALL,46000,20165,,,,,,,,,,,,,
2026/09/07 18:22,2026-09-07T18:37:58+09:00,2026/09/08,2026/10/08,2026-10,PUT,46000,29,,,57.92,51.47,62,6,26,1,,,,,
2026/09/07 18:22,2026-09-07T18:37:58+09:00,2026/09/08,2026/10/08,2026-10,CALL,45750,20415,,,,,,,,,,,,,
2026/09/07 18:22,2026-09-07T18:37:58+09:00,2026/09/08,2026/10/08,2026-10,PUT,45750,20,,,58.56,41.63,61,6,3,26,,,,,
2026/09/07 18:22,2026-09-07T18:37:58+09:00,2026/09/08,2026/10/08,2026-10,CALL,45500,20665,,,,,,,,,,,,,
2026/09/07 18:22,2026-09-07T18:37:58+09:00,2026/09/08,2026/10/08,2026-10,PUT,45500,25,,,59.19,42.21,60,6,3,26,,,,,
2026/09/07 18:22,2026-09-07T18:37:58+09:00,2026/09/08,2026/10/08,2026-10,CALL,45250,20910,,,,,,,,,,,,,
2026/09/07 18:22,2026-09-07T18:37:58+09:00,2026/09/08,2026/10/08,2026-10,PUT,45250,18,,,59.82,42.79,59,6,3,26,,,,,
2026/09/07 18:22,2026-09-07T18:37:58+09:00,2026/09/08,2026/10/08,2026-10,CALL,45000,21160,,,,,,,,,,,,,
2026/09/07 18:22,2026-09-07T18:37:58+09:00,2026/09/08,2026/10/08,2026-10,PUT,45000,27,,1,56.81,54.3,37,33,26,1,54.75,0,0,27,09/07 18:11
2026/09/07 18:22,2026-09-07T18:37:58+09:00,2026/09/08,2026/10/08,2026-10,CALL,44750,21410,,,,,,,,,,,,,
2026/09/07 18:22,2026-09-07T18:37:58+09:00,2026/09/08,2026/10/08,2026-10,PUT,44750,24,,,61.08,52.98,57,6,19,12,,,,,
2026/09/07 18:22,2026-09-07T18:37:58+09:00,2026/09/08,2026/10/08,2026-10,CALL,44500,21660,,,,,,,,,,,,,
2026/09/07 18:22,2026-09-07T18:37:58+09:00,2026/09/08,2026/10/08,2026-10,PUT,44500,21,,,61.7,44.56,56,6,3,26,,,,,
2026/09/07 18:22,2026-09-07T18:37:58+09:00,2026/09/08,2026/10/08,2026-10,CALL,44250,21905,,,,,,,,,,,,,
2026/09/07 18:22,2026-09-07T18:37:58+09:00,2026/09/08,2026/10/08,2026-10,PUT,44250,15,,,60.24,48.85,43,6,7,6,,,,,
2026/09/07 18:22,2026-09-07T18:37:58+09:00,2026/09/08,2026/10/08,2026-10,CALL,44000,22155,,,,,,,,,,,,,
2026/09/07 18:22,2026-09-07T18:37:58+09:00,2026/09/08,2026/10/08,2026-10,PUT,44000,20,,,59.14,51.84,34,9,11,7,,,,,
2026/09/07 18:22,2026-09-07T18:37:58+09:00,2026/09/08,2026/10/08,2026-10,CALL,43750,22405,,,,,,,,,,,,,
2026/09/07 18:22,2026-09-07T18:37:58+09:00,2026/09/08,2026/10/08,2026-10,PUT,43750,14,,,61.38,49.39,41,6,6,6,,,,,
2026/09/07 18:22,2026-09-07T18:37:58+09:00,2026/09/08,2026/10/08,2026-10,CALL,43500,22655,,,,,,,,,,,,,
2026/09/07 18:22,2026-09-07T18:37:58+09:00,2026/09/08,2026/10/08,2026-10,PUT,43500,18,,,61.95,49.17,40,6,5,6,,,,,
2026/09/07 18:22,2026-09-07T18:37:58+09:00,2026/09/08,2026/10/08,2026-10,CALL,43250,22900,,,,,,,,,,,,,
2026/09/07 18:22,2026-09-07T18:37:58+09:00,2026/09/08,2026/10/08,2026-10,PUT,43250,12,,,62.72,48.79,40,6,4,6,,,,,
2026/09/07 18:22,2026-09-07T18:37:58+09:00,2026/09/08,2026/10/08,2026-10,CALL,43000,23150,,,,,,,,,,,,,
2026/09/07 18:22,2026-09-07T18:37:58+09:00,2026/09/08,2026/10/08,2026-10,PUT,43000,18,,,59.24,48.18,23,1,3,33,,,,,
2026/09/07 18:22,2026-09-07T18:37:58+09:00,2026/09/08,2026/10/08,2026-10,CALL,42750,23400,,,,,,,,,,,,,
2026/09/07 18:22,2026-09-07T18:37:58+09:00,2026/09/08,2026/10/08,2026-10,PUT,42750,11,,,61.14,48.79,27,12,3,26,,,,,
2026/09/07 18:22,2026-09-07T18:37:58+09:00,2026/09/08,2026/10/08,2026-10,CALL,42000,24145,,,,,,,,,,,,,
2026/09/07 18:22,2026-09-07T18:37:58+09:00,2026/09/08,2026/10/08,2026-10,PUT,42000,15,,,61.19,56.73,20,1,10,7,,,,,
2026/09/07 18:22,2026-09-07T18:37:58+09:00,2026/09/08,2026/10/08,2026-10,CALL,41000,25140,,,,,,,,,,,,,
2026/09/07 18:22,2026-09-07T18:37:58+09:00,2026/09/08,2026/10/08,2026-10,PUT,41000,14,,,68.15,53.18,33,6,3,26,,,,,
2026/09/07 18:22,2026-09-07T18:37:58+09:00,2026/09/08,2026/10/08,2026-10,CALL,40000,26140,,,,,,,,,,,,,
2026/09/07 18:22,2026-09-07T18:37:58+09:00,2026/09/08,2026/10/08,2026-10,PUT,40000,13,,,67.6,62.39,21,7,10,1,,,,,
2026/09/07 18:22,2026-09-07T18:37:58+09:00,2026/09/08,2026/10/08,2026-10,CALL,39000,27140,,,,,,,,,,,,,
2026/09/07 18:22,2026-09-07T18:37:58+09:00,2026/09/08,2026/10/08,2026-10,PUT,39000,11,,,68.14,65.95,15,1,11,20,,,,,
2026/09/07 18:22,2026-09-07T18:37:58+09:00,2026/09/08,2026/10/08,2026-10,CALL,38000,28135,,,,,,,,,,,,,
2026/09/07 18:22,2026-09-07T18:37:58+09:00,2026/09/08,2026/10/08,2026-10,PUT,38000,8,,,70.18,66.82,13,15,8,19,,,,,
2026/09/07 18:22,2026-09-07T18:37:58+09:00,2026/09/08,2026/10/08,2026-10,CALL,37000,29135,,,,,,,,,,,,,
2026/09/07 18:22,2026-09-07T18:37:58+09:00,2026/09/08,2026/10/08,2026-10,PUT,37000,5,,,72.07,67.95,11,15,6,15,,,,,
2026/09/07 18:22,2026-09-07T18:37:58+09:00,2026/09/08,2026/10/08,2026-10,CALL,36000,30135,,,,,,,,,,,,,
2026/09/07 18:22,2026-09-07T18:37:58+09:00,2026/09/08,2026/10/08,2026-10,PUT,36000,6,,,74.53,69.8,10,15,5,15,,,,,
2026/09/07 18:22,2026-09-07T18:37:58+09:00,2026/09/08,2026/10/08,2026-10,CALL,35000,31135,,,,,,,,,,,,,
2026/09/07 18:22,2026-09-07T18:37:58+09:00,2026/09/08,2026/10/08,2026-10,PUT,35000,6,,8,76.09,72.85,8,15,5,15,76.17,2,33.33,8,09/07 17:17
2026/09/07 18:22,2026-09-07T18:37:58+09:00,2026/09/08,2026/10/08,2026-10,CALL,34000,32130,,,,,,,,,,,,,
2026/09/07 18:22,2026-09-07T18:37:58+09:00,2026/09/08,2026/10/08,2026-10,PUT,34000,5,,2,78.36,74.52,7,60,4,42,76.2,0,0,5,09/07 18:01
2026/09/07 18:23,2026-09-07T18:37:58+09:00,2026/09/08,2026/12/10,2026-12,CALL,68500,2295,,,24.67,23.76,2280,20,2160,20,,,,,
2026/09/07 18:23,2026-09-07T18:37:58+09:00,2026/09/08,2026/12/10,2026-12,PUT,68500,4455,,,,,,,,,,,,,
2026/09/07 18:23,2026-09-07T18:37:58+09:00,2026/09/08,2026/12/10,2026-12,CALL,68250,2395,,,24.7,23.79,2375,20,2255,20,,,,,
2026/09/07 18:23,2026-09-07T18:37:58+09:00,2026/09/08,2026/12/10,2026-12,PUT,68250,4315,,,,,,,,,,,,,
2026/09/07 18:23,2026-09-07T18:37:58+09:00,2026/09/08,2026/12/10,2026-12,CALL,68000,2500,,,24.74,23.83,2475,20,2355,20,,,,,
2026/09/07 18:23,2026-09-07T18:37:58+09:00,2026/09/08,2026/12/10,2026-12,PUT,68000,4170,,,24.44,23.53,4410,20,4290,20,,,,,
2026/09/07 18:23,2026-09-07T18:37:58+09:00,2026/09/08,2026/12/10,2026-12,CALL,67750,2605,,,24.84,23.93,2585,20,2465,20,,,,,
2026/09/07 18:23,2026-09-07T18:37:58+09:00,2026/09/08,2026/12/10,2026-12,PUT,67750,4020,,,24.5,23.6,4265,20,4145,20,,,,,
2026/09/07 18:23,2026-09-07T18:37:58+09:00,2026/09/08,2026/12/10,2026-12,CALL,67500,2710,,,24.87,23.97,2690,20,2570,20,,,,,
2026/09/07 18:23,2026-09-07T18:37:58+09:00,2026/09/08,2026/12/10,2026-12,PUT,67500,3890,,,24.54,23.64,4120,20,4000,20,,,,,
2026/09/07 18:23,2026-09-07T18:37:58+09:00,2026/09/08,2026/12/10,2026-12,CALL,67250,2825,,,24.96,24.07,2805,20,2685,20,,,,,
2026/09/07 18:23,2026-09-07T18:37:58+09:00,2026/09/08,2026/12/10,2026-12,PUT,67250,3745,,,24.63,23.73,3985,20,3865,20,,,,,
2026/09/07 18:23,2026-09-07T18:37:58+09:00,2026/09/08,2026/12/10,2026-12,CALL,67000,2945,,,25.03,24.18,2920,20,2805,1,,,,,
2026/09/07 18:23,2026-09-07T18:37:58+09:00,2026/09/08,2026/12/10,2026-12,PUT,67000,3615,,,24.7,23.8,3850,20,3730,20,,,,,
2026/09/07 18:23,2026-09-07T18:37:58+09:00,2026/09/08,2026/12/10,2026-12,CALL,66750,3065,,,25.08,24.22,3035,20,2920,1,,,,,
2026/09/07 18:23,2026-09-07T18:37:58+09:00,2026/09/08,2026/12/10,2026-12,PUT,66750,3490,,,24.52,23.63,3685,20,3565,20,,,,,
2026/09/07 18:23,2026-09-07T18:37:58+09:00,2026/09/08,2026/12/10,2026-12,CALL,66500,3185,,,25.18,24.29,3160,20,3040,20,,,,,
2026/09/07 18:23,2026-09-07T18:37:58+09:00,2026/09/08,2026/12/10,2026-12,PUT,66500,3355,,,24.58,23.69,3555,20,3435,20,,,,,
2026/09/07 18:23,2026-09-07T18:37:58+09:00,2026/09/08,2026/12/10,2026-12,CALL,66250,3320,,,25.22,24.36,3280,20,3165,1,,,,,
2026/09/07 18:23,2026-09-07T18:37:58+09:00,2026/09/08,2026/12/10,2026-12,PUT,66250,3235,,,24.7,23.8,3435,20,3315,20,,,,,
2026/09/07 18:23,2026-09-07T18:37:58+09:00,2026/09/08,2026/12/10,2026-12,CALL,66000,3450,,,25.28,24.42,3405,20,3290,1,,,,,
2026/09/07 18:23,2026-09-07T18:37:58+09:00,2026/09/08,2026/12/10,2026-12,PUT,66000,3120,,,24.79,23.9,3315,20,3195,20,,,,,
2026/09/07 18:23,2026-09-07T18:37:58+09:00,2026/09/08,2026/12/10,2026-12,CALL,65750,3580,,,25.35,24.49,3535,20,3420,1,,,,,
2026/09/07 18:23,2026-09-07T18:37:58+09:00,2026/09/08,2026/12/10,2026-12,PUT,65750,3000,,,24.83,23.93,3190,20,3070,20,,,,,
2026/09/07 18:23,2026-09-07T18:37:58+09:00,2026/09/08,2026/12/10,2026-12,CALL,65500,3720,,,25.44,24.54,3670,20,3550,20,,,,,
2026/09/07 18:23,2026-09-07T18:37:58+09:00,2026/09/08,2026/12/10,2026-12,PUT,65500,2885,,,24.91,24.01,3075,20,2955,20,,,,,
2026/09/07 18:23,2026-09-07T18:37:58+09:00,2026/09/08,2026/12/10,2026-12,CALL,65250,3860,,,,,,,,,,,,,
2026/09/07 18:23,2026-09-07T18:37:58+09:00,2026/09/08,2026/12/10,2026-12,PUT,65250,2780,,,24.98,24.07,2960,20,2840,20,,,,,
2026/09/07 18:23,2026-09-07T18:37:58+09:00,2026/09/08,2026/12/10,2026-12,CALL,65000,4015,,,,,,,,,,,,,
2026/09/07 18:23,2026-09-07T18:37:58+09:00,2026/09/08,2026/12/10,2026-12,PUT,65000,2670,,,25.13,24.22,2860,20,2740,20,,,,,
2026/09/07 18:23,2026-09-07T18:37:58+09:00,2026/09/08,2026/12/10,2026-12,CALL,64750,4165,,,,,,,,,,,,,
2026/09/07 18:23,2026-09-07T18:37:58+09:00,2026/09/08,2026/12/10,2026-12,PUT,64750,2575,,,25.19,24.28,2750,20,2630,20,,,,,
2026/09/07 18:23,2026-09-07T18:37:58+09:00,2026/09/08,2026/12/10,2026-12,CALL,64500,4315,,,,,,,,,,,,,
2026/09/07 18:23,2026-09-07T18:37:58+09:00,2026/09/08,2026/12/10,2026-12,PUT,64500,2490,,,25.3,24.38,2650,20,2530,20,,,,,
2026/09/07 18:23,2026-09-07T18:37:58+09:00,2026/09/08,2026/12/10,2026-12,CALL,64250,4465,,,,,,,,,,,,,
2026/09/07 18:23,2026-09-07T18:37:58+09:00,2026/09/08,2026/12/10,2026-12,PUT,64250,2380,,,25.4,24.47,2550,20,2430,20,,,,,
2026/09/07 18:23,2026-09-07T18:37:58+09:00,2026/09/08,2026/12/10,2026-12,CALL,64000,4620,,,,,,,,,,,,,
2026/09/07 18:23,2026-09-07T18:37:58+09:00,2026/09/08,2026/12/10,2026-12,PUT,64000,2290,,,25.51,24.57,2455,20,2335,20,,,,,
2026/09/07 18:23,2026-09-07T18:37:58+09:00,2026/09/08,2026/12/10,2026-12,CALL,63750,4780,,,,,,,,,,,,,
2026/09/07 18:23,2026-09-07T18:37:58+09:00,2026/09/08,2026/12/10,2026-12,PUT,63750,2200,,,25.63,24.69,2365,20,2245,20,,,,,
2026/09/07 18:23,2026-09-07T18:37:58+09:00,2026/09/08,2026/12/10,2026-12,CALL,63500,4945,,,,,,,,,,,,,
2026/09/07 18:23,2026-09-07T18:37:58+09:00,2026/09/08,2026/12/10,2026-12,PUT,63500,2110,,,25.74,24.79,2275,20,2155,20,,,,,
2026/09/07 18:23,2026-09-07T18:37:58+09:00,2026/09/08,2026/12/10,2026-12,CALL,63250,5110,,,,,,,,,,,,,
2026/09/07 18:23,2026-09-07T18:37:58+09:00,2026/09/08,2026/12/10,2026-12,PUT,63250,2030,,,25.87,24.9,2190,20,2070,20,,,,,
2026/09/07 18:23,2026-09-07T18:37:58+09:00,2026/09/08,2026/12/10,2026-12,CALL,63000,5290,,,,,,,,,,,,,
2026/09/07 18:23,2026-09-07T18:37:58+09:00,2026/09/08,2026/12/10,2026-12,PUT,63000,1945,,,26.01,25.03,2110,20,1990,20,,,,,
2026/09/07 18:23,2026-09-07T18:37:58+09:00,2026/09/08,2026/12/10,2026-12,CALL,62750,5465,,,,,,,,,,,,,
2026/09/07 18:23,2026-09-07T18:37:58+09:00,2026/09/08,2026/12/10,2026-12,PUT,62750,1870,,,26.14,25.15,2030,20,1910,20,,,,,
2026/09/07 18:23,2026-09-07T18:37:58+09:00,2026/09/08,2026/12/10,2026-12,CALL,62500,5630,,,,,,,,,,,,,
2026/09/07 18:23,2026-09-07T18:37:58+09:00,2026/09/08,2026/12/10,2026-12,PUT,62500,1785,,,26.24,25.24,1950,20,1830,20,,,,,
2026/09/07 18:23,2026-09-07T18:37:58+09:00,2026/09/08,2026/12/10,2026-12,CALL,62250,5810,,,,,,,,,,,,,
2026/09/07 18:23,2026-09-07T18:37:58+09:00,2026/09/08,2026/12/10,2026-12,PUT,62250,1720,,,26.41,25.4,1880,20,1760,20,,,,,
2026/09/07 18:23,2026-09-07T18:37:58+09:00,2026/09/08,2026/12/10,2026-12,CALL,62000,5985,,,,,,,,,,,,,
2026/09/07 18:23,2026-09-07T18:37:58+09:00,2026/09/08,2026/12/10,2026-12,PUT,62000,1640,,,,6.32,,,20,1,,,,,
2026/09/07 18:23,2026-09-07T18:37:58+09:00,2026/09/08,2026/12/10,2026-12,CALL,61750,6165,,,,,,,,,,,,,
2026/09/07 18:23,2026-09-07T18:37:58+09:00,2026/09/08,2026/12/10,2026-12,PUT,61750,1575,,,,,,,,,,,,,
2026/09/07 18:23,2026-09-07T18:37:58+09:00,2026/09/08,2026/12/10,2026-12,CALL,61500,6350,,,,,,,,,,,,,
2026/09/07 18:23,2026-09-07T18:37:58+09:00,2026/09/08,2026/12/10,2026-12,PUT,61500,1510,,,,,,,,,,,,,
2026/09/07 18:23,2026-09-07T18:37:58+09:00,2026/09/08,2026/12/10,2026-12,CALL,61250,6535,,,,,,,,,,,,,
2026/09/07 18:23,2026-09-07T18:37:58+09:00,2026/09/08,2026/12/10,2026-12,PUT,61250,1445,,,,,,,,,,,,,
2026/09/07 18:23,2026-09-07T18:37:58+09:00,2026/09/08,2026/12/10,2026-12,CALL,61000,6740,,,,,,,1,10,,,,,
2026/09/07 18:23,2026-09-07T18:37:58+09:00,2026/09/08,2026/12/10,2026-12,PUT,61000,1405,,,,7.36,,,15,1,,,,,
2026/09/07 18:23,2026-09-07T18:37:58+09:00,2026/09/08,2026/12/10,2026-12,CALL,60750,6915,,,,,,,1,10,,,,,
2026/09/07 18:23,2026-09-07T18:37:58+09:00,2026/09/08,2026/12/10,2026-12,PUT,60750,1330,,,,,,,,,,,,,
2026/09/07 18:23,2026-09-07T18:37:58+09:00,2026/09/08,2026/12/10,2026-12,CALL,60500,7110,,,,,,,1,10,,,,,
2026/09/07 18:23,2026-09-07T18:37:58+09:00,2026/09/08,2026/12/10,2026-12,PUT,60500,1275,,,,,,,,,,,,,
2026/09/07 18:23,2026-09-07T18:37:58+09:00,2026/09/08,2026/12/10,2026-12,CALL,60250,7310,,,,,,,,,,,,,
2026/09/07 18:23,2026-09-07T18:37:58+09:00,2026/09/08,2026/12/10,2026-12,PUT,60250,1225,,,,,,,,,,,,,
2026/09/07 18:23,2026-09-07T18:37:58+09:00,2026/09/08,2026/12/10,2026-12,CALL,60000,7540,,,,,,,,,,,,,
2026/09/07 18:23,2026-09-07T18:37:58+09:00,2026/09/08,2026/12/10,2026-12,PUT,60000,1220,,,,26.83,,,1230,1,,,,,
2026/09/07 18:23,2026-09-07T18:37:58+09:00,2026/09/08,2026/12/10,2026-12,CALL,59750,7710,,,,,,,,,,,,,
2026/09/07 18:23,2026-09-07T18:37:58+09:00,2026/09/08,2026/12/10,2026-12,PUT,59750,1125,,,,,,,,,,,,,
2026/09/07 18:23,2026-09-07T18:37:58+09:00,2026/09/08,2026/12/10,2026-12,CALL,59500,7910,,,,,,,,,,,,,
2026/09/07 18:23,2026-09-07T18:37:58+09:00,2026/09/08,2026/12/10,2026-12,PUT,59500,1075,,,,,,,,,,,,,
2026/09/07 18:23,2026-09-07T18:37:58+09:00,2026/09/08,2026/12/10,2026-12,CALL,59250,8115,,,,,,,,,,,,,
2026/09/07 18:23,2026-09-07T18:37:58+09:00,2026/09/08,2026/12/10,2026-12,PUT,59250,1035,,,,,,,,,,,,,
2026/09/07 18:23,2026-09-07T18:37:58+09:00,2026/09/08,2026/12/10,2026-12,CALL,59000,8320,,,,,,,,,,,,,
2026/09/07 18:23,2026-09-07T18:37:58+09:00,2026/09/08,2026/12/10,2026-12,PUT,59000,1005,,,,9.46,,,10,1,,,,,
2026/09/07 18:23,2026-09-07T18:37:58+09:00,2026/09/08,2026/12/10,2026-12,CALL,58750,8530,,,,,,,,,,,,,
2026/09/07 18:23,2026-09-07T18:37:58+09:00,2026/09/08,2026/12/10,2026-12,PUT,58750,950,,,,,,,,,,,,,
2026/09/07 18:23,2026-09-07T18:37:58+09:00,2026/09/08,2026/12/10,2026-12,CALL,58500,8725,,,,,,,,,,,,,
2026/09/07 18:23,2026-09-07T18:37:58+09:00,2026/09/08,2026/12/10,2026-12,PUT,58500,895,,,,7.94,,,1,1,,,,,
2026/09/07 18:23,2026-09-07T18:37:58+09:00,2026/09/08,2026/12/10,2026-12,CALL,58250,8935,,,,,,,,,,,,,
2026/09/07 18:23,2026-09-07T18:37:58+09:00,2026/09/08,2026/12/10,2026-12,PUT,58250,855,,,,,,,,,,,,,
2026/09/07 18:23,2026-09-07T18:37:58+09:00,2026/09/08,2026/12/10,2026-12,CALL,58000,9150,,,,,,,,,,,,,
2026/09/07 18:23,2026-09-07T18:37:58+09:00,2026/09/08,2026/12/10,2026-12,PUT,58000,825,,,,10.71,,,10,1,,,,,
2026/09/07 18:23,2026-09-07T18:37:58+09:00,2026/09/08,2026/12/10,2026-12,CALL,57750,9385,,,,,,,,,,,,,
2026/09/07 18:23,2026-09-07T18:37:58+09:00,2026/09/08,2026/12/10,2026-12,PUT,57750,810,,,,,,,,,,,,,
2026/09/07 18:23,2026-09-07T18:37:58+09:00,2026/09/08,2026/12/10,2026-12,CALL,57500,9600,,,,,,,,,,,,,
2026/09/07 18:23,2026-09-07T18:37:58+09:00,2026/09/08,2026/12/10,2026-12,PUT,57500,775,,,,,,,,,,,,,
2026/09/07 18:23,2026-09-07T18:37:58+09:00,2026/09/08,2026/12/10,2026-12,CALL,57250,9810,,,,,,,,,,,,,
2026/09/07 18:23,2026-09-07T18:37:58+09:00,2026/09/08,2026/12/10,2026-12,PUT,57250,740,,,,,,,,,,,,,
2026/09/07 18:23,2026-09-07T18:37:58+09:00,2026/09/08,2026/12/10,2026-12,CALL,57000,10055,,,,,,,,,,,,,
2026/09/07 18:23,2026-09-07T18:37:58+09:00,2026/09/08,2026/12/10,2026-12,PUT,57000,730,,,,11.98,,,10,1,,,,,
2026/09/07 18:23,2026-09-07T18:37:58+09:00,2026/09/08,2026/12/10,2026-12,CALL,56750,10260,,,,,,,,,,,,,
2026/09/07 18:23,2026-09-07T18:37:58+09:00,2026/09/08,2026/12/10,2026-12,PUT,56750,690,,,,,,,,,,,,,
2026/09/07 18:23,2026-09-07T18:37:58+09:00,2026/09/08,2026/12/10,2026-12,CALL,56500,10475,,,,,,,,,,,,,
2026/09/07 18:23,2026-09-07T18:37:58+09:00,2026/09/08,2026/12/10,2026-12,PUT,56500,655,,,,,,,,,,,,,
2026/09/07 18:23,2026-09-07T18:37:58+09:00,2026/09/08,2026/12/10,2026-12,CALL,56250,10700,,,,,,,,,,,,,
2026/09/07 18:23,2026-09-07T18:37:58+09:00,2026/09/08,2026/12/10,2026-12,PUT,56250,630,,,,,,,,,,,,,
2026/09/07 18:23,2026-09-07T18:37:58+09:00,2026/09/08,2026/12/10,2026-12,CALL,56000,10945,,,,,,,,,,,,,
2026/09/07 18:23,2026-09-07T18:37:58+09:00,2026/09/08,2026/12/10,2026-12,PUT,56000,625,,,,13.25,,,10,1,,,,,
2026/09/07 18:23,2026-09-07T18:37:58+09:00,2026/09/08,2026/12/10,2026-12,CALL,55750,11155,,,,,,,,,,,,,
2026/09/07 18:23,2026-09-07T18:37:58+09:00,2026/09/08,2026/12/10,2026-12,PUT,55750,590,,,,,,,,,,,,,
2026/09/07 18:23,2026-09-07T18:37:58+09:00,2026/09/08,2026/12/10,2026-12,CALL,55500,11400,,,,,,,,,,,,,
2026/09/07 18:23,2026-09-07T18:37:58+09:00,2026/09/08,2026/12/10,2026-12,PUT,55500,585,,,,,,,,,,,,,
2026/09/07 18:23,2026-09-07T18:37:58+09:00,2026/09/08,2026/12/10,2026-12,CALL,55250,11620,,,,,,,,,,,,,
2026/09/07 18:23,2026-09-07T18:37:58+09:00,2026/09/08,2026/12/10,2026-12,PUT,55250,555,,,,,,,,,,,,,
2026/09/07 18:23,2026-09-07T18:37:58+09:00,2026/09/08,2026/12/10,2026-12,CALL,55000,11850,,,,,,,,,,,,,
2026/09/07 18:23,2026-09-07T18:37:58+09:00,2026/09/08,2026/12/10,2026-12,PUT,55000,540,,,,14.54,,,10,1,,,,,
2026/09/07 18:23,2026-09-07T18:37:58+09:00,2026/09/08,2026/12/10,2026-12,CALL,54750,12070,,,,,,,,,,,,,
2026/09/07 18:23,2026-09-07T18:37:58+09:00,2026/09/08,2026/12/10,2026-12,PUT,54750,510,,,,11.87,,,1,1,,,,,
2026/09/07 18:23,2026-09-07T18:37:58+09:00,2026/09/08,2026/12/10,2026-12,CALL,54500,12315,,,,,,,,,,,,,
2026/09/07 18:23,2026-09-07T18:37:58+09:00,2026/09/08,2026/12/10,2026-12,PUT,54500,505,,,,,,,,,,,,,
2026/09/07 18:23,2026-09-07T18:37:58+09:00,2026/09/08,2026/12/10,2026-12,CALL,54250,12545,,,,,,,,,,,,,
2026/09/07 18:23,2026-09-07T18:37:58+09:00,2026/09/08,2026/12/10,2026-12,PUT,54250,485,,,,,,,,,,,,,
2026/09/07 18:23,2026-09-07T18:37:58+09:00,2026/09/08,2026/12/10,2026-12,CALL,54000,12775,,,,,,,,,,,,,
2026/09/07 18:23,2026-09-07T18:37:58+09:00,2026/09/08,2026/12/10,2026-12,PUT,54000,470,,,,15.84,,,10,1,,,,,
2026/09/07 18:23,2026-09-07T18:37:58+09:00,2026/09/08,2026/12/10,2026-12,CALL,53750,13010,,,,,,,,,,,,,
2026/09/07 18:23,2026-09-07T18:37:58+09:00,2026/09/08,2026/12/10,2026-12,PUT,53750,455,,,,,,,,,,,,,
2026/09/07 18:23,2026-09-07T18:37:58+09:00,2026/09/08,2026/12/10,2026-12,CALL,53500,13250,,,,,,,,,,,,,
2026/09/07 18:23,2026-09-07T18:37:58+09:00,2026/09/08,2026/12/10,2026-12,PUT,53500,440,,,,,,,,,,,,,
2026/09/07 18:23,2026-09-07T18:37:58+09:00,2026/09/08,2026/12/10,2026-12,CALL,53250,13485,,,,,,,,,,,,,
2026/09/07 18:23,2026-09-07T18:37:58+09:00,2026/09/08,2026/12/10,2026-12,PUT,53250,425,,,,,,,,,,,,,
2026/09/07 18:23,2026-09-07T18:37:58+09:00,2026/09/08,2026/12/10,2026-12,CALL,53000,13720,,,,,,,,,,,,,
2026/09/07 18:23,2026-09-07T18:37:58+09:00,2026/09/08,2026/12/10,2026-12,PUT,53000,420,,85,33.16,32.47,455,9,420,9,33.1,-45,-9.09,450,09/07 18:21
2026/09/07 23:58,2026-09-08T00:13:21+09:00,2026/09/08,2026/09/10,2026-09,CALL,80000,1,1826,2,58.37,,1,334,,,57.77,0,0,1,09/07 18:26
2026/09/07 23:58,2026-09-08T00:13:21+09:00,2026/09/08,2026/09/10,2026-09,PUT,80000,13510,1,,,,,,,,,,,,
2026/09/07 23:58,2026-09-08T00:13:21+09:00,2026/09/08,2026/09/10,2026-09,CALL,79500,1,233,,56.63,,1,40,,,,,,,
2026/09/07 23:58,2026-09-08T00:13:21+09:00,2026/09/08,2026/09/10,2026-09,PUT,79500,13010,,,,,,,,,,,,,
2026/09/07 23:58,2026-09-08T00:13:21+09:00,2026/09/08,2026/09/10,2026-09,CALL,79000,1,203,,54.88,,1,115,,,,,,,
2026/09/07 23:58,2026-09-08T00:13:21+09:00,2026/09/08,2026/09/10,2026-09,PUT,79000,12510,,,,,,,,,,,,,
2026/09/07 23:58,2026-09-08T00:13:21+09:00,2026/09/08,2026/09/10,2026-09,CALL,78500,1,112,,53.1,,1,89,,,,,,,
2026/09/07 23:58,2026-09-08T00:13:21+09:00,2026/09/08,2026/09/10,2026-09,PUT,78500,12010,,,,,,,,,,,,,
2026/09/07 23:58,2026-09-08T00:13:21+09:00,2026/09/08,2026/09/10,2026-09,CALL,78000,1,2299,,51.32,,1,103,,,,,,,
2026/09/07 23:58,2026-09-08T00:13:21+09:00,2026/09/08,2026/09/10,2026-09,PUT,78000,11510,1,,,,,,,,,,,,
2026/09/07 23:58,2026-09-08T00:13:21+09:00,2026/09/08,2026/09/10,2026-09,CALL,77500,1,977,,49.51,,1,120,,,,,,,
2026/09/07 23:58,2026-09-08T00:13:21+09:00,2026/09/08,2026/09/10,2026-09,PUT,77500,11010,4,,,,,,,,,,,,
2026/09/07 23:58,2026-09-08T00:13:21+09:00,2026/09/08,2026/09/10,2026-09,CALL,77000,1,877,1,47.69,,1,120,,,46.82,0,0,1,09/07 17:20
2026/09/07 23:58,2026-09-08T00:13:21+09:00,2026/09/08,2026/09/10,2026-09,PUT,77000,10510,,,,,,,,,,,,,
2026/09/07 23:58,2026-09-08T00:13:21+09:00,2026/09/08,2026/09/10,2026-09,CALL,76500,1,79,,45.84,,1,44,,,,,,,
2026/09/07 23:58,2026-09-08T00:13:21+09:00,2026/09/08,2026/09/10,2026-09,PUT,76500,10010,,,,,,,,,,,,,
2026/09/07 23:58,2026-09-08T00:13:21+09:00,2026/09/08,2026/09/10,2026-09,CALL,76000,1,733,,43.98,,1,76,,,,,,,
2026/09/07 23:58,2026-09-08T00:13:21+09:00,2026/09/08,2026/09/10,2026-09,PUT,76000,9510,,,,,,,,,,,,,
2026/09/07 23:58,2026-09-08T00:13:21+09:00,2026/09/08,2026/09/10,2026-09,CALL,75500,1,268,,42.1,,1,57,,,,,,,
2026/09/07 23:58,2026-09-08T00:13:21+09:00,2026/09/08,2026/09/10,2026-09,PUT,75500,9010,,,,,,,,,,,,,
2026/09/07 23:58,2026-09-08T00:13:21+09:00,2026/09/08,2026/09/10,2026-09,CALL,75375,1,6,1,41.63,,1,5,,,42.18,,,1,09/07 20:37
2026/09/07 23:58,2026-09-08T00:13:21+09:00,2026/09/08,2026/09/10,2026-09,PUT,75375,8885,,,,,,,,,,,,,
2026/09/07 23:58,2026-09-08T00:13:21+09:00,2026/09/08,2026/09/10,2026-09,CALL,75250,1,106,,41.16,,1,55,,,,,,,
2026/09/07 23:58,2026-09-08T00:13:21+09:00,2026/09/08,2026/09/10,2026-09,PUT,75250,8760,,,,,,,,,,,,,
2026/09/07 23:58,2026-09-08T00:13:21+09:00,2026/09/08,2026/09/10,2026-09,CALL,75125,1,,,50.66,,9,14,,,,,,,
2026/09/07 23:58,2026-09-08T00:13:21+09:00,2026/09/08,2026/09/10,2026-09,PUT,75125,8635,,,,,,,,,,,,,
2026/09/07 23:58,2026-09-08T00:13:21+09:00,2026/09/08,2026/09/10,2026-09,CALL,75000,1,3457,5,40.2,,1,196,,,40.53,0,0,1,09/07 20:39
2026/09/07 23:58,2026-09-08T00:13:21+09:00,2026/09/08,2026/09/10,2026-09,PUT,75000,8510,,,,,,,,,,,,,
2026/09/07 23:58,2026-09-08T00:13:21+09:00,2026/09/08,2026/09/10,2026-09,CALL,74875,1,1,,49.52,,9,14,,,,,,,
2026/09/07 23:58,2026-09-08T00:13:21+09:00,2026/09/08,2026/09/10,2026-09,PUT,74875,8385,,,,,,,,,,,,,
2026/09/07 23:58,2026-09-08T00:13:21+09:00,2026/09/08,2026/09/10,2026-09,CALL,74750,1,69,,49.57,,10,17,,,,,,,
2026/09/07 23:58,2026-09-08T00:13:21+09:00,2026/09/08,2026/09/10,2026-09,PUT,74750,8260,,,,,,,,,,,,,
2026/09/07 23:58,2026-09-08T00:13:21+09:00,2026/09/08,2026/09/10,2026-09,CALL,74625,1,56,,41.24,,2,5,,,,,,,
2026/09/07 23:58,2026-09-08T00:13:21+09:00,2026/09/08,2026/09/10,2026-09,PUT,74625,8135,,,,,,,,,,,,,
2026/09/07 23:58,2026-09-08T00:13:21+09:00,2026/09/08,2026/09/10,2026-09,CALL,74500,1,134,2,38.28,,1,48,,,37.25,,,1,09/07 17:38
2026/09/07 23:58,2026-09-08T00:13:21+09:00,2026/09/08,2026/09/10,2026-09,PUT,74500,8010,,,,,,,,,,,,,
2026/09/07 23:58,2026-09-08T00:13:21+09:00,2026/09/08,2026/09/10,2026-09,CALL,74375,1,1,,47.21,,9,14,,,,,,,
2026/09/07 23:58,2026-09-08T00:13:21+09:00,2026/09/08,2026/09/10,2026-09,PUT,74375,7885,,,,,,,,,,,,,
2026/09/07 23:58,2026-09-08T00:13:21+09:00,2026/09/08,2026/09/10,2026-09,CALL,74250,1,6,,47.23,,10,17,,,,,,,
2026/09/07 23:58,2026-09-08T00:13:21+09:00,2026/09/08,2026/09/10,2026-09,PUT,74250,7760,,,,,,,,,,,,,
2026/09/07 23:58,2026-09-08T00:13:21+09:00,2026/09/08,2026/09/10,2026-09,CALL,74125,1,4,,46.64,,10,14,,,,,,,
2026/09/07 23:58,2026-09-08T00:13:21+09:00,2026/09/08,2026/09/10,2026-09,PUT,74125,7635,,,,,,,,,,,,,
2026/09/07 23:58,2026-09-08T00:13:21+09:00,2026/09/08,2026/09/10,2026-09,CALL,74000,1,1386,8,36.34,,1,230,,,35.63,0,0,1,09/07 23:00
2026/09/07 23:58,2026-09-08T00:13:21+09:00,2026/09/08,2026/09/10,2026-09,PUT,74000,7510,,,,,,,,,,,,,
2026/09/07 23:58,2026-09-08T00:13:21+09:00,2026/09/08,2026/09/10,2026-09,CALL,73875,1,18,,45.46,,10,14,,,,,,,
2026/09/07 23:58,2026-09-08T00:13:21+09:00,2026/09/08,2026/09/10,2026-09,PUT,73875,7385,,,,,,,,,,,,,
2026/09/07 23:58,2026-09-08T00:13:21+09:00,2026/09/08,2026/09/10,2026-09,CALL,73750,1,53,,35.36,,1,50,,,,,,,
2026/09/07 23:58,2026-09-08T00:13:21+09:00,2026/09/08,2026/09/10,2026-09,PUT,73750,7260,,,,,,,,,,,,,
2026/09/07 23:58,2026-09-08T00:13:21+09:00,2026/09/08,2026/09/10,2026-09,CALL,73625,1,4,,44.27,,10,14,,,,,,,
2026/09/07 23:58,2026-09-08T00:13:21+09:00,2026/09/08,2026/09/10,2026-09,PUT,73625,7140,,,,,,,,,,,,,
2026/09/07 23:58,2026-09-08T00:13:21+09:00,2026/09/08,2026/09/10,2026-09,CALL,73500,1,600,256,34.38,,1,181,,,34.51,0,0,1,09/07 21:56
2026/09/07 23:58,2026-09-08T00:13:21+09:00,2026/09/08,2026/09/10,2026-09,PUT,73500,7015,,,,,,,,,,,,,
2026/09/07 23:58,2026-09-08T00:13:21+09:00,2026/09/08,2026/09/10,2026-09,CALL,73375,2,3,3,36.1,,2,6,,,33.57,,,1,09/07 22:38
2026/09/07 23:58,2026-09-08T00:13:21+09:00,2026/09/08,2026/09/10,2026-09,PUT,73375,6890,,,,,,,,,,,,,
2026/09/07 23:58,2026-09-08T00:13:21+09:00,2026/09/08,2026/09/10,2026-09,CALL,73250,2,16,1,35.57,,2,49,,,33.88,0,0,1,09/07 21:30
2026/09/07 23:58,2026-09-08T00:13:21+09:00,2026/09/08,2026/09/10,2026-09,PUT,73250,6765,,,,,,,,,,,,,
2026/09/07 23:58,2026-09-08T00:13:21+09:00,2026/09/08,2026/09/10,2026-09,CALL,73125,2,8,1,36.5,,3,7,,,33.33,0,0,1,09/07 21:24
2026/09/07 23:58,2026-09-08T00:13:21+09:00,2026/09/08,2026/09/10,2026-09,PUT,73125,6640,,,,,,,,,,,,,
2026/09/07 23:58,2026-09-08T00:13:21+09:00,2026/09/08,2026/09/10,2026-09,CALL,73000,2,1997,15,34.52,32.39,2,65,1,45,35.23,0,0,2,09/07 21:22
2026/09/07 23:58,2026-09-08T00:13:21+09:00,2026/09/08,2026/09/10,2026-09,PUT,73000,6515,3,,,,,,,,,,,,
2026/09/07 23:58,2026-09-08T00:13:21+09:00,2026/09/08,2026/09/10,2026-09,CALL,72875,2,34,1,33.99,,2,5,,,31.51,,,1,09/07 19:17
2026/09/07 23:58,2026-09-08T00:13:21+09:00,2026/09/08,2026/09/10,2026-09,PUT,72875,6390,,,,,,,,,,,,,
2026/09/07 23:58,2026-09-08T00:13:21+09:00,2026/09/08,2026/09/10,2026-09,CALL,72750,2,304,50,33.46,31.38,2,55,1,27,33.61,0,0,2,09/07 19:58
2026/09/07 23:58,2026-09-08T00:13:21+09:00,2026/09/08,2026/09/10,2026-09,PUT,72750,6265,,,,,,,,,,,,,
2026/09/07 23:58,2026-09-08T00:13:21+09:00,2026/09/08,2026/09/10,2026-09,CALL,72625,3,5,1,39.91,,11,4,,,32.53,0,0,2,09/07 19:07
2026/09/07 23:58,2026-09-08T00:13:21+09:00,2026/09/08,2026/09/10,2026-09,PUT,72625,6140,,,,,,,,,,,,,
2026/09/07 23:58,2026-09-08T00:13:21+09:00,2026/09/08,2026/09/10,2026-09,CALL,72500,2,1712,11,33.76,30.37,3,41,1,48,31.95,0,0,2,09/07 22:51
2026/09/07 23:58,2026-09-08T00:13:21+09:00,2026/09/08,2026/09/10,2026-09,PUT,72500,6015,,,,,,,,,,,,,
2026/09/07 23:58,2026-09-08T00:13:21+09:00,2026/09/08,2026/09/10,2026-09,CALL,72375,3,14,,39.11,,12,4,,,,,,,
2026/09/07 23:58,2026-09-08T00:13:21+09:00,2026/09/08,2026/09/10,2026-09,PUT,72375,5890,,,,,,,,,,,,,
2026/09/07 23:58,2026-09-08T00:13:21+09:00,2026/09/08,2026/09/10,2026-09,CALL,72250,3,302,11,33.67,31.33,4,40,2,6,32.28,0,0,3,09/07 19:11
2026/09/07 23:58,2026-09-08T00:13:21+09:00,2026/09/08,2026/09/10,2026-09,PUT,72250,5765,,,,,,,,,,,,,
2026/09/07 23:58,2026-09-08T00:13:21+09:00,2026/09/08,2026/09/10,2026-09,CALL,72125,4,79,,37.84,30.79,12,4,2,6,,,,,
2026/09/07 23:58,2026-09-08T00:13:21+09:00,2026/09/08,2026/09/10,2026-09,PUT,72125,5640,,,,,,,,,,,,,
2026/09/07 23:58,2026-09-08T00:13:21+09:00,2026/09/08,2026/09/10,2026-09,CALL,72000,3,2556,150,32.53,31.53,4,22,3,12,31.71,1,33.33,4,09/07 23:00
2026/09/07 23:58,2026-09-08T00:13:21+09:00,2026/09/08,2026/09/10,2026-09,PUT,72000,5515,,,,,,,,,,,,,
2026/09/07 23:58,2026-09-08T00:13:21+09:00,2026/09/08,2026/09/10,2026-09,CALL,71875,4,100,19,32.77,30.97,5,15,3,43,32.41,1,25,5,09/07 22:38
2026/09/07 23:58,2026-09-08T00:13:21+09:00,2026/09/08,2026/09/10,2026-09,PUT,71875,5390,,,,,,,,,,,,,
2026/09/07 23:58,2026-09-08T00:13:21+09:00,2026/09/08,2026/09/10,2026-09,CALL,71750,6,42,,32.18,31.37,5,16,4,5,,,,,
2026/09/07 23:58,2026-09-08T00:13:21+09:00,2026/09/08,2026/09/10,2026-09,PUT,71750,5265,,,,,,,,,,,,,
2026/09/07 23:58,2026-09-08T00:13:21+09:00,2026/09/08,2026/09/10,2026-09,CALL,71625,6,4,,32.89,29.84,7,33,3,33,,,,,
2026/09/07 23:58,2026-09-08T00:13:21+09:00,2026/09/08,2026/09/10,2026-09,PUT,71625,5145,,,,,,,,,,,,,
2026/09/07 23:58,2026-09-08T00:13:21+09:00,2026/09/08,2026/09/10,2026-09,CALL,71500,6,528,26,32.27,30.99,7,16,5,8,31.17,0,0,6,09/07 23:39
2026/09/07 23:58,2026-09-08T00:13:21+09:00,2026/09/08,2026/09/10,2026-09,PUT,71500,5020,,,67.3,,5800,1,5015,1,,,,,
2026/09/07 23:58,2026-09-08T00:13:21+09:00,2026/09/08,2026/09/10,2026-09,CALL,71375,8,11,,32.69,28.7,9,33,3,33,,,,,
2026/09/07 23:58,2026-09-08T00:13:21+09:00,2026/09/08,2026/09/10,2026-09,PUT,71375,4895,,,66.3,,5675,2,4895,2,,,,,
2026/09/07 23:58,2026-09-08T00:13:21+09:00,2026/09/08,2026/09/10,2026-09,CALL,71250,9,85,4,31.57,30.45,8,16,6,40,30.58,-3,-30,7,09/07 19:39
2026/09/07 23:58,2026-09-08T00:13:21+09:00,2026/09/08,2026/09/10,2026-09,PUT,71250,4770,1,,65.28,,5550,1,4770,1,,,,,
2026/09/07 23:58,2026-09-08T00:13:21+09:00,2026/09/08,2026/09/10,2026-09,CALL,71125,10,81,,31.86,30.42,10,20,7,18,,,,,
2026/09/07 23:58,2026-09-08T00:13:21+09:00,2026/09/08,2026/09/10,2026-09,PUT,71125,4645,,,64.26,,5425,2,4645,2,,,,,
2026/09/07 23:58,2026-09-08T00:13:21+09:00,2026/09/08,2026/09/10,2026-09,CALL,71000,11,1635,423,31.62,31.21,11,27,10,190,30.31,-1,-9.09,10,09/07 23:00
2026/09/07 23:58,2026-09-08T00:13:21+09:00,2026/09/08,2026/09/10,2026-09,PUT,71000,4525,100,,63.56,,5305,4,4520,4,,,,,
2026/09/07 23:58,2026-09-08T00:13:21+09:00,2026/09/08,2026/09/10,2026-09,CALL,70875,12,72,1,31.7,30.56,13,33,10,4,30.22,-1,-8.33,11,09/07 18:54
2026/09/07 23:58,2026-09-08T00:13:21+09:00,2026/09/08,2026/09/10,2026-09,PUT,70875,4400,,,62.52,,5180,2,4395,2,,,,,
2026/09/07 23:58,2026-09-08T00:13:21+09:00,2026/09/08,2026/09/10,2026-09,CALL,70750,14,60,25,32.84,29.91,19,28,10,5,31.11,-3,-21.43,11,09/07 21:36
2026/09/07 23:58,2026-09-08T00:13:21+09:00,2026/09/08,2026/09/10,2026-09,PUT,70750,4275,,,61.48,,5055,1,4275,1,,,,,
2026/09/07 23:58,2026-09-08T00:13:21+09:00,2026/09/08,2026/09/10,2026-09,CALL,70625,17,271,1,31,29.64,15,4,11,18,30.82,-1,-7.14,13,09/07 21:51
2026/09/07 23:58,2026-09-08T00:13:21+09:00,2026/09/08,2026/09/10,2026-09,PUT,70625,4155,,,60.43,,4930,2,4150,2,,,,,
2026/09/07 23:58,2026-09-08T00:13:21+09:00,2026/09/08,2026/09/10,2026-09,CALL,70500,20,406,18,30.6,30.31,16,1,15,1,30.61,-5,-25,15,09/07 21:53
2026/09/07 23:58,2026-09-08T00:13:21+09:00,2026/09/08,2026/09/10,2026-09,PUT,70500,4030,2,,59.68,,4810,1,4025,1,,,,,
2026/09/07 23:58,2026-09-08T00:13:21+09:00,2026/09/08,2026/09/10,2026-09,CALL,70375,22,5,1,32.12,28.31,25,23,11,23,29.91,,,18,09/07 19:21
2026/09/07 23:58,2026-09-08T00:13:21+09:00,2026/09/08,2026/09/10,2026-09,PUT,70375,3910,,,49.96,,4555,2,4160,2,,,,,
2026/09/07 23:58,2026-09-08T00:13:21+09:00,2026/09/08,2026/09/10,2026-09,CALL,70250,26,651,15,30.72,28.31,22,24,13,27,30.06,1,4.55,23,09/07 18:38
2026/09/07 23:58,2026-09-08T00:13:21+09:00,2026/09/08,2026/09/10,2026-09,PUT,70250,3790,,,47.86,,4415,7,4040,8,,,,,
2026/09/07 23:58,2026-09-08T00:13:21+09:00,2026/09/08,2026/09/10,2026-09,CALL,70125,32,17,2,31.81,28.5,31,23,16,23,29.48,-3,-12,22,09/07 19:40
2026/09/07 23:58,2026-09-08T00:13:21+09:00,2026/09/08,2026/09/10,2026-09,PUT,70125,3670,,,36.77,,4180,3,3920,8,,,,,
2026/09/07 23:58,2026-09-08T00:13:21+09:00,2026/09/08,2026/09/10,2026-09,CALL,70000,35,3748,127,30.09,29.03,26,1,21,51,29.28,-10,-28.57,25,09/07 23:46
2026/09/07 23:58,2026-09-08T00:13:21+09:00,2026/09/08,2026/09/10,2026-09,PUT,70000,3550,1478,,38.14,,4075,22,3955,18,,,,,
2026/09/07 23:58,2026-09-08T00:13:21+09:00,2026/09/08,2026/09/10,2026-09,CALL,69875,42,52,1,30.62,28.94,33,20,24,17,28.91,-5,-15.63,27,09/07 22:49
2026/09/07 23:58,2026-09-08T00:13:21+09:00,2026/09/08,2026/09/10,2026-09,PUT,69875,3430,,,50.01,,4115,7,3680,8,,,,,
2026/09/07 23:58,2026-09-08T00:13:21+09:00,2026/09/08,2026/09/10,2026-09,CALL,69750,46,1477,7,30.48,28.58,37,24,26,24,28.85,-16,-34.78,30,09/07 22:24
2026/09/07 23:58,2026-09-08T00:13:21+09:00,2026/09/08,2026/09/10,2026-09,PUT,69750,3310,,,34.77,,3810,2,3560,8,,,,,
2026/09/07 23:58,2026-09-08T00:13:21+09:00,2026/09/08,2026/09/10,2026-09,CALL,69625,55,73,,30.71,28.36,44,22,29,22,,,,,
2026/09/07 23:58,2026-09-08T00:13:21+09:00,2026/09/08,2026/09/10,2026-09,PUT,69625,3190,,,42.17,,3780,7,3440,8,,,,,
2026/09/07 23:58,2026-09-08T00:13:21+09:00,2026/09/08,2026/09/10,2026-09,CALL,69500,60,839,15,29.89,28.88,44,32,37,8,28.77,-20,-33.33,40,09/07 22:47
2026/09/07 23:58,2026-09-08T00:13:21+09:00,2026/09/08,2026/09/10,2026-09,PUT,69500,3075,5,,48.31,,3765,1,3330,1,,,,,
2026/09/07 23:58,2026-09-08T00:13:21+09:00,2026/09/08,2026/09/10,2026-09,CALL,69375,73,29,,29.71,28.64,49,4,41,11,,,,,
2026/09/07 23:58,2026-09-08T00:13:21+09:00,2026/09/08,2026/09/10,2026-09,PUT,69375,2960,,,44.79,,3600,3,3210,8,,,,,
2026/09/07 23:58,2026-09-08T00:13:21+09:00,2026/09/08,2026/09/10,2026-09,CALL,69250,79,192,4,29.47,28.61,54,3,47,2,29.37,-4,-6.06,62,09/07 18:24
2026/09/07 23:58,2026-09-08T00:13:21+09:00,2026/09/08,2026/09/10,2026-09,PUT,69250,2845,1,,47.23,,3535,7,3095,8,,,,,
2026/09/07 23:58,2026-09-08T00:13:21+09:00,2026/09/08,2026/09/10,2026-09,CALL,69125,101,129,,29.5,28.49,62,6,53,1,,,,,
2026/09/07 23:58,2026-09-08T00:13:21+09:00,2026/09/08,2026/09/10,2026-09,PUT,69125,2740,,,35.93,,3250,3,2990,8,,,,,
2026/09/07 23:58,2026-09-08T00:13:21+09:00,2026/09/08,2026/09/10,2026-09,CALL,69000,102,2143,130,29.33,28.71,69,45,63,2,28.55,-35,-34.31,67,09/07 23:50
2026/09/07 23:58,2026-09-08T00:13:21+09:00,2026/09/08,2026/09/10,2026-09,PUT,69000,2620,1119,,39.98,,3200,5,2855,4,,,,,
2026/09/07 23:58,2026-09-08T00:13:21+09:00,2026/09/08,2026/09/10,2026-09,CALL,68875,116,84,,29.28,28.12,78,6,66,10,,,,,
2026/09/07 23:58,2026-09-08T00:13:21+09:00,2026/09/08,2026/09/10,2026-09,PUT,68875,2505,,,45.92,,3200,6,2755,8,,,,,
2026/09/07 23:58,2026-09-08T00:13:21+09:00,2026/09/08,2026/09/10,2026-09,CALL,68750,131,333,3,29.05,28.25,86,16,77,1,28.28,-51,-38.93,80,09/07 22:16
2026/09/07 23:58,2026-09-08T00:13:21+09:00,2026/09/08,2026/09/10,2026-09,PUT,68750,2395,57,,35.92,,2920,2,2645,8,,,,,
2026/09/07 23:58,2026-09-08T00:13:21+09:00,2026/09/08,2026/09/10,2026-09,CALL,68625,148,24,,29,28.17,97,2,87,2,,,,,
2026/09/07 23:58,2026-09-08T00:13:21+09:00,2026/09/08,2026/09/10,2026-09,PUT,68625,2285,,,41.95,,2920,3,2535,8,,,,,
2026/09/07 23:58,2026-09-08T00:13:21+09:00,2026/09/08,2026/09/10,2026-09,CALL,68500,165,356,32,28.86,28.17,108,2,99,6,28.04,-65,-39.39,100,09/07 23:34
2026/09/07 23:58,2026-09-08T00:13:21+09:00,2026/09/08,2026/09/10,2026-09,PUT,68500,2185,169,,29.01,,2600,4,2435,15,,,,,
2026/09/07 23:58,2026-09-08T00:13:21+09:00,2026/09/08,2026/09/10,2026-09,CALL,68375,185,32,,29.13,26.46,126,14,90,11,,,,,
2026/09/07 23:58,2026-09-08T00:13:21+09:00,2026/09/08,2026/09/10,2026-09,PUT,68375,2075,1,,30.74,,2515,3,2325,8,,,,,
2026/09/07 23:58,2026-09-08T00:13:21+09:00,2026/09/08,2026/09/10,2026-09,CALL,68250,206,38,1,28.81,28.14,137,2,127,2,28.75,-32,-21.33,118,09/07 21:34
2026/09/07 23:58,2026-09-08T00:13:21+09:00,2026/09/08,2026/09/10,2026-09,PUT,68250,1975,109,,28.68,17.19,2375,4,2255,5,,,,,
2026/09/07 23:58,2026-09-08T00:13:21+09:00,2026/09/08,2026/09/10,2026-09,CALL,68125,228,68,,28.74,28.11,153,2,143,2,,,,,
2026/09/07 23:58,2026-09-08T00:13:21+09:00,2026/09/08,2026/09/10,2026-09,PUT,68125,1870,,,42.06,,2525,7,2070,8,,,,,
2026/09/07 23:58,2026-09-08T00:13:21+09:00,2026/09/08,2026/09/10,2026-09,CALL,68000,255,3523,113,28.63,28.1,170,9,161,6,28.21,-84,-32.94,171,09/07 23:55
2026/09/07 23:58,2026-09-08T00:13:21+09:00,2026/09/08,2026/09/10,2026-09,PUT,68000,1780,2132,,28.63,,2160,4,1985,8,,,,,
2026/09/07 23:58,2026-09-08T00:13:21+09:00,2026/09/08,2026/09/10,2026-09,CALL,67875,279,59,1,28.71,27.98,192,2,179,2,28.73,-51,-22.57,175,09/07 20:22
2026/09/07 23:58,2026-09-08T00:13:21+09:00,2026/09/08,2026/09/10,2026-09,PUT,67875,1675,,,40.71,13.82,2305,7,1875,8,,,,,
2026/09/07 23:58,2026-09-08T00:13:21+09:00,2026/09/08,2026/09/10,2026-09,CALL,67750,310,501,2,28.57,28.04,212,2,202,2,28.39,-52,-20.63,200,09/07 20:05
2026/09/07 23:58,2026-09-08T00:13:21+09:00,2026/09/08,2026/09/10,2026-09,PUT,67750,1580,260,,28.2,17.7,1945,4,1785,5,,,,,
2026/09/07 23:58,2026-09-08T00:13:21+09:00,2026/09/08,2026/09/10,2026-09,CALL,67625,345,15,,28.59,27.94,237,2,224,1,,,,,
2026/09/07 23:58,2026-09-08T00:13:21+09:00,2026/09/08,2026/09/10,2026-09,PUT,67625,1490,1,,39.18,19.21,2085,7,1690,8,,,,,
2026/09/07 23:58,2026-09-08T00:13:21+09:00,2026/09/08,2026/09/10,2026-09,CALL,67500,400,1763,16,28.56,28.03,263,2,252,2,28.11,-143,-35.75,257,09/07 23:33
2026/09/07 23:58,2026-09-08T00:13:21+09:00,2026/09/08,2026/09/10,2026-09,PUT,67500,1405,553,,28.65,24.69,1755,16,1675,16,,,,,
2026/09/07 23:58,2026-09-08T00:13:21+09:00,2026/09/08,2026/09/10,2026-09,CALL,67375,420,43,1,28.55,27.91,292,1,278,1,28.57,-67,-20,268,09/07 20:22
2026/09/07 23:58,2026-09-08T00:13:21+09:00,2026/09/08,2026/09/10,2026-09,PUT,67375,1315,,,32.01,21.61,1735,7,1515,8,,,,,
2026/09/07 23:58,2026-09-08T00:13:21+09:00,2026/09/08,2026/09/10,2026-09,CALL,67250,450,24,5,29.27,27.96,340,26,310,4,28.42,-90,-22.22,315,09/07 19:54
2026/09/07 23:58,2026-09-08T00:13:21+09:00,2026/09/08,2026/09/10,2026-09,PUT,67250,1235,15,,27.96,22.9,1550,4,1440,5,,,,,
2026/09/07 23:58,2026-09-08T00:13:21+09:00,2026/09/08,2026/09/10,2026-09,CALL,67125,515,7,,29.08,27.39,370,2,330,2,,,,,
2026/09/07 23:58,2026-09-08T00:13:21+09:00,2026/09/08,2026/09/10,2026-09,PUT,67125,1155,2,,36.59,23.43,1670,7,1355,8,,,,,
2026/09/07 23:58,2026-09-08T00:13:21+09:00,2026/09/08,2026/09/10,2026-09,CALL,67000,550,3337,85,29,27.98,405,41,380,5,27.81,-160,-29.09,390,09/07 23:27
2026/09/07 23:58,2026-09-08T00:13:21+09:00,2026/09/08,2026/09/10,2026-09,PUT,67000,1075,2321,2,27.56,25.48,1360,4,1310,22,27.49,50,4,1300,09/07 22:35
2026/09/07 23:58,2026-09-08T00:13:21+09:00,2026/09/08,2026/09/10,2026-09,CALL,66875,595,3,,28.81,27.82,440,11,415,11,,,,,
2026/09/07 23:58,2026-09-08T00:13:21+09:00,2026/09/08,2026/09/10,2026-09,PUT,66875,1000,,,33.11,16.29,1415,3,1010,8,,,,,
2026/09/07 23:58,2026-09-08T00:13:21+09:00,2026/09/08,2026/09/10,2026-09,CALL,66750,625,1617,2,28.72,27.94,480,11,460,2,27.87,-205,-32.8,420,09/07 21:26
2026/09/07 23:58,2026-09-08T00:13:21+09:00,2026/09/08,2026/09/10,2026-09,PUT,66750,925,152,,28.33,24.42,1210,4,1110,8,,,,,
2026/09/07 23:58,2026-09-08T00:13:21+09:00,2026/09/08,2026/09/10,2026-09,CALL,66625,715,162,1,29.09,27.76,535,10,500,2,27.91,,,535,09/07 19:26
2026/09/07 23:58,2026-09-08T00:13:21+09:00,2026/09/08,2026/09/10,2026-09,PUT,66625,870,9,,28.9,24.13,1145,4,1020,10,,,,,
2026/09/07 23:58,2026-09-08T00:13:21+09:00,2026/09/08,2026/09/10,2026-09,CALL,66500,735,3340,13,29.16,27.66,585,16,545,16,27.75,-165,-22.45,570,09/07 23:41
2026/09/07 23:58,2026-09-08T00:13:21+09:00,2026/09/08,2026/09/10,2026-09,PUT,66500,805,2164,6,27.48,25.04,1030,4,965,16,27.9,110,12.64,980,09/07 23:44
2026/09/07 23:58,2026-09-08T00:13:21+09:00,2026/09/08,2026/09/10,2026-09,CALL,66375,850,10,,29.11,27.64,635,2,595,2,,,,,
2026/09/07 23:58,2026-09-08T00:13:21+09:00,2026/09/08,2026/09/10,2026-09,PUT,66375,735,5,,27.64,25.42,960,4,900,4,,,,,
2026/09/07 23:58,2026-09-08T00:13:21+09:00,2026/09/08,2026/09/10,2026-09,CALL,66250,900,89,3,29.13,27.67,690,10,650,2,27.62,-165,-20.63,635,09/07 21:55
2026/09/07 23:58,2026-09-08T00:13:21+09:00,2026/09/08,2026/09/10,2026-09,PUT,66250,720,210,2,27.31,25.3,880,4,825,12,28.11,60,8.33,780,09/07 18:12
2026/09/07 23:58,2026-09-08T00:13:21+09:00,2026/09/08,2026/09/10,2026-09,CALL,66125,990,41,,29.77,26.69,765,4,680,8,,,,,
2026/09/07 23:58,2026-09-08T00:13:21+09:00,2026/09/08,2026/09/10,2026-09,PUT,66125,625,6,,27.96,25.23,830,2,755,2,,,,,
2026/09/07 23:58,2026-09-08T00:13:21+09:00,2026/09/08,2026/09/10,2026-09,CALL,66000,1050,2043,20,29.76,26.85,825,25,745,25,28.28,-120,-12.83,815,09/07 23:40
2026/09/07 23:58,2026-09-08T00:13:21+09:00,2026/09/08,2026/09/10,2026-09,PUT,66000,610,2522,30,27.4,25.95,750,2,710,33,27.58,145,23.77,755,09/07 22:03
2026/09/07 23:58,2026-09-08T00:13:21+09:00,2026/09/08,2026/09/10,2026-09,CALL,65875,1140,1,,30,27.26,895,11,820,11,,,,,
2026/09/07 23:58,2026-09-08T00:13:21+09:00,2026/09/08,2026/09/10,2026-09,PUT,65875,525,1,,27.99,25.99,705,2,650,9,,,,,
2026/09/07 23:58,2026-09-08T00:13:21+09:00,2026/09/08,2026/09/10,2026-09,CALL,65750,1215,104,,29.94,27.92,960,11,905,11,,,,,
2026/09/07 23:58,2026-09-08T00:13:21+09:00,2026/09/08,2026/09/10,2026-09,PUT,65750,480,702,3,27.74,26.27,640,2,600,10,27.68,170,32.38,695,09/07 21:32
2026/09/07 23:58,2026-09-08T00:13:21+09:00,2026/09/08,2026/09/10,2026-09,CALL,65625,1300,6,3,30.33,27.92,1040,10,975,10,28.19,,,1000,09/07 22:07
2026/09/07 23:58,2026-09-08T00:13:21+09:00,2026/09/08,2026/09/10,2026-09,PUT,65625,435,26,,27.55,26.43,580,2,550,9,,,,,
2026/09/07 23:58,2026-09-08T00:13:21+09:00,2026/09/08,2026/09/10,2026-09,CALL,65500,1390,406,4,30.81,27.23,1125,20,1030,16,29.94,-140,-11.38,1090,09/07 19:54
2026/09/07 23:58,2026-09-08T00:13:21+09:00,2026/09/08,2026/09/10,2026-09,PUT,65500,405,552,4,27.61,26.85,530,2,510,28,28.26,125,30.86,530,09/07 19:53
2026/09/07 23:58,2026-09-08T00:13:21+09:00,2026/09/08,2026/09/10,2026-09,CALL,65375,1470,1,,35.54,20.06,1325,3,925,7,,,,,
2026/09/07 23:58,2026-09-08T00:13:21+09:00,2026/09/08,2026/09/10,2026-09,PUT,65375,370,33,,27.93,26.77,490,2,460,10,,,,,
2026/09/07 23:58,2026-09-08T00:13:21+09:00,2026/09/08,2026/09/10,2026-09,CALL,65250,1565,19,,32.83,27.75,1330,9,1200,11,,,,,
2026/09/07 23:58,2026-09-08T00:13:21+09:00,2026/09/08,2026/09/10,2026-09,PUT,65250,325,100,4,28.15,26.36,450,4,405,25,29.25,,,400,09/07 17:30
2026/09/07 23:58,2026-09-08T00:13:21+09:00,2026/09/08,2026/09/10,2026-09,CALL,65125,1665,9,,35.01,21.33,1465,8,1130,2,,,,,
2026/09/07 23:58,2026-09-08T00:13:21+09:00,2026/09/08,2026/09/10,2026-09,PUT,65125,300,34,,28.05,27.23,405,2,385,11,,,,,
2026/09/07 23:58,2026-09-08T00:13:21+09:00,2026/09/08,2026/09/10,2026-09,CALL,65000,1755,4738,10,30.72,27.61,1440,22,1365,22,28.73,-215,-13.74,1350,09/07 20:01
2026/09/07 23:58,2026-09-08T00:13:21+09:00,2026/09/08,2026/09/10,2026-09,PUT,65000,275,4465,101,28.24,27.4,370,4,350,41,28.4,80,29.09,355,09/07 23:14
2026/09/07 23:58,2026-09-08T00:13:21+09:00,2026/09/08,2026/09/10,2026-09,CALL,64875,1860,31,,36.27,20.94,1660,8,1310,3,,,,,
2026/09/07 23:58,2026-09-08T00:13:21+09:00,2026/09/08,2026/09/10,2026-09,PUT,64875,245,12,,28.32,27.44,335,2,315,12,,,,,
2026/09/07 23:58,2026-09-08T00:13:21+09:00,2026/09/08,2026/09/10,2026-09,CALL,64750,1970,212,,32.9,27.83,1665,5,1550,4,,,,,
2026/09/07 23:58,2026-09-08T00:13:21+09:00,2026/09/08,2026/09/10,2026-09,PUT,64750,245,499,1,30.07,27.87,340,1,291,1,28.7,80,32.65,325,09/07 20:52
2026/09/07 23:58,2026-09-08T00:13:21+09:00,2026/09/08,2026/09/10,2026-09,CALL,64625,2070,1,,35.76,23.88,1820,8,1565,3,,,,,
2026/09/07 23:58,2026-09-08T00:13:21+09:00,2026/09/08,2026/09/10,2026-09,PUT,64625,203,67,,28.73,28.02,278,1,263,1,,,,,
2026/09/07 23:58,2026-09-08T00:13:21+09:00,2026/09/08,2026/09/10,2026-09,CALL,64500,2180,146,1,32.61,28.8,1840,17,1760,16,29.98,-80,-3.94,1950,09/07 17:14
2026/09/07 23:58,2026-09-08T00:13:21+09:00,2026/09/08,2026/09/10,2026-09,PUT,64500,189,630,29,28.8,28,250,4,234,4,28.74,38,20.11,227,09/07 22:34
2026/09/07 23:58,2026-09-08T00:13:21+09:00,2026/09/08,2026/09/10,2026-09,CALL,64375,2280,,,37.06,22.32,2030,8,1745,3,,,,,
2026/09/07 23:58,2026-09-08T00:13:21+09:00,2026/09/08,2026/09/10,2026-09,PUT,64375,164,49,,29.31,28.33,233,8,214,2,,,,,
2026/09/07 23:58,2026-09-08T00:13:21+09:00,2026/09/08,2026/09/10,2026-09,CALL,64250,1570,104,,37.16,28.06,2125,5,1945,4,,,,,
2026/09/07 23:58,2026-09-08T00:13:21+09:00,2026/09/08,2026/09/10,2026-09,PUT,64250,153,46,4,29.22,28.45,206,4,192,5,29.69,26,14.13,210,09/07 21:59
2026/09/07 23:58,2026-09-08T00:13:21+09:00,2026/09/08,2026/09/10,2026-09,CALL,64125,2505,,,38.86,,2255,8,1870,3,,,,,
2026/09/07 23:58,2026-09-08T00:13:21+09:00,2026/09/08,2026/09/10,2026-09,PUT,64125,137,27,,29.45,28.7,187,2,174,2,,,,,
2026/09/07 23:58,2026-09-08T00:13:21+09:00,2026/09/08,2026/09/10,2026-09,CALL,64000,2620,1701,,38.59,28.47,2345,8,2160,4,,,,,
2026/09/07 23:58,2026-09-08T00:13:21+09:00,2026/09/08,2026/09/10,2026-09,PUT,64000,129,2955,47,29.64,28.91,169,2,157,6,29.53,29,22.48,158,09/07 23:40
2026/09/07 23:58,2026-09-08T00:13:21+09:00,2026/09/08,2026/09/10,2026-09,CALL,63875,2735,,,40.74,,2485,8,2035,2,,,,,
2026/09/07 23:58,2026-09-08T00:13:21+09:00,2026/09/08,2026/09/10,2026-09,PUT,63875,116,51,2,30.06,29.22,156,11,143,2,30.09,15,11.28,148,09/07 22:20
2026/09/07 23:58,2026-09-08T00:13:21+09:00,2026/09/08,2026/09/10,2026-09,CALL,63750,2845,2,,49.14,0,2755,8,2260,2,,,,,
2026/09/07 23:58,2026-09-08T00:13:21+09:00,2026/09/08,2026/09/10,2026-09,PUT,63750,105,79,8,30.33,29.44,142,13,129,3,30.33,29,23.02,155,09/07 20:33
2026/09/07 23:58,2026-09-08T00:13:21+09:00,2026/09/08,2026/09/10,2026-09,CALL,63625,2960,,,42.24,17.55,2710,8,2395,3,,,,,
2026/09/07 23:58,2026-09-08T00:13:21+09:00,2026/09/08,2026/09/10,2026-09,PUT,63625,95,41,,32.25,29.49,153,1,114,5,,,,,
2026/09/07 23:58,2026-09-08T00:13:21+09:00,2026/09/08,2026/09/10,2026-09,CALL,63500,3075,4,,42.8,,2820,1,2480,2,,,,,
2026/09/07 23:58,2026-09-08T00:13:21+09:00,2026/09/08,2026/09/10,2026-09,PUT,63500,92,676,22,30.62,29.99,114,2,106,6,30.65,17,18.48,109,09/07 23:24
2026/09/07 23:58,2026-09-08T00:13:21+09:00,2026/09/08,2026/09/10,2026-09,CALL,63375,3195,,,44.14,,2945,8,2510,3,,,,,
2026/09/07 23:58,2026-09-08T00:13:21+09:00,2026/09/08,2026/09/10,2026-09,PUT,63375,78,61,,31.89,30.26,116,11,96,3,,,,,
2026/09/07 23:58,2026-09-08T00:13:21+09:00,2026/09/08,2026/09/10,2026-09,CALL,63250,3310,1,,44.91,,3060,8,2590,7,,,,,
2026/09/07 23:58,2026-09-08T00:13:21+09:00,2026/09/08,2026/09/10,2026-09,PUT,63250,75,66,2,31.43,30.54,97,13,87,3,31.32,27,36,102,09/07 20:21
2026/09/07 23:58,2026-09-08T00:13:21+09:00,2026/09/08,2026/09/10,2026-09,CALL,63125,3430,,,45.93,,3180,8,2860,3,,,,,
2026/09/07 23:58,2026-09-08T00:13:21+09:00,2026/09/08,2026/09/10,2026-09,PUT,63125,66,109,,31.6,30.84,87,2,79,3,,,,,
2026/09/07 23:58,2026-09-08T00:13:21+09:00,2026/09/08,2026/09/10,2026-09,CALL,63000,3550,967,,43.94,,3250,22,2825,4,,,,,
2026/09/07 23:58,2026-09-08T00:13:21+09:00,2026/09/08,2026/09/10,2026-09,PUT,63000,60,2580,118,31.87,31.17,79,2,72,9,32.17,20,33.33,80,09/07 23:34
2026/09/07 23:58,2026-09-08T00:13:21+09:00,2026/09/08,2026/09/10,2026-09,CALL,62875,3670,,,47.94,,3420,8,3130,3,,,,,
2026/09/07 23:58,2026-09-08T00:13:21+09:00,2026/09/08,2026/09/10,2026-09,PUT,62875,55,41,1,32.18,31.42,72,2,65,3,32.15,,,75,09/07 20:42
2026/09/07 23:58,2026-09-08T00:13:21+09:00,2026/09/08,2026/09/10,2026-09,CALL,62750,3790,,,48.92,,3540,8,3215,2,,,,,
2026/09/07 23:58,2026-09-08T00:13:21+09:00,2026/09/08,2026/09/10,2026-09,PUT,62750,52,760,1,32.53,31.84,66,2,60,5,32.95,10,19.23,62,09/07 18:50
2026/09/07 23:58,2026-09-08T00:13:21+09:00,2026/09/08,2026/09/10,2026-09,CALL,62625,3915,,,50.18,,3665,8,3260,3,,,,,
2026/09/07 23:58,2026-09-08T00:13:21+09:00,2026/09/08,2026/09/10,2026-09,PUT,62625,46,92,,32.94,32.2,61,4,55,4,,,,,
2026/09/07 23:58,2026-09-08T00:13:21+09:00,2026/09/08,2026/09/10,2026-09,CALL,62500,4035,801,,50.82,,3780,1,3410,2,,,,,
2026/09/07 23:58,2026-09-08T00:13:21+09:00,2026/09/08,2026/09/10,2026-09,PUT,62500,44,1113,90,33.29,32.36,56,10,49,11,33.16,8,18.18,52,09/07 23:41
2026/09/07 23:58,2026-09-08T00:13:21+09:00,2026/09/08,2026/09/10,2026-09,CALL,62375,4155,,,52.07,,3905,8,3445,7,,,,,
2026/09/07 23:58,2026-09-08T00:13:21+09:00,2026/09/08,2026/09/10,2026-09,PUT,62375,40,268,,33.72,32.74,52,22,45,18,,,,,
2026/09/07 23:58,2026-09-08T00:13:21+09:00,2026/09/08,2026/09/10,2026-09,CALL,62250,4275,1,,52.99,,4025,8,3565,7,,,,,
2026/09/07 23:58,2026-09-08T00:13:21+09:00,2026/09/08,2026/09/10,2026-09,PUT,62250,38,155,9,34.11,33.05,48,26,41,24,34.08,11,28.95,49,09/07 21:54
2026/09/07 23:58,2026-09-08T00:13:21+09:00,2026/09/08,2026/09/10,2026-09,CALL,62125,4400,,,54.23,24.53,4150,8,3890,3,,,,,
2026/09/07 23:58,2026-09-08T00:13:21+09:00,2026/09/08,2026/09/10,2026-09,PUT,62125,34,32,1,34.44,33.48,44,17,38,4,35.54,-10,-22.22,35,09/07 17:03
2026/09/07 23:58,2026-09-08T00:13:21+09:00,2026/09/08,2026/09/10,2026-09,CALL,62000,4525,2002,,55.12,,4270,4,3810,4,,,,,
2026/09/07 23:58,2026-09-08T00:13:21+09:00,2026/09/08,2026/09/10,2026-09,PUT,62000,30,4338,109,34.89,34.21,41,13,37,1,34.86,9,30,39,09/07 23:28
2026/09/07 23:58,2026-09-08T00:13:21+09:00,2026/09/08,2026/09/10,2026-09,CALL,61875,4645,2,,56.35,,4395,8,3940,7,,,,,
2026/09/07 23:58,2026-09-08T00:13:21+09:00,2026/09/08,2026/09/10,2026-09,PUT,61875,30,88,,35.8,33.8,41,23,30,4,,,,,
2026/09/07 23:58,2026-09-08T00:13:21+09:00,2026/09/08,2026/09/10,2026-09,CALL,61750,4770,,,57.57,,4520,8,4065,7,,,,,
2026/09/07 23:58,2026-09-08T00:13:21+09:00,2026/09/08,2026/09/10,2026-09,PUT,61750,28,264,11,36.37,34.05,39,27,27,24,36.11,4,13.33,34,09/07 18:52
2026/09/07 23:58,2026-09-08T00:13:21+09:00,2026/09/08,2026/09/10,2026-09,CALL,61625,4890,,,58.43,,4640,8,4190,6,,,,,
2026/09/07 23:58,2026-09-08T00:13:21+09:00,2026/09/08,2026/09/10,2026-09,PUT,61625,26,16,,36.91,34.46,37,23,25,17,,,,,
2026/09/07 23:58,2026-09-08T00:13:21+09:00,2026/09/08,2026/09/10,2026-09,CALL,61500,5015,2,,59.28,,4760,1,4445,2,,,,,
2026/09/07 23:58,2026-09-08T00:13:21+09:00,2026/09/08,2026/09/10,2026-09,PUT,61500,24,1780,56,36.63,35.54,31,34,26,8,36.67,8,33.33,32,09/07 21:54
2026/09/07 23:58,2026-09-08T00:13:21+09:00,2026/09/08,2026/09/10,2026-09,CALL,61375,5140,,,76.34,,5135,2,4355,2,,,,,
2026/09/07 23:58,2026-09-08T00:13:21+09:00,2026/09/08,2026/09/10,2026-09,PUT,61375,21,11,,38.51,35.15,36,23,21,4,,,,,
2026/09/07 23:58,2026-09-08T00:13:21+09:00,2026/09/08,2026/09/10,2026-09,CALL,61250,5260,22,,77.71,,5260,1,4475,1,,,,,
2026/09/07 23:58,2026-09-08T00:13:21+09:00,2026/09/08,2026/09/10,2026-09,PUT,61250,21,90,3,38.16,34.17,30,27,15,27,36.76,0,0,25,09/07 20:16
2026/09/07 23:58,2026-09-08T00:13:21+09:00,2026/09/08,2026/09/10,2026-09,CALL,61125,5385,,,79.07,,5385,2,4600,2,,,,,
2026/09/07 23:58,2026-09-08T00:13:21+09:00,2026/09/08,2026/09/10,2026-09,PUT,61125,20,44,,38.57,34.25,28,24,13,24,,,,,
2026/09/07 23:58,2026-09-08T00:13:21+09:00,2026/09/08,2026/09/10,2026-09,CALL,61000,5510,221,,80.14,,5505,4,4725,4,,,,,
2026/09/07 23:58,2026-09-08T00:13:21+09:00,2026/09/08,2026/09/10,2026-09,PUT,61000,19,2600,88,37.64,37.06,21,1,19,13,37.69,0,0,19,09/07 23:44
2026/09/07 23:58,2026-09-08T00:13:21+09:00,2026/09/08,2026/09/10,2026-09,CALL,60875,5630,,,81.49,,5630,2,4845,2,,,,,
2026/09/07 23:58,2026-09-08T00:13:21+09:00,2026/09/08,2026/09/10,2026-09,PUT,60875,15,67,,39.55,34.55,25,24,10,24,,,,,
2026/09/07 23:58,2026-09-08T00:13:21+09:00,2026/09/08,2026/09/10,2026-09,CALL,60750,5755,120,,82.84,,5755,1,4970,1,,,,,
2026/09/07 23:58,2026-09-08T00:13:21+09:00,2026/09/08,2026/09/10,2026-09,PUT,60750,15,329,,38.7,37.72,19,23,16,5,,,,,
2026/09/07 23:58,2026-09-08T00:13:21+09:00,2026/09/08,2026/09/10,2026-09,CALL,60625,5880,,,83.89,,5875,2,5090,2,,,,,
2026/09/07 23:58,2026-09-08T00:13:21+09:00,2026/09/08,2026/09/10,2026-09,PUT,60625,15,11,,40.42,35.05,22,24,8,24,,,,,
2026/09/07 23:58,2026-09-08T00:13:21+09:00,2026/09/08,2026/09/10,2026-09,CALL,60500,6005,750,,,,,,3,10,,,,,
2026/09/07 23:58,2026-09-08T00:13:21+09:00,2026/09/08,2026/09/10,2026-09,PUT,60500,12,2909,13,39.67,38.58,17,39,14,1,39.42,3,25,15,09/07 23:03
2026/09/07 23:58,2026-09-08T00:13:21+09:00,2026/09/08,2026/09/10,2026-09,CALL,60375,6130,,,,,,,,,,,,,
2026/09/07 23:58,2026-09-08T00:13:21+09:00,2026/09/08,2026/09/10,2026-09,PUT,60375,12,2019,2,41.78,35.26,21,24,6,24,39.94,,,14,09/07 18:52
2026/09/07 23:58,2026-09-08T00:13:21+09:00,2026/09/08,2026/09/10,2026-09,CALL,60250,6255,,,,,,,3,10,,,,,
2026/09/07 23:58,2026-09-08T00:13:21+09:00,2026/09/08,2026/09/10,2026-09,PUT,60250,12,104,1,41.97,38.37,19,28,10,22,40.73,1,7.69,14,09/07 18:59
2026/09/07 23:58,2026-09-08T00:13:21+09:00,2026/09/08,2026/09/10,2026-09,CALL,60125,6375,,,,,,,1,10,,,,,
2026/09/07 23:58,2026-09-08T00:13:21+09:00,2026/09/08,2026/09/10,2026-09,PUT,60125,11,3,,42.45,35.04,18,24,4,24,,,,,
2026/09/07 23:58,2026-09-08T00:13:21+09:00,2026/09/08,2026/09/10,2026-09,CALL,60000,6500,786,,,,,,350,2,,,,,
2026/09/07 23:58,2026-09-08T00:13:21+09:00,2026/09/08,2026/09/10,2026-09,PUT,60000,11,6685,101,40.4,39.89,11,1,10,14,40.89,0,0,11,09/07 23:07
2026/09/07 23:58,2026-09-08T00:13:21+09:00,2026/09/08,2026/09/10,2026-09,CALL,59875,6625,,,,,,,,,,,,,
2026/09/07 23:58,2026-09-08T00:13:21+09:00,2026/09/08,2026/09/10,2026-09,PUT,59875,9,42,5,40.65,40.11,10,1,9,4,40.79,-1,-9.09,10,09/07 23:34
2026/09/07 23:58,2026-09-08T00:13:21+09:00,2026/09/08,2026/09/10,2026-09,CALL,59750,6750,,,,,,,3,10,,,,,
2026/09/07 23:58,2026-09-08T00:13:21+09:00,2026/09/08,2026/09/10,2026-09,PUT,59750,9,119,3,41.94,38.89,11,37,6,37,41.15,-1,-9.09,10,09/07 21:53
2026/09/07 23:58,2026-09-08T00:13:21+09:00,2026/09/08,2026/09/10,2026-09,CALL,59625,6875,,,,,,,,,,,,,
2026/09/07 23:58,2026-09-08T00:13:21+09:00,2026/09/08,2026/09/10,2026-09,PUT,59625,9,10,,42.18,40.34,10,19,7,35,,,,,
2026/09/07 23:58,2026-09-08T00:13:21+09:00,2026/09/08,2026/09/10,2026-09,CALL,59500,7000,,,,,,,3,10,,,,,
2026/09/07 23:58,2026-09-08T00:13:21+09:00,2026/09/08,2026/09/10,2026-09,PUT,59500,9,953,8,41.75,41.08,8,3,7,8,41.78,0,0,9,09/07 21:47
2026/09/07 23:58,2026-09-08T00:13:21+09:00,2026/09/08,2026/09/10,2026-09,CALL,59375,7125,,,,,,,,,,,,,
2026/09/07 23:58,2026-09-08T00:13:21+09:00,2026/09/08,2026/09/10,2026-09,PUT,59375,8,44,1,43.13,40.21,9,33,5,33,42.97,1,12.5,9,09/07 20:00
2026/09/07 23:58,2026-09-08T00:13:21+09:00,2026/09/08,2026/09/10,2026-09,CALL,59250,7250,,,,,,,,,,,,,
2026/09/07 23:58,2026-09-08T00:13:21+09:00,2026/09/08,2026/09/10,2026-09,PUT,59250,7,144,,43.25,41.79,8,20,6,5,,,,,
2026/09/07 23:58,2026-09-08T00:13:21+09:00,2026/09/08,2026/09/10,2026-09,CALL,59125,7375,,,,,,,,,,,,,
2026/09/07 23:58,2026-09-08T00:13:21+09:00,2026/09/08,2026/09/10,2026-09,PUT,59125,7,32,,43.99,40.62,8,33,4,33,,,,,
2026/09/07 23:58,2026-09-08T00:13:21+09:00,2026/09/08,2026/09/10,2026-09,CALL,59000,7500,1096,,,,,,,,,,,,
2026/09/07 23:58,2026-09-08T00:13:21+09:00,2026/09/08,2026/09/10,2026-09,PUT,59000,6,3275,42,43.24,42.35,6,15,5,27,43.8,-1,-14.29,6,09/07 23:01
2026/09/07 23:58,2026-09-08T00:13:21+09:00,2026/09/08,2026/09/10,2026-09,CALL,58875,7625,,,,,,,,,,,,,
2026/09/07 23:58,2026-09-08T00:13:21+09:00,2026/09/08,2026/09/10,2026-09,PUT,58875,6,26,,44.77,43.07,7,33,5,1,,,,,
2026/09/07 23:58,2026-09-08T00:13:21+09:00,2026/09/08,2026/09/10,2026-09,CALL,58750,7745,,,,,,,,,,,,,
2026/09/07 23:58,2026-09-08T00:13:21+09:00,2026/09/08,2026/09/10,2026-09,PUT,58750,6,113,1,45.51,42.73,7,37,4,37,45.87,0,0,6,09/07 18:13
2026/09/07 23:58,2026-09-08T00:13:21+09:00,2026/09/08,2026/09/10,2026-09,CALL,58625,7870,,,,,,,,,,,,,
2026/09/07 23:58,2026-09-08T00:13:21+09:00,2026/09/08,2026/09/10,2026-09,PUT,58625,6,8,,45.42,42.14,6,19,3,33,,,,,
2026/09/07 23:58,2026-09-08T00:13:21+09:00,2026/09/08,2026/09/10,2026-09,CALL,58500,7995,,,,,,,,,,,,,
2026/09/07 23:58,2026-09-08T00:13:21+09:00,2026/09/08,2026/09/10,2026-09,PUT,58500,6,2655,4,45.21,42.82,5,18,3,66,44.52,-2,-33.33,4,09/07 22:36
2026/09/07 23:58,2026-09-08T00:13:21+09:00,2026/09/08,2026/09/10,2026-09,CALL,58375,8120,,,,,,,,,,,,,
2026/09/07 23:58,2026-09-08T00:13:21+09:00,2026/09/08,2026/09/10,2026-09,PUT,58375,5,28,5,46.88,43.51,6,33,3,33,45.22,-1,-20,4,09/07 23:03
2026/09/07 23:58,2026-09-08T00:13:21+09:00,2026/09/08,2026/09/10,2026-09,CALL,58250,8245,,,,,,,,,,,,,
2026/09/07 23:58,2026-09-08T00:13:21+09:00,2026/09/08,2026/09/10,2026-09,PUT,58250,5,278,7,46.65,44.2,5,30,3,23,47.27,1,25,5,09/07 18:53
2026/09/07 23:58,2026-09-08T00:13:21+09:00,2026/09/08,2026/09/10,2026-09,CALL,58000,8495,1101,,,,,,,,,,,,
2026/09/07 23:58,2026-09-08T00:13:21+09:00,2026/09/08,2026/09/10,2026-09,PUT,58000,5,2550,33,46.94,45.57,4,19,3,2,46,-2,-40,3,09/07 23:07
2026/09/07 23:58,2026-09-08T00:13:21+09:00,2026/09/08,2026/09/10,2026-09,CALL,57750,8745,,,,,,,,,,,,,
2026/09/07 23:58,2026-09-08T00:13:21+09:00,2026/09/08,2026/09/10,2026-09,PUT,57750,4,153,1,48.36,45.13,4,20,2,40,47.28,-1,-25,3,09/07 22:29
2026/09/07 23:58,2026-09-08T00:13:21+09:00,2026/09/08,2026/09/10,2026-09,CALL,57500,8995,384,,,,,,,,,,,,
2026/09/07 23:58,2026-09-08T00:13:21+09:00,2026/09/08,2026/09/10,2026-09,PUT,57500,3,633,19,48.33,46.46,3,10,2,21,48.66,-1,-25,3,09/07 22:26
2026/09/07 23:58,2026-09-08T00:13:21+09:00,2026/09/08,2026/09/10,2026-09,CALL,57250,9245,,,,,,,,,,,,,
2026/09/07 23:58,2026-09-08T00:13:21+09:00,2026/09/08,2026/09/10,2026-09,PUT,57250,3,186,,49.71,44.93,3,1,1,32,,,,,
2026/09/07 23:58,2026-09-08T00:13:21+09:00,2026/09/08,2026/09/10,2026-09,CALL,57000,9495,850,,,,,,,,,,,,
2026/09/07 23:58,2026-09-08T00:13:21+09:00,2026/09/08,2026/09/10,2026-09,PUT,57000,3,3074,18,51.09,49.14,3,16,2,7,50.5,0,0,3,09/07 21:19
2026/09/07 23:58,2026-09-08T00:13:21+09:00,2026/09/08,2026/09/10,2026-09,CALL,56750,9745,,,,,,,,,,,,,
2026/09/07 23:58,2026-09-08T00:13:21+09:00,2026/09/08,2026/09/10,2026-09,PUT,56750,3,215,7,50.48,47.48,2,1,1,32,62.22,9,300,12,09/07 17:18
2026/09/07 23:58,2026-09-08T00:13:21+09:00,2026/09/08,2026/09/10,2026-09,CALL,56500,9995,75,,,,,,,,,,,,
2026/09/07 23:58,2026-09-08T00:13:21+09:00,2026/09/08,2026/09/10,2026-09,PUT,56500,2,1183,1,53.87,48.75,3,11,1,28,54.48,1,50,3,09/07 18:54
2026/09/07 23:58,2026-09-08T00:13:21+09:00,2026/09/08,2026/09/10,2026-09,CALL,56250,10245,,,,,,,,,,,,,
2026/09/07 23:58,2026-09-08T00:13:21+09:00,2026/09/08,2026/09/10,2026-09,PUT,56250,2,41,,63.67,50.04,11,22,1,16,,,,,
2026/09/07 23:58,2026-09-08T00:13:21+09:00,2026/09/08,2026/09/10,2026-09,CALL,56000,10490,1250,,,,,,,,,,,,
2026/09/07 23:58,2026-09-08T00:13:21+09:00,2026/09/08,2026/09/10,2026-09,PUT,56000,2,2243,41,54.53,51.32,2,8,1,85,51.54,-1,-50,1,09/07 22:44
2026/09/07 23:58,2026-09-08T00:13:21+09:00,2026/09/08,2026/09/10,2026-09,CALL,55750,10740,,,,,,,,,,,,,
2026/09/07 23:58,2026-09-08T00:13:21+09:00,2026/09/08,2026/09/10,2026-09,PUT,55750,1,25,,66.82,,11,22,,,,,,,
2026/09/07 23:58,2026-09-08T00:13:21+09:00,2026/09/08,2026/09/10,2026-09,CALL,55500,10990,,,,,,,,,,,,,
2026/09/07 23:58,2026-09-08T00:13:21+09:00,2026/09/08,2026/09/10,2026-09,PUT,55500,1,762,,57.25,53.9,2,12,1,1,,,,,
2026/09/07 23:58,2026-09-08T00:13:21+09:00,2026/09/08,2026/09/10,2026-09,CALL,55250,11240,,,,,,,,,,,,,
2026/09/07 23:58,2026-09-08T00:13:21+09:00,2026/09/08,2026/09/10,2026-09,PUT,55250,1,21,,58.62,,2,9,,,,,,,
2026/09/07 23:58,2026-09-08T00:13:21+09:00,2026/09/08,2026/09/10,2026-09,CALL,55000,11490,660,,,,,,,,,,,,
2026/09/07 23:58,2026-09-08T00:13:21+09:00,2026/09/08,2026/09/10,2026-09,PUT,55000,1,5856,86,59.98,56.5,2,109,1,32,56.86,-1,-50,1,09/07 23:49
2026/09/07 23:58,2026-09-08T00:13:21+09:00,2026/09/08,2026/09/10,2026-09,CALL,54750,11740,90,,,,,,,,,,,,
2026/09/07 23:58,2026-09-08T00:13:21+09:00,2026/09/08,2026/09/10,2026-09,PUT,54750,1,273,,61.36,,2,26,,,,,,,
2026/09/07 23:58,2026-09-08T00:13:21+09:00,2026/09/08,2026/09/10,2026-09,CALL,54500,11990,200,,,,,,,,,,,,
2026/09/07 23:58,2026-09-08T00:13:21+09:00,2026/09/08,2026/09/10,2026-09,PUT,54500,1,698,8,62.74,,2,41,,,59.41,0,0,1,09/07 23:20
2026/09/07 23:58,2026-09-08T00:13:21+09:00,2026/09/08,2026/09/10,2026-09,CALL,54250,12240,50,,,,,,,,,,,,
2026/09/07 23:58,2026-09-08T00:13:21+09:00,2026/09/08,2026/09/10,2026-09,PUT,54250,1,129,,64.12,,2,27,,,,,,,
2026/09/07 23:58,2026-09-08T00:13:21+09:00,2026/09/08,2026/09/10,2026-09,CALL,54000,12490,1056,,,,,,,,,,,,
2026/09/07 23:58,2026-09-08T00:13:21+09:00,2026/09/08,2026/09/10,2026-09,PUT,54000,1,2829,48,61.74,,1,4,,,62.01,0,0,1,09/07 23:42
2026/09/07 23:58,2026-09-08T00:13:21+09:00,2026/09/08,2026/09/10,2026-09,CALL,53750,12740,150,,,,,,,,,,,,
2026/09/07 23:58,2026-09-08T00:13:21+09:00,2026/09/08,2026/09/10,2026-09,PUT,53750,1,89,7,78.71,,10,17,,,62.78,-8,-88.89,1,09/07 20:57
2026/09/07 23:58,2026-09-08T00:13:21+09:00,2026/09/08,2026/09/10,2026-09,CALL,53500,12990,400,,,,,,,,,,,,
2026/09/07 23:58,2026-09-08T00:13:21+09:00,2026/09/08,2026/09/10,2026-09,PUT,53500,1,991,15,80.31,,10,28,,,64.51,0,0,1,09/07 22:07
2026/09/07 23:58,2026-09-08T00:13:21+09:00,2026/09/08,2026/09/10,2026-09,CALL,53250,13240,,,,,,,,,,,,,
2026/09/07 23:58,2026-09-08T00:13:21+09:00,2026/09/08,2026/09/10,2026-09,PUT,53250,1,61,4,81.92,,10,17,,,65.82,0,0,1,09/07 22:10
2026/09/07 23:58,2026-09-08T00:13:21+09:00,2026/09/08,2026/09/10,2026-09,CALL,53000,13490,1100,,,,,,,,,,,,
2026/09/07 23:58,2026-09-08T00:13:21+09:00,2026/09/08,2026/09/10,2026-09,PUT,53000,1,2658,52,67.05,,1,32,,,67.54,0,0,1,09/07 22:57
2026/09/07 23:58,2026-09-08T00:13:21+09:00,2026/09/08,2026/09/10,2026-09,CALL,52750,13740,,,,,,,,,,,,,
2026/09/07 23:58,2026-09-08T00:13:21+09:00,2026/09/08,2026/09/10,2026-09,PUT,52750,1,37,2,85.15,,10,17,,,68.54,-4,-80,1,09/07 22:09
2026/09/07 23:58,2026-09-08T00:13:21+09:00,2026/09/08,2026/09/10,2026-09,CALL,52500,13990,,,,,,,,,,,,,
2026/09/07 23:58,2026-09-08T00:13:21+09:00,2026/09/08,2026/09/10,2026-09,PUT,52500,1,884,5,69.74,,1,43,,,69.61,0,0,1,09/07 19:58
2026/09/07 23:58,2026-09-08T00:13:21+09:00,2026/09/08,2026/09/10,2026-09,CALL,52250,14240,,,,,,,,,,,,,
2026/09/07 23:58,2026-09-08T00:13:21+09:00,2026/09/08,2026/09/10,2026-09,PUT,52250,1,66,3,71.09,,1,6,,,71.23,0,0,1,09/07 22:09
2026/09/07 23:58,2026-09-08T00:13:21+09:00,2026/09/08,2026/09/10,2026-09,CALL,52000,14490,350,,,,,,,,,,,,
2026/09/07 23:58,2026-09-08T00:13:21+09:00,2026/09/08,2026/09/10,2026-09,PUT,52000,1,2616,7,72.44,,1,116,,,72.84,0,0,1,09/07 22:51
2026/09/07 23:58,2026-09-08T00:13:21+09:00,2026/09/08,2026/09/10,2026-09,CALL,51750,14740,,,,,,,,,,,,,
2026/09/07 23:58,2026-09-08T00:13:21+09:00,2026/09/08,2026/09/10,2026-09,PUT,51750,1,54,1,73.8,,1,14,,,73.95,0,0,1,09/07 19:51
2026/09/07 23:58,2026-09-08T00:13:21+09:00,2026/09/08,2026/09/10,2026-09,CALL,51500,14990,,,,,,,,,,,,,
2026/09/07 23:58,2026-09-08T00:13:21+09:00,2026/09/08,2026/09/10,2026-09,PUT,51500,1,289,3,75.17,,1,55,,,75.77,0,0,1,09/07 18:36
2026/09/07 23:58,2026-09-08T00:13:21+09:00,2026/09/08,2026/09/10,2026-09,CALL,51250,15240,210,,,,,,,,,,,,
2026/09/07 23:58,2026-09-08T00:13:21+09:00,2026/09/08,2026/09/10,2026-09,PUT,51250,1,222,,76.54,,1,7,,,,,,,
2026/09/07 23:58,2026-09-08T00:13:21+09:00,2026/09/08,2026/09/10,2026-09,CALL,51000,15490,141,,,,,,,,,,,,
2026/09/07 23:58,2026-09-08T00:13:21+09:00,2026/09/08,2026/09/10,2026-09,PUT,51000,1,1451,3,77.91,,1,105,,,78.18,0,0,1,09/07 19:25
2026/09/07 23:58,2026-09-08T00:13:21+09:00,2026/09/08,2026/09/10,2026-09,CALL,50750,15740,,,,,,,,,,,,,
2026/09/07 23:58,2026-09-08T00:13:21+09:00,2026/09/08,2026/09/10,2026-09,PUT,50750,1,175,,79.29,,1,7,,,,,,,
2026/09/07 23:58,2026-09-08T00:13:21+09:00,2026/09/08,2026/09/10,2026-09,CALL,50500,15990,50,,,,,,,,,,,,
2026/09/07 23:58,2026-09-08T00:13:21+09:00,2026/09/08,2026/09/10,2026-09,PUT,50500,1,1578,1,80.68,,1,107,,,81.63,0,0,1,09/07 17:40
2026/09/07 23:58,2026-09-08T00:13:21+09:00,2026/09/08,2026/09/10,2026-09,CALL,50250,16240,,,,,,,,,,,,,
2026/09/07 23:58,2026-09-08T00:13:21+09:00,2026/09/08,2026/09/10,2026-09,PUT,50250,1,143,,82.07,,1,6,,,,,,,
2026/09/07 23:58,2026-09-08T00:13:21+09:00,2026/09/08,2026/09/10,2026-09,CALL,50000,16490,3450,,,,,,,,,,,,
2026/09/07 23:58,2026-09-08T00:13:21+09:00,2026/09/08,2026/09/10,2026-09,PUT,50000,1,8726,12,83.47,,1,318,,,83.74,0,0,1,09/07 22:45
2026/09/07 23:58,2026-09-08T00:13:21+09:00,2026/09/08,2026/09/10,2026-09,CALL,49750,16740,,,,,,,,,,,,,
2026/09/07 23:58,2026-09-08T00:13:21+09:00,2026/09/08,2026/09/10,2026-09,PUT,49750,1,173,7,84.88,,1,129,,,84.75,0,0,1,09/07 19:59
2026/09/07 23:58,2026-09-08T00:13:21+09:00,2026/09/08,2026/09/10,2026-09,CALL,49500,16990,,,,,,,,,,,,,
2026/09/07 23:58,2026-09-08T00:13:21+09:00,2026/09/08,2026/09/10,2026-09,PUT,49500,1,274,11,86.29,,1,13,,,86.64,0,0,1,09/07 22:52
2026/09/07 23:58,2026-09-08T00:13:21+09:00,2026/09/08,2026/09/10,2026-09,CALL,49250,17240,,,,,,,,,,,,,
2026/09/07 23:58,2026-09-08T00:13:21+09:00,2026/09/08,2026/09/10,2026-09,PUT,49250,1,216,,87.7,,1,6,,,,,,,
2026/09/07 23:58,2026-09-08T00:13:21+09:00,2026/09/08,2026/09/10,2026-09,CALL,49000,17490,200,,,,,,,,,,,,
2026/09/07 23:58,2026-09-08T00:13:21+09:00,2026/09/08,2026/09/10,2026-09,PUT,49000,1,2286,5,89.12,,1,15,,,89.49,0,0,1,09/07 19:09
2026/09/07 23:58,2026-09-08T00:13:21+09:00,2026/09/08,2026/09/10,2026-09,CALL,48750,17740,,,,,,,,,,,,,
2026/09/07 23:58,2026-09-08T00:13:21+09:00,2026/09/08,2026/09/10,2026-09,PUT,48750,1,153,,90.55,,1,6,,,,,,,
2026/09/07 23:58,2026-09-08T00:13:21+09:00,2026/09/08,2026/09/10,2026-09,CALL,48500,17990,240,,,,,,,,,,,,
2026/09/07 23:58,2026-09-08T00:13:21+09:00,2026/09/08,2026/09/10,2026-09,PUT,48500,1,770,3,91.99,,1,11,,,91.45,0,0,1,09/07 21:44
2026/09/07 23:58,2026-09-08T00:13:21+09:00,2026/09/08,2026/09/10,2026-09,CALL,48250,18240,,,,,,,,,,,,,
2026/09/07 23:58,2026-09-08T00:13:21+09:00,2026/09/08,2026/09/10,2026-09,PUT,48250,1,124,,113.97,,9,17,,,,,,,
2026/09/07 23:58,2026-09-08T00:13:21+09:00,2026/09/08,2026/09/10,2026-09,CALL,48000,18490,400,,,,,,,,,,,,
2026/09/07 23:58,2026-09-08T00:13:21+09:00,2026/09/08,2026/09/10,2026-09,PUT,48000,1,2994,6,115.69,,9,42,,,95.18,0,0,1,09/07 22:28
2026/09/07 23:58,2026-09-08T00:13:21+09:00,2026/09/08,2026/09/10,2026-09,CALL,47750,18740,,,,,,,,,,,,,
2026/09/07 23:58,2026-09-08T00:13:21+09:00,2026/09/08,2026/09/10,2026-09,PUT,47750,1,137,,117.41,,9,17,,,,,,,
2026/09/07 23:58,2026-09-08T00:13:21+09:00,2026/09/08,2026/09/10,2026-09,CALL,47500,18990,,,,,,,,,,,,,
2026/09/07 23:58,2026-09-08T00:13:21+09:00,2026/09/08,2026/09/10,2026-09,PUT,47500,1,1065,,120.49,,10,28,,,,,,,
2026/09/07 23:58,2026-09-08T00:13:21+09:00,2026/09/08,2026/09/10,2026-09,CALL,47250,19240,,,,,,,,,,,,,
2026/09/07 23:58,2026-09-08T00:13:21+09:00,2026/09/08,2026/09/10,2026-09,PUT,47250,1,225,,120.89,,9,17,,,,,,,
2026/09/07 23:58,2026-09-08T00:13:21+09:00,2026/09/08,2026/09/10,2026-09,CALL,47000,19490,,,,,,,,,,,,,
2026/09/07 23:58,2026-09-08T00:13:21+09:00,2026/09/08,2026/09/10,2026-09,PUT,47000,1,1234,3,100.73,,1,78,,,100.97,0,0,1,09/07 19:24
2026/09/07 23:58,2026-09-08T00:13:21+09:00,2026/09/08,2026/09/10,2026-09,CALL,46750,19740,,,,,,,,,,,,,
2026/09/07 23:58,2026-09-08T00:13:21+09:00,2026/09/08,2026/09/10,2026-09,PUT,46750,1,68,,124.4,,9,17,,,,,,,
2026/09/07 23:58,2026-09-08T00:13:21+09:00,2026/09/08,2026/09/10,2026-09,CALL,46500,19990,,,,,,,,,,,,,
2026/09/07 23:58,2026-09-08T00:13:21+09:00,2026/09/08,2026/09/10,2026-09,PUT,46500,1,439,,127.57,,10,28,,,,,,,
2026/09/07 23:58,2026-09-08T00:13:21+09:00,2026/09/08,2026/09/10,2026-09,CALL,46250,20240,,,,,,,,,,,,,
2026/09/07 23:58,2026-09-08T00:13:21+09:00,2026/09/08,2026/09/10,2026-09,PUT,46250,1,68,,127.94,,9,17,,,,,,,
2026/09/07 23:58,2026-09-08T00:13:21+09:00,2026/09/08,2026/09/10,2026-09,CALL,46000,20490,,,,,,,,,,,,,
2026/09/07 23:58,2026-09-08T00:13:21+09:00,2026/09/08,2026/09/10,2026-09,PUT,46000,1,1868,3,106.69,,1,64,,,106.14,0,0,1,09/07 21:35
2026/09/07 23:58,2026-09-08T00:13:21+09:00,2026/09/08,2026/09/10,2026-09,CALL,45750,20740,,,,,,,,,,,,,
2026/09/07 23:58,2026-09-08T00:13:21+09:00,2026/09/08,2026/09/10,2026-09,PUT,45750,1,60,,131.51,,9,17,,,,,,,
2026/09/07 23:58,2026-09-08T00:13:21+09:00,2026/09/08,2026/09/10,2026-09,CALL,45500,20990,,,,,,,,,,,,,
2026/09/07 23:58,2026-09-08T00:13:21+09:00,2026/09/08,2026/09/10,2026-09,PUT,45500,1,160,1,134.79,,10,28,,,109.98,0,0,1,09/07 19:42
2026/09/07 23:58,2026-09-08T00:13:21+09:00,2026/09/08,2026/09/10,2026-09,CALL,45250,21240,,,,,,,,,,,,,
2026/09/07 23:58,2026-09-08T00:13:21+09:00,2026/09/08,2026/09/10,2026-09,PUT,45250,1,108,,135.12,,9,17,,,,,,,
2026/09/07 23:58,2026-09-08T00:13:21+09:00,2026/09/08,2026/09/10,2026-09,CALL,45000,21490,42,,,,,,,,,,,,
2026/09/07 23:58,2026-09-08T00:13:21+09:00,2026/09/08,2026/09/10,2026-09,PUT,45000,1,2540,,112.77,,1,178,,,,,,,
2026/09/07 23:58,2026-09-08T00:13:21+09:00,2026/09/08,2026/09/10,2026-09,CALL,44750,21740,,,,,,,,,,,,,
2026/09/07 23:58,2026-09-08T00:13:21+09:00,2026/09/08,2026/09/10,2026-09,PUT,44750,1,36,,138.76,,9,17,,,,,,,
2026/09/07 23:58,2026-09-08T00:13:21+09:00,2026/09/08,2026/09/10,2026-09,CALL,44500,21990,,,,,,,,,,,,,
2026/09/07 23:58,2026-09-08T00:13:21+09:00,2026/09/08,2026/09/10,2026-09,PUT,44500,1,212,,142.14,,10,28,,,,,,,
2026/09/07 23:58,2026-09-08T00:13:21+09:00,2026/09/08,2026/09/10,2026-09,CALL,44250,22240,,,,,,,,,,,,,
2026/09/07 23:58,2026-09-08T00:13:21+09:00,2026/09/08,2026/09/10,2026-09,PUT,44250,1,33,,117.41,,1,7,,,,,,,
2026/09/07 23:58,2026-09-08T00:13:21+09:00,2026/09/08,2026/09/10,2026-09,CALL,44000,22490,,,,,,,,,,,,,
2026/09/07 23:58,2026-09-08T00:13:21+09:00,2026/09/08,2026/09/10,2026-09,PUT,44000,1,1479,,118.98,,1,122,,,,,,,
2026/09/07 23:58,2026-09-08T00:13:21+09:00,2026/09/08,2026/09/10,2026-09,CALL,43750,22740,,,,,,,,,,,,,
2026/09/07 23:58,2026-09-08T00:13:21+09:00,2026/09/08,2026/09/10,2026-09,PUT,43750,1,16,,120.55,,1,27,,,,,,,
2026/09/07 23:58,2026-09-08T00:13:21+09:00,2026/09/08,2026/09/10,2026-09,CALL,43500,22990,57,,,,,,,,,,,,
2026/09/07 23:58,2026-09-08T00:13:21+09:00,2026/09/08,2026/09/10,2026-09,PUT,43500,1,887,,122.13,,1,41,,,,,,,
2026/09/07 23:58,2026-09-08T00:13:21+09:00,2026/09/08,2026/09/10,2026-09,CALL,43250,23240,,,,,,,,,,,,,
2026/09/07 23:58,2026-09-08T00:13:21+09:00,2026/09/08,2026/09/10,2026-09,PUT,43250,1,110,,123.71,,1,7,,,,,,,
2026/09/07 23:58,2026-09-08T00:13:21+09:00,2026/09/08,2026/09/10,2026-09,CALL,43000,23490,100,,,,,,,,,,,,
2026/09/07 23:58,2026-09-08T00:13:21+09:00,2026/09/08,2026/09/10,2026-09,PUT,43000,1,1382,,125.31,,1,115,,,,,,,
2026/09/07 23:58,2026-09-08T00:13:21+09:00,2026/09/08,2026/09/10,2026-09,CALL,42750,23740,,,,,,,,,,,,,
2026/09/07 23:58,2026-09-08T00:13:21+09:00,2026/09/08,2026/09/10,2026-09,PUT,42750,1,23,,126.91,,1,5,,,,,,,
2026/09/07 23:58,2026-09-08T00:13:21+09:00,2026/09/08,2026/09/10,2026-09,CALL,42500,23990,10,,,,,,,,,,,,
2026/09/07 23:58,2026-09-08T00:13:21+09:00,2026/09/08,2026/09/10,2026-09,PUT,42500,1,81,,128.53,,1,9,,,,,,,
2026/09/07 23:58,2026-09-08T00:13:21+09:00,2026/09/08,2026/09/10,2026-09,CALL,42250,24240,,,,,,,,,,,,,
2026/09/07 23:58,2026-09-08T00:13:21+09:00,2026/09/08,2026/09/10,2026-09,PUT,42250,1,24,,130.15,,1,6,,,,,,,
2026/09/07 23:58,2026-09-08T00:13:21+09:00,2026/09/08,2026/09/10,2026-09,CALL,42000,24490,101,,,,,,,,,,,,
2026/09/07 23:58,2026-09-08T00:13:21+09:00,2026/09/08,2026/09/10,2026-09,PUT,42000,1,2526,,131.78,,1,158,,,,,,,
2026/09/07 23:58,2026-09-08T00:13:21+09:00,2026/09/08,2026/09/10,2026-09,CALL,41750,24740,,,,,,,,,,,,,
2026/09/07 23:58,2026-09-08T00:13:21+09:00,2026/09/08,2026/09/10,2026-09,PUT,41750,1,17,,133.42,,1,6,,,,,,,
2026/09/07 23:58,2026-09-08T00:13:21+09:00,2026/09/08,2026/09/10,2026-09,CALL,41500,24990,,,,,,,,,,,,,
2026/09/07 23:58,2026-09-08T00:13:21+09:00,2026/09/08,2026/09/10,2026-09,PUT,41500,1,65,,135.07,,1,10,,,,,,,
2026/09/07 23:58,2026-09-08T00:13:21+09:00,2026/09/08,2026/09/10,2026-09,CALL,41250,25240,,,,,,,,,,,,,
2026/09/07 23:58,2026-09-08T00:13:21+09:00,2026/09/08,2026/09/10,2026-09,PUT,41250,1,31,2,136.72,,1,6,,,137.28,0,0,1,09/07 18:26
2026/09/07 23:58,2026-09-08T00:13:21+09:00,2026/09/08,2026/10/08,2026-10,CALL,87500,2,114,5,31.4,29.73,2,61,1,38,29.64,0,0,1,09/07 22:45
2026/09/07 23:58,2026-09-08T00:13:21+09:00,2026/09/08,2026/10/08,2026-10,PUT,87500,21315,,,,,,,,,,,,,
2026/09/07 23:58,2026-09-08T00:13:21+09:00,2026/09/08,2026/10/08,2026-10,CALL,85000,2,160,2,28.51,26.97,2,23,1,18,28.09,0,0,2,09/07 17:53
2026/09/07 23:58,2026-09-08T00:13:21+09:00,2026/09/08,2026/10/08,2026-10,PUT,85000,18820,26,,,,,,,,,,,,
2026/09/07 23:58,2026-09-08T00:13:21+09:00,2026/09/08,2026/10/08,2026-10,CALL,84500,3,,,29.68,,4,1,,,,,,,
2026/09/07 23:58,2026-09-08T00:13:21+09:00,2026/09/08,2026/10/08,2026-10,PUT,84500,18320,,,,,,,,,,,,,
2026/09/07 23:58,2026-09-08T00:13:21+09:00,2026/09/08,2026/10/08,2026-10,CALL,84000,4,18,,29.05,25.83,4,41,1,24,,,,,
2026/09/07 23:58,2026-09-08T00:13:21+09:00,2026/09/08,2026/10/08,2026-10,PUT,84000,17820,,,,,,,,,,,,,
2026/09/07 23:58,2026-09-08T00:13:21+09:00,2026/09/08,2026/10/08,2026-10,CALL,83500,5,9,,33.08,25.26,17,1,1,2,,,,,
2026/09/07 23:58,2026-09-08T00:13:21+09:00,2026/09/08,2026/10/08,2026-10,PUT,83500,17325,,,,,,,,,,,,,
2026/09/07 23:58,2026-09-08T00:13:21+09:00,2026/09/08,2026/10/08,2026-10,CALL,83000,5,51,,28.38,26.11,5,56,2,17,,,,,
2026/09/07 23:58,2026-09-08T00:13:21+09:00,2026/09/08,2026/10/08,2026-10,PUT,83000,16825,,,,,,,,,,,,,
2026/09/07 23:58,2026-09-08T00:13:21+09:00,2026/09/08,2026/10/08,2026-10,CALL,82500,6,1,,27.72,24.1,5,3,1,35,,,,,
2026/09/07 23:58,2026-09-08T00:13:21+09:00,2026/09/08,2026/10/08,2026-10,PUT,82500,16325,,,,,,,,,,,,,
2026/09/07 23:58,2026-09-08T00:13:21+09:00,2026/09/08,2026/10/08,2026-10,CALL,82000,6,183,6,27.06,25.79,5,1,3,15,26.3,-2,-33.33,4,09/07 22:32
2026/09/07 23:58,2026-09-08T00:13:21+09:00,2026/09/08,2026/10/08,2026-10,PUT,82000,15825,,,,,,,,,,,,,
2026/09/07 23:58,2026-09-08T00:13:21+09:00,2026/09/08,2026/10/08,2026-10,CALL,81500,8,2,,28.37,24.26,10,15,2,15,,,,,
2026/09/07 23:58,2026-09-08T00:13:21+09:00,2026/09/08,2026/10/08,2026-10,PUT,81500,15330,,,,,,,,,,,,,
2026/09/07 23:58,2026-09-08T00:13:21+09:00,2026/09/08,2026/10/08,2026-10,CALL,81000,9,520,2,28.23,26.2,12,42,6,3,26.68,-1,-12.5,7,09/07 21:54
2026/09/07 23:58,2026-09-08T00:13:21+09:00,2026/09/08,2026/10/08,2026-10,PUT,81000,14830,,,,,,,,,,,,,
2026/09/07 23:58,2026-09-08T00:13:21+09:00,2026/09/08,2026/10/08,2026-10,CALL,80500,12,10,,27.5,25.92,12,20,7,15,,,,,
2026/09/07 23:58,2026-09-08T00:13:21+09:00,2026/09/08,2026/10/08,2026-10,PUT,80500,14335,,,,,,,,,,,,,
2026/09/07 23:58,2026-09-08T00:13:21+09:00,2026/09/08,2026/10/08,2026-10,CALL,80000,12,1861,13,26.49,25.91,11,2,9,1,26.18,-2,-16.67,10,09/07 22:04
2026/09/07 23:58,2026-09-08T00:13:21+09:00,2026/09/08,2026/10/08,2026-10,PUT,80000,13835,,,,,,,,,,,,,
2026/09/07 23:58,2026-09-08T00:13:21+09:00,2026/09/08,2026/10/08,2026-10,CALL,79500,17,4,,29.46,22.53,32,7,3,26,,,,,
2026/09/07 23:58,2026-09-08T00:13:21+09:00,2026/09/08,2026/10/08,2026-10,PUT,79500,13340,,,,,,,,,,,,,
2026/09/07 23:58,2026-09-08T00:13:21+09:00,2026/09/08,2026/10/08,2026-10,CALL,79000,18,107,1,26.53,24.74,18,1,10,27,26.41,1,6.25,17,09/07 21:54
2026/09/07 23:58,2026-09-08T00:13:21+09:00,2026/09/08,2026/10/08,2026-10,PUT,79000,12840,1,,,,,,,,,,,,
2026/09/07 23:58,2026-09-08T00:13:21+09:00,2026/09/08,2026/10/08,2026-10,CALL,78500,22,10,2,27.01,24.95,26,16,14,4,25.44,-4,-18.18,18,09/07 18:20
2026/09/07 23:58,2026-09-08T00:13:21+09:00,2026/09/08,2026/10/08,2026-10,PUT,78500,12345,,,,,,,,,,,,,
2026/09/07 23:58,2026-09-08T00:13:21+09:00,2026/09/08,2026/10/08,2026-10,CALL,78000,26,703,3,26.32,25.6,27,1,22,2,25.98,-2,-7.69,24,09/07 21:59
2026/09/07 23:58,2026-09-08T00:13:21+09:00,2026/09/08,2026/10/08,2026-10,PUT,78000,11850,,,,,,,,,,,,,
2026/09/07 23:58,2026-09-08T00:13:21+09:00,2026/09/08,2026/10/08,2026-10,CALL,77500,34,113,3,26.21,24.92,33,1,23,16,26.05,-3,-9.38,29,09/07 21:22
2026/09/07 23:58,2026-09-08T00:13:21+09:00,2026/09/08,2026/10/08,2026-10,PUT,77500,11360,,,,,,,,,,,,,
2026/09/07 23:58,2026-09-08T00:13:21+09:00,2026/09/08,2026/10/08,2026-10,CALL,77000,41,1249,1,25.97,24.99,39,1,30,21,25.46,-2,-5.41,35,09/07 22:29
2026/09/07 23:58,2026-09-08T00:13:21+09:00,2026/09/08,2026/10/08,2026-10,PUT,77000,10865,,,,,,,,,,,,,
2026/09/07 23:58,2026-09-08T00:13:21+09:00,2026/09/08,2026/10/08,2026-10,CALL,76500,50,13,,26.07,25.08,50,18,39,2,,,,,
2026/09/07 23:58,2026-09-08T00:13:21+09:00,2026/09/08,2026/10/08,2026-10,PUT,76500,10375,,,,,,,,,,,,,
2026/09/07 23:58,2026-09-08T00:13:21+09:00,2026/09/08,2026/10/08,2026-10,CALL,76250,57,8,,26.08,25.18,56,12,45,2,,,,,
2026/09/07 23:58,2026-09-08T00:13:21+09:00,2026/09/08,2026/10/08,2026-10,PUT,76250,10135,,,,,,,,,,,,,
2026/09/07 23:58,2026-09-08T00:13:21+09:00,2026/09/08,2026/10/08,2026-10,CALL,76000,61,1070,3,25.98,25.46,61,22,54,1,25.61,-4,-6.56,57,09/07 22:44
2026/09/07 23:58,2026-09-08T00:13:21+09:00,2026/09/08,2026/10/08,2026-10,PUT,76000,9890,,,,,,,,,,,,,
2026/09/07 23:58,2026-09-08T00:13:21+09:00,2026/09/08,2026/10/08,2026-10,CALL,75750,70,5,,25.85,25.13,66,7,56,7,,,,,
2026/09/07 23:58,2026-09-08T00:13:21+09:00,2026/09/08,2026/10/08,2026-10,PUT,75750,9645,,,,,,,,,,,,,
2026/09/07 23:58,2026-09-08T00:13:21+09:00,2026/09/08,2026/10/08,2026-10,CALL,75500,75,9,3,25.87,25.08,74,16,62,12,25.42,-8,-11.27,63,09/07 21:33
2026/09/07 23:58,2026-09-08T00:13:21+09:00,2026/09/08,2026/10/08,2026-10,PUT,75500,9400,,,,,,,,,,,,,
2026/09/07 23:58,2026-09-08T00:13:21+09:00,2026/09/08,2026/10/08,2026-10,CALL,75250,85,2,,25.85,25.06,82,10,69,6,,,,,
2026/09/07 23:58,2026-09-08T00:13:21+09:00,2026/09/08,2026/10/08,2026-10,PUT,75250,9160,,,,,,,,,,,,,
2026/09/07 23:58,2026-09-08T00:13:21+09:00,2026/09/08,2026/10/08,2026-10,CALL,75000,88,1645,32,25.79,25.11,90,19,78,24,25.26,-3,-3.41,85,09/07 22:33
2026/09/07 23:58,2026-09-08T00:13:21+09:00,2026/09/08,2026/10/08,2026-10,PUT,75000,8920,,,,,,,,,,,,,
2026/09/07 23:58,2026-09-08T00:13:21+09:00,2026/09/08,2026/10/08,2026-10,CALL,74750,105,2,,25.89,25.05,102,2,86,5,,,,,
2026/09/07 23:58,2026-09-08T00:13:21+09:00,2026/09/08,2026/10/08,2026-10,PUT,74750,8685,,,,,,,,,,,,,
2026/09/07 23:58,2026-09-08T00:13:21+09:00,2026/09/08,2026/10/08,2026-10,CALL,74500,112,68,2,25.6,25.16,107,10,98,2,24.76,-3,-2.86,102,09/07 17:19
2026/09/07 23:58,2026-09-08T00:13:21+09:00,2026/09/08,2026/10/08,2026-10,PUT,74500,8440,,,,,,,,,,,,,
2026/09/07 23:58,2026-09-08T00:13:21+09:00,2026/09/08,2026/10/08,2026-10,CALL,74250,123,10,1,25.61,25.15,119,7,109,5,25.09,,,120,09/07 17:37
2026/09/07 23:58,2026-09-08T00:13:21+09:00,2026/09/08,2026/10/08,2026-10,PUT,74250,8200,,,33.96,,8930,1,8450,7,,,,,
2026/09/07 23:58,2026-09-08T00:13:21+09:00,2026/09/08,2026/10/08,2026-10,CALL,74000,138,525,21,25.49,25.14,129,11,121,5,25.18,-3,-2.31,127,09/07 22:31
2026/09/07 23:58,2026-09-08T00:13:21+09:00,2026/09/08,2026/10/08,2026-10,PUT,74000,7970,,,32.67,,8655,3,8220,18,,,,,
2026/09/07 23:58,2026-09-08T00:13:21+09:00,2026/09/08,2026/10/08,2026-10,CALL,73750,152,1,,25.53,25.09,144,5,133,5,,,,,
2026/09/07 23:58,2026-09-08T00:13:21+09:00,2026/09/08,2026/10/08,2026-10,PUT,73750,7730,,,35.02,,8530,1,7980,7,,,,,
2026/09/07 23:58,2026-09-08T00:13:21+09:00,2026/09/08,2026/10/08,2026-10,CALL,73500,168,20,5,25.48,25.07,158,8,147,8,25.06,-5,-3.23,150,09/07 23:42
2026/09/07 23:58,2026-09-08T00:13:21+09:00,2026/09/08,2026/10/08,2026-10,PUT,73500,7500,,,31.98,,8180,2,7750,12,,,,,
2026/09/07 23:58,2026-09-08T00:13:21+09:00,2026/09/08,2026/10/08,2026-10,CALL,73250,186,4,,25.53,25.07,176,5,163,5,,,,,
2026/09/07 23:58,2026-09-08T00:13:21+09:00,2026/09/08,2026/10/08,2026-10,PUT,73250,7265,,,30.69,,7905,1,7515,7,,,,,
2026/09/07 23:58,2026-09-08T00:13:21+09:00,2026/09/08,2026/10/08,2026-10,CALL,73000,197,1674,5,25.46,25.06,192,11,180,11,25.08,-7,-3.55,190,09/07 22:54
2026/09/07 23:58,2026-09-08T00:13:21+09:00,2026/09/08,2026/10/08,2026-10,PUT,73000,7035,10,,29.39,,7630,18,7130,18,,,,,
2026/09/07 23:58,2026-09-08T00:13:21+09:00,2026/09/08,2026/10/08,2026-10,CALL,72750,225,14,,25.37,25.06,209,5,199,1,,,,,
2026/09/07 23:58,2026-09-08T00:13:21+09:00,2026/09/08,2026/10/08,2026-10,PUT,72750,6805,,,27.55,13.59,7335,1,7055,7,,,,,
2026/09/07 23:58,2026-09-08T00:13:21+09:00,2026/09/08,2026/10/08,2026-10,CALL,72500,248,180,3,25.4,25.01,231,8,218,4,24.99,-2,-0.87,228,09/07 18:44
2026/09/07 23:58,2026-09-08T00:13:21+09:00,2026/09/08,2026/10/08,2026-10,PUT,72500,6580,1,,30.94,16.74,7255,2,6830,12,,,,,
2026/09/07 23:58,2026-09-08T00:13:21+09:00,2026/09/08,2026/10/08,2026-10,CALL,72250,274,87,2,25.42,25.03,255,5,241,1,24.99,-19,-7.2,245,09/07 23:24
2026/09/07 23:58,2026-09-08T00:13:21+09:00,2026/09/08,2026/10/08,2026-10,PUT,72250,6355,,,33.88,18.03,7185,1,6605,7,,,,,
2026/09/07 23:58,2026-09-08T00:13:21+09:00,2026/09/08,2026/10/08,2026-10,CALL,72125,288,,,25.52,24.73,271,2,242,2,,,,,
2026/09/07 23:58,2026-09-08T00:13:21+09:00,2026/09/08,2026/10/08,2026-10,PUT,72125,6245,,,32.82,18.59,7025,6,6495,6,,,,,
2026/09/07 23:58,2026-09-08T00:13:21+09:00,2026/09/08,2026/10/08,2026-10,CALL,72000,305,1747,6,25.41,25.07,280,11,267,1,25.16,-3,-1.09,272,09/07 22:00
2026/09/07 23:58,2026-09-08T00:13:21+09:00,2026/09/08,2026/10/08,2026-10,PUT,72000,6130,,,28.62,18.81,6715,18,6380,15,,,,,
2026/09/07 23:58,2026-09-08T00:13:21+09:00,2026/09/08,2026/10/08,2026-10,CALL,71875,320,,,25.41,24.84,293,3,271,3,,,,,
2026/09/07 23:58,2026-09-08T00:13:21+09:00,2026/09/08,2026/10/08,2026-10,PUT,71875,6020,,,31.27,19.2,6735,1,6270,6,,,,,
2026/09/07 23:58,2026-09-08T00:13:21+09:00,2026/09/08,2026/10/08,2026-10,CALL,71750,335,,,25.36,25.01,305,5,291,1,,,,,
2026/09/07 23:58,2026-09-08T00:13:21+09:00,2026/09/08,2026/10/08,2026-10,PUT,71750,5910,,,33.17,19.53,6730,1,6160,6,,,,,
2026/09/07 23:58,2026-09-08T00:13:21+09:00,2026/09/08,2026/10/08,2026-10,CALL,71625,340,,,26.54,23.29,370,3,238,29,,,,,
2026/09/07 23:58,2026-09-08T00:13:21+09:00,2026/09/08,2026/10/08,2026-10,PUT,71625,5795,,,31.75,19.61,6550,1,6045,6,,,,,
2026/09/07 23:58,2026-09-08T00:13:21+09:00,2026/09/08,2026/10/08,2026-10,CALL,71500,365,261,2,25.26,24.9,330,6,315,6,24.88,-25,-7.58,305,09/07 20:46
2026/09/07 23:58,2026-09-08T00:13:21+09:00,2026/09/08,2026/10/08,2026-10,PUT,71500,5695,,,31.82,20.19,6450,2,5945,12,,,,,
2026/09/07 23:58,2026-09-08T00:13:21+09:00,2026/09/08,2026/10/08,2026-10,CALL,71375,375,,,26.69,23.62,410,12,277,12,,,,,
2026/09/07 23:58,2026-09-08T00:13:21+09:00,2026/09/08,2026/10/08,2026-10,PUT,71375,5580,,,30.77,20.2,6290,1,5830,5,,,,,
2026/09/07 23:58,2026-09-08T00:13:21+09:00,2026/09/08,2026/10/08,2026-10,CALL,71250,400,108,,25.22,25,360,4,350,1,,,,,
2026/09/07 23:58,2026-09-08T00:13:21+09:00,2026/09/08,2026/10/08,2026-10,PUT,71250,5480,,,26.74,20.66,5980,1,5730,1,,,,,
2026/09/07 23:58,2026-09-08T00:13:21+09:00,2026/09/08,2026/10/08,2026-10,CALL,71125,410,,,26.67,23.72,445,27,310,27,,,,,
2026/09/07 23:58,2026-09-08T00:13:21+09:00,2026/09/08,2026/10/08,2026-10,PUT,71125,5365,,,27.48,20.62,5910,1,5615,5,,,,,
2026/09/07 23:58,2026-09-08T00:13:21+09:00,2026/09/08,2026/10/08,2026-10,CALL,71000,435,163,5,25.25,24.92,395,8,380,8,24.98,-20,-4.76,400,09/07 22:54
2026/09/07 23:58,2026-09-08T00:13:21+09:00,2026/09/08,2026/10/08,2026-10,PUT,71000,5265,,,30.83,20.99,5985,3,5515,3,,,,,
2026/09/07 23:58,2026-09-08T00:13:21+09:00,2026/09/08,2026/10/08,2026-10,CALL,70875,450,1,,26.6,23.9,480,12,350,27,,,,,
2026/09/07 23:58,2026-09-08T00:13:21+09:00,2026/09/08,2026/10/08,2026-10,PUT,70875,5155,,,31.04,21.04,5895,1,5405,6,,,,,
2026/09/07 23:58,2026-09-08T00:13:21+09:00,2026/09/08,2026/10/08,2026-10,CALL,70750,480,3,,25.31,24.8,435,2,410,2,,,,,
2026/09/07 23:58,2026-09-08T00:13:21+09:00,2026/09/08,2026/10/08,2026-10,PUT,70750,5060,,,29.83,21.45,5725,2,5310,2,,,,,
2026/09/07 23:58,2026-09-08T00:13:21+09:00,2026/09/08,2026/10/08,2026-10,CALL,70625,490,,,26.87,24.01,535,27,390,27,,,,,
2026/09/07 23:58,2026-09-08T00:13:21+09:00,2026/09/08,2026/10/08,2026-10,PUT,70625,4945,,,31.13,21.34,5700,3,5195,8,,,,,
2026/09/07 23:58,2026-09-08T00:13:21+09:00,2026/09/08,2026/10/08,2026-10,CALL,70500,520,316,1,25.32,24.93,475,6,455,6,25.06,-55,-10.89,450,09/07 20:13
2026/09/07 23:58,2026-09-08T00:13:21+09:00,2026/09/08,2026/10/08,2026-10,PUT,70500,4850,,,27.39,21.67,5385,3,5100,3,,,,,
2026/09/07 23:58,2026-09-08T00:13:21+09:00,2026/09/08,2026/10/08,2026-10,CALL,70375,540,124,,26.7,23.75,570,27,415,27,,,,,
2026/09/07 23:58,2026-09-08T00:13:21+09:00,2026/09/08,2026/10/08,2026-10,PUT,70375,4745,,,28.82,21.75,5365,3,4995,8,,,,,
2026/09/07 23:58,2026-09-08T00:13:21+09:00,2026/09/08,2026/10/08,2026-10,CALL,70250,565,12,,25.28,24.9,515,4,495,4,,,,,
2026/09/07 23:58,2026-09-08T00:13:21+09:00,2026/09/08,2026/10/08,2026-10,PUT,70250,4645,,,29.33,21.91,5295,7,4895,2,,,,,
2026/09/07 23:58,2026-09-08T00:13:21+09:00,2026/09/08,2026/10/08,2026-10,CALL,70125,585,,,26.75,23.83,620,27,460,27,,,,,
2026/09/07 23:58,2026-09-08T00:13:21+09:00,2026/09/08,2026/10/08,2026-10,PUT,70125,4540,,,31.34,21.95,5320,3,4790,8,,,,,
2026/09/07 23:58,2026-09-08T00:13:21+09:00,2026/09/08,2026/10/08,2026-10,CALL,70000,620,1304,26,25.18,25.09,555,2,550,1,25.01,-5,-0.88,560,09/07 23:04
2026/09/07 23:58,2026-09-08T00:13:21+09:00,2026/09/08,2026/10/08,2026-10,PUT,70000,4450,105,,26.15,21.76,4910,22,4675,22,,,,,
2026/09/07 23:58,2026-09-08T00:13:21+09:00,2026/09/08,2026/10/08,2026-10,CALL,69875,640,107,,26.67,24.04,665,25,515,10,,,,,
2026/09/07 23:58,2026-09-08T00:13:21+09:00,2026/09/08,2026/10/08,2026-10,PUT,69875,4345,,,30.35,22.26,5065,3,4595,3,,,,,
2026/09/07 23:58,2026-09-08T00:13:21+09:00,2026/09/08,2026/10/08,2026-10,CALL,69750,670,1,,25.38,24.95,615,14,590,3,,,,,
2026/09/07 23:58,2026-09-08T00:13:21+09:00,2026/09/08,2026/10/08,2026-10,PUT,69750,4250,,,26.4,22.42,4725,2,4500,2,,,,,
2026/09/07 23:58,2026-09-08T00:13:21+09:00,2026/09/08,2026/10/08,2026-10,CALL,69625,695,94,,26.62,24.17,715,25,570,25,,,,,
2026/09/07 23:58,2026-09-08T00:13:21+09:00,2026/09/08,2026/10/08,2026-10,PUT,69625,4150,,,26.12,22.47,4610,3,4400,3,,,,,
2026/09/07 23:58,2026-09-08T00:13:21+09:00,2026/09/08,2026/10/08,2026-10,CALL,69500,735,292,1,25.26,24.92,660,2,640,4,24.89,-65,-9.42,625,09/07 20:52
2026/09/07 23:58,2026-09-08T00:13:21+09:00,2026/09/08,2026/10/08,2026-10,PUT,69500,4065,,,30.72,22.77,4805,3,4315,3,,,,,
2026/09/07 23:58,2026-09-08T00:13:21+09:00,2026/09/08,2026/10/08,2026-10,CALL,69375,760,,,26.67,24.39,775,26,635,10,,,,,
2026/09/07 23:58,2026-09-08T00:13:21+09:00,2026/09/08,2026/10/08,2026-10,PUT,69375,3965,,,30.08,22.78,4670,3,4215,3,,,,,
2026/09/07 23:58,2026-09-08T00:13:21+09:00,2026/09/08,2026/10/08,2026-10,CALL,69250,800,2,,25.41,24.93,725,24,695,3,,,,,
2026/09/07 23:58,2026-09-08T00:13:21+09:00,2026/09/08,2026/10/08,2026-10,PUT,69250,3885,,,30.27,16.81,4590,2,3800,8,,,,,
2026/09/07 23:58,2026-09-08T00:13:21+09:00,2026/09/08,2026/10/08,2026-10,CALL,69125,825,,,26.44,24.14,820,25,675,10,,,,,
2026/09/07 23:58,2026-09-08T00:13:21+09:00,2026/09/08,2026/10/08,2026-10,PUT,69125,3785,,,28.58,17.27,4385,3,3715,8,,,,,
2026/09/07 23:58,2026-09-08T00:13:21+09:00,2026/09/08,2026/10/08,2026-10,CALL,69000,860,2945,7,25.34,25.03,780,5,760,3,25.06,-15,-1.88,785,09/07 22:50
2026/09/07 23:58,2026-09-08T00:13:21+09:00,2026/09/08,2026/10/08,2026-10,PUT,69000,3705,210,,27.64,17.57,4230,7,3625,22,,,,,
2026/09/07 23:58,2026-09-08T00:13:21+09:00,2026/09/08,2026/10/08,2026-10,CALL,68875,895,,,26.39,24.32,880,9,745,24,,,,,
2026/09/07 23:58,2026-09-08T00:13:21+09:00,2026/09/08,2026/10/08,2026-10,PUT,68875,3600,,,29.94,18.01,4295,7,3545,8,,,,,
2026/09/07 23:58,2026-09-08T00:13:21+09:00,2026/09/08,2026/10/08,2026-10,CALL,68750,930,114,,25.6,24.99,860,2,820,2,,,,,
2026/09/07 23:58,2026-09-08T00:13:21+09:00,2026/09/08,2026/10/08,2026-10,PUT,68750,3510,,,29.57,18.23,4180,2,3455,8,,,,,
2026/09/07 23:58,2026-09-08T00:13:21+09:00,2026/09/08,2026/10/08,2026-10,CALL,68625,975,,,26.73,24.57,970,24,825,9,,,,,
2026/09/07 23:58,2026-09-08T00:13:21+09:00,2026/09/08,2026/10/08,2026-10,PUT,68625,3430,,,27.39,18.67,3940,3,3380,8,,,,,
2026/09/07 23:58,2026-09-08T00:13:21+09:00,2026/09/08,2026/10/08,2026-10,CALL,68500,995,1186,,25.41,24.97,915,4,885,40,,,,,
2026/09/07 23:58,2026-09-08T00:13:21+09:00,2026/09/08,2026/10/08,2026-10,PUT,68500,3340,3,,25.63,23.62,3730,7,3595,3,,,,,
2026/09/07 23:58,2026-09-08T00:13:21+09:00,2026/09/08,2026/10/08,2026-10,CALL,68375,1050,,,26.78,24.16,1045,24,865,24,,,,,
2026/09/07 23:58,2026-09-08T00:13:21+09:00,2026/09/08,2026/10/08,2026-10,PUT,68375,3260,,,28.78,19.25,3860,7,3220,8,,,,,
2026/09/07 23:58,2026-09-08T00:13:21+09:00,2026/09/08,2026/10/08,2026-10,CALL,68250,1095,8,,25.39,25.03,985,3,960,13,,,,,
2026/09/07 23:58,2026-09-08T00:13:21+09:00,2026/09/08,2026/10/08,2026-10,PUT,68250,3180,,,25.18,23.94,3520,2,3435,3,,,,,
2026/09/07 23:58,2026-09-08T00:13:21+09:00,2026/09/08,2026/10/08,2026-10,CALL,68125,1125,6,,25.43,25.08,1025,1,1000,8,,,,,
2026/09/07 23:58,2026-09-08T00:13:21+09:00,2026/09/08,2026/10/08,2026-10,PUT,68125,3085,,,29.01,19.7,3705,7,3060,8,,,,,
2026/09/07 23:58,2026-09-08T00:13:21+09:00,2026/09/08,2026/10/08,2026-10,CALL,68000,1180,922,1,25.74,24.97,1085,4,1030,4,25.18,-90,-8.11,1020,09/07 20:04
2026/09/07 23:58,2026-09-08T00:13:21+09:00,2026/09/08,2026/10/08,2026-10,PUT,68000,3025,541,4,25.25,23.69,3350,20,3240,24,25.03,,,3190,09/07 17:38
2026/09/07 23:58,2026-09-08T00:13:21+09:00,2026/09/08,2026/10/08,2026-10,CALL,67875,1225,,,26.16,24.63,1155,8,1045,8,,,,,
2026/09/07 23:58,2026-09-08T00:13:21+09:00,2026/09/08,2026/10/08,2026-10,PUT,67875,2930,,,26.3,20.19,3340,1,2910,5,,,,,
2026/09/07 23:58,2026-09-08T00:13:21+09:00,2026/09/08,2026/10/08,2026-10,CALL,67750,1260,78,,25.81,25.19,1170,2,1125,1,,,,,
2026/09/07 23:58,2026-09-08T00:13:21+09:00,2026/09/08,2026/10/08,2026-10,PUT,67750,2840,9,,25.32,24.07,3185,1,3095,1,,,,,
2026/09/07 23:58,2026-09-08T00:13:21+09:00,2026/09/08,2026/10/08,2026-10,CALL,67625,1305,85,,26.19,24.69,1240,8,1130,8,,,,,
2026/09/07 23:58,2026-09-08T00:13:21+09:00,2026/09/08,2026/10/08,2026-10,PUT,67625,2785,6,,28.5,20.64,3335,5,2765,5,,,,,
2026/09/07 23:58,2026-09-08T00:13:21+09:00,2026/09/08,2026/10/08,2026-10,CALL,67500,1355,195,11,25.68,24.86,1245,3,1185,3,25.23,-25,-1.96,1250,09/07 18:50
2026/09/07 23:58,2026-09-08T00:13:21+09:00,2026/09/08,2026/10/08,2026-10,PUT,67500,2715,38,,25.74,23.97,3050,1,2920,17,,,,,
2026/09/07 23:58,2026-09-08T00:13:21+09:00,2026/09/08,2026/10/08,2026-10,CALL,67375,1420,74,,26.23,24.75,1330,8,1220,8,,,,,
2026/09/07 23:58,2026-09-08T00:13:21+09:00,2026/09/08,2026/10/08,2026-10,PUT,67375,2635,,,25.89,23.8,2980,1,2825,10,,,,,
2026/09/07 23:58,2026-09-08T00:13:21+09:00,2026/09/08,2026/10/08,2026-10,CALL,67250,1465,,,25.89,25.29,1350,2,1305,2,,,,,
2026/09/07 23:58,2026-09-08T00:13:21+09:00,2026/09/08,2026/10/08,2026-10,PUT,67250,2580,,,25.62,24.42,2880,1,2790,2,,,,,
2026/09/07 23:58,2026-09-08T00:13:21+09:00,2026/09/08,2026/10/08,2026-10,CALL,67125,1520,,,26.34,24.87,1430,7,1320,7,,,,,
2026/09/07 23:58,2026-09-08T00:13:21+09:00,2026/09/08,2026/10/08,2026-10,PUT,67125,2490,,,26.4,23.81,2860,4,2665,10,,,,,
2026/09/07 23:58,2026-09-08T00:13:21+09:00,2026/09/08,2026/10/08,2026-10,CALL,67000,1535,852,15,26.24,25.18,1470,4,1390,4,25.4,-55,-3.58,1480,09/07 17:13
2026/09/07 23:58,2026-09-08T00:13:21+09:00,2026/09/08,2026/10/08,2026-10,PUT,67000,2440,511,,25.64,24.58,2725,1,2645,4,,,,,
2026/09/07 23:58,2026-09-08T00:13:21+09:00,2026/09/08,2026/10/08,2026-10,CALL,66875,1635,6,,26.38,25.13,1530,7,1435,7,,,,,
2026/09/07 23:58,2026-09-08T00:13:21+09:00,2026/09/08,2026/10/08,2026-10,PUT,66875,2345,,,26.51,23.69,2715,4,2500,10,,,,,
2026/09/07 23:58,2026-09-08T00:13:21+09:00,2026/09/08,2026/10/08,2026-10,CALL,66750,1690,123,,26.19,25.4,1565,1,1505,1,,,,,
2026/09/07 23:58,2026-09-08T00:13:21+09:00,2026/09/08,2026/10/08,2026-10,PUT,66750,2305,,,25.86,24.55,2590,1,2490,2,,,,,
2026/09/07 23:58,2026-09-08T00:13:21+09:00,2026/09/08,2026/10/08,2026-10,CALL,66625,1750,,,26.43,25.33,1635,7,1550,7,,,,,
2026/09/07 23:58,2026-09-08T00:13:21+09:00,2026/09/08,2026/10/08,2026-10,PUT,66625,2215,,,25.91,24.41,2520,20,2405,6,,,,,
2026/09/07 23:58,2026-09-08T00:13:21+09:00,2026/09/08,2026/10/08,2026-10,CALL,66500,1810,9,5,26.47,25.17,1690,3,1590,3,25.56,585,53.92,1670,09/07 22:32
2026/09/07 23:58,2026-09-08T00:13:21+09:00,2026/09/08,2026/10/08,2026-10,PUT,66500,2205,94,,25.56,24.59,2420,1,2345,3,,,,,
2026/09/07 23:58,2026-09-08T00:13:21+09:00,2026/09/08,2026/10/08,2026-10,CALL,66375,1875,1,,26.55,25.58,1750,7,1675,1,,,,,
2026/09/07 23:58,2026-09-08T00:13:21+09:00,2026/09/08,2026/10/08,2026-10,PUT,66375,2100,,,25.58,24.55,2350,7,2270,7,,,,,
2026/09/07 23:58,2026-09-08T00:13:21+09:00,2026/09/08,2026/10/08,2026-10,CALL,66250,1935,4,,26.56,25.2,1805,2,1700,1,,,,,
2026/09/07 23:58,2026-09-08T00:13:21+09:00,2026/09/08,2026/10/08,2026-10,PUT,66250,2055,,,25.59,24.68,2280,1,2210,2,,,,,
2026/09/07 23:58,2026-09-08T00:13:21+09:00,2026/09/08,2026/10/08,2026-10,CALL,66125,2000,,,26.67,25.26,1870,7,1760,7,,,,,
2026/09/07 23:58,2026-09-08T00:13:21+09:00,2026/09/08,2026/10/08,2026-10,PUT,66125,1980,,,26.16,24.67,2255,20,2140,7,,,,,
2026/09/07 23:58,2026-09-08T00:13:21+09:00,2026/09/08,2026/10/08,2026-10,CALL,66000,2070,1201,1,26.65,25.36,1925,4,1825,4,25.75,-115,-5.75,1885,09/07 19:39
2026/09/07 23:58,2026-09-08T00:13:21+09:00,2026/09/08,2026/10/08,2026-10,PUT,66000,1935,1097,9,25.81,24.78,2160,4,2080,4,25.59,105,5.19,2130,09/07 22:08
2026/09/07 23:58,2026-09-08T00:13:21+09:00,2026/09/08,2026/10/08,2026-10,CALL,65875,2130,1,,26.73,25.32,1990,7,1880,7,,,,,
2026/09/07 23:58,2026-09-08T00:13:21+09:00,2026/09/08,2026/10/08,2026-10,PUT,65875,1860,,,26.22,24.74,2125,20,2010,22,,,,,
2026/09/07 23:58,2026-09-08T00:13:21+09:00,2026/09/08,2026/10/08,2026-10,CALL,65750,2195,52,,26.81,25.52,2055,9,1955,2,,,,,
2026/09/07 23:58,2026-09-08T00:13:21+09:00,2026/09/08,2026/10/08,2026-10,PUT,65750,1815,116,,25.77,25.13,2025,1,1975,2,,,,,
2026/09/07 23:58,2026-09-08T00:13:21+09:00,2026/09/08,2026/10/08,2026-10,CALL,65625,2260,,,26.86,25.44,2120,7,2010,7,,,,,
2026/09/07 23:58,2026-09-08T00:13:21+09:00,2026/09/08,2026/10/08,2026-10,PUT,65625,1740,,,26.35,24.86,2005,35,1890,7,,,,,
2026/09/07 23:58,2026-09-08T00:13:21+09:00,2026/09/08,2026/10/08,2026-10,CALL,65500,2345,123,,26.9,25.61,2185,1,2085,1,,,,,
2026/09/07 23:58,2026-09-08T00:13:21+09:00,2026/09/08,2026/10/08,2026-10,PUT,65500,1720,142,1,25.93,25.35,1910,3,1865,3,25.85,0,0,1780,09/07 17:52
2026/09/07 23:58,2026-09-08T00:13:21+09:00,2026/09/08,2026/10/08,2026-10,CALL,65375,2415,,,26.99,25.83,2255,6,2165,6,,,,,
2026/09/07 23:58,2026-09-08T00:13:21+09:00,2026/09/08,2026/10/08,2026-10,PUT,65375,1635,231,,26.48,24.99,1890,35,1775,7,,,,,
2026/09/07 23:58,2026-09-08T00:13:21+09:00,2026/09/08,2026/10/08,2026-10,CALL,65250,2485,1,,26.87,25.96,2310,2,2240,1,,,,,
2026/09/07 23:58,2026-09-08T00:13:21+09:00,2026/09/08,2026/10/08,2026-10,PUT,65250,1600,9,,26.03,25.31,1795,1,1740,2,,,,,
2026/09/07 23:58,2026-09-08T00:13:21+09:00,2026/09/08,2026/10/08,2026-10,CALL,65125,2560,,,29.54,26.02,2580,5,2310,6,,,,,
2026/09/07 23:58,2026-09-08T00:13:21+09:00,2026/09/08,2026/10/08,2026-10,PUT,65125,1535,,,26.61,25.11,1780,20,1665,7,,,,,
2026/09/07 23:58,2026-09-08T00:13:21+09:00,2026/09/08,2026/10/08,2026-10,CALL,65000,2650,362,,27.04,26.13,2455,4,2385,3,,,,,
2026/09/07 23:58,2026-09-08T00:13:21+09:00,2026/09/08,2026/10/08,2026-10,PUT,65000,1525,1838,5,26.26,25.67,1695,4,1650,4,26.37,35,2.3,1560,09/07 17:00
2026/09/07 23:58,2026-09-08T00:13:21+09:00,2026/09/08,2026/10/08,2026-10,CALL,64875,2715,,,29.96,25.36,2745,5,2395,1,,,,,
2026/09/07 23:58,2026-09-08T00:13:21+09:00,2026/09/08,2026/10/08,2026-10,PUT,64875,1440,,,26.28,25.23,1640,7,1560,7,,,,,
2026/09/07 23:58,2026-09-08T00:13:21+09:00,2026/09/08,2026/10/08,2026-10,CALL,64750,2800,,,27.22,25.5,2605,2,2475,6,,,,,
2026/09/07 23:58,2026-09-08T00:13:21+09:00,2026/09/08,2026/10/08,2026-10,PUT,64750,1425,3,,26.43,25.63,1595,2,1535,2,,,,,
2026/09/07 23:58,2026-09-08T00:13:21+09:00,2026/09/08,2026/10/08,2026-10,CALL,64625,2875,,,30.4,25.76,2915,5,2565,5,,,,,
2026/09/07 23:58,2026-09-08T00:13:21+09:00,2026/09/08,2026/10/08,2026-10,PUT,64625,1335,,,26.35,25.42,1535,1,1465,8,,,,,
2026/09/07 23:58,2026-09-08T00:13:21+09:00,2026/09/08,2026/10/08,2026-10,CALL,64500,2965,22,,27.74,26,2785,18,2655,1,,,,,
2026/09/07 23:58,2026-09-08T00:13:21+09:00,2026/09/08,2026/10/08,2026-10,PUT,64500,1335,463,2,26.6,25.93,1500,38,1450,38,26.53,85,6.18,1460,09/07 22:35
2026/09/07 23:58,2026-09-08T00:13:21+09:00,2026/09/08,2026/10/08,2026-10,CALL,64375,3050,,,30.79,24.87,3085,8,2645,3,,,,,
2026/09/07 23:58,2026-09-08T00:13:21+09:00,2026/09/08,2026/10/08,2026-10,PUT,64375,1260,,,26.76,25.55,1460,8,1370,8,,,,,
2026/09/07 23:58,2026-09-08T00:13:21+09:00,2026/09/08,2026/10/08,2026-10,CALL,64250,3125,,,27.59,26.1,2920,3,2810,1,,,,,
2026/09/07 23:58,2026-09-08T00:13:21+09:00,2026/09/08,2026/10/08,2026-10,PUT,64250,1255,104,3,26.58,26.17,1395,3,1365,11,26.66,60,4.56,1375,09/07 22:36
2026/09/07 23:58,2026-09-08T00:13:21+09:00,2026/09/08,2026/10/08,2026-10,CALL,64125,3225,,,31.27,25.06,3265,8,2810,3,,,,,
2026/09/07 23:58,2026-09-08T00:13:21+09:00,2026/09/08,2026/10/08,2026-10,PUT,64125,1185,,,27.12,25.68,1385,8,1280,8,,,,,
2026/09/07 23:58,2026-09-08T00:13:21+09:00,2026/09/08,2026/10/08,2026-10,CALL,64000,3310,241,,27.86,25.93,3090,27,2950,5,,,,,
2026/09/07 23:58,2026-09-08T00:13:21+09:00,2026/09/08,2026/10/08,2026-10,PUT,64000,1175,1332,31,26.76,26.28,1310,5,1275,46,26.85,55,4.44,1295,09/07 22:40
2026/09/07 23:58,2026-09-08T00:13:21+09:00,2026/09/08,2026/10/08,2026-10,CALL,63875,3390,50,,31.77,23.21,3450,8,2835,3,,,,,
2026/09/07 23:58,2026-09-08T00:13:21+09:00,2026/09/08,2026/10/08,2026-10,PUT,63875,1110,55,,27.36,25.82,1305,9,1195,9,,,,,
2026/09/07 23:58,2026-09-08T00:13:21+09:00,2026/09/08,2026/10/08,2026-10,CALL,63750,3475,,,32.1,24.69,3550,8,3020,2,,,,,
2026/09/07 23:58,2026-09-08T00:13:21+09:00,2026/09/08,2026/10/08,2026-10,PUT,63750,1085,20,,26.89,26.54,1225,3,1200,13,,,,,
2026/09/07 23:58,2026-09-08T00:13:21+09:00,2026/09/08,2026/10/08,2026-10,CALL,63625,3570,,,32.3,25.18,3640,8,3135,3,,,,,
2026/09/07 23:58,2026-09-08T00:13:21+09:00,2026/09/08,2026/10/08,2026-10,PUT,63625,1030,,,27.6,25.32,1230,24,1070,24,,,,,
2026/09/07 23:58,2026-09-08T00:13:21+09:00,2026/09/08,2026/10/08,2026-10,CALL,63500,3660,1,,32.68,25.07,3745,3,3210,3,,,,,
2026/09/07 23:58,2026-09-08T00:13:21+09:00,2026/09/08,2026/10/08,2026-10,PUT,63500,1025,183,1,27.1,26.81,1150,2,1130,4,27.18,,,1090,09/07 17:42
2026/09/07 23:58,2026-09-08T00:13:21+09:00,2026/09/08,2026/10/08,2026-10,CALL,63375,3750,,,32.78,24.35,3830,8,3245,3,,,,,
2026/09/07 23:58,2026-09-08T00:13:21+09:00,2026/09/08,2026/10/08,2026-10,PUT,63375,965,237,,27.22,25.46,1115,9,995,24,,,,,
2026/09/07 23:58,2026-09-08T00:13:21+09:00,2026/09/08,2026/10/08,2026-10,CALL,63250,3845,,,33.16,23.13,3935,8,3250,7,,,,,
2026/09/07 23:58,2026-09-08T00:13:21+09:00,2026/09/08,2026/10/08,2026-10,PUT,63250,955,110,,27.25,26.88,1075,3,1050,13,,,,,
2026/09/07 23:58,2026-09-08T00:13:21+09:00,2026/09/08,2026/10/08,2026-10,CALL,63125,3940,,,33.31,25.92,4025,8,3520,3,,,,,
2026/09/07 23:58,2026-09-08T00:13:21+09:00,2026/09/08,2026/10/08,2026-10,PUT,63125,900,,,27.49,25.62,1050,9,925,24,,,,,
2026/09/07 23:58,2026-09-08T00:13:21+09:00,2026/09/08,2026/10/08,2026-10,CALL,63000,4035,4,,32.29,24.28,4035,22,3500,7,,,,,
2026/09/07 23:58,2026-09-08T00:13:21+09:00,2026/09/08,2026/10/08,2026-10,PUT,63000,905,808,14,27.42,27.04,1005,5,980,52,27.3,30,3.16,980,09/07 19:44
2026/09/07 23:58,2026-09-08T00:13:21+09:00,2026/09/08,2026/10/08,2026-10,CALL,62875,4130,,,33.86,22.52,4225,8,3480,3,,,,,
2026/09/07 23:58,2026-09-08T00:13:21+09:00,2026/09/08,2026/10/08,2026-10,PUT,62875,850,6,,27.94,25.78,1000,10,860,25,,,,,
2026/09/07 23:58,2026-09-08T00:13:21+09:00,2026/09/08,2026/10/08,2026-10,CALL,62750,4230,,,34.06,24.77,4320,2,3710,7,,,,,
2026/09/07 23:58,2026-09-08T00:13:21+09:00,2026/09/08,2026/10/08,2026-10,PUT,62750,845,196,,27.6,27.22,940,2,915,14,,,,,
2026/09/07 23:58,2026-09-08T00:13:21+09:00,2026/09/08,2026/10/08,2026-10,CALL,62625,4325,,,34.31,23.35,4420,8,3715,3,,,,,
2026/09/07 23:58,2026-09-08T00:13:21+09:00,2026/09/08,2026/10/08,2026-10,PUT,62625,790,130,,27.79,25.89,915,10,795,25,,,,,
2026/09/07 23:58,2026-09-08T00:13:21+09:00,2026/09/08,2026/10/08,2026-10,CALL,62500,4425,,,34.41,22.85,4510,3,3780,3,,,,,
2026/09/07 23:58,2026-09-08T00:13:21+09:00,2026/09/08,2026/10/08,2026-10,PUT,62500,785,660,21,27.81,27.49,880,4,860,4,27.84,,,825,09/07 18:12
2026/09/07 23:58,2026-09-08T00:13:21+09:00,2026/09/08,2026/10/08,2026-10,CALL,62375,4525,,,30.2,24.16,4320,3,3950,3,,,,,
2026/09/07 23:58,2026-09-08T00:13:21+09:00,2026/09/08,2026/10/08,2026-10,PUT,62375,735,6,,28.06,26.1,860,10,740,25,,,,,
2026/09/07 23:58,2026-09-08T00:13:21+09:00,2026/09/08,2026/10/08,2026-10,CALL,62250,4625,,,35.34,26.81,4740,8,4200,2,,,,,
2026/09/07 23:58,2026-09-08T00:13:21+09:00,2026/09/08,2026/10/08,2026-10,PUT,62250,735,63,,28.05,27.64,825,3,800,14,,,,,
2026/09/07 23:58,2026-09-08T00:13:21+09:00,2026/09/08,2026/10/08,2026-10,CALL,62125,4725,,,35.49,26.93,4835,8,4300,3,,,,,
2026/09/07 23:58,2026-09-08T00:13:21+09:00,2026/09/08,2026/10/08,2026-10,PUT,62125,690,,,28.44,26.25,815,10,685,25,,,,,
2026/09/07 23:58,2026-09-08T00:13:21+09:00,2026/09/08,2026/10/08,2026-10,CALL,62000,4830,49,,30.56,26.95,4610,22,4395,7,,,,,
2026/09/07 23:58,2026-09-08T00:13:21+09:00,2026/09/08,2026/10/08,2026-10,PUT,62000,690,1141,24,28.23,27.9,770,5,750,5,28.07,-5,-0.67,740,09/07 22:35
2026/09/07 23:58,2026-09-08T00:13:21+09:00,2026/09/08,2026/10/08,2026-10,CALL,61875,4925,,,36.07,22.98,5045,8,4275,2,,,,,
2026/09/07 23:58,2026-09-08T00:13:21+09:00,2026/09/08,2026/10/08,2026-10,PUT,61875,655,22,,28.95,26.96,780,12,665,12,,,,,
2026/09/07 23:58,2026-09-08T00:13:21+09:00,2026/09/08,2026/10/08,2026-10,CALL,61750,5035,,,36.43,21.3,5155,8,4295,2,,,,,
2026/09/07 23:58,2026-09-08T00:13:21+09:00,2026/09/08,2026/10/08,2026-10,PUT,61750,645,63,1,28.36,28.1,715,2,700,4,28.4,70,10.45,740,09/07 20:11
2026/09/07 23:58,2026-09-08T00:13:21+09:00,2026/09/08,2026/10/08,2026-10,CALL,61625,5140,,,36.54,23.03,5250,8,4480,3,,,,,
2026/09/07 23:58,2026-09-08T00:13:21+09:00,2026/09/08,2026/10/08,2026-10,PUT,61625,605,104,,29.16,27.1,730,12,615,12,,,,,
2026/09/07 23:58,2026-09-08T00:13:21+09:00,2026/09/08,2026/10/08,2026-10,CALL,61500,5245,,,37.05,23.29,5370,3,4595,3,,,,,
2026/09/07 23:58,2026-09-08T00:13:21+09:00,2026/09/08,2026/10/08,2026-10,PUT,61500,605,19,,28.71,28.34,675,6,655,6,,,,,
2026/09/07 23:58,2026-09-08T00:13:21+09:00,2026/09/08,2026/10/08,2026-10,CALL,61375,5345,,,37.14,20.55,5465,8,4580,3,,,,,
2026/09/07 23:58,2026-09-08T00:13:21+09:00,2026/09/08,2026/10/08,2026-10,PUT,61375,565,109,,29.5,27.08,690,12,560,27,,,,,
2026/09/07 23:58,2026-09-08T00:13:21+09:00,2026/09/08,2026/10/08,2026-10,CALL,61250,5460,,,32.08,24.97,5255,2,4880,2,,,,,
2026/09/07 23:58,2026-09-08T00:13:21+09:00,2026/09/08,2026/10/08,2026-10,PUT,61250,565,106,,28.91,28.63,630,4,615,4,,,,,
2026/09/07 23:58,2026-09-08T00:13:21+09:00,2026/09/08,2026/10/08,2026-10,CALL,61125,5560,,,32.26,23,5360,3,4895,3,,,,,
2026/09/07 23:58,2026-09-08T00:13:21+09:00,2026/09/08,2026/10/08,2026-10,PUT,61125,525,91,,29.8,27.09,650,12,510,27,,,,,
2026/09/07 23:58,2026-09-08T00:13:21+09:00,2026/09/08,2026/10/08,2026-10,CALL,61000,5670,201,,31.61,20.91,5420,22,4920,4,,,,,
2026/09/07 23:58,2026-09-08T00:13:21+09:00,2026/09/08,2026/10/08,2026-10,PUT,61000,535,660,12,29.16,28.87,590,8,575,8,29.12,35,6.25,595,09/07 21:57
2026/09/07 23:58,2026-09-08T00:13:21+09:00,2026/09/08,2026/10/08,2026-10,CALL,60875,5780,,,32.32,25.29,5555,3,5205,3,,,,,
2026/09/07 23:58,2026-09-08T00:13:21+09:00,2026/09/08,2026/10/08,2026-10,PUT,60875,505,4,,30.44,27.24,630,27,470,27,,,,,
2026/09/07 23:58,2026-09-08T00:13:21+09:00,2026/09/08,2026/10/08,2026-10,CALL,60750,5890,,,38.84,26.31,6020,6,5355,1,,,,,
2026/09/07 23:58,2026-09-08T00:13:21+09:00,2026/09/08,2026/10/08,2026-10,PUT,60750,500,123,,29.47,29.16,555,4,540,2,,,,,
2026/09/07 23:58,2026-09-08T00:13:21+09:00,2026/09/08,2026/10/08,2026-10,CALL,60625,5995,,,38.98,23.52,6120,5,5345,1,,,,,
2026/09/07 23:58,2026-09-08T00:13:21+09:00,2026/09/08,2026/10/08,2026-10,PUT,60625,465,11,,30.16,27.44,565,12,435,27,,,,,
2026/09/07 23:58,2026-09-08T00:13:21+09:00,2026/09/08,2026/10/08,2026-10,CALL,60500,6110,100,,39.62,24.21,6250,10,5480,2,,,,,
2026/09/07 23:58,2026-09-08T00:13:21+09:00,2026/09/08,2026/10/08,2026-10,PUT,60500,465,301,,29.62,29.41,515,2,505,6,,,,,
2026/09/07 23:58,2026-09-08T00:13:21+09:00,2026/09/08,2026/10/08,2026-10,CALL,60375,6220,,,32.75,25.66,5970,1,5645,1,,,,,
2026/09/07 23:58,2026-09-08T00:13:21+09:00,2026/09/08,2026/10/08,2026-10,PUT,60375,435,778,,30.53,27.58,535,12,400,27,,,,,
2026/09/07 23:58,2026-09-08T00:13:21+09:00,2026/09/08,2026/10/08,2026-10,CALL,60250,6330,,,32.96,19.02,6080,1,5545,1,,,,,
2026/09/07 23:58,2026-09-08T00:13:21+09:00,2026/09/08,2026/10/08,2026-10,PUT,60250,430,21,,29.94,29.51,485,2,465,2,,,,,
2026/09/07 23:58,2026-09-08T00:13:21+09:00,2026/09/08,2026/10/08,2026-10,CALL,60125,6440,,,40.23,25.23,6565,5,5845,1,,,,,
2026/09/07 23:58,2026-09-08T00:13:21+09:00,2026/09/08,2026/10/08,2026-10,PUT,60125,410,5,,30.96,27.66,510,14,365,4,,,,,
2026/09/07 23:58,2026-09-08T00:13:21+09:00,2026/09/08,2026/10/08,2026-10,CALL,60000,6550,1,,33.35,22.96,6300,3,5880,3,,,,,
2026/09/07 23:58,2026-09-08T00:13:21+09:00,2026/09/08,2026/10/08,2026-10,PUT,60000,415,8429,17,30.23,29.88,455,11,440,12,30.21,35,8.43,450,09/07 23:31
2026/09/07 23:58,2026-09-08T00:13:21+09:00,2026/09/08,2026/10/08,2026-10,CALL,59875,6670,,,33.74,24.78,6420,1,6050,1,,,,,
2026/09/07 23:58,2026-09-08T00:13:21+09:00,2026/09/08,2026/10/08,2026-10,PUT,59875,385,41,,31.92,27.81,510,14,335,4,,,,,
2026/09/07 23:58,2026-09-08T00:13:21+09:00,2026/09/08,2026/10/08,2026-10,CALL,59750,6780,,,33.91,16.49,6530,1,5980,1,,,,,
2026/09/07 23:58,2026-09-08T00:13:21+09:00,2026/09/08,2026/10/08,2026-10,PUT,59750,385,58,,30.58,30.23,430,5,415,2,,,,,
2026/09/07 23:58,2026-09-08T00:13:21+09:00,2026/09/08,2026/10/08,2026-10,CALL,59625,6885,,,41.5,25.29,7015,5,6290,1,,,,,
2026/09/07 23:58,2026-09-08T00:13:21+09:00,2026/09/08,2026/10/08,2026-10,PUT,59625,355,20,,32.2,28.03,480,14,310,3,,,,,
2026/09/07 23:58,2026-09-08T00:13:21+09:00,2026/09/08,2026/10/08,2026-10,CALL,59500,7005,,,34.35,27.35,6755,2,6470,2,,,,,
2026/09/07 23:58,2026-09-08T00:13:21+09:00,2026/09/08,2026/10/08,2026-10,PUT,59500,360,86,,30.78,30.53,400,2,390,8,,,,,
2026/09/07 23:58,2026-09-08T00:13:21+09:00,2026/09/08,2026/10/08,2026-10,CALL,59375,7120,,,34.61,23.47,6870,1,6465,1,,,,,
2026/09/07 23:58,2026-09-08T00:13:21+09:00,2026/09/08,2026/10/08,2026-10,PUT,59375,340,2,,32.21,28.76,440,14,305,3,,,,,
2026/09/07 23:58,2026-09-08T00:13:21+09:00,2026/09/08,2026/10/08,2026-10,CALL,59250,7235,,,34.87,21.13,6985,6,6530,1,,,,,
2026/09/07 23:58,2026-09-08T00:13:21+09:00,2026/09/08,2026/10/08,2026-10,PUT,59250,340,159,,31.19,30.8,380,5,365,5,,,,,
2026/09/07 23:58,2026-09-08T00:13:21+09:00,2026/09/08,2026/10/08,2026-10,CALL,59125,7350,,,35.13,,7100,6,6530,1,,,,,
2026/09/07 23:58,2026-09-08T00:13:21+09:00,2026/09/08,2026/10/08,2026-10,PUT,59125,320,63,,32.64,28.95,420,14,281,4,,,,,
2026/09/07 23:58,2026-09-08T00:13:21+09:00,2026/09/08,2026/10/08,2026-10,CALL,59000,7465,,,35.37,17.81,7215,3,6725,3,,,,,
2026/09/07 23:58,2026-09-08T00:13:21+09:00,2026/09/08,2026/10/08,2026-10,PUT,59000,320,800,2,31.43,31.16,355,11,345,22,31.34,25,7.81,345,09/07 19:39
2026/09/07 23:58,2026-09-08T00:13:21+09:00,2026/09/08,2026/10/08,2026-10,CALL,58875,7575,,,35.5,17.52,7325,1,6845,1,,,,,
2026/09/07 23:58,2026-09-08T00:13:21+09:00,2026/09/08,2026/10/08,2026-10,PUT,58875,293,2,,32.79,29.17,390,14,260,4,,,,,
2026/09/07 23:58,2026-09-08T00:13:21+09:00,2026/09/08,2026/10/08,2026-10,CALL,58750,7695,,,35.85,21.94,7445,7,7020,1,,,,,
2026/09/07 23:58,2026-09-08T00:13:21+09:00,2026/09/08,2026/10/08,2026-10,PUT,58750,298,32,,31.77,31.49,335,5,325,5,,,,,
2026/09/07 23:58,2026-09-08T00:13:21+09:00,2026/09/08,2026/10/08,2026-10,CALL,58625,7820,,,36.32,24.87,7570,6,7195,1,,,,,
2026/09/07 23:58,2026-09-08T00:13:21+09:00,2026/09/08,2026/10/08,2026-10,PUT,58625,288,60,,33.83,29.37,395,1,240,3,,,,,
2026/09/07 23:58,2026-09-08T00:13:21+09:00,2026/09/08,2026/10/08,2026-10,CALL,58500,7930,,,36.43,26.33,7680,12,7345,2,,,,,
2026/09/07 23:58,2026-09-08T00:13:21+09:00,2026/09/08,2026/10/08,2026-10,PUT,58500,285,291,,32.08,31.79,315,4,305,2,,,,,
2026/09/07 23:58,2026-09-08T00:13:21+09:00,2026/09/08,2026/10/08,2026-10,CALL,58375,8045,,,36.65,15.69,7795,6,7330,1,,,,,
2026/09/07 23:58,2026-09-08T00:13:21+09:00,2026/09/08,2026/10/08,2026-10,PUT,58375,273,483,,34.33,31.77,380,3,290,3,,,,,
2026/09/07 23:58,2026-09-08T00:13:21+09:00,2026/09/08,2026/10/08,2026-10,CALL,58250,8165,,,36.99,24.75,7915,7,7545,1,,,,,
2026/09/07 23:58,2026-09-08T00:13:21+09:00,2026/09/08,2026/10/08,2026-10,PUT,58250,265,116,,32.38,31.98,296,2,283,18,,,,,
2026/09/07 23:58,2026-09-08T00:13:21+09:00,2026/09/08,2026/10/08,2026-10,CALL,58000,8400,,,37.53,25.46,8150,18,7795,3,,,,,
2026/09/07 23:58,2026-09-08T00:13:21+09:00,2026/09/08,2026/10/08,2026-10,PUT,58000,254,2249,5,32.74,32.39,280,2,269,11,32.52,12,4.51,278,09/07 20:05
2026/09/07 23:58,2026-09-08T00:13:21+09:00,2026/09/08,2026/10/08,2026-10,CALL,57750,8635,,,38.06,,8385,7,7840,1,,,,,
2026/09/07 23:58,2026-09-08T00:13:21+09:00,2026/09/08,2026/10/08,2026-10,PUT,57750,234,74,,33.06,32.67,264,2,252,18,,,,,
2026/09/07 23:58,2026-09-08T00:13:21+09:00,2026/09/08,2026/10/08,2026-10,CALL,57500,8870,,,38.57,,8620,12,8130,2,,,,,
2026/09/07 23:58,2026-09-08T00:13:21+09:00,2026/09/08,2026/10/08,2026-10,PUT,57500,224,333,1,33.46,33.12,251,8,241,8,33.33,6,2.54,242,09/07 22:51
2026/09/07 23:58,2026-09-08T00:13:21+09:00,2026/09/08,2026/10/08,2026-10,CALL,57250,9110,,,39.2,,8860,7,8370,1,,,,,
2026/09/07 23:58,2026-09-08T00:13:21+09:00,2026/09/08,2026/10/08,2026-10,PUT,57250,208,101,,33.8,33.37,237,5,225,18,,,,,
2026/09/07 23:58,2026-09-08T00:13:21+09:00,2026/09/08,2026/10/08,2026-10,CALL,57000,9350,1,,39.82,,9100,18,8515,3,,,,,
2026/09/07 23:58,2026-09-08T00:13:21+09:00,2026/09/08,2026/10/08,2026-10,PUT,57000,201,833,1,34.19,33.85,225,5,216,14,34.08,0,0,216,09/07 23:06
2026/09/07 23:58,2026-09-08T00:13:21+09:00,2026/09/08,2026/10/08,2026-10,CALL,56750,9590,,,,,,,,,,,,,
2026/09/07 23:58,2026-09-08T00:13:21+09:00,2026/09/08,2026/10/08,2026-10,PUT,56750,187,90,1,34.58,34.11,214,7,202,7,34.19,,,195,09/07 18:26
2026/09/07 23:58,2026-09-08T00:13:21+09:00,2026/09/08,2026/10/08,2026-10,CALL,56500,9830,,,,,,,,,,,,,
2026/09/07 23:58,2026-09-08T00:13:21+09:00,2026/09/08,2026/10/08,2026-10,PUT,56500,180,423,,34.96,34.55,203,4,193,10,,,,,
2026/09/07 23:58,2026-09-08T00:13:21+09:00,2026/09/08,2026/10/08,2026-10,CALL,56250,10070,,,,,,,,,,,,,
2026/09/07 23:58,2026-09-08T00:13:21+09:00,2026/09/08,2026/10/08,2026-10,PUT,56250,169,60,,35.35,34.88,193,8,182,8,,,,,
2026/09/07 23:58,2026-09-08T00:13:21+09:00,2026/09/08,2026/10/08,2026-10,CALL,56000,10310,,,,,,,,,,,,,
2026/09/07 23:58,2026-09-08T00:13:21+09:00,2026/09/08,2026/10/08,2026-10,PUT,56000,163,1165,2,35.71,35.36,183,2,175,2,35.4,13,7.65,183,09/07 20:38
2026/09/07 23:58,2026-09-08T00:13:21+09:00,2026/09/08,2026/10/08,2026-10,CALL,55750,10555,,,,,,,,,,,,,
2026/09/07 23:58,2026-09-08T00:13:21+09:00,2026/09/08,2026/10/08,2026-10,PUT,55750,152,40,,36.15,35.64,175,8,164,8,,,,,
2026/09/07 23:58,2026-09-08T00:13:21+09:00,2026/09/08,2026/10/08,2026-10,CALL,55500,10795,,,,,,,,,,,,,
2026/09/07 23:58,2026-09-08T00:13:21+09:00,2026/09/08,2026/10/08,2026-10,PUT,55500,147,253,4,36.56,36.08,167,12,157,2,36.61,,,165,09/07 23:16
2026/09/07 23:58,2026-09-08T00:13:21+09:00,2026/09/08,2026/10/08,2026-10,CALL,55250,11040,,,,,,,,,,,,,
2026/09/07 23:58,2026-09-08T00:13:21+09:00,2026/09/08,2026/10/08,2026-10,PUT,55250,137,61,4,36.91,36.51,158,2,150,2,36.61,10,6.76,158,09/07 20:38
2026/09/07 23:58,2026-09-08T00:13:21+09:00,2026/09/08,2026/10/08,2026-10,CALL,55000,11280,4,,,,,,,,,,,,
2026/09/07 23:58,2026-09-08T00:13:21+09:00,2026/09/08,2026/10/08,2026-10,PUT,55000,140,3108,2,37.28,36.91,150,2,143,2,37.09,2,1.43,142,09/07 18:46
2026/09/07 23:58,2026-09-08T00:13:21+09:00,2026/09/08,2026/10/08,2026-10,CALL,54750,11525,,,,,,,,,,,,,
2026/09/07 23:58,2026-09-08T00:13:21+09:00,2026/09/08,2026/10/08,2026-10,PUT,54750,133,60,,37.68,37.3,143,2,136,9,,,,,
2026/09/07 23:58,2026-09-08T00:13:21+09:00,2026/09/08,2026/10/08,2026-10,CALL,54500,11770,,,,,,,,,,,,,
2026/09/07 23:58,2026-09-08T00:13:21+09:00,2026/09/08,2026/10/08,2026-10,PUT,54500,121,598,32,38.12,37.66,137,2,129,2,38.26,19,15.08,145,09/07 20:38
2026/09/07 23:58,2026-09-08T00:13:21+09:00,2026/09/08,2026/10/08,2026-10,CALL,54250,12015,,,,,,,,,,,,,
2026/09/07 23:58,2026-09-08T00:13:21+09:00,2026/09/08,2026/10/08,2026-10,PUT,54250,120,59,,38.54,38.07,131,2,123,2,,,,,
2026/09/07 23:58,2026-09-08T00:13:21+09:00,2026/09/08,2026/10/08,2026-10,CALL,54000,12260,,,,,,,,,,,,,
2026/09/07 23:58,2026-09-08T00:13:21+09:00,2026/09/08,2026/10/08,2026-10,PUT,54000,115,728,2,38.94,38.45,125,2,117,2,38.74,6,5.22,121,09/07 22:00
2026/09/07 23:58,2026-09-08T00:13:21+09:00,2026/09/08,2026/10/08,2026-10,CALL,53750,12505,,,,,,,,,,,,,
2026/09/07 23:58,2026-09-08T00:13:21+09:00,2026/09/08,2026/10/08,2026-10,PUT,53750,104,16,1,39.39,38.88,120,4,112,2,39.2,,,116,09/07 22:08
2026/09/07 23:58,2026-09-08T00:13:21+09:00,2026/09/08,2026/10/08,2026-10,CALL,53500,12750,,,,,,,,,,,,,
2026/09/07 23:58,2026-09-08T00:13:21+09:00,2026/09/08,2026/10/08,2026-10,PUT,53500,101,335,1,39.83,39.29,115,2,107,2,39.17,,,110,09/07 20:36
2026/09/07 23:58,2026-09-08T00:13:21+09:00,2026/09/08,2026/10/08,2026-10,CALL,53250,12995,,,,,,,,,,,,,
2026/09/07 23:58,2026-09-08T00:13:21+09:00,2026/09/08,2026/10/08,2026-10,PUT,53250,94,68,,40.25,39.69,110,10,102,10,,,,,
2026/09/07 23:58,2026-09-08T00:13:21+09:00,2026/09/08,2026/10/08,2026-10,CALL,53000,13240,34,,,,,,,,,,,,
2026/09/07 23:58,2026-09-08T00:13:21+09:00,2026/09/08,2026/10/08,2026-10,PUT,53000,92,1298,10,40.58,40.14,104,2,98,2,40.58,4,4.12,101,09/07 23:44
2026/09/07 23:58,2026-09-08T00:13:21+09:00,2026/09/08,2026/10/08,2026-10,CALL,52750,13490,,,,,,,,,,,,,
2026/09/07 23:58,2026-09-08T00:13:21+09:00,2026/09/08,2026/10/08,2026-10,PUT,52750,86,120,1,41.11,40.5,101,9,93,9,40.69,,,99,09/07 20:38
2026/09/07 23:58,2026-09-08T00:13:21+09:00,2026/09/08,2026/10/08,2026-10,CALL,52500,13735,,,,,,,,,,,,,
2026/09/07 23:58,2026-09-08T00:13:21+09:00,2026/09/08,2026/10/08,2026-10,PUT,52500,82,314,,41.63,40.85,98,14,88,18,,,,,
2026/09/07 23:58,2026-09-08T00:13:21+09:00,2026/09/08,2026/10/08,2026-10,CALL,52250,13980,,,,,,,,,,,,,
2026/09/07 23:58,2026-09-08T00:13:21+09:00,2026/09/08,2026/10/08,2026-10,PUT,52250,80,46,,42.06,41.33,94,10,85,10,,,,,
2026/09/07 23:58,2026-09-08T00:13:21+09:00,2026/09/08,2026/10/08,2026-10,CALL,52000,14225,,,,,,,,,,,,,
2026/09/07 23:58,2026-09-08T00:13:21+09:00,2026/09/08,2026/10/08,2026-10,PUT,52000,76,1822,,42.48,41.72,90,29,81,24,,,,,
2026/09/07 23:58,2026-09-08T00:13:21+09:00,2026/09/08,2026/10/08,2026-10,CALL,51750,14475,,,,,,,,,,,,,
2026/09/07 23:58,2026-09-08T00:13:21+09:00,2026/09/08,2026/10/08,2026-10,PUT,51750,73,72,1,42.97,42.19,87,10,78,10,42.46,,,84,09/07 21:34
2026/09/07 23:58,2026-09-08T00:13:21+09:00,2026/09/08,2026/10/08,2026-10,CALL,51500,14720,,,,,,,,,,,,,
2026/09/07 23:58,2026-09-08T00:13:21+09:00,2026/09/08,2026/10/08,2026-10,PUT,51500,72,425,3,43.45,42.54,84,20,74,20,43.08,-2,-2.6,75,09/07 17:11
2026/09/07 23:58,2026-09-08T00:13:21+09:00,2026/09/08,2026/10/08,2026-10,CALL,51250,14970,,,,,,,,,,,,,
2026/09/07 23:58,2026-09-08T00:13:21+09:00,2026/09/08,2026/10/08,2026-10,PUT,51250,67,84,1,43.83,42.98,80,10,71,2,43.44,6,8.82,74,09/07 23:50
2026/09/07 23:58,2026-09-08T00:13:21+09:00,2026/09/08,2026/10/08,2026-10,CALL,51000,15215,,,,,,,,,,,,,
2026/09/07 23:58,2026-09-08T00:13:21+09:00,2026/09/08,2026/10/08,2026-10,PUT,51000,65,434,5,44.29,43.4,77,24,68,28,43.63,6,8.96,73,09/07 20:34
2026/09/07 23:58,2026-09-08T00:13:21+09:00,2026/09/08,2026/10/08,2026-10,CALL,50750,15460,,,,,,,,,,,,,
2026/09/07 23:58,2026-09-08T00:13:21+09:00,2026/09/08,2026/10/08,2026-10,PUT,50750,62,51,,44.73,43.81,74,10,65,14,,,,,
2026/09/07 23:58,2026-09-08T00:13:21+09:00,2026/09/08,2026/10/08,2026-10,CALL,50500,15710,,,,,,,,,,,,,
2026/09/07 23:58,2026-09-08T00:13:21+09:00,2026/09/08,2026/10/08,2026-10,PUT,50500,61,406,,45.26,44.2,72,20,62,2,,,,,
2026/09/07 23:58,2026-09-08T00:13:21+09:00,2026/09/08,2026/10/08,2026-10,CALL,50250,15960,,,,,,,,,,,,,
2026/09/07 23:58,2026-09-08T00:13:21+09:00,2026/09/08,2026/10/08,2026-10,PUT,50250,58,65,,45.58,44.69,68,3,60,14,,,,,
2026/09/07 23:58,2026-09-08T00:13:21+09:00,2026/09/08,2026/10/08,2026-10,CALL,50000,16205,,,,,,,,,,,,,
2026/09/07 23:58,2026-09-08T00:13:21+09:00,2026/09/08,2026/10/08,2026-10,PUT,50000,57,1002,3,45.87,45.18,64,1,58,2,45.81,5,8.77,62,09/07 23:51
2026/09/07 23:58,2026-09-08T00:13:21+09:00,2026/09/08,2026/10/08,2026-10,CALL,49750,16450,,,,,,,,,,,,,
2026/09/07 23:58,2026-09-08T00:13:21+09:00,2026/09/08,2026/10/08,2026-10,PUT,49750,54,63,,46.6,45.53,64,10,55,2,,,,,
2026/09/07 23:58,2026-09-08T00:13:21+09:00,2026/09/08,2026/10/08,2026-10,CALL,49500,16700,,,,,,,,,,,,,
2026/09/07 23:58,2026-09-08T00:13:21+09:00,2026/09/08,2026/10/08,2026-10,PUT,49500,52,204,,47.45,45.6,65,2,50,2,,,,,
2026/09/07 23:58,2026-09-08T00:13:21+09:00,2026/09/08,2026/10/08,2026-10,CALL,49250,16950,,,,,,,,,,,,,
2026/09/07 23:58,2026-09-08T00:13:21+09:00,2026/09/08,2026/10/08,2026-10,PUT,49250,51,75,,47.95,46.03,63,2,48,2,,,,,
2026/09/07 23:58,2026-09-08T00:13:21+09:00,2026/09/08,2026/10/08,2026-10,CALL,49000,17195,,,,,,,,,,,,,
2026/09/07 23:58,2026-09-08T00:13:21+09:00,2026/09/08,2026/10/08,2026-10,PUT,49000,49,246,4,47.95,46.89,57,24,49,2,47.32,1,1.89,54,09/07 20:38
2026/09/07 23:58,2026-09-08T00:13:21+09:00,2026/09/08,2026/10/08,2026-10,CALL,48750,17445,,,,,,,,,,,,,
2026/09/07 23:58,2026-09-08T00:13:21+09:00,2026/09/08,2026/10/08,2026-10,PUT,48750,47,24,,48.93,46.87,59,2,44,2,,,,,
2026/09/07 23:58,2026-09-08T00:13:21+09:00,2026/09/08,2026/10/08,2026-10,CALL,48500,17690,,,,,,,,,,,,,
2026/09/07 23:58,2026-09-08T00:13:21+09:00,2026/09/08,2026/10/08,2026-10,PUT,48500,44,198,,49.41,47.27,57,2,42,2,,,,,
2026/09/07 23:58,2026-09-08T00:13:21+09:00,2026/09/08,2026/10/08,2026-10,CALL,48250,17940,,,,,,,,,,,,,
2026/09/07 23:58,2026-09-08T00:13:21+09:00,2026/09/08,2026/10/08,2026-10,PUT,48250,43,52,,49.88,47.65,55,2,40,2,,,,,
2026/09/07 23:58,2026-09-08T00:13:21+09:00,2026/09/08,2026/10/08,2026-10,CALL,48000,18190,,,,,,,,,,,,,
2026/09/07 23:58,2026-09-08T00:13:21+09:00,2026/09/08,2026/10/08,2026-10,PUT,48000,42,747,,49.77,48.02,49,1,38,2,,,,,
2026/09/07 23:58,2026-09-08T00:13:21+09:00,2026/09/08,2026/10/08,2026-10,CALL,47750,18435,,,,,,,,,,,,,
2026/09/07 23:58,2026-09-08T00:13:21+09:00,2026/09/08,2026/10/08,2026-10,PUT,47750,40,40,,50.79,48.55,51,2,37,2,,,,,
2026/09/07 23:58,2026-09-08T00:13:21+09:00,2026/09/08,2026/10/08,2026-10,CALL,47500,18685,34,,,,,,,,,,,,
2026/09/07 23:58,2026-09-08T00:13:21+09:00,2026/09/08,2026/10/08,2026-10,PUT,47500,37,30,,51.37,49.07,50,2,36,2,,,,,
2026/09/07 23:58,2026-09-08T00:13:21+09:00,2026/09/08,2026/10/08,2026-10,CALL,47250,18930,,,,,,,,,,,,,
2026/09/07 23:58,2026-09-08T00:13:21+09:00,2026/09/08,2026/10/08,2026-10,PUT,47250,36,26,,51.81,49.21,48,2,33,2,,,,,
2026/09/07 23:58,2026-09-08T00:13:21+09:00,2026/09/08,2026/10/08,2026-10,CALL,47000,19180,,,,,,,,,,,,,
2026/09/07 23:58,2026-09-08T00:13:21+09:00,2026/09/08,2026/10/08,2026-10,PUT,47000,35,396,2,51.22,49.91,40,1,33,27,50.99,2,5.26,40,09/07 20:38
2026/09/07 23:58,2026-09-08T00:13:21+09:00,2026/09/08,2026/10/08,2026-10,CALL,46750,19430,,,,,,,,,,,,,
2026/09/07 23:58,2026-09-08T00:13:21+09:00,2026/09/08,2026/10/08,2026-10,PUT,46750,34,131,,56.07,42.34,68,7,7,7,,,,,
2026/09/07 23:58,2026-09-08T00:13:21+09:00,2026/09/08,2026/10/08,2026-10,CALL,46500,19680,,,,,,,,,,,,,
2026/09/07 23:58,2026-09-08T00:13:21+09:00,2026/09/08,2026/10/08,2026-10,PUT,46500,33,157,,56.59,42.3,66,6,6,7,,,,,
2026/09/07 23:58,2026-09-08T00:13:21+09:00,2026/09/08,2026/10/08,2026-10,CALL,46250,19915,,,,,,,,,,,,,
2026/09/07 23:58,2026-09-08T00:13:21+09:00,2026/09/08,2026/10/08,2026-10,PUT,46250,21,13,,57.23,42.16,65,6,5,6,,,,,
2026/09/07 23:58,2026-09-08T00:13:21+09:00,2026/09/08,2026/10/08,2026-10,CALL,46000,20165,,,,,,,,,,,,,
2026/09/07 23:58,2026-09-08T00:13:21+09:00,2026/09/08,2026/10/08,2026-10,PUT,46000,29,357,,57.87,51.18,64,7,26,7,,,,,
2026/09/07 23:58,2026-09-08T00:13:21+09:00,2026/09/08,2026/10/08,2026-10,CALL,45750,20415,,,,,,,,,,,,,
2026/09/07 23:58,2026-09-08T00:13:21+09:00,2026/09/08,2026/10/08,2026-10,PUT,45750,20,43,,58.51,41.38,63,7,3,26,,,,,
2026/09/07 23:58,2026-09-08T00:13:21+09:00,2026/09/08,2026/10/08,2026-10,CALL,45500,20665,,,,,,,,,,,,,
2026/09/07 23:58,2026-09-08T00:13:21+09:00,2026/09/08,2026/10/08,2026-10,PUT,45500,25,210,,59.01,41.96,61,6,3,26,,,,,
2026/09/07 23:58,2026-09-08T00:13:21+09:00,2026/09/08,2026/10/08,2026-10,CALL,45250,20910,,,,,,,,,,,,,
2026/09/07 23:58,2026-09-08T00:13:21+09:00,2026/09/08,2026/10/08,2026-10,PUT,45250,18,29,,59.64,42.54,60,6,3,26,,,,,
2026/09/07 23:58,2026-09-08T00:13:21+09:00,2026/09/08,2026/10/08,2026-10,CALL,45000,21160,2,,,,,,,,,,,,
2026/09/07 23:58,2026-09-08T00:13:21+09:00,2026/09/08,2026/10/08,2026-10,PUT,45000,27,1703,4,55.66,54.75,33,2,29,9,54.47,0,0,27,09/07 23:02
2026/09/07 23:58,2026-09-08T00:13:21+09:00,2026/09/08,2026/10/08,2026-10,CALL,44750,21410,,,,,,,,,,,,,
2026/09/07 23:58,2026-09-08T00:13:21+09:00,2026/09/08,2026/10/08,2026-10,PUT,44750,24,37,,60.91,43.72,58,6,3,26,,,,,
2026/09/07 23:58,2026-09-08T00:13:21+09:00,2026/09/08,2026/10/08,2026-10,CALL,44500,21660,,,,,,,,,,,,,
2026/09/07 23:58,2026-09-08T00:13:21+09:00,2026/09/08,2026/10/08,2026-10,PUT,44500,21,1,,57.35,44.31,34,7,3,26,,,,,
2026/09/07 23:58,2026-09-08T00:13:21+09:00,2026/09/08,2026/10/08,2026-10,CALL,44250,21905,,,,,,,,,,,,,
2026/09/07 23:58,2026-09-08T00:13:21+09:00,2026/09/08,2026/10/08,2026-10,PUT,44250,15,36,,62.17,48.59,56,6,7,7,,,,,
2026/09/07 23:58,2026-09-08T00:13:21+09:00,2026/09/08,2026/10/08,2026-10,CALL,44000,22155,,,,,,,,,,,,,
2026/09/07 23:58,2026-09-08T00:13:21+09:00,2026/09/08,2026/10/08,2026-10,PUT,44000,20,232,,58.84,51.56,34,9,11,7,,,,,
2026/09/07 23:58,2026-09-08T00:13:21+09:00,2026/09/08,2026/10/08,2026-10,CALL,43750,22405,,,,,,,,,,,,,
2026/09/07 23:58,2026-09-08T00:13:21+09:00,2026/09/08,2026/10/08,2026-10,PUT,43750,14,13,,61.27,49.13,42,6,6,7,,,,,
2026/09/07 23:58,2026-09-08T00:13:21+09:00,2026/09/08,2026/10/08,2026-10,CALL,43500,22655,,,,,,,,,,,,,
2026/09/07 23:58,2026-09-08T00:13:21+09:00,2026/09/08,2026/10/08,2026-10,PUT,43500,18,15,,61.84,48.92,41,6,5,7,,,,,
2026/09/07 23:58,2026-09-08T00:13:21+09:00,2026/09/08,2026/10/08,2026-10,CALL,43250,22900,,,,,,,,,,,,,
2026/09/07 23:58,2026-09-08T00:13:21+09:00,2026/09/08,2026/10/08,2026-10,PUT,43250,12,15,,62.62,48.54,41,7,4,7,,,,,
2026/09/07 23:58,2026-09-08T00:13:21+09:00,2026/09/08,2026/10/08,2026-10,CALL,43000,23150,,,,,,,,,,,,,
2026/09/07 23:58,2026-09-08T00:13:21+09:00,2026/09/08,2026/10/08,2026-10,PUT,43000,18,159,1,58.64,56.12,22,1,15,33,58.39,-1,-4.55,21,09/07 23:55
2026/09/07 23:58,2026-09-08T00:13:21+09:00,2026/09/08,2026/10/08,2026-10,CALL,42750,23400,,,,,,,,,,,,,
2026/09/07 23:58,2026-09-08T00:13:21+09:00,2026/09/08,2026/10/08,2026-10,PUT,42750,11,31,,63.76,48.54,39,7,3,26,,,,,
2026/09/07 23:58,2026-09-08T00:13:21+09:00,2026/09/08,2026/10/08,2026-10,CALL,42000,24145,,,,,,,,,,,,,
2026/09/07 23:58,2026-09-08T00:13:21+09:00,2026/09/08,2026/10/08,2026-10,PUT,42000,15,139,,60.9,56.47,20,1,10,7,,,,,
2026/09/07 23:58,2026-09-08T00:13:21+09:00,2026/09/08,2026/10/08,2026-10,CALL,41000,25140,,,,,,,,,,,,,
2026/09/07 23:58,2026-09-08T00:13:21+09:00,2026/09/08,2026/10/08,2026-10,PUT,41000,14,140,,68.1,52.94,34,7,3,26,,,,,
2026/09/07 23:58,2026-09-08T00:13:21+09:00,2026/09/08,2026/10/08,2026-10,CALL,40000,26140,,,,,,,,,,,,,
2026/09/07 23:58,2026-09-08T00:13:21+09:00,2026/09/08,2026/10/08,2026-10,PUT,40000,13,4194,4,64.83,63.3,15,1,12,1,63.87,0,0,13,09/07 22:04
2026/09/07 23:58,2026-09-08T00:13:21+09:00,2026/09/08,2026/10/08,2026-10,CALL,39000,27140,,,,,,,,,,,,,
2026/09/07 23:58,2026-09-08T00:13:21+09:00,2026/09/08,2026/10/08,2026-10,PUT,39000,11,104,,66.28,65.68,12,1,11,20,,,,,
2026/09/07 23:58,2026-09-08T00:13:21+09:00,2026/09/08,2026/10/08,2026-10,CALL,38000,28135,,,,,,,,,,,,,
2026/09/07 23:58,2026-09-08T00:13:21+09:00,2026/09/08,2026/10/08,2026-10,PUT,38000,8,15,,71.47,66.56,16,15,8,19,,,,,
2026/09/07 23:58,2026-09-08T00:13:21+09:00,2026/09/08,2026/10/08,2026-10,CALL,37000,29135,,,,,,,,,,,,,
2026/09/07 23:58,2026-09-08T00:13:21+09:00,2026/09/08,2026/10/08,2026-10,PUT,37000,5,170,3,72.45,67.7,12,42,6,42,69.38,,,8,09/07 21:47
2026/09/07 23:58,2026-09-08T00:13:21+09:00,2026/09/08,2026/10/08,2026-10,CALL,36000,30135,,,,,,,,,,,,,
2026/09/07 23:58,2026-09-08T00:13:21+09:00,2026/09/08,2026/10/08,2026-10,PUT,36000,6,37,,76.28,71.74,13,15,7,2,,,,,
2026/09/07 23:58,2026-09-08T00:13:21+09:00,2026/09/08,2026/10/08,2026-10,CALL,35000,31135,24,,,,,,,,,,,,
2026/09/07 23:58,2026-09-08T00:13:21+09:00,2026/09/08,2026/10/08,2026-10,PUT,35000,6,1997,8,74.88,73.82,7,1,6,1,76.17,2,33.33,8,09/07 17:17
2026/09/07 23:58,2026-09-08T00:13:21+09:00,2026/09/08,2026/10/08,2026-10,CALL,34000,32130,,,,,,,,,,,,,
2026/09/07 23:58,2026-09-08T00:13:21+09:00,2026/09/08,2026/10/08,2026-10,PUT,34000,5,22,3,78.11,74.27,7,49,4,15,75.76,0,0,5,09/07 22:19
2026/09/07 23:58,2026-09-08T00:13:21+09:00,2026/09/08,2026/10/08,2026-10,CALL,33000,33130,,,,,,,,,,,,,
2026/09/07 23:58,2026-09-08T00:13:21+09:00,2026/09/08,2026/10/08,2026-10,PUT,33000,4,1734,,78.97,77.44,5,3,4,23,,,,,
2026/09/07 23:58,2026-09-08T00:13:21+09:00,2026/09/08,2026/10/08,2026-10,CALL,32000,34130,,,,,,,,,,,,,
2026/09/07 23:58,2026-09-08T00:13:21+09:00,2026/09/08,2026/10/08,2026-10,PUT,32000,3,42,,80.71,78.78,4,5,3,16,,,,,
2026/09/07 23:58,2026-09-08T00:13:21+09:00,2026/09/08,2026/10/08,2026-10,CALL,31000,35130,,,,,,,,,,,,,
2026/09/07 23:58,2026-09-08T00:13:21+09:00,2026/09/08,2026/10/08,2026-10,PUT,31000,3,4,,84.08,79.46,4,1,2,15,,,,,
2026/09/07 23:58,2026-09-08T00:13:21+09:00,2026/09/08,2026/10/08,2026-10,CALL,30000,36130,,,,,,,,,,,,,
2026/09/07 23:58,2026-09-08T00:13:21+09:00,2026/09/08,2026/10/08,2026-10,PUT,30000,3,5009,2,87.56,85.48,4,39,3,26,85.53,-1,-25,3,09/07 22:07
2026/09/07 23:58,2026-09-08T00:13:21+09:00,2026/09/08,2026/10/08,2026-10,CALL,29000,37125,,,,,,,,,,,,,
2026/09/07 23:58,2026-09-08T00:13:21+09:00,2026/09/08,2026/10/08,2026-10,PUT,29000,1,11,,89,81.85,3,2,1,70,,,,,
2026/09/07 23:58,2026-09-08T00:13:21+09:00,2026/09/08,2026/10/08,2026-10,CALL,28000,38125,,,,,,,,,,,,,
2026/09/07 23:58,2026-09-08T00:13:21+09:00,2026/09/08,2026/10/08,2026-10,PUT,28000,2,19,,98.28,89.7,6,2,2,1,,,,,
2026/09/07 23:58,2026-09-08T00:13:21+09:00,2026/09/08,2026/10/08,2026-10,CALL,27000,39125,,,,,,,,,,,,,
2026/09/07 23:58,2026-09-08T00:13:21+09:00,2026/09/08,2026/10/08,2026-10,PUT,27000,2,28,,98.73,88.7,4,2,1,91,,,,,
2026/09/07 23:58,2026-09-08T00:13:21+09:00,2026/09/08,2026/10/08,2026-10,CALL,26000,40125,,,,,,,,,,,,,
2026/09/07 23:58,2026-09-08T00:13:21+09:00,2026/09/08,2026/10/08,2026-10,PUT,26000,1,27,,100.32,92.32,3,3,1,81,,,,,
2026/09/07 23:58,2026-09-08T00:13:21+09:00,2026/09/08,2026/10/08,2026-10,CALL,25000,41120,,,,,,,,,,,,,
2026/09/07 23:58,2026-09-08T00:13:21+09:00,2026/09/08,2026/10/08,2026-10,PUT,25000,1,1476,,104.39,96.08,3,4,1,198,,,,,
2026/09/07 23:58,2026-09-08T00:13:21+09:00,2026/09/08,2026/10/08,2026-10,CALL,22500,43620,,,,,,,,,,,,,
2026/09/07 23:58,2026-09-08T00:13:21+09:00,2026/09/08,2026/10/08,2026-10,PUT,22500,1,49,,111.72,106.2,2,5,1,58,,,,,
2026/09/07 23:58,2026-09-08T00:13:21+09:00,2026/09/08,2026/10/08,2026-10,CALL,20000,46115,,,,,,,,,,,,,
2026/09/07 23:58,2026-09-08T00:13:21+09:00,2026/09/08,2026/10/08,2026-10,PUT,20000,1,648,27,123.59,117.52,2,60,1,123,123.5,1,100,2,09/07 20:49
2026/09/07 23:58,2026-09-08T00:13:21+09:00,2026/09/08,2026/12/10,2026-12,CALL,68500,2295,424,,24.63,23.7,2215,20,2095,20,,,,,
2026/09/07 23:58,2026-09-08T00:13:21+09:00,2026/09/08,2026/12/10,2026-12,PUT,68500,4455,203,,,,,,,,,,,,
2026/09/07 23:58,2026-09-08T00:13:21+09:00,2026/09/08,2026/12/10,2026-12,CALL,68250,2395,,,24.66,23.75,2310,20,2190,20,,,,,
2026/09/07 23:58,2026-09-08T00:13:21+09:00,2026/09/08,2026/12/10,2026-12,PUT,68250,4315,,,,,,,,,,,,,
2026/09/07 23:58,2026-09-08T00:13:21+09:00,2026/09/08,2026/12/10,2026-12,CALL,68000,2500,3248,,24.72,23.81,2410,20,2290,20,,,,,
2026/09/07 23:58,2026-09-08T00:13:21+09:00,2026/09/08,2026/12/10,2026-12,PUT,68000,4170,1900,,,,,,1,1,,,,,
2026/09/07 23:58,2026-09-08T00:13:21+09:00,2026/09/08,2026/12/10,2026-12,CALL,67750,2605,,,24.75,23.85,2510,20,2390,20,,,,,
2026/09/07 23:58,2026-09-08T00:13:21+09:00,2026/09/08,2026/12/10,2026-12,PUT,67750,4020,,,24.38,23.47,4330,20,4210,20,,,,,
2026/09/07 23:58,2026-09-08T00:13:21+09:00,2026/09/08,2026/12/10,2026-12,CALL,67500,2710,25,,24.8,23.9,2615,20,2495,20,,,,,
2026/09/07 23:58,2026-09-08T00:13:21+09:00,2026/09/08,2026/12/10,2026-12,PUT,67500,3890,25,,24.43,23.52,4185,20,4065,20,,,,,
2026/09/07 23:58,2026-09-08T00:13:21+09:00,2026/09/08,2026/12/10,2026-12,CALL,67250,2825,25,,24.87,23.97,2725,20,2605,20,,,,,
2026/09/07 23:58,2026-09-08T00:13:21+09:00,2026/09/08,2026/12/10,2026-12,PUT,67250,3745,25,,24.49,23.59,4045,20,3925,20,,,,,
2026/09/07 23:58,2026-09-08T00:13:21+09:00,2026/09/08,2026/12/10,2026-12,CALL,67000,2945,1318,,24.91,24.02,2835,20,2715,20,,,,,
2026/09/07 23:58,2026-09-08T00:13:21+09:00,2026/09/08,2026/12/10,2026-12,PUT,67000,3615,1590,,24.58,23.68,3910,20,3790,20,,,,,
2026/09/07 23:58,2026-09-08T00:13:21+09:00,2026/09/08,2026/12/10,2026-12,CALL,66750,3065,,,24.97,24.08,2950,20,2830,20,,,,,
2026/09/07 23:58,2026-09-08T00:13:21+09:00,2026/09/08,2026/12/10,2026-12,PUT,66750,3490,,,24.64,23.74,3775,20,3655,20,,,,,
2026/09/07 23:58,2026-09-08T00:13:21+09:00,2026/09/08,2026/12/10,2026-12,CALL,66500,3185,2750,,25.05,24.15,3070,20,2950,20,,,,,
2026/09/07 23:58,2026-09-08T00:13:21+09:00,2026/09/08,2026/12/10,2026-12,PUT,66500,3355,750,,24.71,23.82,3645,20,3525,20,,,,,
2026/09/07 23:58,2026-09-08T00:13:21+09:00,2026/09/08,2026/12/10,2026-12,CALL,66250,3320,15,,25.1,24.21,3190,20,3070,20,,,,,
2026/09/07 23:58,2026-09-08T00:13:21+09:00,2026/09/08,2026/12/10,2026-12,PUT,66250,3235,,,24.77,23.87,3515,20,3395,20,,,,,
2026/09/07 23:58,2026-09-08T00:13:21+09:00,2026/09/08,2026/12/10,2026-12,CALL,66000,3450,1055,,25.17,24.27,3315,20,3195,20,,,,,
2026/09/07 23:58,2026-09-08T00:13:21+09:00,2026/09/08,2026/12/10,2026-12,PUT,66000,3120,1086,,24.87,23.98,3395,20,3275,20,,,,,
2026/09/07 23:58,2026-09-08T00:13:21+09:00,2026/09/08,2026/12/10,2026-12,CALL,65750,3580,,,25.26,24.4,3445,20,3330,1,,,,,
2026/09/07 23:58,2026-09-08T00:13:21+09:00,2026/09/08,2026/12/10,2026-12,PUT,65750,3000,,,24.92,24.02,3270,20,3150,20,,,,,
2026/09/07 23:58,2026-09-08T00:13:21+09:00,2026/09/08,2026/12/10,2026-12,CALL,65500,3720,734,,25.32,24.42,3575,20,3455,20,,,,,
2026/09/07 23:58,2026-09-08T00:13:21+09:00,2026/09/08,2026/12/10,2026-12,PUT,65500,2885,605,,25.02,24.12,3155,20,3035,20,,,,,
2026/09/07 23:58,2026-09-08T00:13:21+09:00,2026/09/08,2026/12/10,2026-12,CALL,65250,3860,,,25.44,24.57,3715,20,3600,1,,,,,
2026/09/07 23:58,2026-09-08T00:13:21+09:00,2026/09/08,2026/12/10,2026-12,PUT,65250,2780,,,25.1,24.19,3040,20,2920,20,,,,,
2026/09/07 23:58,2026-09-08T00:13:21+09:00,2026/09/08,2026/12/10,2026-12,CALL,65000,4015,2992,,,,,,,,,,,,
2026/09/07 23:58,2026-09-08T00:13:21+09:00,2026/09/08,2026/12/10,2026-12,PUT,65000,2670,4052,,25.19,24.28,2930,20,2810,20,,,,,
2026/09/07 23:58,2026-09-08T00:13:21+09:00,2026/09/08,2026/12/10,2026-12,CALL,64750,4165,,,,,,,,,,,,,
2026/09/07 23:58,2026-09-08T00:13:21+09:00,2026/09/08,2026/12/10,2026-12,PUT,64750,2575,,,25.3,24.39,2825,20,2705,20,,,,,
2026/09/07 23:58,2026-09-08T00:13:21+09:00,2026/09/08,2026/12/10,2026-12,CALL,64500,4315,96,,,,,,,,,,,,
2026/09/07 23:58,2026-09-08T00:13:21+09:00,2026/09/08,2026/12/10,2026-12,PUT,64500,2490,2,,25.39,24.47,2720,20,2600,20,,,,,
2026/09/07 23:58,2026-09-08T00:13:21+09:00,2026/09/08,2026/12/10,2026-12,CALL,64250,4465,,,,,,,,,,,,,
2026/09/07 23:58,2026-09-08T00:13:21+09:00,2026/09/08,2026/12/10,2026-12,PUT,64250,2380,,,25.5,24.57,2620,20,2500,20,,,,,
2026/09/07 23:58,2026-09-08T00:13:21+09:00,2026/09/08,2026/12/10,2026-12,CALL,64000,4620,2140,,,,,,,,,,,,
2026/09/07 23:58,2026-09-08T00:13:21+09:00,2026/09/08,2026/12/10,2026-12,PUT,64000,2290,1956,,25.58,24.65,2520,20,2400,20,,,,,
2026/09/07 23:58,2026-09-08T00:13:21+09:00,2026/09/08,2026/12/10,2026-12,CALL,63750,4780,,,,,,,,,,,,,
2026/09/07 23:58,2026-09-08T00:13:21+09:00,2026/09/08,2026/12/10,2026-12,PUT,63750,2200,23,,25.72,24.78,2430,20,2310,20,,,,,
2026/09/07 23:58,2026-09-08T00:13:21+09:00,2026/09/08,2026/12/10,2026-12,CALL,63500,4945,300,,,,,,,,,,,,
2026/09/07 23:58,2026-09-08T00:13:21+09:00,2026/09/08,2026/12/10,2026-12,PUT,63500,2110,600,,25.8,24.85,2335,20,2215,20,,,,,
2026/09/07 23:58,2026-09-08T00:13:21+09:00,2026/09/08,2026/12/10,2026-12,CALL,63250,5110,,,,,,,,,,,,,
2026/09/07 23:58,2026-09-08T00:13:21+09:00,2026/09/08,2026/12/10,2026-12,PUT,63250,2030,,,25.94,24.98,2250,20,2130,20,,,,,
2026/09/07 23:58,2026-09-08T00:13:21+09:00,2026/09/08,2026/12/10,2026-12,CALL,63000,5290,1615,,,,,,,,,,,,
2026/09/07 23:58,2026-09-08T00:13:21+09:00,2026/09/08,2026/12/10,2026-12,PUT,63000,1945,2493,,26.06,25.09,2165,20,2045,20,,,,,
2026/09/07 23:58,2026-09-08T00:13:21+09:00,2026/09/08,2026/12/10,2026-12,CALL,62750,5465,,,,,,,,,,,,,
2026/09/07 23:58,2026-09-08T00:13:21+09:00,2026/09/08,2026/12/10,2026-12,PUT,62750,1870,,,26.16,25.17,2080,20,1960,20,,,,,
2026/09/07 23:58,2026-09-08T00:13:21+09:00,2026/09/08,2026/12/10,2026-12,CALL,62500,5630,812,,,,,,,,,,,,
2026/09/07 23:58,2026-09-08T00:13:21+09:00,2026/09/08,2026/12/10,2026-12,PUT,62500,1785,1087,,26.28,25.28,2000,20,1880,20,,,,,
2026/09/07 23:58,2026-09-08T00:13:21+09:00,2026/09/08,2026/12/10,2026-12,CALL,62250,5810,,,,,,,,,,,,,
2026/09/07 23:58,2026-09-08T00:13:21+09:00,2026/09/08,2026/12/10,2026-12,PUT,62250,1720,250,,26.41,25.4,1925,20,1805,20,,,,,
2026/09/07 23:58,2026-09-08T00:13:21+09:00,2026/09/08,2026/12/10,2026-12,CALL,62000,5985,1450,,,,,,,,,,,,
2026/09/07 23:58,2026-09-08T00:13:21+09:00,2026/09/08,2026/12/10,2026-12,PUT,62000,1640,2461,,26.58,25.55,1855,20,1735,20,,,,,
2026/09/07 23:58,2026-09-08T00:13:21+09:00,2026/09/08,2026/12/10,2026-12,CALL,61750,6165,,,,,,,,,,,,,
2026/09/07 23:58,2026-09-08T00:13:21+09:00,2026/09/08,2026/12/10,2026-12,PUT,61750,1575,,,27.58,25.07,1885,1,1595,1,,,,,
2026/09/07 23:58,2026-09-08T00:13:21+09:00,2026/09/08,2026/12/10,2026-12,CALL,61500,6350,,,,,,,,,,,,,
2026/09/07 23:58,2026-09-08T00:13:21+09:00,2026/09/08,2026/12/10,2026-12,PUT,61500,1510,1,,27.76,25.16,1820,1,1525,1,,,,,
2026/09/07 23:58,2026-09-08T00:13:21+09:00,2026/09/08,2026/12/10,2026-12,CALL,61250,6535,,,,,,,,,,,,,
2026/09/07 23:58,2026-09-08T00:13:21+09:00,2026/09/08,2026/12/10,2026-12,PUT,61250,1445,32,,27.88,25.28,1750,1,1460,1,,,,,
2026/09/07 23:58,2026-09-08T00:13:21+09:00,2026/09/08,2026/12/10,2026-12,CALL,61000,6740,813,,,,,,1,10,,,,,
2026/09/07 23:58,2026-09-08T00:13:21+09:00,2026/09/08,2026/12/10,2026-12,PUT,61000,1405,1436,,28.07,25.43,1690,1,1400,1,,,,,
2026/09/07 23:58,2026-09-08T00:13:21+09:00,2026/09/08,2026/12/10,2026-12,CALL,60750,6915,,,,,,,1,10,,,,,
2026/09/07 23:58,2026-09-08T00:13:21+09:00,2026/09/08,2026/12/10,2026-12,PUT,60750,1330,,,28.2,25.51,1625,1,1335,1,,,,,
2026/09/07 23:58,2026-09-08T00:13:21+09:00,2026/09/08,2026/12/10,2026-12,CALL,60500,7110,102,,,,,,1,10,,,,,
2026/09/07 23:58,2026-09-08T00:13:21+09:00,2026/09/08,2026/12/10,2026-12,PUT,60500,1275,200,,28.4,25.66,1570,1,1280,1,,,,,
2026/09/07 23:58,2026-09-08T00:13:21+09:00,2026/09/08,2026/12/10,2026-12,CALL,60250,7310,,,,,,,,,,,,,
2026/09/07 23:58,2026-09-08T00:13:21+09:00,2026/09/08,2026/12/10,2026-12,PUT,60250,1225,36,,28.58,25.74,1515,1,1220,1,,,,,
2026/09/07 23:58,2026-09-08T00:13:21+09:00,2026/09/08,2026/12/10,2026-12,CALL,60000,7540,7264,,,,,,,,,,,,
2026/09/07 23:58,2026-09-08T00:13:21+09:00,2026/09/08,2026/12/10,2026-12,PUT,60000,1220,9824,,28.7,26.5,1455,1,1230,1,,,,,
2026/09/07 23:58,2026-09-08T00:13:21+09:00,2026/09/08,2026/12/10,2026-12,CALL,59750,7710,,,,,,,,,,,,,
2026/09/07 23:58,2026-09-08T00:13:21+09:00,2026/09/08,2026/12/10,2026-12,PUT,59750,1125,,,28.9,26,1405,1,1115,1,,,,,
2026/09/07 23:58,2026-09-08T00:13:21+09:00,2026/09/08,2026/12/10,2026-12,CALL,59500,7910,100,,,,,,,,,,,,
2026/09/07 23:58,2026-09-08T00:13:21+09:00,2026/09/08,2026/12/10,2026-12,PUT,59500,1075,250,,,26.12,,,1065,1,,,,,
2026/09/07 23:58,2026-09-08T00:13:21+09:00,2026/09/08,2026/12/10,2026-12,CALL,59250,8115,,,,,,,,,,,,,
2026/09/07 23:58,2026-09-08T00:13:21+09:00,2026/09/08,2026/12/10,2026-12,PUT,59250,1035,60,,29.2,26.38,1300,1,1030,1,,,,,
2026/09/07 23:58,2026-09-08T00:13:21+09:00,2026/09/08,2026/12/10,2026-12,CALL,59000,8320,1900,,,,,,,,,,,,
2026/09/07 23:58,2026-09-08T00:13:21+09:00,2026/09/08,2026/12/10,2026-12,PUT,59000,1005,2409,,29.4,26.52,1255,1,985,1,,,,,
2026/09/07 23:58,2026-09-08T00:13:21+09:00,2026/09/08,2026/12/10,2026-12,CALL,58750,8530,,,,,,,,,,,,,
2026/09/07 23:58,2026-09-08T00:13:21+09:00,2026/09/08,2026/12/10,2026-12,PUT,58750,950,,,29.59,26.64,1210,1,940,1,,,,,
2026/09/07 23:58,2026-09-08T00:13:21+09:00,2026/09/08,2026/12/10,2026-12,CALL,58500,8725,350,,,,,,,,,,,,
2026/09/07 23:58,2026-09-08T00:13:21+09:00,2026/09/08,2026/12/10,2026-12,PUT,58500,895,850,,29.81,26.8,1170,1,900,1,,,,,
2026/09/07 23:58,2026-09-08T00:13:21+09:00,2026/09/08,2026/12/10,2026-12,CALL,58250,8935,,,,,,,,,,,,,
2026/09/07 23:58,2026-09-08T00:13:21+09:00,2026/09/08,2026/12/10,2026-12,PUT,58250,855,65,,29.96,26.88,1125,1,855,1,,,,,
2026/09/07 23:58,2026-09-08T00:13:21+09:00,2026/09/08,2026/12/10,2026-12,CALL,58000,9150,2603,,,,,,,,,,,,
2026/09/07 23:58,2026-09-08T00:13:21+09:00,2026/09/08,2026/12/10,2026-12,PUT,58000,825,1907,,30.21,27.06,1090,1,820,1,,,,,
2026/09/07 23:58,2026-09-08T00:13:21+09:00,2026/09/08,2026/12/10,2026-12,CALL,57750,9385,,,,,,,,,,,,,
2026/09/07 23:58,2026-09-08T00:13:21+09:00,2026/09/08,2026/12/10,2026-12,PUT,57750,810,,,30.39,27.23,1050,1,785,1,,,,,
2026/09/07 23:58,2026-09-08T00:13:21+09:00,2026/09/08,2026/12/10,2026-12,CALL,57500,9600,80,,,,,,,,,,,,
2026/09/07 23:58,2026-09-08T00:13:21+09:00,2026/09/08,2026/12/10,2026-12,PUT,57500,775,850,,30.62,27.37,1015,1,750,1,,,,,
2026/09/07 23:58,2026-09-08T00:13:21+09:00,2026/09/08,2026/12/10,2026-12,CALL,57250,9810,113,,,,,,,,,,,,
2026/09/07 23:58,2026-09-08T00:13:21+09:00,2026/09/08,2026/12/10,2026-12,PUT,57250,740,,,30.82,27.5,980,1,715,1,,,,,
2026/09/07 23:58,2026-09-08T00:13:21+09:00,2026/09/08,2026/12/10,2026-12,CALL,57000,10055,500,,,,,,,,,,,,
2026/09/07 23:58,2026-09-08T00:13:21+09:00,2026/09/08,2026/12/10,2026-12,PUT,57000,730,2381,,31.08,27.61,950,1,680,1,,,,,
2026/09/07 23:58,2026-09-08T00:13:21+09:00,2026/09/08,2026/12/10,2026-12,CALL,56750,10260,,,,,,,,,,,,,
2026/09/07 23:58,2026-09-08T00:13:21+09:00,2026/09/08,2026/12/10,2026-12,PUT,56750,690,,,31.33,27.77,920,1,650,1,,,,,
2026/09/07 23:58,2026-09-08T00:13:21+09:00,2026/09/08,2026/12/10,2026-12,CALL,56500,10475,283,,,,,,,,,,,,
2026/09/07 23:58,2026-09-08T00:13:21+09:00,2026/09/08,2026/12/10,2026-12,PUT,56500,655,171,,31.56,27.91,890,1,620,1,,,,,
2026/09/07 23:58,2026-09-08T00:13:21+09:00,2026/09/08,2026/12/10,2026-12,CALL,56250,10700,,,,,,,,,,,,,
2026/09/07 23:58,2026-09-08T00:13:21+09:00,2026/09/08,2026/12/10,2026-12,PUT,56250,630,2,,31.78,28.11,860,1,595,1,,,,,
2026/09/07 23:58,2026-09-08T00:13:21+09:00,2026/09/08,2026/12/10,2026-12,CALL,56000,10945,791,,,,,,,,,,,,
2026/09/07 23:58,2026-09-08T00:13:21+09:00,2026/09/08,2026/12/10,2026-12,PUT,56000,625,2528,,32.05,28.22,835,1,565,1,,,,,
2026/09/07 23:58,2026-09-08T00:13:21+09:00,2026/09/08,2026/12/10,2026-12,CALL,55750,11155,,,,,,,,,,,,,
2026/09/07 23:58,2026-09-08T00:13:21+09:00,2026/09/08,2026/12/10,2026-12,PUT,55750,590,,,32.04,28.69,790,1,560,1,,,,,
2026/09/07 23:58,2026-09-08T00:13:21+09:00,2026/09/08,2026/12/10,2026-12,CALL,55500,11400,300,,,,,,,,,,,,
2026/09/07 23:58,2026-09-08T00:13:21+09:00,2026/09/08,2026/12/10,2026-12,PUT,55500,585,100,,32.22,28.85,760,1,535,1,,,,,
2026/09/07 23:58,2026-09-08T00:13:21+09:00,2026/09/08,2026/12/10,2026-12,CALL,55250,11620,,,,,,,,,,,,,
2026/09/07 23:58,2026-09-08T00:13:21+09:00,2026/09/08,2026/12/10,2026-12,PUT,55250,555,,,32.53,29,740,1,510,1,,,,,
2026/09/07 23:58,2026-09-08T00:13:21+09:00,2026/09/08,2026/12/10,2026-12,CALL,55000,11850,1829,,,,,,,,,,,,
2026/09/07 23:58,2026-09-08T00:13:21+09:00,2026/09/08,2026/12/10,2026-12,PUT,55000,540,4826,,32.75,29.21,715,1,490,1,,,,,
2026/09/07 23:58,2026-09-08T00:13:21+09:00,2026/09/08,2026/12/10,2026-12,CALL,54750,12070,,,,,,,,,,,,,
2026/09/07 23:58,2026-09-08T00:13:21+09:00,2026/09/08,2026/12/10,2026-12,PUT,54750,510,32,,33.04,29.31,695,1,465,1,,,,,
2026/09/07 23:58,2026-09-08T00:13:21+09:00,2026/09/08,2026/12/10,2026-12,CALL,54500,12315,540,,,,,,,,,,,,
2026/09/07 23:58,2026-09-08T00:13:21+09:00,2026/09/08,2026/12/10,2026-12,PUT,54500,505,780,,33.31,29.49,675,1,445,1,,,,,
2026/09/07 23:58,2026-09-08T00:13:21+09:00,2026/09/08,2026/12/10,2026-12,CALL,54250,12545,,,,,,,,,,,,,
2026/09/07 23:58,2026-09-08T00:13:21+09:00,2026/09/08,2026/12/10,2026-12,PUT,54250,485,,,33.58,29.66,655,1,425,1,,,,,
2026/09/07 23:58,2026-09-08T00:13:21+09:00,2026/09/08,2026/12/10,2026-12,CALL,54000,12775,1941,,,,,,,,,,,,
2026/09/07 23:58,2026-09-08T00:13:21+09:00,2026/09/08,2026/12/10,2026-12,PUT,54000,470,2663,,33.84,29.81,635,1,405,1,,,,,
2026/09/07 23:58,2026-09-08T00:13:21+09:00,2026/09/08,2026/12/10,2026-12,CALL,53750,13010,,,,,,,,,,,,,
2026/09/07 23:58,2026-09-08T00:13:21+09:00,2026/09/08,2026/12/10,2026-12,PUT,53750,455,4,,34.09,30.04,615,1,390,1,,,,,
2026/09/07 23:58,2026-09-08T00:13:21+09:00,2026/09/08,2026/12/10,2026-12,CALL,53500,13250,106,,,,,,,,,,,,
2026/09/07 23:58,2026-09-08T00:13:21+09:00,2026/09/08,2026/12/10,2026-12,PUT,53500,440,205,,34.41,30.16,600,1,370,1,,,,,
2026/09/07 23:58,2026-09-08T00:13:21+09:00,2026/09/08,2026/12/10,2026-12,CALL,53250,13485,,,,,,,,,,,,,
2026/09/07 23:58,2026-09-08T00:13:21+09:00,2026/09/08,2026/12/10,2026-12,PUT,53250,425,187,,34.64,30.36,580,1,355,1,,,,,
2026/09/07 23:58,2026-09-08T00:13:21+09:00,2026/09/08,2026/12/10,2026-12,CALL,53000,13720,1135,,,,,,,,,,,,
2026/09/07 23:58,2026-09-08T00:13:21+09:00,2026/09/08,2026/12/10,2026-12,PUT,53000,420,1712,85,33.4,32.83,480,42,450,35,33.1,-45,-9.09,450,09/07 18:21
2026/09/07 23:58,2026-09-08T00:13:21+09:00,2026/09/08,2026/12/10,2026-12,CALL,52750,13955,,,,,,,,,,,,,
2026/09/07 23:58,2026-09-08T00:13:21+09:00,2026/09/08,2026/12/10,2026-12,PUT,52750,400,,,35.25,30.74,550,1,325,1,,,,,
2026/09/07 23:58,2026-09-08T00:13:21+09:00,2026/09/08,2026/12/10,2026-12,CALL,52500,14175,50,,,,,,,,,,,,
2026/09/07 23:58,2026-09-08T00:13:21+09:00,2026/09/08,2026/12/10,2026-12,PUT,52500,375,600,,35.54,30.9,535,1,310,1,,,,,
2026/09/07 23:58,2026-09-08T00:13:21+09:00,2026/09/08,2026/12/10,2026-12,CALL,52250,14420,250,,,,,,,,,,,,
2026/09/07 23:58,2026-09-08T00:13:21+09:00,2026/09/08,2026/12/10,2026-12,PUT,52250,370,525,,35.83,31.08,520,1,296,1,,,,,
2026/09/07 23:58,2026-09-08T00:13:21+09:00,2026/09/08,2026/12/10,2026-12,CALL,52000,14670,802,,,,,,,,,,,,
2026/09/07 23:58,2026-09-08T00:13:21+09:00,2026/09/08,2026/12/10,2026-12,PUT,52000,365,2766,,35.81,31.69,490,1,300,1,,,,,
2026/09/07 23:58,2026-09-08T00:13:21+09:00,2026/09/08,2026/12/10,2026-12,CALL,51750,14905,,,,,,,,,,,,,
2026/09/07 23:58,2026-09-08T00:13:21+09:00,2026/09/08,2026/12/10,2026-12,PUT,51750,355,,,36.07,31.92,475,1,289,1,,,,,
2026/09/07 23:58,2026-09-08T00:13:21+09:00,2026/09/08,2026/12/10,2026-12,CALL,51500,15145,,,,,,,,,,,,,
2026/09/07 23:58,2026-09-08T00:13:21+09:00,2026/09/08,2026/12/10,2026-12,PUT,51500,345,20,,36.32,32.12,460,1,277,1,,,,,
2026/09/07 23:58,2026-09-08T00:13:21+09:00,2026/09/08,2026/12/10,2026-12,CALL,51250,15385,,,,,,,,,,,,,
2026/09/07 23:58,2026-09-08T00:13:21+09:00,2026/09/08,2026/12/10,2026-12,PUT,51250,335,2,,36.67,32.31,450,1,265,1,,,,,
2026/09/07 23:58,2026-09-08T00:13:21+09:00,2026/09/08,2026/12/10,2026-12,CALL,51000,15600,731,,,,,,,,,,,,
2026/09/07 23:58,2026-09-08T00:13:21+09:00,2026/09/08,2026/12/10,2026-12,PUT,51000,305,1565,,37.01,32.51,440,1,254,1,,,,,
2026/09/07 23:58,2026-09-08T00:13:21+09:00,2026/09/08,2026/12/10,2026-12,CALL,50750,15845,45,,,,,,,,,,,,
2026/09/07 23:58,2026-09-08T00:13:21+09:00,2026/09/08,2026/12/10,2026-12,PUT,50750,296,47,,37.24,32.7,425,1,243,1,,,,,
2026/09/07 23:58,2026-09-08T00:13:21+09:00,2026/09/08,2026/12/10,2026-12,CALL,50500,16085,600,,,,,,,,,,,,
2026/09/07 23:58,2026-09-08T00:13:21+09:00,2026/09/08,2026/12/10,2026-12,PUT,50500,289,1175,,37.57,32.88,415,1,232,1,,,,,
2026/09/07 23:58,2026-09-08T00:13:21+09:00,2026/09/08,2026/12/10,2026-12,CALL,50250,16325,58,,,,,,,,,,,,
2026/09/07 23:58,2026-09-08T00:13:21+09:00,2026/09/08,2026/12/10,2026-12,PUT,50250,281,16,,37.89,33.07,405,1,222,1,,,,,
2026/09/07 23:58,2026-09-08T00:13:21+09:00,2026/09/08,2026/12/10,2026-12,CALL,50000,16555,4442,,,,,,,,,,,,
2026/09/07 23:58,2026-09-08T00:13:21+09:00,2026/09/08,2026/12/10,2026-12,PUT,50000,263,7597,,38.21,33.29,395,1,213,1,,,,,
2026/09/07 23:58,2026-09-08T00:13:21+09:00,2026/09/08,2026/12/10,2026-12,CALL,49750,16805,,,,,,,,,,,,,
2026/09/07 23:58,2026-09-08T00:13:21+09:00,2026/09/08,2026/12/10,2026-12,PUT,49750,263,73,,38.52,33.45,385,1,203,1,,,,,
2026/09/07 23:58,2026-09-08T00:13:21+09:00,2026/09/08,2026/12/10,2026-12,CALL,49500,17050,260,,,,,,,,,,,,
2026/09/07 23:58,2026-09-08T00:13:21+09:00,2026/09/08,2026/12/10,2026-12,PUT,49500,256,2719,,38.95,33.64,380,1,194,1,,,,,
2026/09/07 23:58,2026-09-08T00:13:21+09:00,2026/09/08,2026/12/10,2026-12,CALL,49250,17290,,,,,,,,,,,,,
2026/09/07 23:58,2026-09-08T00:13:21+09:00,2026/09/08,2026/12/10,2026-12,PUT,49250,248,202,,39.25,33.82,370,1,185,1,,,,,
2026/09/07 23:58,2026-09-08T00:13:21+09:00,2026/09/08,2026/12/10,2026-12,CALL,49000,17520,1000,,,,,,,,,,,,
2026/09/07 23:58,2026-09-08T00:13:21+09:00,2026/09/08,2026/12/10,2026-12,PUT,49000,228,3179,,39.55,34.02,360,1,177,1,,,,,
2026/09/07 23:58,2026-09-08T00:13:21+09:00,2026/09/08,2026/12/10,2026-12,CALL,48750,17765,,,,,,,,,,,,,
2026/09/07 23:58,2026-09-08T00:13:21+09:00,2026/09/08,2026/12/10,2026-12,PUT,48750,227,2,,39.97,34.2,355,1,169,1,,,,,
2026/09/07 23:58,2026-09-08T00:13:21+09:00,2026/09/08,2026/12/10,2026-12,CALL,48500,18015,,,,,,,,,,,,,
2026/09/07 23:58,2026-09-08T00:13:21+09:00,2026/09/08,2026/12/10,2026-12,PUT,48500,228,302,,40.25,34.42,345,1,162,1,,,,,
2026/09/07 23:58,2026-09-08T00:13:21+09:00,2026/09/08,2026/12/10,2026-12,CALL,48250,18260,,,,,,,,,,,,,
2026/09/07 23:58,2026-09-08T00:13:21+09:00,2026/09/08,2026/12/10,2026-12,PUT,48250,220,3,,40.66,34.58,340,1,154,1,,,,,
2026/09/07 23:58,2026-09-08T00:13:21+09:00,2026/09/08,2026/12/10,2026-12,CALL,48000,18500,750,,,,,,,,,,,,
2026/09/07 23:58,2026-09-08T00:13:21+09:00,2026/09/08,2026/12/10,2026-12,PUT,48000,215,4136,,40.94,34.76,330,1,147,1,,,,,
2026/09/07 23:58,2026-09-08T00:13:21+09:00,2026/09/08,2026/12/10,2026-12,CALL,47750,18745,,,,,,,,,,,,,
2026/09/07 23:58,2026-09-08T00:13:21+09:00,2026/09/08,2026/12/10,2026-12,PUT,47750,209,2,,41.35,34.94,325,1,140,1,,,,,
2026/09/07 23:58,2026-09-08T00:13:21+09:00,2026/09/08,2026/12/10,2026-12,CALL,47500,18985,200,,,,,,,,,,,,
2026/09/07 23:58,2026-09-08T00:13:21+09:00,2026/09/08,2026/12/10,2026-12,PUT,47500,199,1121,,41.61,35.15,315,1,134,1,,,,,
2026/09/07 23:58,2026-09-08T00:13:21+09:00,2026/09/08,2026/12/10,2026-12,CALL,47250,19230,,,,,,,,,,,,,
2026/09/07 23:58,2026-09-08T00:13:21+09:00,2026/09/08,2026/12/10,2026-12,PUT,47250,198,,,42.01,35.29,310,1,127,1,,,,,
2026/09/07 23:58,2026-09-08T00:13:21+09:00,2026/09/08,2026/12/10,2026-12,CALL,47000,19475,350,,,,,,,,,,,,
2026/09/07 23:58,2026-09-08T00:13:21+09:00,2026/09/08,2026/12/10,2026-12,PUT,47000,193,2846,,40.67,35.48,250,1,121,1,,,,,
2026/09/07 23:58,2026-09-08T00:13:21+09:00,2026/09/08,2026/12/10,2026-12,CALL,46750,19720,,,,,,,,,,,,,
2026/09/07 23:58,2026-09-08T00:13:21+09:00,2026/09/08,2026/12/10,2026-12,PUT,46750,188,,,42.69,35.65,296,1,115,1,,,,,
2026/09/07 23:58,2026-09-08T00:13:21+09:00,2026/09/08,2026/12/10,2026-12,CALL,46500,19965,,,,,,,,,,,,,
2026/09/07 23:58,2026-09-08T00:13:21+09:00,2026/09/08,2026/12/10,2026-12,PUT,46500,183,,,42.24,37.14,265,1,135,1,,,,,
2026/09/07 23:58,2026-09-08T00:13:21+09:00,2026/09/08,2026/12/10,2026-12,CALL,46250,20205,315,,,,,,,,,,,,
2026/09/07 23:58,2026-09-08T00:13:21+09:00,2026/09/08,2026/12/10,2026-12,PUT,46250,178,,,42.58,37.33,259,1,129,1,,,,,
2026/09/07 23:58,2026-09-08T00:13:21+09:00,2026/09/08,2026/12/10,2026-12,CALL,46000,20450,2300,,,,,,,,,,,,
2026/09/07 23:58,2026-09-08T00:13:21+09:00,2026/09/08,2026/12/10,2026-12,PUT,46000,173,3857,,42.96,37.57,254,1,124,1,,,,,
2026/09/07 23:58,2026-09-08T00:13:21+09:00,2026/09/08,2026/12/10,2026-12,CALL,45750,20695,,,,,,,,,,,,,
2026/09/07 23:58,2026-09-08T00:13:21+09:00,2026/09/08,2026/12/10,2026-12,PUT,45750,169,,,43.29,37.79,248,1,119,1,,,,,
2026/09/07 23:58,2026-09-08T00:13:21+09:00,2026/09/08,2026/12/10,2026-12,CALL,45500,20940,200,,,,,,,,,,,,
2026/09/07 23:58,2026-09-08T00:13:21+09:00,2026/09/08,2026/12/10,2026-12,PUT,45500,165,350,,43.65,38,243,1,114,1,,,,,
2026/09/07 23:58,2026-09-08T00:13:21+09:00,2026/09/08,2026/12/10,2026-12,CALL,45250,21185,413,,,,,,,,,,,,
2026/09/07 23:58,2026-09-08T00:13:21+09:00,2026/09/08,2026/12/10,2026-12,PUT,45250,160,51,,44.02,38.21,238,1,109,1,,,,,
2026/09/07 23:58,2026-09-08T00:13:21+09:00,2026/09/08,2026/12/10,2026-12,CALL,45000,21430,1842,,,,,,,,,,,,
2026/09/07 23:58,2026-09-08T00:13:21+09:00,2026/09/08,2026/12/10,2026-12,PUT,45000,156,2725,,44.41,38.4,234,1,104,1,,,,,
2026/09/07 23:58,2026-09-08T00:13:21+09:00,2026/09/08,2026/12/10,2026-12,CALL,44750,21675,,,,,,,,,,,,,
2026/09/07 23:58,2026-09-08T00:13:21+09:00,2026/09/08,2026/12/10,2026-12,PUT,44750,152,,,44.77,38.64,229,1,100,1,,,,,
2026/09/07 23:58,2026-09-08T00:13:21+09:00,2026/09/08,2026/12/10,2026-12,CALL,44500,21920,,,,,,,,,,,,,
2026/09/07 23:58,2026-09-08T00:13:21+09:00,2026/09/08,2026/12/10,2026-12,PUT,44500,148,,,45.12,38.81,224,1,95,1,,,,,
2026/09/07 23:58,2026-09-08T00:13:21+09:00,2026/09/08,2026/12/10,2026-12,CALL,44250,22165,,,,,,,,,,,,,
2026/09/07 23:58,2026-09-08T00:13:21+09:00,2026/09/08,2026/12/10,2026-12,PUT,44250,144,,,45.51,39.03,220,1,91,1,,,,,
2026/09/07 23:58,2026-09-08T00:13:21+09:00,2026/09/08,2026/12/10,2026-12,CALL,44000,22410,600,,,,,,,,,,,,
2026/09/07 23:58,2026-09-08T00:13:21+09:00,2026/09/08,2026/12/10,2026-12,PUT,44000,141,2800,,45.9,40.73,216,1,110,1,,,,,
2026/09/07 23:58,2026-09-08T00:13:21+09:00,2026/09/08,2026/12/10,2026-12,CALL,43750,22655,131,,,,,,,,,,,,
2026/09/07 23:58,2026-09-08T00:13:21+09:00,2026/09/08,2026/12/10,2026-12,PUT,43750,138,9,,46.28,39.36,212,1,82,1,,,,,
2026/09/07 23:58,2026-09-08T00:13:21+09:00,2026/09/08,2026/12/10,2026-12,CALL,43500,22900,,,,,,,,,,,,,
2026/09/07 23:58,2026-09-08T00:13:21+09:00,2026/09/08,2026/12/10,2026-12,PUT,43500,134,100,,46.67,39.62,208,1,79,1,,,,,
2026/09/07 23:58,2026-09-08T00:13:21+09:00,2026/09/08,2026/12/10,2026-12,CALL,43250,23145,,,,,,,,,,,,,
2026/09/07 23:58,2026-09-08T00:13:21+09:00,2026/09/08,2026/12/10,2026-12,PUT,43250,131,,,47.05,39.79,204,1,75,1,,,,,
2026/09/07 23:58,2026-09-08T00:13:21+09:00,2026/09/08,2026/12/10,2026-12,CALL,43000,23395,1400,,,,,,,,,,,,
2026/09/07 23:58,2026-09-08T00:13:21+09:00,2026/09/08,2026/12/10,2026-12,PUT,43000,127,1682,,47.42,39.95,200,1,71,1,,,,,
2026/09/07 23:58,2026-09-08T00:13:21+09:00,2026/09/08,2026/12/10,2026-12,CALL,42750,23640,,,,,,,,,,,,,
2026/09/07 23:58,2026-09-08T00:13:21+09:00,2026/09/08,2026/12/10,2026-12,PUT,42750,124,,,47.84,40.09,197,1,67,1,,,,,
2026/09/07 23:58,2026-09-08T00:13:21+09:00,2026/09/08,2026/12/10,2026-12,CALL,42500,23885,250,,,,,,,,,,,,
2026/09/07 23:58,2026-09-08T00:13:21+09:00,2026/09/08,2026/12/10,2026-12,PUT,42500,121,300,,48.22,40.3,193,1,64,1,,,,,
2026/09/07 23:58,2026-09-08T00:13:21+09:00,2026/09/08,2026/12/10,2026-12,CALL,42250,24130,,,,,,,,,,,,,
2026/09/07 23:58,2026-09-08T00:13:21+09:00,2026/09/08,2026/12/10,2026-12,PUT,42250,118,,,48.64,40.41,190,1,60,1,,,,,
2026/09/07 23:58,2026-09-08T00:13:21+09:00,2026/09/08,2026/12/10,2026-12,CALL,42000,24360,1071,,,,,,,,,,,,
2026/09/07 23:58,2026-09-08T00:13:21+09:00,2026/09/08,2026/12/10,2026-12,PUT,42000,110,3702,,49.01,40.6,186,1,57,1,,,,,
2026/09/07 23:58,2026-09-08T00:13:21+09:00,2026/09/08,2026/12/10,2026-12,CALL,41750,24610,,,,,,,,,,,,,
2026/09/07 23:58,2026-09-08T00:13:21+09:00,2026/09/08,2026/12/10,2026-12,PUT,41750,99,,,49.42,40.77,183,1,54,1,,,,,
2026/09/07 23:58,2026-09-08T00:13:21+09:00,2026/09/08,2026/12/10,2026-12,CALL,41500,24860,100,,,,,,,,,,,,
2026/09/07 23:58,2026-09-08T00:13:21+09:00,2026/09/08,2026/12/10,2026-12,PUT,41500,98,101,,49.83,40.93,180,1,51,1,,,,,
2026/09/07 23:58,2026-09-08T00:13:21+09:00,2026/09/08,2026/12/10,2026-12,CALL,41250,25105,,,,,,,,,,,,,
2026/09/07 23:58,2026-09-08T00:13:21+09:00,2026/09/08,2026/12/10,2026-12,PUT,41250,97,3,,50.25,41.07,177,1,48,1,,,,,
2026/09/07 23:58,2026-09-08T00:13:21+09:00,2026/09/08,2026/12/10,2026-12,CALL,41000,25355,1300,,,,,,,,,,,,
2026/09/07 23:58,2026-09-08T00:13:21+09:00,2026/09/08,2026/12/10,2026-12,PUT,41000,96,1827,,50.66,41.19,174,1,45,1,,,,,
2026/09/07 23:58,2026-09-08T00:13:21+09:00,2026/09/08,2026/12/10,2026-12,CALL,40750,25600,,,,,,,,,,,,,
2026/09/07 23:58,2026-09-08T00:13:21+09:00,2026/09/08,2026/12/10,2026-12,PUT,40750,96,,,51.07,41.29,171,1,42,1,,,,,
2026/09/07 23:58,2026-09-08T00:13:21+09:00,2026/09/08,2026/12/10,2026-12,CALL,40500,25850,400,,,,,,,,,,,,
2026/09/07 23:58,2026-09-08T00:13:21+09:00,2026/09/08,2026/12/10,2026-12,PUT,40500,95,1399,,51.48,41.37,168,1,39,1,,,,,
2026/09/07 23:58,2026-09-08T00:13:21+09:00,2026/09/08,2026/12/10,2026-12,CALL,40250,26100,,,,,,,,,,,,,
2026/09/07 23:58,2026-09-08T00:13:21+09:00,2026/09/08,2026/12/10,2026-12,PUT,40250,94,5,,51.88,41.42,165,1,36,1,,,,,
2026/09/07 23:58,2026-09-08T00:13:21+09:00,2026/09/08,2026/12/10,2026-12,CALL,40000,26345,1200,,,,,,,,,,,,
2026/09/07 23:58,2026-09-08T00:13:21+09:00,2026/09/08,2026/12/10,2026-12,PUT,40000,107,5302,,51.67,46.72,151,1,80,1,,,,,
2026/09/07 23:58,2026-09-08T00:13:21+09:00,2026/09/08,2026/12/10,2026-12,CALL,39750,26595,,,,,,,,,,,,,
2026/09/07 23:58,2026-09-08T00:13:21+09:00,2026/09/08,2026/12/10,2026-12,PUT,39750,92,,,52.06,43.34,148,1,43,1,,,,,
2026/09/07 23:58,2026-09-08T00:13:21+09:00,2026/09/08,2026/12/10,2026-12,CALL,39500,26840,500,,,,,,,,,,,,
2026/09/07 23:58,2026-09-08T00:13:21+09:00,2026/09/08,2026/12/10,2026-12,PUT,39500,90,1008,,52.45,43.43,145,1,40,1,,,,,
2026/09/07 23:58,2026-09-08T00:13:21+09:00,2026/09/08,2026/12/10,2026-12,CALL,39250,27060,,,,,,,,,,,,,
2026/09/07 23:58,2026-09-08T00:13:21+09:00,2026/09/08,2026/12/10,2026-12,PUT,39250,60,650,,52.89,43.63,143,1,38,1,,,,,
2026/09/07 23:58,2026-09-08T00:13:21+09:00,2026/09/08,2026/12/10,2026-12,CALL,39000,27305,750,,,,,,,,,,,,
2026/09/07 23:58,2026-09-08T00:13:21+09:00,2026/09/08,2026/12/10,2026-12,PUT,39000,58,2405,,53.34,43.66,141,1,35,1,,,,,
2026/09/07 23:58,2026-09-08T00:13:21+09:00,2026/09/08,2026/12/10,2026-12,CALL,38750,27555,50,,,,,,,,,,,,
2026/09/07 23:58,2026-09-08T00:13:21+09:00,2026/09/08,2026/12/10,2026-12,PUT,38750,56,50,,53.73,43.82,138,1,33,1,,,,,
2026/09/07 23:58,2026-09-08T00:13:21+09:00,2026/09/08,2026/12/10,2026-12,CALL,38500,27800,700,,,,,,,,,,,,
2026/09/07 23:58,2026-09-08T00:13:21+09:00,2026/09/08,2026/12/10,2026-12,PUT,38500,55,1150,,54.18,43.97,136,1,31,1,,,,,
2026/09/07 23:58,2026-09-08T00:13:21+09:00,2026/09/08,2026/12/10,2026-12,CALL,38250,28050,,,,,,,,,,,,,
2026/09/07 23:58,2026-09-08T00:13:21+09:00,2026/09/08,2026/12/10,2026-12,PUT,38250,53,,,54.62,44.1,134,1,29,1,,,,,
2026/09/07 23:58,2026-09-08T00:13:21+09:00,2026/09/08,2026/12/10,2026-12,CALL,38000,28295,1225,,,,,,,,,,,,
2026/09/07 23:58,2026-09-08T00:13:21+09:00,2026/09/08,2026/12/10,2026-12,PUT,38000,52,2686,,55.07,44.01,132,1,26,1,,,,,
2026/09/07 23:58,2026-09-08T00:13:21+09:00,2026/09/08,2026/12/10,2026-12,CALL,37750,28545,100,,,,,,,,,,,,
2026/09/07 23:58,2026-09-08T00:13:21+09:00,2026/09/08,2026/12/10,2026-12,PUT,37750,49,100,,55.45,44.08,129,1,24,1,,,,,
2026/09/07 23:58,2026-09-08T00:13:21+09:00,2026/09/08,2026/12/10,2026-12,CALL,37500,28790,88,,,,,,,,,,,,
2026/09/07 23:58,2026-09-08T00:13:21+09:00,2026/09/08,2026/12/10,2026-12,PUT,37500,48,188,,55.9,44.12,127,1,22,1,,,,,
2026/09/07 23:58,2026-09-08T00:13:21+09:00,2026/09/08,2026/12/10,2026-12,CALL,37250,29040,,,,,,,,,,,,,
2026/09/07 23:58,2026-09-08T00:13:21+09:00,2026/09/08,2026/12/10,2026-12,PUT,37250,46,,,56.34,44.12,125,1,20,1,,,,,
2026/09/07 23:58,2026-09-08T00:13:21+09:00,2026/09/08,2026/12/10,2026-12,CALL,37000,29285,450,,,,,,,,,,,,
2026/09/07 23:58,2026-09-08T00:13:21+09:00,2026/09/08,2026/12/10,2026-12,PUT,37000,45,2535,,56.79,44.08,123,1,18,1,,,,,
2026/09/07 23:58,2026-09-08T00:13:21+09:00,2026/09/08,2026/12/10,2026-12,CALL,36750,29535,,,,,,,,,,,,,
2026/09/07 23:58,2026-09-08T00:13:21+09:00,2026/09/08,2026/12/10,2026-12,PUT,36750,43,400,,57.23,43.99,121,1,16,1,,,,,
2026/09/07 23:58,2026-09-08T00:13:21+09:00,2026/09/08,2026/12/10,2026-12,CALL,36500,29780,252,,,,,,,,,,,,
2026/09/07 23:58,2026-09-08T00:13:21+09:00,2026/09/08,2026/12/10,2026-12,PUT,36500,42,225,,57.68,43.84,119,1,14,1,,,,,
2026/09/07 23:58,2026-09-08T00:13:21+09:00,2026/09/08,2026/12/10,2026-12,CALL,36250,30030,,,,,,,,,,,,,
2026/09/07 23:58,2026-09-08T00:13:21+09:00,2026/09/08,2026/12/10,2026-12,PUT,36250,40,,,58.2,43.61,118,1,12,1,,,,,
2026/09/07 23:58,2026-09-08T00:13:21+09:00,2026/09/08,2026/12/10,2026-12,CALL,36000,30275,975,,,,,,,,,,,,
2026/09/07 23:58,2026-09-08T00:13:21+09:00,2026/09/08,2026/12/10,2026-12,PUT,36000,39,2905,,58.64,43.69,116,1,11,1,,,,,
2026/09/07 23:58,2026-09-08T00:13:21+09:00,2026/09/08,2026/12/10,2026-12,CALL,35750,30525,,,,,,,,,,,,,
2026/09/07 23:58,2026-09-08T00:13:21+09:00,2026/09/08,2026/12/10,2026-12,PUT,35750,38,,,59.09,43.29,114,1,9,1,,,,,
2026/09/07 23:58,2026-09-08T00:13:21+09:00,2026/09/08,2026/12/10,2026-12,CALL,35500,30770,,,,,,,,,,,,,
2026/09/07 23:58,2026-09-08T00:13:21+09:00,2026/09/08,2026/12/10,2026-12,PUT,35500,36,,,59.53,42.71,112,1,7,1,,,,,
2026/09/07 23:58,2026-09-08T00:13:21+09:00,2026/09/08,2026/12/10,2026-12,CALL,35250,31020,,,,,,,,,,,,,
2026/09/07 23:58,2026-09-08T00:13:21+09:00,2026/09/08,2026/12/10,2026-12,PUT,35250,35,,,60.06,42.55,111,1,6,1,,,,,
2026/09/07 23:58,2026-09-08T00:13:21+09:00,2026/09/08,2026/12/10,2026-12,CALL,35000,31265,435,,,,,,,,,,,,
2026/09/07 23:58,2026-09-08T00:13:21+09:00,2026/09/08,2026/12/10,2026-12,PUT,35000,40,5037,,60.51,52.69,109,1,40,1,,,,,
2026/09/07 23:58,2026-09-08T00:13:21+09:00,2026/09/08,2026/12/10,2026-12,CALL,34750,31515,,,,,,,,,,,,,
2026/09/07 23:58,2026-09-08T00:13:21+09:00,2026/09/08,2026/12/10,2026-12,PUT,34750,32,1,,60.95,39.58,107,1,2,1,,,,,
2026/09/07 23:58,2026-09-08T00:13:21+09:00,2026/09/08,2026/12/10,2026-12,CALL,34500,31760,400,,,,,,,,,,,,
2026/09/07 23:58,2026-09-08T00:13:21+09:00,2026/09/08,2026/12/10,2026-12,PUT,34500,31,560,,61.48,37.96,106,1,1,1,,,,,
2026/09/07 23:58,2026-09-08T00:13:21+09:00,2026/09/08,2026/12/10,2026-12,CALL,34250,32010,,,,,,,,,,,,,
2026/09/07 23:58,2026-09-08T00:13:21+09:00,2026/09/08,2026/12/10,2026-12,PUT,34250,30,,,61.93,,104,1,,,,,,,
2026/09/07 23:58,2026-09-08T00:13:21+09:00,2026/09/08,2026/12/10,2026-12,CALL,34000,32255,280,,,,,,,,,,,,
2026/09/07 23:58,2026-09-08T00:13:21+09:00,2026/09/08,2026/12/10,2026-12,PUT,34000,29,2820,,62.46,54,103,1,35,1,,,,,
2026/09/07 23:58,2026-09-08T00:13:21+09:00,2026/09/08,2026/12/10,2026-12,CALL,33750,32505,,,,,,,,,,,,,
2026/09/07 23:58,2026-09-08T00:13:21+09:00,2026/09/08,2026/12/10,2026-12,PUT,33750,28,,,62.15,43.72,93,1,4,1,,,,,
2026/09/07 23:58,2026-09-08T00:13:21+09:00,2026/09/08,2026/12/10,2026-12,CALL,33500,32755,,,,,,,,,,,,,
2026/09/07 23:58,2026-09-08T00:13:21+09:00,2026/09/08,2026/12/10,2026-12,PUT,33500,27,72,,62.67,43.12,92,1,3,1,,,,,
2026/09/07 23:58,2026-09-08T00:13:21+09:00,2026/09/08,2026/12/10,2026-12,CALL,33250,33000,,,,,,,,,,,,,
2026/09/07 23:58,2026-09-08T00:13:21+09:00,2026/09/08,2026/12/10,2026-12,PUT,33250,26,37,,63.2,42.17,91,1,2,1,,,,,
2026/09/07 23:58,2026-09-08T00:13:21+09:00,2026/09/08,2026/12/10,2026-12,CALL,33000,33250,1950,,,,,,,,,,,,
2026/09/07 23:58,2026-09-08T00:13:21+09:00,2026/09/08,2026/12/10,2026-12,PUT,33000,25,3362,,63.63,,89,1,,,,,,,
2026/09/07 23:58,2026-09-08T00:13:21+09:00,2026/09/08,2026/12/10,2026-12,CALL,32750,33495,,,,,,,,,,,,,
2026/09/07 23:58,2026-09-08T00:13:21+09:00,2026/09/08,2026/12/10,2026-12,PUT,32750,24,,,64.16,,88,1,,,,,,,
2026/09/07 23:58,2026-09-08T00:13:21+09:00,2026/09/08,2026/12/10,2026-12,CALL,32500,33745,250,,,,,,,,,,,,
2026/09/07 23:58,2026-09-08T00:13:21+09:00,2026/09/08,2026/12/10,2026-12,PUT,32500,23,900,,64.69,,87,1,,,,,,,
2026/09/07 23:58,2026-09-08T00:13:21+09:00,2026/09/08,2026/12/10,2026-12,CALL,32250,33995,,,,,,,,,,,,,
2026/09/07 23:58,2026-09-08T00:13:21+09:00,2026/09/08,2026/12/10,2026-12,PUT,32250,22,600,,65.12,,85,1,,,,,,,
2026/09/07 23:58,2026-09-08T00:13:21+09:00,2026/09/08,2026/12/10,2026-12,CALL,32000,34240,700,,,,,,,,,,,,
2026/09/07 23:58,2026-09-08T00:13:21+09:00,2026/09/08,2026/12/10,2026-12,PUT,32000,21,4655,,65.66,42.16,84,1,1,10,,,,,
2026/09/07 23:58,2026-09-08T00:13:21+09:00,2026/09/08,2026/12/10,2026-12,CALL,31750,34490,,,,,,,,,,,,,
2026/09/07 23:58,2026-09-08T00:13:21+09:00,2026/09/08,2026/12/10,2026-12,PUT,31750,20,,,66.19,,83,1,,,,,,,
2026/09/07 23:58,2026-09-08T00:13:21+09:00,2026/09/08,2026/12/10,2026-12,CALL,31500,34735,50,,,,,,,,,,,,
2026/09/07 23:58,2026-09-08T00:13:21+09:00,2026/09/08,2026/12/10,2026-12,PUT,31500,19,350,,66.73,,82,1,,,,,,,
2026/09/07 23:58,2026-09-08T00:13:21+09:00,2026/09/08,2026/12/10,2026-12,CALL,31250,34985,,,,,,,,,,,,,
2026/09/07 23:58,2026-09-08T00:13:21+09:00,2026/09/08,2026/12/10,2026-12,PUT,31250,18,,,67.28,,81,1,,,,,,,
2026/09/07 23:58,2026-09-08T00:13:21+09:00,2026/09/08,2026/12/10,2026-12,CALL,31000,35235,241,,,,,,,,,,,,
2026/09/07 23:58,2026-09-08T00:13:21+09:00,2026/09/08,2026/12/10,2026-12,PUT,31000,18,2037,,67.82,43.93,80,1,1,10,,,,,
2026/09/07 23:58,2026-09-08T00:13:21+09:00,2026/09/08,2026/12/10,2026-12,CALL,30750,35480,,,,,,,,,,,,,
2026/09/07 23:58,2026-09-08T00:13:21+09:00,2026/09/08,2026/12/10,2026-12,PUT,30750,17,,,68.37,,79,1,,,,,,,
2026/09/07 23:58,2026-09-08T00:13:21+09:00,2026/09/08,2026/12/10,2026-12,CALL,30500,35730,50,,,,,,,,,,,,
2026/09/07 23:58,2026-09-08T00:13:21+09:00,2026/09/08,2026/12/10,2026-12,PUT,30500,16,51,,68.92,,78,1,,,,,,,
2026/09/07 23:58,2026-09-08T00:13:21+09:00,2026/09/08,2026/12/10,2026-12,CALL,30250,35980,,,,,,,,,,,,,
2026/09/07 23:58,2026-09-08T00:13:21+09:00,2026/09/08,2026/12/10,2026-12,PUT,30250,15,,,69.47,,77,1,,,,,,,
2026/09/07 23:58,2026-09-08T00:13:21+09:00,2026/09/08,2026/12/10,2026-12,CALL,30000,36225,1303,,,,,,,,,,,,
2026/09/07 23:58,2026-09-08T00:13:21+09:00,2026/09/08,2026/12/10,2026-12,PUT,30000,21,6702,,65.19,59.49,44,1,20,3,,,,,
2026/09/07 23:58,2026-09-08T00:13:21+09:00,2026/09/08,2026/12/10,2026-12,CALL,29750,36475,,,,,,,,,,,,,
2026/09/07 23:58,2026-09-08T00:13:21+09:00,2026/09/08,2026/12/10,2026-12,PUT,29750,14,,,70.58,,75,1,,,,,,,
2026/09/07 23:58,2026-09-08T00:13:21+09:00,2026/09/08,2026/12/10,2026-12,CALL,29500,36725,,,,,,,,,,,,,
2026/09/07 23:58,2026-09-08T00:13:21+09:00,2026/09/08,2026/12/10,2026-12,PUT,29500,13,,,71.14,,74,1,,,,,,,
2026/09/07 23:58,2026-09-08T00:13:21+09:00,2026/09/08,2026/12/10,2026-12,CALL,29250,36970,,,,,,,,,,,,,
2026/09/07 23:58,2026-09-08T00:13:21+09:00,2026/09/08,2026/12/10,2026-12,PUT,29250,12,,,71.7,,73,1,,,,,,,
2026/09/07 23:58,2026-09-08T00:13:21+09:00,2026/09/08,2026/12/10,2026-12,CALL,29000,37220,150,,,,,,,,,,,,
2026/09/07 23:58,2026-09-08T00:13:21+09:00,2026/09/08,2026/12/10,2026-12,PUT,29000,12,1450,,72.26,54.09,72,1,5,1,,,,,
2026/09/07 23:58,2026-09-08T00:13:21+09:00,2026/09/08,2026/12/10,2026-12,CALL,28750,37470,,,,,,,,,,,,,
2026/09/07 23:58,2026-09-08T00:13:21+09:00,2026/09/08,2026/12/10,2026-12,PUT,28750,11,,,72.83,,71,1,,,,,,,
2026/09/07 23:58,2026-09-08T00:13:21+09:00,2026/09/08,2026/12/10,2026-12,CALL,28500,37715,125,,,,,,,,,,,,
2026/09/07 23:58,2026-09-08T00:13:21+09:00,2026/09/08,2026/12/10,2026-12,PUT,28500,11,400,,73.4,,70,1,,,,,,,
2026/09/07 23:58,2026-09-08T00:13:21+09:00,2026/09/08,2026/12/10,2026-12,CALL,28250,37965,,,,,,,,,,,,,
2026/09/07 23:58,2026-09-08T00:13:21+09:00,2026/09/08,2026/12/10,2026-12,PUT,28250,10,,,71.46,,53,1,,,,,,,
2026/09/07 23:58,2026-09-08T00:13:21+09:00,2026/09/08,2026/12/10,2026-12,CALL,28000,38215,75,,,,,,,,,,,,
2026/09/07 23:58,2026-09-08T00:13:21+09:00,2026/09/08,2026/12/10,2026-12,PUT,28000,10,1327,,71.98,55.22,52,1,4,1,,,,,
2026/09/07 23:58,2026-09-08T00:13:21+09:00,2026/09/08,2026/12/10,2026-12,CALL,27750,38460,,,,,,,,,,,,,
2026/09/07 23:58,2026-09-08T00:13:21+09:00,2026/09/08,2026/12/10,2026-12,PUT,27750,9,72,,72.68,,52,1,,,,,,,
2026/09/07 23:58,2026-09-08T00:13:21+09:00,2026/09/08,2026/12/10,2026-12,CALL,27500,38710,,,,,,,,,,,,,
2026/09/07 23:58,2026-09-08T00:13:21+09:00,2026/09/08,2026/12/10,2026-12,PUT,27500,9,25,,73.21,,51,1,,,,,,,
2026/09/07 23:58,2026-09-08T00:13:21+09:00,2026/09/08,2026/12/10,2026-12,CALL,27250,38960,,,,,,,,,,,,,
2026/09/07 23:58,2026-09-08T00:13:21+09:00,2026/09/08,2026/12/10,2026-12,PUT,27250,8,,,73.74,,50,1,,,,,,,
2026/09/07 23:58,2026-09-08T00:13:21+09:00,2026/09/08,2026/12/10,2026-12,CALL,27000,39205,250,,,,,,,,,,,,
2026/09/07 23:58,2026-09-08T00:13:21+09:00,2026/09/08,2026/12/10,2026-12,PUT,27000,8,2630,,74.27,57.46,49,1,4,1,,,,,
2026/09/07 23:58,2026-09-08T00:13:21+09:00,2026/09/08,2026/12/10,2026-12,CALL,26750,39455,,,,,,,,,,,,,
2026/09/07 23:58,2026-09-08T00:13:21+09:00,2026/09/08,2026/12/10,2026-12,PUT,26750,7,,,74.99,,49,1,,,,,,,
2026/09/07 23:58,2026-09-08T00:13:21+09:00,2026/09/08,2026/12/10,2026-12,CALL,26500,39705,,,,,,,,,,,,,
2026/09/07 23:58,2026-09-08T00:13:21+09:00,2026/09/08,2026/12/10,2026-12,PUT,26500,10,1,,75.53,63.64,48,1,10,3,,,,,
2026/09/07 23:58,2026-09-08T00:13:21+09:00,2026/09/08,2026/12/10,2026-12,CALL,26250,39955,,,,,,,,,,,,,
2026/09/07 23:58,2026-09-08T00:13:21+09:00,2026/09/08,2026/12/10,2026-12,PUT,26250,6,,,76.06,,47,1,,,,,,,
2026/09/07 23:58,2026-09-08T00:13:21+09:00,2026/09/08,2026/12/10,2026-12,CALL,26000,40200,350,,,,,,,,,,,,
2026/09/07 23:58,2026-09-08T00:13:21+09:00,2026/09/08,2026/12/10,2026-12,PUT,26000,6,1425,,76.81,,47,1,,,,,,,
2026/09/07 23:58,2026-09-08T00:13:21+09:00,2026/09/08,2026/12/10,2026-12,CALL,25750,40450,,,,,,,,,,,,,
2026/09/07 23:58,2026-09-08T00:13:21+09:00,2026/09/08,2026/12/10,2026-12,PUT,25750,6,,,77.35,,46,1,,,,,,,
2026/09/07 23:58,2026-09-08T00:13:21+09:00,2026/09/08,2026/12/10,2026-12,CALL,25500,40700,,,,,,,,,,,,,
2026/09/07 23:58,2026-09-08T00:13:21+09:00,2026/09/08,2026/12/10,2026-12,PUT,25500,5,2,,77.89,,45,1,,,,,,,
2026/09/07 23:58,2026-09-08T00:13:21+09:00,2026/09/08,2026/12/10,2026-12,CALL,25250,40945,,,,,,,,,,,,,
2026/09/07 23:58,2026-09-08T00:13:21+09:00,2026/09/08,2026/12/10,2026-12,PUT,25250,5,1,,78.65,,45,1,,,,,,,
2026/09/07 23:58,2026-09-08T00:13:21+09:00,2026/09/08,2026/12/10,2026-12,CALL,25000,41195,300,,,,,,,,,,,,
2026/09/07 23:58,2026-09-08T00:13:21+09:00,2026/09/08,2026/12/10,2026-12,PUT,25000,6,2014,,75.7,64.4,30,1,6,8,,,,,
2026/09/07 23:58,2026-09-08T00:13:21+09:00,2026/09/08,2026/12/10,2026-12,CALL,24750,41445,,,,,,,,,,,,,
2026/09/07 23:58,2026-09-08T00:13:21+09:00,2026/09/08,2026/12/10,2026-12,PUT,24750,4,1,,79.97,,44,1,,,,,,,
2026/09/07 23:58,2026-09-08T00:13:21+09:00,2026/09/08,2026/12/10,2026-12,CALL,24500,41695,,,,,,,,,,,,,
2026/09/07 23:58,2026-09-08T00:13:21+09:00,2026/09/08,2026/12/10,2026-12,PUT,24500,4,250,,80.53,,43,1,,,,,,,
2026/09/07 23:58,2026-09-08T00:13:21+09:00,2026/09/08,2026/12/10,2026-12,CALL,24250,41940,,,,,,,,,,,,,
2026/09/07 23:58,2026-09-08T00:13:21+09:00,2026/09/08,2026/12/10,2026-12,PUT,24250,4,,,81.09,,42,1,,,,,,,
2026/09/07 23:58,2026-09-08T00:13:21+09:00,2026/09/08,2026/12/10,2026-12,CALL,24000,42190,,,,,,,,,,,,,
2026/09/07 23:58,2026-09-08T00:13:21+09:00,2026/09/08,2026/12/10,2026-12,PUT,24000,3,405,,81.4,,40,1,,,,,,,
2026/09/07 23:58,2026-09-08T00:13:21+09:00,2026/09/08,2026/12/10,2026-12,CALL,23750,42440,,,,,,,,,,,,,
2026/09/07 23:58,2026-09-08T00:13:21+09:00,2026/09/08,2026/12/10,2026-12,PUT,23750,3,,,82.44,,41,1,,,,,,,
2026/09/07 23:58,2026-09-08T00:13:21+09:00,2026/09/08,2026/12/10,2026-12,CALL,23500,42690,,,,,,,,,,,,,
2026/09/07 23:58,2026-09-08T00:13:21+09:00,2026/09/08,2026/12/10,2026-12,PUT,23500,3,127,,83.25,,41,1,,,,,,,
2026/09/07 23:58,2026-09-08T00:13:21+09:00,2026/09/08,2026/12/10,2026-12,CALL,23250,42935,,,,,,,,,,,,,
2026/09/07 23:58,2026-09-08T00:13:21+09:00,2026/09/08,2026/12/10,2026-12,PUT,23250,7,,,83.82,69.97,40,1,7,1,,,,,
2026/09/07 23:58,2026-09-08T00:13:21+09:00,2026/09/08,2026/12/10,2026-12,CALL,23000,43185,,,,,,,,,,,,,
2026/09/07 23:58,2026-09-08T00:13:21+09:00,2026/09/08,2026/12/10,2026-12,PUT,23000,3,2106,,84.65,63.7,40,1,2,1,,,,,
2026/09/07 23:58,2026-09-08T00:13:21+09:00,2026/09/08,2026/12/10,2026-12,CALL,22750,43435,,,,,,,,,,,,,
2026/09/07 23:58,2026-09-08T00:13:21+09:00,2026/09/08,2026/12/10,2026-12,PUT,22750,2,,,85.22,,39,1,,,,,,,
2026/09/07 23:58,2026-09-08T00:13:21+09:00,2026/09/08,2026/12/10,2026-12,CALL,22500,43685,,,,,,,,,,,,,
2026/09/07 23:58,2026-09-08T00:13:21+09:00,2026/09/08,2026/12/10,2026-12,PUT,22500,2,150,,86.06,,39,1,,,,,,,
2026/09/07 23:58,2026-09-08T00:13:21+09:00,2026/09/08,2026/12/10,2026-12,CALL,22250,43930,,,,,,,,,,,,,
2026/09/07 23:58,2026-09-08T00:13:21+09:00,2026/09/08,2026/12/10,2026-12,PUT,22250,2,,,86.91,,39,1,,,,,,,
2026/09/07 23:58,2026-09-08T00:13:21+09:00,2026/09/08,2026/12/10,2026-12,CALL,22000,44180,100,,,,,,,,,,,,
2026/09/07 23:58,2026-09-08T00:13:21+09:00,2026/09/08,2026/12/10,2026-12,PUT,22000,2,1716,,86.38,63.03,34,1,1,2,,,,,
2026/09/07 23:58,2026-09-08T00:13:21+09:00,2026/09/08,2026/12/10,2026-12,CALL,21750,44430,,,,,,,,,,,,,
2026/09/07 23:58,2026-09-08T00:13:21+09:00,2026/09/08,2026/12/10,2026-12,PUT,21750,2,,,87.23,,34,1,,,,,,,
2026/09/07 23:58,2026-09-08T00:13:21+09:00,2026/09/08,2026/12/10,2026-12,CALL,21500,44680,,,,,,,,,,,,,
2026/09/07 23:58,2026-09-08T00:13:21+09:00,2026/09/08,2026/12/10,2026-12,PUT,21500,2,500,,87.8,,33,1,,,,,,,
2026/09/07 23:58,2026-09-08T00:13:21+09:00,2026/09/08,2026/12/10,2026-12,CALL,21250,44925,,,,,,,,,,,,,
2026/09/07 23:58,2026-09-08T00:13:21+09:00,2026/09/08,2026/12/10,2026-12,PUT,21250,2,,,88.68,,33,1,,,,,,,
2026/09/07 23:58,2026-09-08T00:13:21+09:00,2026/09/08,2026/12/10,2026-12,CALL,21000,45175,,,,,,,,,,,,,
2026/09/07 23:58,2026-09-08T00:13:21+09:00,2026/09/08,2026/12/10,2026-12,PUT,21000,1,350,,89.56,,33,1,,,,,,,
2026/09/07 23:58,2026-09-08T00:13:21+09:00,2026/09/08,2026/12/10,2026-12,CALL,20750,45425,,,,,,,,,,,,,
2026/09/07 23:58,2026-09-08T00:13:21+09:00,2026/09/08,2026/12/10,2026-12,PUT,20750,1,,,90.14,,32,1,,,,,,,
2026/09/07 23:58,2026-09-08T00:13:21+09:00,2026/09/08,2026/12/10,2026-12,CALL,20500,45675,,,,,,,,,,,,,
2026/09/07 23:58,2026-09-08T00:13:21+09:00,2026/09/08,2026/12/10,2026-12,PUT,20500,1,,,91.05,,32,1,,,,,,,
2026/09/07 23:58,2026-09-08T00:13:21+09:00,2026/09/08,2026/12/10,2026-12,CALL,20250,45925,,,,,,,,,,,,,
2026/09/07 23:58,2026-09-08T00:13:21+09:00,2026/09/08,2026/12/10,2026-12,PUT,20250,1,3,,91.96,,32,1,,,,,,,
2026/09/07 23:58,2026-09-08T00:13:21+09:00,2026/09/08,2026/12/10,2026-12,CALL,20000,46170,150,,,,,,,,,,,,
2026/09/07 23:58,2026-09-08T00:13:21+09:00,2026/09/08,2026/12/10,2026-12,PUT,20000,7,2418,,82.35,80.66,10,1,8,1,,,,,
2026/09/07 23:58,2026-09-08T00:13:21+09:00,2026/09/08,2026/12/10,2026-12,CALL,19750,46420,,,,,,,,,,,,,
2026/09/07 23:58,2026-09-08T00:13:21+09:00,2026/09/08,2026/12/10,2026-12,PUT,19750,1,,,93.49,,31,1,,,,,,,
2026/09/07 23:58,2026-09-08T00:13:21+09:00,2026/09/08,2026/12/10,2026-12,CALL,19500,46670,,,,,,,,,,,,,
2026/09/07 23:58,2026-09-08T00:13:21+09:00,2026/09/08,2026/12/10,2026-12,PUT,19500,1,,,94.44,,31,1,,,,,,,
2026/09/07 23:58,2026-09-08T00:13:21+09:00,2026/09/08,2026/12/10,2026-12,CALL,19250,46920,,,,,,,,,,,,,
2026/09/07 23:58,2026-09-08T00:13:21+09:00,2026/09/08,2026/12/10,2026-12,PUT,19250,1,,,95.06,,30,1,,,,,,,
2026/09/07 23:58,2026-09-08T00:13:21+09:00,2026/09/08,2026/12/10,2026-12,CALL,19000,47165,,,,,,,,,,,,,
2026/09/07 23:58,2026-09-08T00:13:21+09:00,2026/09/08,2026/12/10,2026-12,PUT,19000,1,650,,96.03,71.21,30,1,1,1,,,,,
2026/09/07 23:58,2026-09-08T00:13:21+09:00,2026/09/08,2026/12/10,2026-12,CALL,18750,47415,,,,,,,,,,,,,
2026/09/07 23:58,2026-09-08T00:13:21+09:00,2026/09/08,2026/12/10,2026-12,PUT,18750,1,,,97.01,,30,1,,,,,,,
2026/09/07 23:58,2026-09-08T00:13:21+09:00,2026/09/08,2026/12/10,2026-12,CALL,18500,47665,,,,,,,,,,,,,
2026/09/07 23:58,2026-09-08T00:13:21+09:00,2026/09/08,2026/12/10,2026-12,PUT,18500,1,,,98.01,,30,1,,,,,,,
2026/09/07 23:58,2026-09-08T00:13:21+09:00,2026/09/08,2026/12/10,2026-12,CALL,18250,47915,,,,,,,,,,,,,
2026/09/07 23:58,2026-09-08T00:13:21+09:00,2026/09/08,2026/12/10,2026-12,PUT,18250,1,,,98.65,,29,1,,,,,,,
2026/09/07 23:58,2026-09-08T00:13:21+09:00,2026/09/08,2026/12/10,2026-12,CALL,18000,48165,,,,,,,,,,,,,
2026/09/07 23:58,2026-09-08T00:13:21+09:00,2026/09/08,2026/12/10,2026-12,PUT,18000,2,153,,99.67,78.06,29,1,2,1,,,,,
2026/09/07 23:58,2026-09-08T00:13:21+09:00,2026/09/08,2026/12/10,2026-12,CALL,17750,48410,,,,,,,,,,,,,
2026/09/07 23:58,2026-09-08T00:13:21+09:00,2026/09/08,2026/12/10,2026-12,PUT,17750,1,,,100.71,,29,1,,,,,,,
2026/09/07 23:58,2026-09-08T00:13:21+09:00,2026/09/08,2026/12/10,2026-12,CALL,17500,48660,,,,,,,,,,,,,
2026/09/07 23:58,2026-09-08T00:13:21+09:00,2026/09/08,2026/12/10,2026-12,PUT,17500,1,,,101.77,,29,1,,,,,,,
2026/09/07 23:58,2026-09-08T00:13:21+09:00,2026/09/08,2026/12/10,2026-12,CALL,17250,48910,,,,,,,,,,,,,
2026/09/07 23:58,2026-09-08T00:13:21+09:00,2026/09/08,2026/12/10,2026-12,PUT,17250,1,,,102.44,,28,1,,,,,,,
2026/09/07 23:58,2026-09-08T00:13:21+09:00,2026/09/08,2026/12/10,2026-12,CALL,17000,49160,,,,,,,,,,,,,
2026/09/07 23:58,2026-09-08T00:13:21+09:00,2026/09/08,2026/12/10,2026-12,PUT,17000,1,3,,103.52,,28,1,,,,,,,
2026/09/07 23:58,2026-09-08T00:13:21+09:00,2026/09/08,2026/12/10,2026-12,CALL,16750,49410,,,,,,,,,,,,,
2026/09/07 23:58,2026-09-08T00:13:21+09:00,2026/09/08,2026/12/10,2026-12,PUT,16750,1,,,104.62,,28,1,,,,,,,
2026/09/07 23:58,2026-09-08T00:13:21+09:00,2026/09/08,2026/12/10,2026-12,CALL,16500,49655,,,,,,,,,,,,,
2026/09/07 23:58,2026-09-08T00:13:21+09:00,2026/09/08,2026/12/10,2026-12,PUT,16500,1,1,,105.74,,28,1,,,,,,,
2026/09/07 23:58,2026-09-08T00:13:21+09:00,2026/09/08,2026/12/10,2026-12,CALL,16250,49905,,,,,,,,,,,,,
2026/09/07 23:58,2026-09-08T00:13:21+09:00,2026/09/08,2026/12/10,2026-12,PUT,16250,1,,,106.87,,28,1,,,,,,,
2026/09/07 23:58,2026-09-08T00:13:21+09:00,2026/09/08,2026/12/10,2026-12,CALL,16000,50155,,,,,,,,,,,,,
2026/09/07 23:58,2026-09-08T00:13:21+09:00,2026/09/08,2026/12/10,2026-12,PUT,16000,1,3,,103.64,80.83,19,1,1,1,,,,,
2026/09/07 23:58,2026-09-08T00:13:21+09:00,2026/09/08,2026/12/10,2026-12,CALL,15750,50405,,,,,,,,,,,,,
2026/09/07 23:58,2026-09-08T00:13:21+09:00,2026/09/08,2026/12/10,2026-12,PUT,15750,1,,,104.76,,19,1,,,,,,,
2026/09/07 23:58,2026-09-08T00:13:21+09:00,2026/09/08,2026/12/10,2026-12,CALL,15500,50655,,,,,,,,,,,,,
2026/09/07 23:58,2026-09-08T00:13:21+09:00,2026/09/08,2026/12/10,2026-12,PUT,15500,1,,,105.91,,19,1,,,,,,,
2026/09/07 23:58,2026-09-08T00:13:21+09:00,2026/09/08,2026/12/10,2026-12,CALL,15250,50900,,,,,,,,,,,,,
2026/09/07 23:58,2026-09-08T00:13:21+09:00,2026/09/08,2026/12/10,2026-12,PUT,15250,1,,,107.07,,19,1,,,,,,,
2026/09/07 23:58,2026-09-08T00:13:21+09:00,2026/09/08,2026/12/10,2026-12,CALL,15000,51150,,,,,,,,,,,,,
2026/09/07 23:58,2026-09-08T00:13:21+09:00,2026/09/08,2026/12/10,2026-12,PUT,15000,2,5,,93.77,88.79,4,1,2,1,,,,,
2026/09/07 23:58,2026-09-08T00:13:21+09:00,2026/09/08,2026/12/10,2026-12,CALL,14750,51400,,,,,,,,,,,,,
2026/09/07 23:58,2026-09-08T00:13:21+09:00,2026/09/08,2026/12/10,2026-12,PUT,14750,1,1,,109.46,,19,1,,,,,,,
2026/09/07 23:58,2026-09-08T00:13:21+09:00,2026/09/08,2026/12/10,2026-12,CALL,14500,51650,,,,,,,,,,,,,
2026/09/07 23:58,2026-09-08T00:13:21+09:00,2026/09/08,2026/12/10,2026-12,PUT,14500,1,1,,110.69,,19,1,,,,,,,
2026/09/07 23:58,2026-09-08T00:13:21+09:00,2026/09/08,2026/12/10,2026-12,CALL,14250,51900,,,,,,,,,,,,,
2026/09/07 23:58,2026-09-08T00:13:21+09:00,2026/09/08,2026/12/10,2026-12,PUT,14250,1,,,111.32,,18,1,,,,,,,
2026/09/07 23:58,2026-09-08T00:13:21+09:00,2026/09/08,2026/12/10,2026-12,CALL,14000,52145,,,,,,,,,,,,,
2026/09/07 23:58,2026-09-08T00:13:21+09:00,2026/09/08,2026/12/10,2026-12,PUT,14000,2,11,,112.58,92.87,18,1,2,1,,,,,
2026/09/07 23:58,2026-09-08T00:13:21+09:00,2026/09/08,2026/12/10,2026-12,CALL,13750,52395,,,,,,,,,,,,,
2026/09/07 23:58,2026-09-08T00:13:21+09:00,2026/09/08,2026/12/10,2026-12,PUT,13750,1,,,113.87,,18,1,,,,,,,
2026/09/07 23:58,2026-09-08T00:13:21+09:00,2026/09/08,2026/12/10,2026-12,CALL,13500,52645,,,,,,,,,,,,,
2026/09/07 23:58,2026-09-08T00:13:21+09:00,2026/09/08,2026/12/10,2026-12,PUT,13500,1,100,,115.19,90.39,18,1,1,100,,,,,
2026/09/07 23:58,2026-09-08T00:13:21+09:00,2026/09/08,2026/12/10,2026-12,CALL,13250,52895,,,,,,,,,,,,,
2026/09/07 23:58,2026-09-08T00:13:21+09:00,2026/09/08,2026/12/10,2026-12,PUT,13250,1,,,116.53,,18,1,,,,,,,
2026/09/07 23:58,2026-09-08T00:13:21+09:00,2026/09/08,2026/12/10,2026-12,CALL,13000,53140,,,,,,,,,,,,,
2026/09/07 23:58,2026-09-08T00:13:21+09:00,2026/09/08,2026/12/10,2026-12,PUT,13000,3,5,,117.89,100.35,18,1,3,4,,,,,
2026/09/07 23:58,2026-09-08T00:13:21+09:00,2026/09/08,2026/12/10,2026-12,CALL,12750,53390,,,,,,,,,,,,,
2026/09/07 23:58,2026-09-08T00:13:21+09:00,2026/09/08,2026/12/10,2026-12,PUT,12750,1,,,119.29,93.61,18,1,1,1,,,,,
2026/09/07 23:58,2026-09-08T00:13:21+09:00,2026/09/08,2026/12/10,2026-12,CALL,12500,53640,84,,,,,,,,,,,,
2026/09/07 23:58,2026-09-08T00:13:21+09:00,2026/09/08,2026/12/10,2026-12,PUT,12500,2,821,3,105.16,99.59,4,2,2,355,102.65,0,0,3,09/07 21:17
2026/09/08 03:55,2026-09-08T04:10:05+09:00,2026/09/08,2026/09/10,2026-09,CALL,80000,1,1826,2,58.14,,1,290,,,57.77,0,0,1,09/07 18:26
2026/09/08 03:55,2026-09-08T04:10:05+09:00,2026/09/08,2026/09/10,2026-09,PUT,80000,13510,1,,,,,,,,,,,,
2026/09/08 03:55,2026-09-08T04:10:05+09:00,2026/09/08,2026/09/10,2026-09,CALL,79500,1,233,,56.4,,1,9,,,,,,,
2026/09/08 03:55,2026-09-08T04:10:05+09:00,2026/09/08,2026/09/10,2026-09,PUT,79500,13010,,,,,,,,,,,,,
2026/09/08 03:55,2026-09-08T04:10:05+09:00,2026/09/08,2026/09/10,2026-09,CALL,79000,1,203,,54.64,,1,66,,,,,,,
2026/09/08 03:55,2026-09-08T04:10:05+09:00,2026/09/08,2026/09/10,2026-09,PUT,79000,12510,,,,,,,,,,,,,
2026/09/08 03:55,2026-09-08T04:10:05+09:00,2026/09/08,2026/09/10,2026-09,CALL,78500,1,112,,52.87,,1,58,,,,,,,
2026/09/08 03:55,2026-09-08T04:10:05+09:00,2026/09/08,2026/09/10,2026-09,PUT,78500,12010,,,,,,,,,,,,,
2026/09/08 03:55,2026-09-08T04:10:05+09:00,2026/09/08,2026/09/10,2026-09,CALL,78000,1,2299,,51.08,,1,54,,,,,,,
2026/09/08 03:55,2026-09-08T04:10:05+09:00,2026/09/08,2026/09/10,2026-09,PUT,78000,11510,1,,,,,,,,,,,,
2026/09/08 03:55,2026-09-08T04:10:05+09:00,2026/09/08,2026/09/10,2026-09,CALL,77500,1,977,,49.27,,1,89,,,,,,,
2026/09/08 03:55,2026-09-08T04:10:05+09:00,2026/09/08,2026/09/10,2026-09,PUT,77500,11010,4,,,,,,,,,,,,
2026/09/08 03:55,2026-09-08T04:10:05+09:00,2026/09/08,2026/09/10,2026-09,CALL,77000,1,877,1,47.45,,1,71,,,46.82,0,0,1,09/07 17:20
2026/09/08 03:55,2026-09-08T04:10:05+09:00,2026/09/08,2026/09/10,2026-09,PUT,77000,10510,,,,,,,,,,,,,
2026/09/08 03:55,2026-09-08T04:10:05+09:00,2026/09/08,2026/09/10,2026-09,CALL,76500,1,79,,45.61,,1,41,,,,,,,
2026/09/08 03:55,2026-09-08T04:10:05+09:00,2026/09/08,2026/09/10,2026-09,PUT,76500,10010,,,,,,,,,,,,,
2026/09/08 03:55,2026-09-08T04:10:05+09:00,2026/09/08,2026/09/10,2026-09,CALL,76000,1,733,,43.74,,1,27,,,,,,,
2026/09/08 03:55,2026-09-08T04:10:05+09:00,2026/09/08,2026/09/10,2026-09,PUT,76000,9510,,,,,,,,,,,,,
2026/09/08 03:55,2026-09-08T04:10:05+09:00,2026/09/08,2026/09/10,2026-09,CALL,75500,1,268,,41.86,,1,54,,,,,,,
2026/09/08 03:55,2026-09-08T04:10:05+09:00,2026/09/08,2026/09/10,2026-09,PUT,75500,9010,,,,,,,,,,,,,
2026/09/08 03:55,2026-09-08T04:10:05+09:00,2026/09/08,2026/09/10,2026-09,CALL,75375,1,6,1,41.39,,1,6,,,42.18,,,1,09/07 20:37
2026/09/08 03:55,2026-09-08T04:10:05+09:00,2026/09/08,2026/09/10,2026-09,PUT,75375,8885,,,,,,,,,,,,,
2026/09/08 03:55,2026-09-08T04:10:05+09:00,2026/09/08,2026/09/10,2026-09,CALL,75250,1,106,,40.92,,1,55,,,,,,,
2026/09/08 03:55,2026-09-08T04:10:05+09:00,2026/09/08,2026/09/10,2026-09,PUT,75250,8760,,,,,,,,,,,,,
2026/09/08 03:55,2026-09-08T04:10:05+09:00,2026/09/08,2026/09/10,2026-09,CALL,75125,1,,,40.44,,1,5,,,,,,,
2026/09/08 03:55,2026-09-08T04:10:05+09:00,2026/09/08,2026/09/10,2026-09,PUT,75125,8635,,,,,,,,,,,,,
2026/09/08 03:55,2026-09-08T04:10:05+09:00,2026/09/08,2026/09/10,2026-09,CALL,75000,1,3457,9,39.96,,1,185,,,39.92,0,0,1,09/08 00:55
2026/09/08 03:55,2026-09-08T04:10:05+09:00,2026/09/08,2026/09/10,2026-09,PUT,75000,8510,,,,,,,,,,,,,
2026/09/08 03:55,2026-09-08T04:10:05+09:00,2026/09/08,2026/09/10,2026-09,CALL,74875,1,1,,39.48,,1,5,,,,,,,
2026/09/08 03:55,2026-09-08T04:10:05+09:00,2026/09/08,2026/09/10,2026-09,PUT,74875,8385,,,,,,,,,,,,,
2026/09/08 03:55,2026-09-08T04:10:05+09:00,2026/09/08,2026/09/10,2026-09,CALL,74750,1,69,,39,,1,5,,,,,,,
2026/09/08 03:55,2026-09-08T04:10:05+09:00,2026/09/08,2026/09/10,2026-09,PUT,74750,8260,,,,,,,,,,,,,
2026/09/08 03:55,2026-09-08T04:10:05+09:00,2026/09/08,2026/09/10,2026-09,CALL,74625,1,56,,38.52,,1,5,,,,,,,
2026/09/08 03:55,2026-09-08T04:10:05+09:00,2026/09/08,2026/09/10,2026-09,PUT,74625,8135,,,,,,,,,,,,,
2026/09/08 03:55,2026-09-08T04:10:05+09:00,2026/09/08,2026/09/10,2026-09,CALL,74500,1,134,2,38.04,,1,53,,,37.25,,,1,09/07 17:38
2026/09/08 03:55,2026-09-08T04:10:05+09:00,2026/09/08,2026/09/10,2026-09,PUT,74500,8010,,,,,,,,,,,,,
2026/09/08 03:55,2026-09-08T04:10:05+09:00,2026/09/08,2026/09/10,2026-09,CALL,74375,1,1,,37.56,,1,5,,,,,,,
2026/09/08 03:55,2026-09-08T04:10:05+09:00,2026/09/08,2026/09/10,2026-09,PUT,74375,7885,,,,,,,,,,,,,
2026/09/08 03:55,2026-09-08T04:10:05+09:00,2026/09/08,2026/09/10,2026-09,CALL,74250,1,6,,,,,,,,,,,,
2026/09/08 03:55,2026-09-08T04:10:05+09:00,2026/09/08,2026/09/10,2026-09,PUT,74250,7760,,,,,,,,,,,,,
2026/09/08 03:55,2026-09-08T04:10:05+09:00,2026/09/08,2026/09/10,2026-09,CALL,74125,1,4,,,,,,,,,,,,
2026/09/08 03:55,2026-09-08T04:10:05+09:00,2026/09/08,2026/09/10,2026-09,PUT,74125,7635,,,,,,,,,,,,,
2026/09/08 03:55,2026-09-08T04:10:05+09:00,2026/09/08,2026/09/10,2026-09,CALL,74000,1,1386,8,36.1,,1,230,,,35.63,0,0,1,09/07 23:00
2026/09/08 03:55,2026-09-08T04:10:05+09:00,2026/09/08,2026/09/10,2026-09,PUT,74000,7510,,,,,,,,,,,,,
2026/09/08 03:55,2026-09-08T04:10:05+09:00,2026/09/08,2026/09/10,2026-09,CALL,73875,1,18,,50.19,,22,1,,,,,,,
2026/09/08 03:55,2026-09-08T04:10:05+09:00,2026/09/08,2026/09/10,2026-09,PUT,73875,7385,,,,,,,,,,,,,
2026/09/08 03:55,2026-09-08T04:10:05+09:00,2026/09/08,2026/09/10,2026-09,CALL,73750,1,53,,35.12,,1,50,,,,,,,
2026/09/08 03:55,2026-09-08T04:10:05+09:00,2026/09/08,2026/09/10,2026-09,PUT,73750,7260,,,,,,,,,,,,,
2026/09/08 03:55,2026-09-08T04:10:05+09:00,2026/09/08,2026/09/10,2026-09,CALL,73625,1,4,,,,,,,,,,,,
2026/09/08 03:55,2026-09-08T04:10:05+09:00,2026/09/08,2026/09/10,2026-09,PUT,73625,7140,,,,,,,,,,,,,
2026/09/08 03:55,2026-09-08T04:10:05+09:00,2026/09/08,2026/09/10,2026-09,CALL,73500,1,600,256,34.13,,1,181,,,34.51,0,0,1,09/07 21:56
2026/09/08 03:55,2026-09-08T04:10:05+09:00,2026/09/08,2026/09/10,2026-09,PUT,73500,7015,,,,,,,,,,,,,
2026/09/08 03:55,2026-09-08T04:10:05+09:00,2026/09/08,2026/09/10,2026-09,CALL,73375,2,3,3,35.84,,2,2,,,33.57,,,1,09/07 22:38
2026/09/08 03:55,2026-09-08T04:10:05+09:00,2026/09/08,2026/09/10,2026-09,PUT,73375,6890,,,,,,,,,,,,,
2026/09/08 03:55,2026-09-08T04:10:05+09:00,2026/09/08,2026/09/10,2026-09,CALL,73250,2,16,1,35.32,,2,49,,,33.88,0,0,1,09/07 21:30
2026/09/08 03:55,2026-09-08T04:10:05+09:00,2026/09/08,2026/09/10,2026-09,PUT,73250,6765,,,,,,,,,,,,,
2026/09/08 03:55,2026-09-08T04:10:05+09:00,2026/09/08,2026/09/10,2026-09,CALL,73125,2,8,1,36.23,,3,3,,,33.33,0,0,1,09/07 21:24
2026/09/08 03:55,2026-09-08T04:10:05+09:00,2026/09/08,2026/09/10,2026-09,PUT,73125,6640,,,,,,,,,,,,,
2026/09/08 03:55,2026-09-08T04:10:05+09:00,2026/09/08,2026/09/10,2026-09,CALL,73000,2,1997,21,34.26,32.14,2,60,1,29,32.07,-1,-50,1,09/08 02:19
2026/09/08 03:55,2026-09-08T04:10:05+09:00,2026/09/08,2026/09/10,2026-09,PUT,73000,6515,3,,,,,,,,,,,,
2026/09/08 03:55,2026-09-08T04:10:05+09:00,2026/09/08,2026/09/10,2026-09,CALL,72875,2,34,1,33.73,,2,5,,,31.51,,,1,09/07 19:17
2026/09/08 03:55,2026-09-08T04:10:05+09:00,2026/09/08,2026/09/10,2026-09,PUT,72875,6390,,,,,,,,,,,,,
2026/09/08 03:55,2026-09-08T04:10:05+09:00,2026/09/08,2026/09/10,2026-09,CALL,72750,2,304,50,33.2,31.14,2,55,1,5,33.61,0,0,2,09/07 19:58
2026/09/08 03:55,2026-09-08T04:10:05+09:00,2026/09/08,2026/09/10,2026-09,PUT,72750,6265,,,,,,,,,,,,,
2026/09/08 03:55,2026-09-08T04:10:05+09:00,2026/09/08,2026/09/10,2026-09,CALL,72625,3,5,1,40.06,,12,1,,,32.53,0,0,2,09/07 19:07
2026/09/08 03:55,2026-09-08T04:10:05+09:00,2026/09/08,2026/09/10,2026-09,PUT,72625,6140,,,,,,,,,,,,,
2026/09/08 03:55,2026-09-08T04:10:05+09:00,2026/09/08,2026/09/10,2026-09,CALL,72500,2,1712,11,33.49,30.13,3,41,1,12,31.95,0,0,2,09/07 22:51
2026/09/08 03:55,2026-09-08T04:10:05+09:00,2026/09/08,2026/09/10,2026-09,PUT,72500,6015,,,,,,,,,,,,,
2026/09/08 03:55,2026-09-08T04:10:05+09:00,2026/09/08,2026/09/10,2026-09,CALL,72375,3,14,,38.8,,12,1,,,,,,,
2026/09/08 03:55,2026-09-08T04:10:05+09:00,2026/09/08,2026/09/10,2026-09,PUT,72375,5890,,,,,,,,,,,,,
2026/09/08 03:55,2026-09-08T04:10:05+09:00,2026/09/08,2026/09/10,2026-09,CALL,72250,3,302,11,33.39,31.06,4,40,2,1,32.28,0,0,3,09/07 19:11
2026/09/08 03:55,2026-09-08T04:10:05+09:00,2026/09/08,2026/09/10,2026-09,PUT,72250,5765,,,,,,,,,,,,,
2026/09/08 03:55,2026-09-08T04:10:05+09:00,2026/09/08,2026/09/10,2026-09,CALL,72125,4,79,,37.94,30.52,13,1,2,1,,,,,
2026/09/08 03:55,2026-09-08T04:10:05+09:00,2026/09/08,2026/09/10,2026-09,PUT,72125,5640,,,,,,,,,,,,,
2026/09/08 03:55,2026-09-08T04:10:05+09:00,2026/09/08,2026/09/10,2026-09,CALL,72000,3,2556,150,32.25,29.98,4,12,2,33,31.71,1,33.33,4,09/07 23:00
2026/09/08 03:55,2026-09-08T04:10:05+09:00,2026/09/08,2026/09/10,2026-09,PUT,72000,5515,,,,,,,,,,,,,
2026/09/08 03:55,2026-09-08T04:10:05+09:00,2026/09/08,2026/09/10,2026-09,CALL,71875,4,100,19,35.38,30.69,10,15,3,10,32.41,1,25,5,09/07 22:38
2026/09/08 03:55,2026-09-08T04:10:05+09:00,2026/09/08,2026/09/10,2026-09,PUT,71875,5390,,,,,,,,,,,,,
2026/09/08 03:55,2026-09-08T04:10:05+09:00,2026/09/08,2026/09/10,2026-09,CALL,71750,6,42,,31.89,28.89,5,1,2,16,,,,,
2026/09/08 03:55,2026-09-08T04:10:05+09:00,2026/09/08,2026/09/10,2026-09,PUT,71750,5265,,,,,,,,,,,,,
2026/09/08 03:55,2026-09-08T04:10:05+09:00,2026/09/08,2026/09/10,2026-09,CALL,71625,6,4,,34.55,,11,15,,,,,,,
2026/09/08 03:55,2026-09-08T04:10:05+09:00,2026/09/08,2026/09/10,2026-09,PUT,71625,5145,,,,,,,,,,,,,
2026/09/08 03:55,2026-09-08T04:10:05+09:00,2026/09/08,2026/09/10,2026-09,CALL,71500,6,528,27,31.98,30.7,7,16,5,1,31.78,0,0,6,09/07 23:59
2026/09/08 03:55,2026-09-08T04:10:05+09:00,2026/09/08,2026/09/10,2026-09,PUT,71500,5020,,,75.69,,5890,1,5110,1,,,,,
2026/09/08 03:55,2026-09-08T04:10:05+09:00,2026/09/08,2026/09/10,2026-09,CALL,71375,8,11,,33.66,,12,15,,,,,,,
2026/09/08 03:55,2026-09-08T04:10:05+09:00,2026/09/08,2026/09/10,2026-09,PUT,71375,4895,,,69.29,,5675,2,4895,2,,,,,
2026/09/08 03:55,2026-09-08T04:10:05+09:00,2026/09/08,2026/09/10,2026-09,CALL,71250,9,85,5,31.27,30.74,8,1,7,1,30.9,-3,-30,7,09/08 00:31
2026/09/08 03:55,2026-09-08T04:10:05+09:00,2026/09/08,2026/09/10,2026-09,PUT,71250,4770,1,,68.25,,5550,1,4770,1,,,,,
2026/09/08 03:55,2026-09-08T04:10:05+09:00,2026/09/08,2026/09/10,2026-09,CALL,71125,10,81,,31.55,29.55,10,16,6,15,,,,,
2026/09/08 03:55,2026-09-08T04:10:05+09:00,2026/09/08,2026/09/10,2026-09,PUT,71125,4645,,,67.19,,5425,2,4645,2,,,,,
2026/09/08 03:55,2026-09-08T04:10:05+09:00,2026/09/08,2026/09/10,2026-09,CALL,71000,11,1635,427,31.31,30.9,11,13,10,186,30.82,-1,-9.09,10,09/08 02:17
2026/09/08 03:55,2026-09-08T04:10:05+09:00,2026/09/08,2026/09/10,2026-09,PUT,71000,4525,100,,66.44,,5305,4,4520,4,,,,,
2026/09/08 03:55,2026-09-08T04:10:05+09:00,2026/09/08,2026/09/10,2026-09,CALL,70875,12,72,1,33.2,26.12,19,4,3,3,30.22,-1,-8.33,11,09/07 18:54
2026/09/08 03:55,2026-09-08T04:10:05+09:00,2026/09/08,2026/09/10,2026-09,PUT,70875,4400,,,65.37,,5180,2,4395,2,,,,,
2026/09/08 03:55,2026-09-08T04:10:05+09:00,2026/09/08,2026/09/10,2026-09,CALL,70750,14,60,25,32.77,28.73,20,4,8,8,31.11,-3,-21.43,11,09/07 21:36
2026/09/08 03:55,2026-09-08T04:10:05+09:00,2026/09/08,2026/09/10,2026-09,PUT,70750,4275,,,64.3,,5055,1,4275,1,,,,,
2026/09/08 03:55,2026-09-08T04:10:05+09:00,2026/09/08,2026/09/10,2026-09,CALL,70625,17,271,1,32.31,28.94,21,3,10,3,30.82,-1,-7.14,13,09/07 21:51
2026/09/08 03:55,2026-09-08T04:10:05+09:00,2026/09/08,2026/09/10,2026-09,PUT,70625,4155,,,63.22,,4930,2,4150,2,,,,,
2026/09/08 03:55,2026-09-08T04:10:05+09:00,2026/09/08,2026/09/10,2026-09,CALL,70500,20,406,19,30.27,29.02,16,1,12,4,30.43,-5,-25,15,09/07 23:59
2026/09/08 03:55,2026-09-08T04:10:05+09:00,2026/09/08,2026/09/10,2026-09,PUT,70500,4030,2,,62.42,,4810,1,4025,1,,,,,
2026/09/08 03:55,2026-09-08T04:10:05+09:00,2026/09/08,2026/09/10,2026-09,CALL,70375,22,5,1,31.98,27.22,26,3,9,3,29.91,,,18,09/07 19:21
2026/09/08 03:55,2026-09-08T04:10:05+09:00,2026/09/08,2026/09/10,2026-09,PUT,70375,3910,,,53.35,,4555,2,4160,2,,,,,
2026/09/08 03:55,2026-09-08T04:10:05+09:00,2026/09/08,2026/09/10,2026-09,CALL,70250,26,651,15,31.44,27.66,27,3,12,3,30.06,1,4.55,23,09/07 18:38
2026/09/08 03:55,2026-09-08T04:10:05+09:00,2026/09/08,2026/09/10,2026-09,PUT,70250,3790,,,47.76,,4365,1,4040,1,,,,,
2026/09/08 03:55,2026-09-08T04:10:05+09:00,2026/09/08,2026/09/10,2026-09,CALL,70125,32,17,2,31.26,27.89,30,3,15,3,29.48,-3,-12,22,09/07 19:40
2026/09/08 03:55,2026-09-08T04:10:05+09:00,2026/09/08,2026/09/10,2026-09,PUT,70125,3670,,,64.22,,4530,2,3920,2,,,,,
2026/09/08 03:55,2026-09-08T04:10:05+09:00,2026/09/08,2026/09/10,2026-09,CALL,70000,35,3748,141,30.13,29.54,28,4,25,1,29.24,-11,-31.43,24,09/08 02:17
2026/09/08 03:55,2026-09-08T04:10:05+09:00,2026/09/08,2026/09/10,2026-09,PUT,70000,3550,1478,,59.34,,4335,4,3720,4,,,,,
2026/09/08 03:55,2026-09-08T04:10:05+09:00,2026/09/08,2026/09/10,2026-09,CALL,69875,42,52,1,30.9,28.16,37,6,22,4,28.91,-5,-15.63,27,09/07 22:49
2026/09/08 03:55,2026-09-08T04:10:05+09:00,2026/09/08,2026/09/10,2026-09,PUT,69875,3430,,,52.86,,4115,2,3680,2,,,,,
2026/09/08 03:55,2026-09-08T04:10:05+09:00,2026/09/08,2026/09/10,2026-09,CALL,69750,46,1477,7,30.71,28.22,41,5,26,3,28.85,-16,-34.78,30,09/07 22:24
2026/09/08 03:55,2026-09-08T04:10:05+09:00,2026/09/08,2026/09/10,2026-09,PUT,69750,3310,,,61.19,,4165,1,3560,1,,,,,
2026/09/08 03:55,2026-09-08T04:10:05+09:00,2026/09/08,2026/09/10,2026-09,CALL,69625,55,73,,30.6,28,46,3,29,3,,,,,
2026/09/08 03:55,2026-09-08T04:10:05+09:00,2026/09/08,2026/09/10,2026-09,PUT,69625,3190,,,45.46,,3780,2,3440,2,,,,,
2026/09/08 03:55,2026-09-08T04:10:05+09:00,2026/09/08,2026/09/10,2026-09,CALL,69500,60,839,16,30.29,27.56,50,3,31,2,28.84,-20,-33.33,40,09/08 02:17
2026/09/08 03:55,2026-09-08T04:10:05+09:00,2026/09/08,2026/09/10,2026-09,PUT,69500,3075,5,,50.93,,3765,1,3330,1,,,,,
2026/09/08 03:55,2026-09-08T04:10:05+09:00,2026/09/08,2026/09/10,2026-09,CALL,69375,73,29,,30.28,25.35,57,1,23,1,,,,,
2026/09/08 03:55,2026-09-08T04:10:05+09:00,2026/09/08,2026/09/10,2026-09,PUT,69375,2960,,,47.54,,3600,2,3210,2,,,,,
2026/09/08 03:55,2026-09-08T04:10:05+09:00,2026/09/08,2026/09/10,2026-09,CALL,69250,79,192,4,30.08,25.47,63,1,28,1,29.37,-4,-6.06,62,09/07 18:24
2026/09/08 03:55,2026-09-08T04:10:05+09:00,2026/09/08,2026/09/10,2026-09,PUT,69250,2845,1,,49.71,,3535,1,3095,1,,,,,
2026/09/08 03:55,2026-09-08T04:10:05+09:00,2026/09/08,2026/09/10,2026-09,CALL,69125,101,129,,30.22,27.11,73,1,45,2,,,,,
2026/09/08 03:55,2026-09-08T04:10:05+09:00,2026/09/08,2026/09/10,2026-09,PUT,69125,2740,,,39.28,,3250,2,2990,2,,,,,
2026/09/08 03:55,2026-09-08T04:10:05+09:00,2026/09/08,2026/09/10,2026-09,CALL,69000,102,2143,136,29.01,28.19,70,1,62,1,28.58,-37,-36.27,65,09/08 03:14
2026/09/08 03:55,2026-09-08T04:10:05+09:00,2026/09/08,2026/09/10,2026-09,PUT,69000,2620,1119,,42.72,,3200,4,2855,4,,,,,
2026/09/08 03:55,2026-09-08T04:10:05+09:00,2026/09/08,2026/09/10,2026-09,CALL,68875,116,84,,29.74,25.4,88,1,45,1,,,,,
2026/09/08 03:55,2026-09-08T04:10:05+09:00,2026/09/08,2026/09/10,2026-09,PUT,68875,2505,,,48.17,,3200,2,2755,2,,,,,
2026/09/08 03:55,2026-09-08T04:10:05+09:00,2026/09/08,2026/09/10,2026-09,CALL,68750,131,333,3,29.53,25.44,97,1,53,1,28.28,-51,-38.93,80,09/07 22:16
2026/09/08 03:55,2026-09-08T04:10:05+09:00,2026/09/08,2026/09/10,2026-09,PUT,68750,2395,57,,38.73,,2920,1,2645,1,,,,,
2026/09/08 03:55,2026-09-08T04:10:05+09:00,2026/09/08,2026/09/10,2026-09,CALL,68625,148,24,,29.4,27.13,108,1,80,5,,,,,
2026/09/08 03:55,2026-09-08T04:10:05+09:00,2026/09/08,2026/09/10,2026-09,PUT,68625,2285,,,44.2,,2920,2,2535,2,,,,,
2026/09/08 03:55,2026-09-08T04:10:05+09:00,2026/09/08,2026/09/10,2026-09,CALL,68500,165,356,33,29.2,27.78,119,1,100,2,28.61,-54,-32.73,111,09/08 03:53
2026/09/08 03:55,2026-09-08T04:10:05+09:00,2026/09/08,2026/09/10,2026-09,PUT,68500,2185,169,,36.43,15.55,2670,5,2440,5,,,,,
2026/09/08 03:55,2026-09-08T04:10:05+09:00,2026/09/08,2026/09/10,2026-09,CALL,68375,185,32,,29.65,27,141,1,103,2,,,,,
2026/09/08 03:55,2026-09-08T04:10:05+09:00,2026/09/08,2026/09/10,2026-09,PUT,68375,2075,1,,50.66,17.61,2865,2,2325,2,,,,,
2026/09/08 03:55,2026-09-08T04:10:05+09:00,2026/09/08,2026/09/10,2026-09,CALL,68250,206,38,1,29.46,26.9,155,1,116,2,28.75,-32,-21.33,118,09/07 21:34
2026/09/08 03:55,2026-09-08T04:10:05+09:00,2026/09/08,2026/09/10,2026-09,PUT,68250,1975,109,,35.93,23.37,2455,5,2255,5,,,,,
2026/09/08 03:55,2026-09-08T04:10:05+09:00,2026/09/08,2026/09/10,2026-09,CALL,68125,228,68,,29.31,27.1,171,1,135,4,,,,,
2026/09/08 03:55,2026-09-08T04:10:05+09:00,2026/09/08,2026/09/10,2026-09,PUT,68125,1870,,,43.93,14.99,2525,2,2070,2,,,,,
2026/09/08 03:55,2026-09-08T04:10:05+09:00,2026/09/08,2026/09/10,2026-09,CALL,68000,255,3523,115,29.12,28.96,188,1,185,2,28.35,-84,-32.94,171,09/08 01:53
2026/09/08 03:55,2026-09-08T04:10:05+09:00,2026/09/08,2026/09/10,2026-09,PUT,68000,1780,2132,,34.94,25.68,2235,8,2065,4,,,,,
2026/09/08 03:55,2026-09-08T04:10:05+09:00,2026/09/08,2026/09/10,2026-09,CALL,67875,279,59,1,28.97,26.99,207,1,171,3,28.73,-51,-22.57,175,09/07 20:22
2026/09/08 03:55,2026-09-08T04:10:05+09:00,2026/09/08,2026/09/10,2026-09,PUT,67875,1675,,,42.46,20,2305,2,1875,2,,,,,
2026/09/08 03:55,2026-09-08T04:10:05+09:00,2026/09/08,2026/09/10,2026-09,CALL,67750,310,501,2,28.82,26.95,228,1,192,7,28.39,-52,-20.63,200,09/07 20:05
2026/09/08 03:55,2026-09-08T04:10:05+09:00,2026/09/08,2026/09/10,2026-09,PUT,67750,1580,260,,33.74,25.76,2015,5,1855,4,,,,,
2026/09/08 03:55,2026-09-08T04:10:05+09:00,2026/09/08,2026/09/10,2026-09,CALL,67625,345,15,,29.6,26.76,270,1,212,2,,,,,
2026/09/08 03:55,2026-09-08T04:10:05+09:00,2026/09/08,2026/09/10,2026-09,PUT,67625,1490,1,,40.82,22.3,2085,2,1690,2,,,,,
2026/09/08 03:55,2026-09-08T04:10:05+09:00,2026/09/08,2026/09/10,2026-09,CALL,67500,400,1763,17,29.48,26.71,296,1,237,2,27.78,-152,-38,248,09/08 00:07
2026/09/08 03:55,2026-09-08T04:10:05+09:00,2026/09/08,2026/09/10,2026-09,PUT,67500,1405,553,,32.34,23.08,1795,5,1600,5,,,,,
2026/09/08 03:55,2026-09-08T04:10:05+09:00,2026/09/08,2026/09/10,2026-09,CALL,67375,420,43,1,29.39,27.83,325,3,290,2,28.57,-67,-20,268,09/07 20:22
2026/09/08 03:55,2026-09-08T04:10:05+09:00,2026/09/08,2026/09/10,2026-09,PUT,67375,1315,,,33.68,23.86,1735,2,1515,2,,,,,
2026/09/08 03:55,2026-09-08T04:10:05+09:00,2026/09/08,2026/09/10,2026-09,CALL,67250,450,24,5,29.25,27.53,355,5,315,4,28.42,-90,-22.22,315,09/07 19:54
2026/09/08 03:55,2026-09-08T04:10:05+09:00,2026/09/08,2026/09/10,2026-09,PUT,67250,1235,15,,30.94,24.87,1580,4,1440,5,,,,,
2026/09/08 03:55,2026-09-08T04:10:05+09:00,2026/09/08,2026/09/10,2026-09,CALL,67125,515,7,,29.01,27.35,385,2,345,2,,,,,
2026/09/08 03:55,2026-09-08T04:10:05+09:00,2026/09/08,2026/09/10,2026-09,PUT,67125,1155,2,,38,,1670,2,1000,2,,,,,
2026/09/08 03:55,2026-09-08T04:10:05+09:00,2026/09/08,2026/09/10,2026-09,CALL,67000,550,3337,91,29.09,28.48,425,5,410,2,28.35,-140,-25.45,410,09/08 03:39
2026/09/08 03:55,2026-09-08T04:10:05+09:00,2026/09/08,2026/09/10,2026-09,PUT,67000,1075,2321,2,31.67,24.59,1425,12,1250,12,27.49,50,4,1300,09/07 22:35
2026/09/08 03:55,2026-09-08T04:10:05+09:00,2026/09/08,2026/09/10,2026-09,CALL,66875,595,3,,29.63,27.48,480,3,425,2,,,,,
2026/09/08 03:55,2026-09-08T04:10:05+09:00,2026/09/08,2026/09/10,2026-09,PUT,66875,1000,,,42.56,8.67,1630,2,835,2,,,,,
2026/09/08 03:55,2026-09-08T04:10:05+09:00,2026/09/08,2026/09/10,2026-09,CALL,66750,625,1617,4,29.48,26.99,520,2,455,2,27.35,-175,-28,450,09/08 00:16
2026/09/08 03:55,2026-09-08T04:10:05+09:00,2026/09/08,2026/09/10,2026-09,PUT,66750,925,152,,30.05,25.83,1220,8,1110,8,,,,,
2026/09/08 03:55,2026-09-08T04:10:05+09:00,2026/09/08,2026/09/10,2026-09,CALL,66625,715,162,1,28.66,26.4,545,2,485,2,27.91,,,535,09/07 19:26
2026/09/08 03:55,2026-09-08T04:10:05+09:00,2026/09/08,2026/09/10,2026-09,PUT,66625,870,9,,29.41,25.45,1125,4,1020,4,,,,,
2026/09/08 03:55,2026-09-08T04:10:05+09:00,2026/09/08,2026/09/10,2026-09,CALL,66500,735,3340,13,28.68,26.83,595,2,545,2,27.75,-165,-22.45,570,09/07 23:41
2026/09/08 03:55,2026-09-08T04:10:05+09:00,2026/09/08,2026/09/10,2026-09,PUT,66500,805,2164,6,29.79,26.08,1060,8,960,4,27.9,110,12.64,980,09/07 23:44
2026/09/08 03:55,2026-09-08T04:10:05+09:00,2026/09/08,2026/09/10,2026-09,CALL,66375,850,10,,29.32,26.21,665,2,580,2,,,,,
2026/09/08 03:55,2026-09-08T04:10:05+09:00,2026/09/08,2026/09/10,2026-09,PUT,66375,735,5,,28.96,26.57,965,4,900,4,,,,,
2026/09/08 03:55,2026-09-08T04:10:05+09:00,2026/09/08,2026/09/10,2026-09,CALL,66250,900,89,3,28.39,26.39,695,2,640,2,27.62,-165,-20.63,635,09/07 21:55
2026/09/08 03:55,2026-09-08T04:10:05+09:00,2026/09/08,2026/09/10,2026-09,PUT,66250,720,210,2,28.93,26.39,895,4,825,4,28.11,60,8.33,780,09/07 18:12
2026/09/08 03:55,2026-09-08T04:10:05+09:00,2026/09/08,2026/09/10,2026-09,CALL,66125,990,41,,29.34,25.72,780,2,680,2,,,,,
2026/09/08 03:55,2026-09-08T04:10:05+09:00,2026/09/08,2026/09/10,2026-09,PUT,66125,625,6,,29.52,26.62,845,8,765,4,,,,,
2026/09/08 03:55,2026-09-08T04:10:05+09:00,2026/09/08,2026/09/10,2026-09,CALL,66000,1050,2043,21,28.37,25.65,815,4,740,8,27.2,-160,-17.11,775,09/08 03:30
2026/09/08 03:55,2026-09-08T04:10:05+09:00,2026/09/08,2026/09/10,2026-09,PUT,66000,610,2522,30,28.37,26.56,750,2,700,2,27.58,145,23.77,755,09/07 22:03
2026/09/08 03:55,2026-09-08T04:10:05+09:00,2026/09/08,2026/09/10,2026-09,CALL,65875,1140,1,,28.73,26.18,890,4,820,4,,,,,
2026/09/08 03:55,2026-09-08T04:10:05+09:00,2026/09/08,2026/09/10,2026-09,PUT,65875,525,1,,28.92,26.55,705,2,640,2,,,,,
2026/09/08 03:55,2026-09-08T04:10:05+09:00,2026/09/08,2026/09/10,2026-09,CALL,65750,1215,104,,28.81,25.67,960,4,875,4,,,,,
2026/09/08 03:55,2026-09-08T04:10:05+09:00,2026/09/08,2026/09/10,2026-09,PUT,65750,480,702,3,28.81,26.41,645,2,580,2,27.68,170,32.38,695,09/07 21:32
2026/09/08 03:55,2026-09-08T04:10:05+09:00,2026/09/08,2026/09/10,2026-09,CALL,65625,1300,6,3,28.95,25.58,1035,4,945,4,28.19,,,1000,09/07 22:07
2026/09/08 03:55,2026-09-08T04:10:05+09:00,2026/09/08,2026/09/10,2026-09,PUT,65625,435,26,,28.76,26.89,590,2,540,2,,,,,
2026/09/08 03:55,2026-09-08T04:10:05+09:00,2026/09/08,2026/09/10,2026-09,CALL,65500,1390,406,4,28.98,25.36,1110,4,1015,8,29.94,-140,-11.38,1090,09/07 19:54
2026/09/08 03:55,2026-09-08T04:10:05+09:00,2026/09/08,2026/09/10,2026-09,PUT,65500,405,552,4,28.6,27.08,535,2,495,2,28.26,125,30.86,530,09/07 19:53
2026/09/08 03:55,2026-09-08T04:10:05+09:00,2026/09/08,2026/09/10,2026-09,CALL,65375,1470,1,,34.26,18.48,1325,2,925,2,,,,,
2026/09/08 03:55,2026-09-08T04:10:05+09:00,2026/09/08,2026/09/10,2026-09,PUT,65375,370,33,,28.5,26.56,485,2,435,2,,,,,
2026/09/08 03:55,2026-09-08T04:10:05+09:00,2026/09/08,2026/09/10,2026-09,CALL,65250,1565,19,,29.48,24.24,1280,4,1150,9,,,,,
2026/09/08 03:55,2026-09-08T04:10:05+09:00,2026/09/08,2026/09/10,2026-09,PUT,65250,325,100,4,28.29,26.68,435,4,395,4,29.25,,,400,09/07 17:30
2026/09/08 03:55,2026-09-08T04:10:05+09:00,2026/09/08,2026/09/10,2026-09,CALL,65125,1665,9,,33.58,19.48,1465,2,1130,2,,,,,
2026/09/08 03:55,2026-09-08T04:10:05+09:00,2026/09/08,2026/09/10,2026-09,PUT,65125,300,34,,28.55,27.1,400,2,365,2,,,,,
2026/09/08 03:55,2026-09-08T04:10:05+09:00,2026/09/08,2026/09/10,2026-09,CALL,65000,1755,4738,10,29.55,25.25,1450,4,1350,5,28.73,-215,-13.74,1350,09/07 20:01
2026/09/08 03:55,2026-09-08T04:10:05+09:00,2026/09/08,2026/09/10,2026-09,PUT,65000,275,4465,103,28.92,27,370,5,325,4,28.22,80,29.09,355,09/08 03:31
2026/09/08 03:55,2026-09-08T04:10:05+09:00,2026/09/08,2026/09/10,2026-09,CALL,64875,1860,31,,34.71,18.59,1660,2,1310,2,,,,,
2026/09/08 03:55,2026-09-08T04:10:05+09:00,2026/09/08,2026/09/10,2026-09,PUT,64875,245,12,1,28.75,27.33,330,2,298,2,28.14,,,335,09/08 00:23
2026/09/08 03:55,2026-09-08T04:10:05+09:00,2026/09/08,2026/09/10,2026-09,CALL,64750,1970,212,,31.15,22.33,1665,5,1480,5,,,,,
2026/09/08 03:55,2026-09-08T04:10:05+09:00,2026/09/08,2026/09/10,2026-09,PUT,64750,245,499,1,30.04,26.58,325,1,250,1,28.7,80,32.65,325,09/07 20:52
2026/09/08 03:55,2026-09-08T04:10:05+09:00,2026/09/08,2026/09/10,2026-09,CALL,64625,2070,1,,34,21.36,1820,2,1565,2,,,,,
2026/09/08 03:55,2026-09-08T04:10:05+09:00,2026/09/08,2026/09/10,2026-09,PUT,64625,203,67,,29.43,24.97,280,5,190,1,,,,,
2026/09/08 03:55,2026-09-08T04:10:05+09:00,2026/09/08,2026/09/10,2026-09,CALL,64500,2180,146,1,33.92,22.89,1910,5,1695,5,29.98,-80,-3.94,1950,09/07 17:14
2026/09/08 03:55,2026-09-08T04:10:05+09:00,2026/09/08,2026/09/10,2026-09,PUT,64500,189,630,30,28.88,26.77,240,2,199,2,28.51,51,26.98,240,09/08 01:07
2026/09/08 03:55,2026-09-08T04:10:05+09:00,2026/09/08,2026/09/10,2026-09,CALL,64375,2280,,,35.14,18.68,2030,2,1745,2,,,,,
2026/09/08 03:55,2026-09-08T04:10:05+09:00,2026/09/08,2026/09/10,2026-09,PUT,64375,164,49,,29.62,26.25,228,5,166,1,,,,,
2026/09/08 03:55,2026-09-08T04:10:05+09:00,2026/09/08,2026/09/10,2026-09,CALL,64250,1570,104,,35.13,20.17,2125,5,1875,5,,,,,
2026/09/08 03:55,2026-09-08T04:10:05+09:00,2026/09/08,2026/09/10,2026-09,PUT,64250,153,46,4,30.21,26.36,214,1,147,1,29.69,26,14.13,210,09/07 21:59
2026/09/08 03:55,2026-09-08T04:10:05+09:00,2026/09/08,2026/09/10,2026-09,CALL,64125,2505,,,36.78,,2255,2,1870,2,,,,,
2026/09/08 03:55,2026-09-08T04:10:05+09:00,2026/09/08,2026/09/10,2026-09,PUT,64125,137,27,,29.93,28.26,186,2,158,3,,,,,
2026/09/08 03:55,2026-09-08T04:10:05+09:00,2026/09/08,2026/09/10,2026-09,CALL,64000,2620,1701,,36.38,17.49,2345,8,2085,8,,,,,
2026/09/08 03:55,2026-09-08T04:10:05+09:00,2026/09/08,2026/09/10,2026-09,PUT,64000,129,2955,47,30.1,28.98,168,1,150,3,29.53,29,22.48,158,09/07 23:40
2026/09/08 03:55,2026-09-08T04:10:05+09:00,2026/09/08,2026/09/10,2026-09,CALL,63875,2735,,,38.51,,2485,2,2035,2,,,,,
2026/09/08 03:55,2026-09-08T04:10:05+09:00,2026/09/08,2026/09/10,2026-09,PUT,63875,116,51,2,30.37,26.66,153,2,100,1,30.09,15,11.28,148,09/07 22:20
2026/09/08 03:55,2026-09-08T04:10:05+09:00,2026/09/08,2026/09/10,2026-09,CALL,63750,2845,2,,51.38,,2845,1,2260,1,,,,,
2026/09/08 03:55,2026-09-08T04:10:05+09:00,2026/09/08,2026/09/10,2026-09,PUT,63750,105,79,8,31.56,28,153,1,103,2,30.33,29,23.02,155,09/07 20:33
2026/09/08 03:55,2026-09-08T04:10:05+09:00,2026/09/08,2026/09/10,2026-09,CALL,63625,2960,,,39.83,,2710,2,2395,2,,,,,
2026/09/08 03:55,2026-09-08T04:10:05+09:00,2026/09/08,2026/09/10,2026-09,PUT,63625,95,41,,30.93,26.83,127,2,76,1,,,,,
2026/09/08 03:55,2026-09-08T04:10:05+09:00,2026/09/08,2026/09/10,2026-09,CALL,63500,3075,4,,40.29,,2820,1,2480,1,,,,,
2026/09/08 03:55,2026-09-08T04:10:05+09:00,2026/09/08,2026/09/10,2026-09,PUT,63500,92,676,22,30.37,29.38,105,1,93,1,30.65,17,18.48,109,09/07 23:24
2026/09/08 03:55,2026-09-08T04:10:05+09:00,2026/09/08,2026/09/10,2026-09,CALL,63375,3195,,,41.57,,2945,2,2510,2,,,,,
2026/09/08 03:55,2026-09-08T04:10:05+09:00,2026/09/08,2026/09/10,2026-09,PUT,63375,78,61,,32.03,28.03,112,1,67,1,,,,,
2026/09/08 03:55,2026-09-08T04:10:05+09:00,2026/09/08,2026/09/10,2026-09,CALL,63250,3310,1,,42.25,,3060,1,2590,1,,,,,
2026/09/08 03:55,2026-09-08T04:10:05+09:00,2026/09/08,2026/09/10,2026-09,PUT,63250,75,66,2,31.87,28.3,97,2,60,19,31.32,27,36,102,09/07 20:21
2026/09/08 03:55,2026-09-08T04:10:05+09:00,2026/09/08,2026/09/10,2026-09,CALL,63125,3430,,,43.2,,3180,2,2860,2,,,,,
2026/09/08 03:55,2026-09-08T04:10:05+09:00,2026/09/08,2026/09/10,2026-09,PUT,63125,66,109,,32.22,28.36,89,2,52,1,,,,,
2026/09/08 03:55,2026-09-08T04:10:05+09:00,2026/09/08,2026/09/10,2026-09,CALL,63000,3550,967,,40.85,,3250,4,2825,4,,,,,
2026/09/08 03:55,2026-09-08T04:10:05+09:00,2026/09/08,2026/09/10,2026-09,PUT,63000,60,2580,124,31.38,30.95,70,1,66,1,31.48,11,18.33,71,09/08 02:02
2026/09/08 03:55,2026-09-08T04:10:05+09:00,2026/09/08,2026/09/10,2026-09,CALL,62875,3670,,,45.05,,3420,2,3130,2,,,,,
2026/09/08 03:55,2026-09-08T04:10:05+09:00,2026/09/08,2026/09/10,2026-09,PUT,62875,55,41,1,32.81,28.53,74,8,39,1,32.15,,,75,09/07 20:42
2026/09/08 03:55,2026-09-08T04:10:05+09:00,2026/09/08,2026/09/10,2026-09,CALL,62750,3790,,,45.95,,3540,1,3215,1,,,,,
2026/09/08 03:55,2026-09-08T04:10:05+09:00,2026/09/08,2026/09/10,2026-09,PUT,62750,52,760,1,33.16,28.67,68,8,34,1,32.95,10,19.23,62,09/07 18:50
2026/09/08 03:55,2026-09-08T04:10:05+09:00,2026/09/08,2026/09/10,2026-09,CALL,62625,3915,,,47.16,,3665,2,3260,2,,,,,
2026/09/08 03:55,2026-09-08T04:10:05+09:00,2026/09/08,2026/09/10,2026-09,PUT,62625,46,92,,33.58,28.71,63,2,29,1,,,,,
2026/09/08 03:55,2026-09-08T04:10:05+09:00,2026/09/08,2026/09/10,2026-09,CALL,62500,4035,801,,47.69,,3780,1,3410,1,,,,,
2026/09/08 03:55,2026-09-08T04:10:05+09:00,2026/09/08,2026/09/10,2026-09,PUT,62500,44,1113,91,33.68,32.61,56,1,48,1,32.88,8,18.18,52,09/08 00:21
2026/09/08 03:55,2026-09-08T04:10:05+09:00,2026/09/08,2026/09/10,2026-09,CALL,62375,4155,,,48.88,,3905,2,3445,2,,,,,
2026/09/08 03:55,2026-09-08T04:10:05+09:00,2026/09/08,2026/09/10,2026-09,PUT,62375,40,268,,35.16,29.67,60,1,25,1,,,,,
2026/09/08 03:55,2026-09-08T04:10:05+09:00,2026/09/08,2026/09/10,2026-09,CALL,62250,4275,1,,49.72,,4025,1,3565,1,,,,,
2026/09/08 03:55,2026-09-08T04:10:05+09:00,2026/09/08,2026/09/10,2026-09,PUT,62250,38,155,9,34.78,30.32,50,2,24,1,34.08,11,28.95,49,09/07 21:54
2026/09/08 03:55,2026-09-08T04:10:05+09:00,2026/09/08,2026/09/10,2026-09,CALL,62125,4400,,,50.9,,4150,2,3840,2,,,,,
2026/09/08 03:55,2026-09-08T04:10:05+09:00,2026/09/08,2026/09/10,2026-09,PUT,62125,34,32,1,36.15,30.71,53,4,22,3,35.54,-10,-22.22,35,09/07 17:03
2026/09/08 03:55,2026-09-08T04:10:05+09:00,2026/09/08,2026/09/10,2026-09,CALL,62000,4525,2002,,51.71,,4270,4,3810,4,,,,,
2026/09/08 03:55,2026-09-08T04:10:05+09:00,2026/09/08,2026/09/10,2026-09,PUT,62000,30,4338,122,34.92,34.22,39,4,35,1,34.62,8,26.67,38,09/08 01:50
2026/09/08 03:55,2026-09-08T04:10:05+09:00,2026/09/08,2026/09/10,2026-09,CALL,61875,4645,2,,52.88,,4395,2,3940,2,,,,,
2026/09/08 03:55,2026-09-08T04:10:05+09:00,2026/09/08,2026/09/10,2026-09,PUT,61875,30,88,,36.17,32.87,41,3,24,9,,,,,
2026/09/08 03:55,2026-09-08T04:10:05+09:00,2026/09/08,2026/09/10,2026-09,CALL,61750,4770,,,54.04,,4520,1,4065,1,,,,,
2026/09/08 03:55,2026-09-08T04:10:05+09:00,2026/09/08,2026/09/10,2026-09,PUT,61750,28,264,11,36.73,33.24,39,3,22,9,36.11,4,13.33,34,09/07 18:52
2026/09/08 03:55,2026-09-08T04:10:05+09:00,2026/09/08,2026/09/10,2026-09,CALL,61625,4890,,,54.82,,4640,2,4190,2,,,,,
2026/09/08 03:55,2026-09-08T04:10:05+09:00,2026/09/08,2026/09/10,2026-09,PUT,61625,26,16,,37.27,33.56,37,3,20,9,,,,,
2026/09/08 03:55,2026-09-08T04:10:05+09:00,2026/09/08,2026/09/10,2026-09,CALL,61500,5015,2,,55.58,,4760,1,4295,1,,,,,
2026/09/08 03:55,2026-09-08T04:10:05+09:00,2026/09/08,2026/09/10,2026-09,PUT,61500,24,1780,56,36.77,35.65,30,20,25,1,36.67,8,33.33,32,09/07 21:54
2026/09/08 03:55,2026-09-08T04:10:05+09:00,2026/09/08,2026/09/10,2026-09,CALL,61375,5140,,,73.67,,5135,2,4355,2,,,,,
2026/09/08 03:55,2026-09-08T04:10:05+09:00,2026/09/08,2026/09/10,2026-09,PUT,61375,21,11,,38.06,34.02,32,3,16,3,,,,,
2026/09/08 03:55,2026-09-08T04:10:05+09:00,2026/09/08,2026/09/10,2026-09,CALL,61250,5260,22,,75.01,,5260,1,4475,1,,,,,
2026/09/08 03:55,2026-09-08T04:10:05+09:00,2026/09/08,2026/09/10,2026-09,PUT,61250,21,90,3,38.51,34.49,30,3,15,32,36.76,0,0,25,09/07 20:16
2026/09/08 03:55,2026-09-08T04:10:05+09:00,2026/09/08,2026/09/10,2026-09,CALL,61125,5385,,,76.33,,5385,2,4600,2,,,,,
2026/09/08 03:55,2026-09-08T04:10:05+09:00,2026/09/08,2026/09/10,2026-09,PUT,61125,20,44,,38.92,34.18,28,3,12,3,,,,,
2026/09/08 03:55,2026-09-08T04:10:05+09:00,2026/09/08,2026/09/10,2026-09,CALL,61000,5510,221,,77.35,,5505,4,4725,4,,,,,
2026/09/08 03:55,2026-09-08T04:10:05+09:00,2026/09/08,2026/09/10,2026-09,PUT,61000,19,2600,90,37.39,37.08,19,8,18,1,37.39,0,0,19,09/08 00:59
2026/09/08 03:55,2026-09-08T04:10:05+09:00,2026/09/08,2026/09/10,2026-09,CALL,60875,5630,,,78.68,,5630,2,4845,2,,,,,
2026/09/08 03:55,2026-09-08T04:10:05+09:00,2026/09/08,2026/09/10,2026-09,PUT,60875,15,67,,39.89,34.37,25,3,9,3,,,,,
2026/09/08 03:55,2026-09-08T04:10:05+09:00,2026/09/08,2026/09/10,2026-09,CALL,60750,5755,120,,79.99,,5755,1,4970,1,,,,,
2026/09/08 03:55,2026-09-08T04:10:05+09:00,2026/09/08,2026/09/10,2026-09,PUT,60750,15,329,,39.03,37.68,19,4,15,1,,,,,
2026/09/08 03:55,2026-09-08T04:10:05+09:00,2026/09/08,2026/09/10,2026-09,CALL,60625,5880,,,80.99,,5875,2,5090,2,,,,,
2026/09/08 03:55,2026-09-08T04:10:05+09:00,2026/09/08,2026/09/10,2026-09,PUT,60625,15,11,,41.03,34.75,23,3,7,3,,,,,
2026/09/08 03:55,2026-09-08T04:10:05+09:00,2026/09/08,2026/09/10,2026-09,CALL,60500,6005,750,,,,,,3,10,,,,,
2026/09/08 03:55,2026-09-08T04:10:05+09:00,2026/09/08,2026/09/10,2026-09,PUT,60500,12,2909,13,41.58,38.89,22,3,14,1,39.42,3,25,15,09/07 23:03
2026/09/08 03:55,2026-09-08T04:10:05+09:00,2026/09/08,2026/09/10,2026-09,CALL,60375,6130,,,,,,,,,,,,,
2026/09/08 03:55,2026-09-08T04:10:05+09:00,2026/09/08,2026/09/10,2026-09,PUT,60375,12,2019,2,41.8,34.79,20,3,5,3,39.94,,,14,09/07 18:52
2026/09/08 03:55,2026-09-08T04:10:05+09:00,2026/09/08,2026/09/10,2026-09,CALL,60250,6255,,,,,,,3,10,,,,,
2026/09/08 03:55,2026-09-08T04:10:05+09:00,2026/09/08,2026/09/10,2026-09,PUT,60250,12,104,1,42.62,36.96,20,3,7,12,40.73,1,7.69,14,09/07 18:59
2026/09/08 03:55,2026-09-08T04:10:05+09:00,2026/09/08,2026/09/10,2026-09,CALL,60125,6375,,,,,,,1,10,,,,,
2026/09/08 03:55,2026-09-08T04:10:05+09:00,2026/09/08,2026/09/10,2026-09,PUT,60125,11,3,,42.77,34.23,18,3,3,3,,,,,
2026/09/08 03:55,2026-09-08T04:10:05+09:00,2026/09/08,2026/09/10,2026-09,CALL,60000,6500,786,,,,,,350,2,,,,,
2026/09/08 03:55,2026-09-08T04:10:05+09:00,2026/09/08,2026/09/10,2026-09,PUT,60000,11,6685,106,40.19,39.65,10,2,9,11,40.03,-1,-9.09,10,09/08 01:13
2026/09/08 03:55,2026-09-08T04:10:05+09:00,2026/09/08,2026/09/10,2026-09,CALL,59875,6625,,,,,,,,,,,,,
2026/09/08 03:55,2026-09-08T04:10:05+09:00,2026/09/08,2026/09/10,2026-09,PUT,59875,9,42,5,40.95,39.16,10,1,7,15,40.79,-1,-9.09,10,09/07 23:34
2026/09/08 03:55,2026-09-08T04:10:05+09:00,2026/09/08,2026/09/10,2026-09,CALL,59750,6750,,,,,,,3,10,,,,,
2026/09/08 03:55,2026-09-08T04:10:05+09:00,2026/09/08,2026/09/10,2026-09,PUT,59750,9,119,3,43.63,39.17,14,15,6,15,41.15,-1,-9.09,10,09/07 21:53
2026/09/08 03:55,2026-09-08T04:10:05+09:00,2026/09/08,2026/09/10,2026-09,CALL,59625,6875,,,,,,,,,,,,,
2026/09/08 03:55,2026-09-08T04:10:05+09:00,2026/09/08,2026/09/10,2026-09,PUT,59625,9,10,,43.97,33.24,13,15,1,15,,,,,
2026/09/08 03:55,2026-09-08T04:10:05+09:00,2026/09/08,2026/09/10,2026-09,CALL,59500,7000,,,,,,,3,10,,,,,
2026/09/08 03:55,2026-09-08T04:10:05+09:00,2026/09/08,2026/09/10,2026-09,PUT,59500,9,953,9,42.05,39.78,8,3,5,15,41.11,-2,-22.22,7,09/08 00:29
2026/09/08 03:55,2026-09-08T04:10:05+09:00,2026/09/08,2026/09/10,2026-09,CALL,59375,7125,,,,,,,,,,,,,
2026/09/08 03:55,2026-09-08T04:10:05+09:00,2026/09/08,2026/09/10,2026-09,PUT,59375,8,44,1,45.06,,12,15,,,42.97,1,12.5,9,09/07 20:00
2026/09/08 03:55,2026-09-08T04:10:05+09:00,2026/09/08,2026/09/10,2026-09,CALL,59250,7250,,,,,,,,,,,,,
2026/09/08 03:55,2026-09-08T04:10:05+09:00,2026/09/08,2026/09/10,2026-09,PUT,59250,7,144,,45.84,40.2,12,15,4,15,,,,,
2026/09/08 03:55,2026-09-08T04:10:05+09:00,2026/09/08,2026/09/10,2026-09,CALL,59125,7375,,,,,,,,,,,,,
2026/09/08 03:55,2026-09-08T04:10:05+09:00,2026/09/08,2026/09/10,2026-09,PUT,59125,7,32,,46.09,,11,15,,,,,,,
2026/09/08 03:55,2026-09-08T04:10:05+09:00,2026/09/08,2026/09/10,2026-09,CALL,59000,7500,1096,,,,,,,,,,,,
2026/09/08 03:55,2026-09-08T04:10:05+09:00,2026/09/08,2026/09/10,2026-09,PUT,59000,6,3275,42,42.63,41.6,5,1,4,1,43.8,-1,-14.29,6,09/07 23:01
2026/09/08 03:55,2026-09-08T04:10:05+09:00,2026/09/08,2026/09/10,2026-09,CALL,58875,7625,,,,,,,,,,,,,
2026/09/08 03:55,2026-09-08T04:10:05+09:00,2026/09/08,2026/09/10,2026-09,PUT,58875,6,26,1,47.63,36.98,11,15,1,16,43.39,-1,-16.67,5,09/08 02:32
2026/09/08 03:55,2026-09-08T04:10:05+09:00,2026/09/08,2026/09/10,2026-09,CALL,58750,7745,,,,,,,,,,,,,
2026/09/08 03:55,2026-09-08T04:10:05+09:00,2026/09/08,2026/09/10,2026-09,PUT,58750,6,113,1,47.82,41.72,10,15,3,15,45.87,0,0,6,09/07 18:13
2026/09/08 03:55,2026-09-08T04:10:05+09:00,2026/09/08,2026/09/10,2026-09,CALL,58625,7870,,,,,,,,,,,,,
2026/09/08 03:55,2026-09-08T04:10:05+09:00,2026/09/08,2026/09/10,2026-09,PUT,58625,6,8,,44.77,,5,5,,,,,,,
2026/09/08 03:55,2026-09-08T04:10:05+09:00,2026/09/08,2026/09/10,2026-09,CALL,58500,7995,,,,,,,,,,,,,
2026/09/08 03:55,2026-09-08T04:10:05+09:00,2026/09/08,2026/09/10,2026-09,PUT,58500,6,2655,5,45.49,41.4,5,18,2,46,44.45,-2,-33.33,4,09/08 02:15
2026/09/08 03:55,2026-09-08T04:10:05+09:00,2026/09/08,2026/09/10,2026-09,CALL,58375,8120,,,,,,,,,,,,,
2026/09/08 03:55,2026-09-08T04:10:05+09:00,2026/09/08,2026/09/10,2026-09,PUT,58375,5,28,5,49.47,,9,15,,,45.22,-1,-20,4,09/07 23:03
2026/09/08 03:55,2026-09-08T04:10:05+09:00,2026/09/08,2026/09/10,2026-09,CALL,58250,8245,,,,,,,,,,,,,
2026/09/08 03:55,2026-09-08T04:10:05+09:00,2026/09/08,2026/09/10,2026-09,PUT,58250,5,278,7,46.92,42.72,5,20,2,16,47.27,1,25,5,09/07 18:53
2026/09/08 03:55,2026-09-08T04:10:05+09:00,2026/09/08,2026/09/10,2026-09,CALL,58000,8495,1101,,,,,,,,,,,,
2026/09/08 03:55,2026-09-08T04:10:05+09:00,2026/09/08,2026/09/10,2026-09,PUT,58000,5,2550,33,47.21,45.83,4,15,3,3,46,-2,-40,3,09/07 23:07
2026/09/08 03:55,2026-09-08T04:10:05+09:00,2026/09/08,2026/09/10,2026-09,CALL,57750,8745,,,,,,,,,,,,,
2026/09/08 03:55,2026-09-08T04:10:05+09:00,2026/09/08,2026/09/10,2026-09,PUT,57750,4,153,1,56.3,42.64,14,1,1,20,47.28,-1,-25,3,09/07 22:29
2026/09/08 03:55,2026-09-08T04:10:05+09:00,2026/09/08,2026/09/10,2026-09,CALL,57500,8995,384,,,,,,,,,,,,
2026/09/08 03:55,2026-09-08T04:10:05+09:00,2026/09/08,2026/09/10,2026-09,PUT,57500,3,633,23,48.59,46.71,3,10,2,9,46.74,-2,-50,2,09/08 02:30
2026/09/08 03:55,2026-09-08T04:10:05+09:00,2026/09/08,2026/09/10,2026-09,CALL,57250,9245,,,,,,,,,,,,,
2026/09/08 03:55,2026-09-08T04:10:05+09:00,2026/09/08,2026/09/10,2026-09,PUT,57250,3,186,,49.97,45.17,3,1,1,10,,,,,
2026/09/08 03:55,2026-09-08T04:10:05+09:00,2026/09/08,2026/09/10,2026-09,CALL,57000,9495,850,,,,,,,,,,,,
2026/09/08 03:55,2026-09-08T04:10:05+09:00,2026/09/08,2026/09/10,2026-09,PUT,57000,3,3074,25,49.39,46.44,2,2,1,51,49.23,-1,-33.33,2,09/08 01:07
2026/09/08 03:55,2026-09-08T04:10:05+09:00,2026/09/08,2026/09/10,2026-09,CALL,56750,9745,,,,,,,,,,,,,
2026/09/08 03:55,2026-09-08T04:10:05+09:00,2026/09/08,2026/09/10,2026-09,PUT,56750,3,215,7,58.56,,8,1,,,62.22,9,300,12,09/07 17:18
2026/09/08 03:55,2026-09-08T04:10:05+09:00,2026/09/08,2026/09/10,2026-09,CALL,56500,9995,75,,,,,,,,,,,,
2026/09/08 03:55,2026-09-08T04:10:05+09:00,2026/09/08,2026/09/10,2026-09,PUT,56500,2,1183,1,52.08,48.99,2,3,1,10,54.48,1,50,3,09/07 18:54
2026/09/08 03:55,2026-09-08T04:10:05+09:00,2026/09/08,2026/09/10,2026-09,CALL,56250,10245,,,,,,,,,,,,,
2026/09/08 03:55,2026-09-08T04:10:05+09:00,2026/09/08,2026/09/10,2026-09,PUT,56250,2,41,,64.64,50.27,12,1,1,1,,,,,
2026/09/08 03:55,2026-09-08T04:10:05+09:00,2026/09/08,2026/09/10,2026-09,CALL,56000,10490,1250,,,,,,,,,,,,
2026/09/08 03:55,2026-09-08T04:10:05+09:00,2026/09/08,2026/09/10,2026-09,PUT,56000,2,2243,41,54.78,51.56,2,13,1,83,51.54,-1,-50,1,09/07 22:44
2026/09/08 03:55,2026-09-08T04:10:05+09:00,2026/09/08,2026/09/10,2026-09,CALL,55750,10740,,,,,,,,,,,,,
2026/09/08 03:55,2026-09-08T04:10:05+09:00,2026/09/08,2026/09/10,2026-09,PUT,55750,1,25,,67.82,,12,1,,,,,,,
2026/09/08 03:55,2026-09-08T04:10:05+09:00,2026/09/08,2026/09/10,2026-09,CALL,55500,10990,,,,,,,,,,,,,
2026/09/08 03:55,2026-09-08T04:10:05+09:00,2026/09/08,2026/09/10,2026-09,PUT,55500,1,762,,57.5,54.14,2,4,1,2,,,,,
2026/09/08 03:55,2026-09-08T04:10:05+09:00,2026/09/08,2026/09/10,2026-09,CALL,55250,11240,,,,,,,,,,,,,
2026/09/08 03:55,2026-09-08T04:10:05+09:00,2026/09/08,2026/09/10,2026-09,PUT,55250,1,21,,58.86,,2,5,,,,,,,
2026/09/08 03:55,2026-09-08T04:10:05+09:00,2026/09/08,2026/09/10,2026-09,CALL,55000,11490,660,,,,,,,,,,,,
2026/09/08 03:55,2026-09-08T04:10:05+09:00,2026/09/08,2026/09/10,2026-09,PUT,55000,1,5856,111,60.23,56.73,2,55,1,7,56.63,-1,-50,1,09/08 01:52
2026/09/08 03:55,2026-09-08T04:10:05+09:00,2026/09/08,2026/09/10,2026-09,CALL,54750,11740,90,,,,,,,,,,,,
2026/09/08 03:55,2026-09-08T04:10:05+09:00,2026/09/08,2026/09/10,2026-09,PUT,54750,1,273,,58.04,,1,2,,,,,,,
2026/09/08 03:55,2026-09-08T04:10:05+09:00,2026/09/08,2026/09/10,2026-09,CALL,54500,11990,200,,,,,,,,,,,,
2026/09/08 03:55,2026-09-08T04:10:05+09:00,2026/09/08,2026/09/10,2026-09,PUT,54500,1,698,8,59.34,,1,2,,,59.41,0,0,1,09/07 23:20
2026/09/08 03:55,2026-09-08T04:10:05+09:00,2026/09/08,2026/09/10,2026-09,CALL,54250,12240,50,,,,,,,,,,,,
2026/09/08 03:55,2026-09-08T04:10:05+09:00,2026/09/08,2026/09/10,2026-09,PUT,54250,1,129,,60.66,,1,2,,,,,,,
2026/09/08 03:55,2026-09-08T04:10:05+09:00,2026/09/08,2026/09/10,2026-09,CALL,54000,12490,1056,,,,,,,,,,,,
2026/09/08 03:55,2026-09-08T04:10:05+09:00,2026/09/08,2026/09/10,2026-09,PUT,54000,1,2829,49,61.97,,1,9,,,61.78,0,0,1,09/08 01:29
2026/09/08 03:55,2026-09-08T04:10:05+09:00,2026/09/08,2026/09/10,2026-09,CALL,53750,12740,150,,,,,,,,,,,,
2026/09/08 03:55,2026-09-08T04:10:05+09:00,2026/09/08,2026/09/10,2026-09,PUT,53750,1,89,8,63.29,,1,49,,,63.27,-8,-88.89,1,09/08 01:21
2026/09/08 03:55,2026-09-08T04:10:05+09:00,2026/09/08,2026/09/10,2026-09,CALL,53500,12990,400,,,,,,,,,,,,
2026/09/08 03:55,2026-09-08T04:10:05+09:00,2026/09/08,2026/09/10,2026-09,PUT,53500,1,991,15,64.62,,1,50,,,64.51,0,0,1,09/07 22:07
2026/09/08 03:55,2026-09-08T04:10:05+09:00,2026/09/08,2026/09/10,2026-09,CALL,53250,13240,,,,,,,,,,,,,
2026/09/08 03:55,2026-09-08T04:10:05+09:00,2026/09/08,2026/09/10,2026-09,PUT,53250,1,61,4,65.95,,1,2,,,65.82,0,0,1,09/07 22:10
2026/09/08 03:55,2026-09-08T04:10:05+09:00,2026/09/08,2026/09/10,2026-09,CALL,53000,13490,1100,,,,,,,,,,,,
2026/09/08 03:55,2026-09-08T04:10:05+09:00,2026/09/08,2026/09/10,2026-09,PUT,53000,1,2658,52,67.28,,1,125,,,67.54,0,0,1,09/07 22:57
2026/09/08 03:55,2026-09-08T04:10:05+09:00,2026/09/08,2026/09/10,2026-09,CALL,52750,13740,,,,,,,,,,,,,
2026/09/08 03:55,2026-09-08T04:10:05+09:00,2026/09/08,2026/09/10,2026-09,PUT,52750,1,37,2,68.62,,1,7,,,68.54,-4,-80,1,09/07 22:09
2026/09/08 03:55,2026-09-08T04:10:05+09:00,2026/09/08,2026/09/10,2026-09,CALL,52500,13990,,,,,,,,,,,,,
2026/09/08 03:55,2026-09-08T04:10:05+09:00,2026/09/08,2026/09/10,2026-09,PUT,52500,1,884,5,69.97,,1,40,,,69.61,0,0,1,09/07 19:58
2026/09/08 03:55,2026-09-08T04:10:05+09:00,2026/09/08,2026/09/10,2026-09,CALL,52250,14240,,,,,,,,,,,,,
2026/09/08 03:55,2026-09-08T04:10:05+09:00,2026/09/08,2026/09/10,2026-09,PUT,52250,1,66,3,71.32,,1,6,,,71.23,0,0,1,09/07 22:09
2026/09/08 03:55,2026-09-08T04:10:05+09:00,2026/09/08,2026/09/10,2026-09,CALL,52000,14490,350,,,,,,,,,,,,
2026/09/08 03:55,2026-09-08T04:10:05+09:00,2026/09/08,2026/09/10,2026-09,PUT,52000,1,2616,8,72.67,,1,108,,,72.52,0,0,1,09/08 01:33
2026/09/08 03:55,2026-09-08T04:10:05+09:00,2026/09/08,2026/09/10,2026-09,CALL,51750,14740,,,,,,,,,,,,,
2026/09/08 03:55,2026-09-08T04:10:05+09:00,2026/09/08,2026/09/10,2026-09,PUT,51750,1,54,1,74.03,,1,14,,,73.95,0,0,1,09/07 19:51
2026/09/08 03:55,2026-09-08T04:10:05+09:00,2026/09/08,2026/09/10,2026-09,CALL,51500,14990,,,,,,,,,,,,,
2026/09/08 03:55,2026-09-08T04:10:05+09:00,2026/09/08,2026/09/10,2026-09,PUT,51500,1,289,3,75.4,,1,52,,,75.77,0,0,1,09/07 18:36
2026/09/08 03:55,2026-09-08T04:10:05+09:00,2026/09/08,2026/09/10,2026-09,CALL,51250,15240,210,,,,,,,,,,,,
2026/09/08 03:55,2026-09-08T04:10:05+09:00,2026/09/08,2026/09/10,2026-09,PUT,51250,1,222,,76.77,,1,7,,,,,,,
2026/09/08 03:55,2026-09-08T04:10:05+09:00,2026/09/08,2026/09/10,2026-09,CALL,51000,15490,141,,,,,,,,,,,,
2026/09/08 03:55,2026-09-08T04:10:05+09:00,2026/09/08,2026/09/10,2026-09,PUT,51000,1,1451,7,78.14,,1,94,,,78.18,0,0,1,09/08 02:13
2026/09/08 03:55,2026-09-08T04:10:05+09:00,2026/09/08,2026/09/10,2026-09,CALL,50750,15740,,,,,,,,,,,,,
2026/09/08 03:55,2026-09-08T04:10:05+09:00,2026/09/08,2026/09/10,2026-09,PUT,50750,1,175,,79.52,,1,7,,,,,,,
2026/09/08 03:55,2026-09-08T04:10:05+09:00,2026/09/08,2026/09/10,2026-09,CALL,50500,15990,50,,,,,,,,,,,,
2026/09/08 03:55,2026-09-08T04:10:05+09:00,2026/09/08,2026/09/10,2026-09,PUT,50500,1,1578,1,80.91,,1,104,,,81.63,0,0,1,09/07 17:40
2026/09/08 03:55,2026-09-08T04:10:05+09:00,2026/09/08,2026/09/10,2026-09,CALL,50250,16240,,,,,,,,,,,,,
2026/09/08 03:55,2026-09-08T04:10:05+09:00,2026/09/08,2026/09/10,2026-09,PUT,50250,1,143,,82.3,,1,6,,,,,,,
2026/09/08 03:55,2026-09-08T04:10:05+09:00,2026/09/08,2026/09/10,2026-09,CALL,50000,16490,3450,,,,,,,,,,,,
2026/09/08 03:55,2026-09-08T04:10:05+09:00,2026/09/08,2026/09/10,2026-09,PUT,50000,1,8726,12,83.7,,1,269,,,83.74,0,0,1,09/07 22:45
2026/09/08 03:55,2026-09-08T04:10:05+09:00,2026/09/08,2026/09/10,2026-09,CALL,49750,16740,,,,,,,,,,,,,
2026/09/08 03:55,2026-09-08T04:10:05+09:00,2026/09/08,2026/09/10,2026-09,PUT,49750,1,173,7,85.1,,1,129,,,84.75,0,0,1,09/07 19:59
2026/09/08 03:55,2026-09-08T04:10:05+09:00,2026/09/08,2026/09/10,2026-09,CALL,49500,16990,,,,,,,,,,,,,
2026/09/08 03:55,2026-09-08T04:10:05+09:00,2026/09/08,2026/09/10,2026-09,PUT,49500,1,274,11,86.51,,1,10,,,86.64,0,0,1,09/07 22:52
2026/09/08 03:55,2026-09-08T04:10:05+09:00,2026/09/08,2026/09/10,2026-09,CALL,49250,17240,,,,,,,,,,,,,
2026/09/08 03:55,2026-09-08T04:10:05+09:00,2026/09/08,2026/09/10,2026-09,PUT,49250,1,216,,87.93,,1,6,,,,,,,
2026/09/08 03:55,2026-09-08T04:10:05+09:00,2026/09/08,2026/09/10,2026-09,CALL,49000,17490,200,,,,,,,,,,,,
2026/09/08 03:55,2026-09-08T04:10:05+09:00,2026/09/08,2026/09/10,2026-09,PUT,49000,1,2286,5,89.35,,1,38,,,89.49,0,0,1,09/07 19:09
2026/09/08 03:55,2026-09-08T04:10:05+09:00,2026/09/08,2026/09/10,2026-09,CALL,48750,17740,,,,,,,,,,,,,
2026/09/08 03:55,2026-09-08T04:10:05+09:00,2026/09/08,2026/09/10,2026-09,PUT,48750,1,153,,90.78,,1,6,,,,,,,
2026/09/08 03:55,2026-09-08T04:10:05+09:00,2026/09/08,2026/09/10,2026-09,CALL,48500,17990,240,,,,,,,,,,,,
2026/09/08 03:55,2026-09-08T04:10:05+09:00,2026/09/08,2026/09/10,2026-09,PUT,48500,1,770,3,92.21,,1,8,,,91.45,0,0,1,09/07 21:44
2026/09/08 03:55,2026-09-08T04:10:05+09:00,2026/09/08,2026/09/10,2026-09,CALL,48250,18240,,,,,,,,,,,,,
2026/09/08 03:55,2026-09-08T04:10:05+09:00,2026/09/08,2026/09/10,2026-09,PUT,48250,1,124,,93.65,,1,7,,,,,,,
2026/09/08 03:55,2026-09-08T04:10:05+09:00,2026/09/08,2026/09/10,2026-09,CALL,48000,18490,400,,,,,,,,,,,,
2026/09/08 03:55,2026-09-08T04:10:05+09:00,2026/09/08,2026/09/10,2026-09,PUT,48000,1,2994,6,95.1,,1,45,,,95.18,0,0,1,09/07 22:28
2026/09/08 03:55,2026-09-08T04:10:05+09:00,2026/09/08,2026/09/10,2026-09,CALL,47750,18740,,,,,,,,,,,,,
2026/09/08 03:55,2026-09-08T04:10:05+09:00,2026/09/08,2026/09/10,2026-09,PUT,47750,1,137,,96.55,,1,7,,,,,,,
2026/09/08 03:55,2026-09-08T04:10:05+09:00,2026/09/08,2026/09/10,2026-09,CALL,47500,18990,,,,,,,,,,,,,
2026/09/08 03:55,2026-09-08T04:10:05+09:00,2026/09/08,2026/09/10,2026-09,PUT,47500,1,1065,,98.01,,1,7,,,,,,,
2026/09/08 03:55,2026-09-08T04:10:05+09:00,2026/09/08,2026/09/10,2026-09,CALL,47250,19240,,,,,,,,,,,,,
2026/09/08 03:55,2026-09-08T04:10:05+09:00,2026/09/08,2026/09/10,2026-09,PUT,47250,1,225,,99.48,,1,7,,,,,,,
2026/09/08 03:55,2026-09-08T04:10:05+09:00,2026/09/08,2026/09/10,2026-09,CALL,47000,19490,,,,,,,,,,,,,
2026/09/08 03:55,2026-09-08T04:10:05+09:00,2026/09/08,2026/09/10,2026-09,PUT,47000,1,1234,7,100.95,,1,55,,,100.93,0,0,1,09/08 02:29
2026/09/08 03:55,2026-09-08T04:10:05+09:00,2026/09/08,2026/09/10,2026-09,CALL,46750,19740,,,,,,,,,,,,,
2026/09/08 03:55,2026-09-08T04:10:05+09:00,2026/09/08,2026/09/10,2026-09,PUT,46750,1,68,,102.43,,1,7,,,,,,,
2026/09/08 03:55,2026-09-08T04:10:05+09:00,2026/09/08,2026/09/10,2026-09,CALL,46500,19990,,,,,,,,,,,,,
2026/09/08 03:55,2026-09-08T04:10:05+09:00,2026/09/08,2026/09/10,2026-09,PUT,46500,1,439,,103.92,,1,7,,,,,,,
2026/09/08 03:55,2026-09-08T04:10:05+09:00,2026/09/08,2026/09/10,2026-09,CALL,46250,20240,,,,,,,,,,,,,
2026/09/08 03:55,2026-09-08T04:10:05+09:00,2026/09/08,2026/09/10,2026-09,PUT,46250,1,68,,105.41,,1,7,,,,,,,
2026/09/08 03:55,2026-09-08T04:10:05+09:00,2026/09/08,2026/09/10,2026-09,CALL,46000,20490,,,,,,,,,,,,,
2026/09/08 03:55,2026-09-08T04:10:05+09:00,2026/09/08,2026/09/10,2026-09,PUT,46000,1,1868,3,106.92,,1,15,,,106.14,0,0,1,09/07 21:35
2026/09/08 03:55,2026-09-08T04:10:05+09:00,2026/09/08,2026/09/10,2026-09,CALL,45750,20740,,,,,,,,,,,,,
2026/09/08 03:55,2026-09-08T04:10:05+09:00,2026/09/08,2026/09/10,2026-09,PUT,45750,1,60,,108.42,,1,7,,,,,,,
2026/09/08 03:55,2026-09-08T04:10:05+09:00,2026/09/08,2026/09/10,2026-09,CALL,45500,20990,,,,,,,,,,,,,
2026/09/08 03:55,2026-09-08T04:10:05+09:00,2026/09/08,2026/09/10,2026-09,PUT,45500,1,160,1,109.94,,1,7,,,109.98,0,0,1,09/07 19:42
2026/09/08 03:55,2026-09-08T04:10:05+09:00,2026/09/08,2026/09/10,2026-09,CALL,45250,21240,,,,,,,,,,,,,
2026/09/08 03:55,2026-09-08T04:10:05+09:00,2026/09/08,2026/09/10,2026-09,PUT,45250,1,108,,111.46,,1,7,,,,,,,
2026/09/08 03:55,2026-09-08T04:10:05+09:00,2026/09/08,2026/09/10,2026-09,CALL,45000,21490,42,,,,,,,,,,,,
2026/09/08 03:55,2026-09-08T04:10:05+09:00,2026/09/08,2026/09/10,2026-09,PUT,45000,1,2540,,113,,1,129,,,,,,,
2026/09/08 03:55,2026-09-08T04:10:05+09:00,2026/09/08,2026/09/10,2026-09,CALL,44750,21740,,,,,,,,,,,,,
2026/09/08 03:55,2026-09-08T04:10:05+09:00,2026/09/08,2026/09/10,2026-09,PUT,44750,1,36,,114.53,,1,7,,,,,,,
2026/09/08 03:55,2026-09-08T04:10:05+09:00,2026/09/08,2026/09/10,2026-09,CALL,44500,21990,,,,,,,,,,,,,
2026/09/08 03:55,2026-09-08T04:10:05+09:00,2026/09/08,2026/09/10,2026-09,PUT,44500,1,212,,116.08,,1,7,,,,,,,
2026/09/08 03:55,2026-09-08T04:10:05+09:00,2026/09/08,2026/09/10,2026-09,CALL,44250,22240,,,,,,,,,,,,,
2026/09/08 03:55,2026-09-08T04:10:05+09:00,2026/09/08,2026/09/10,2026-09,PUT,44250,1,33,,117.64,,1,7,,,,,,,
2026/09/08 03:55,2026-09-08T04:10:05+09:00,2026/09/08,2026/09/10,2026-09,CALL,44000,22490,,,,,,,,,,,,,
2026/09/08 03:55,2026-09-08T04:10:05+09:00,2026/09/08,2026/09/10,2026-09,PUT,44000,1,1479,,119.2,,1,73,,,,,,,
2026/09/08 03:55,2026-09-08T04:10:05+09:00,2026/09/08,2026/09/10,2026-09,CALL,43750,22740,,,,,,,,,,,,,
2026/09/08 03:55,2026-09-08T04:10:05+09:00,2026/09/08,2026/09/10,2026-09,PUT,43750,1,16,,120.77,,1,10,,,,,,,
2026/09/08 03:55,2026-09-08T04:10:05+09:00,2026/09/08,2026/09/10,2026-09,CALL,43500,22990,57,,,,,,,,,,,,
2026/09/08 03:55,2026-09-08T04:10:05+09:00,2026/09/08,2026/09/10,2026-09,PUT,43500,1,887,,122.35,,1,10,,,,,,,
2026/09/08 03:55,2026-09-08T04:10:05+09:00,2026/09/08,2026/09/10,2026-09,CALL,43250,23240,,,,,,,,,,,,,
2026/09/08 03:55,2026-09-08T04:10:05+09:00,2026/09/08,2026/09/10,2026-09,PUT,43250,1,110,,123.93,,1,7,,,,,,,
2026/09/08 03:55,2026-09-08T04:10:05+09:00,2026/09/08,2026/09/10,2026-09,CALL,43000,23490,100,,,,,,,,,,,,
2026/09/08 03:55,2026-09-08T04:10:05+09:00,2026/09/08,2026/09/10,2026-09,PUT,43000,1,1382,,125.53,,1,71,,,,,,,
2026/09/08 03:55,2026-09-08T04:10:05+09:00,2026/09/08,2026/09/10,2026-09,CALL,42750,23740,,,,,,,,,,,,,
2026/09/08 03:55,2026-09-08T04:10:05+09:00,2026/09/08,2026/09/10,2026-09,PUT,42750,1,23,,127.13,,1,12,,,,,,,
2026/09/08 03:55,2026-09-08T04:10:05+09:00,2026/09/08,2026/09/10,2026-09,CALL,42500,23990,10,,,,,,,,,,,,
2026/09/08 03:55,2026-09-08T04:10:05+09:00,2026/09/08,2026/09/10,2026-09,PUT,42500,1,81,,128.75,,1,11,,,,,,,
2026/09/08 03:55,2026-09-08T04:10:05+09:00,2026/09/08,2026/09/10,2026-09,CALL,42250,24240,,,,,,,,,,,,,
2026/09/08 03:55,2026-09-08T04:10:05+09:00,2026/09/08,2026/09/10,2026-09,PUT,42250,1,24,,130.37,,1,11,,,,,,,
2026/09/08 03:55,2026-09-08T04:10:05+09:00,2026/09/08,2026/09/10,2026-09,CALL,42000,24490,101,,,,,,,,,,,,
2026/09/08 03:55,2026-09-08T04:10:05+09:00,2026/09/08,2026/09/10,2026-09,PUT,42000,1,2526,,132,,1,114,,,,,,,
2026/09/08 03:55,2026-09-08T04:10:05+09:00,2026/09/08,2026/09/10,2026-09,CALL,41750,24740,,,,,,,,,,,,,
2026/09/08 03:55,2026-09-08T04:10:05+09:00,2026/09/08,2026/09/10,2026-09,PUT,41750,1,17,,133.64,,1,11,,,,,,,
2026/09/08 03:55,2026-09-08T04:10:05+09:00,2026/09/08,2026/09/10,2026-09,CALL,41500,24990,,,,,,,,,,,,,
2026/09/08 03:55,2026-09-08T04:10:05+09:00,2026/09/08,2026/09/10,2026-09,PUT,41500,1,65,,135.29,,1,12,,,,,,,
2026/09/08 03:55,2026-09-08T04:10:05+09:00,2026/09/08,2026/09/10,2026-09,CALL,41250,25240,,,,,,,,,,,,,
2026/09/08 03:55,2026-09-08T04:10:05+09:00,2026/09/08,2026/09/10,2026-09,PUT,41250,1,31,2,136.94,,1,11,,,137.28,0,0,1,09/07 18:26
2026/09/08 03:55,2026-09-08T04:10:05+09:00,2026/09/08,2026/10/08,2026-10,CALL,87500,2,114,5,31.35,29.68,2,43,1,38,29.64,0,0,1,09/07 22:45
2026/09/08 03:55,2026-09-08T04:10:05+09:00,2026/09/08,2026/10/08,2026-10,PUT,87500,21315,,,,,,,,,,,,,
2026/09/08 03:55,2026-09-08T04:10:05+09:00,2026/09/08,2026/10/08,2026-10,CALL,85000,2,160,2,28.45,26.92,2,23,1,18,28.09,0,0,2,09/07 17:53
2026/09/08 03:55,2026-09-08T04:10:05+09:00,2026/09/08,2026/10/08,2026-10,PUT,85000,18820,26,,,,,,,,,,,,
2026/09/08 03:55,2026-09-08T04:10:05+09:00,2026/09/08,2026/10/08,2026-10,CALL,84500,3,,,29.62,,4,1,,,,,,,
2026/09/08 03:55,2026-09-08T04:10:05+09:00,2026/09/08,2026/10/08,2026-10,PUT,84500,18320,,,,,,,,,,,,,
2026/09/08 03:55,2026-09-08T04:10:05+09:00,2026/09/08,2026/10/08,2026-10,CALL,84000,4,18,,28.99,25.78,4,41,1,24,,,,,
2026/09/08 03:55,2026-09-08T04:10:05+09:00,2026/09/08,2026/10/08,2026-10,PUT,84000,17820,,,,,,,,,,,,,
2026/09/08 03:55,2026-09-08T04:10:05+09:00,2026/09/08,2026/10/08,2026-10,CALL,83500,5,9,,33.01,25.21,17,1,1,2,,,,,
2026/09/08 03:55,2026-09-08T04:10:05+09:00,2026/09/08,2026/10/08,2026-10,PUT,83500,17325,,,,,,,,,,,,,
2026/09/08 03:55,2026-09-08T04:10:05+09:00,2026/09/08,2026/10/08,2026-10,CALL,83000,5,51,,28.32,26.06,5,31,2,2,,,,,
2026/09/08 03:55,2026-09-08T04:10:05+09:00,2026/09/08,2026/10/08,2026-10,PUT,83000,16825,,,,,,,,,,,,,
2026/09/08 03:55,2026-09-08T04:10:05+09:00,2026/09/08,2026/10/08,2026-10,CALL,82500,6,1,,27.66,24.04,5,3,1,20,,,,,
2026/09/08 03:55,2026-09-08T04:10:05+09:00,2026/09/08,2026/10/08,2026-10,PUT,82500,16325,,,,,,,,,,,,,
2026/09/08 03:55,2026-09-08T04:10:05+09:00,2026/09/08,2026/10/08,2026-10,CALL,82000,6,183,6,27,24.83,5,1,2,2,26.3,-2,-33.33,4,09/07 22:32
2026/09/08 03:55,2026-09-08T04:10:05+09:00,2026/09/08,2026/10/08,2026-10,PUT,82000,15825,,,,,,,,,,,,,
2026/09/08 03:55,2026-09-08T04:10:05+09:00,2026/09/08,2026/10/08,2026-10,CALL,81500,8,2,,28.89,22.86,12,15,1,40,,,,,
2026/09/08 03:55,2026-09-08T04:10:05+09:00,2026/09/08,2026/10/08,2026-10,PUT,81500,15330,,,,,,,,,,,,,
2026/09/08 03:55,2026-09-08T04:10:05+09:00,2026/09/08,2026/10/08,2026-10,CALL,81000,9,520,2,27.28,26.14,9,1,6,3,26.68,-1,-12.5,7,09/07 21:54
2026/09/08 03:55,2026-09-08T04:10:05+09:00,2026/09/08,2026/10/08,2026-10,PUT,81000,14830,,,,,,,,,,,,,
2026/09/08 03:55,2026-09-08T04:10:05+09:00,2026/09/08,2026/10/08,2026-10,CALL,80500,12,10,,27.43,24.99,12,5,5,2,,,,,
2026/09/08 03:55,2026-09-08T04:10:05+09:00,2026/09/08,2026/10/08,2026-10,PUT,80500,14335,,,,,,,,,,,,,
2026/09/08 03:55,2026-09-08T04:10:05+09:00,2026/09/08,2026/10/08,2026-10,CALL,80000,12,1861,13,26.43,25.84,11,2,9,1,26.18,-2,-16.67,10,09/07 22:04
2026/09/08 03:55,2026-09-08T04:10:05+09:00,2026/09/08,2026/10/08,2026-10,PUT,80000,13835,,,,,,,,,,,,,
2026/09/08 03:55,2026-09-08T04:10:05+09:00,2026/09/08,2026/10/08,2026-10,CALL,79500,17,4,,29.39,22.47,32,7,3,26,,,,,
2026/09/08 03:55,2026-09-08T04:10:05+09:00,2026/09/08,2026/10/08,2026-10,PUT,79500,13340,,,,,,,,,,,,,
2026/09/08 03:55,2026-09-08T04:10:05+09:00,2026/09/08,2026/10/08,2026-10,CALL,79000,18,107,1,26.46,24.38,18,1,9,12,26.41,1,6.25,17,09/07 21:54
2026/09/08 03:55,2026-09-08T04:10:05+09:00,2026/09/08,2026/10/08,2026-10,PUT,79000,12840,1,,,,,,,,,,,,
2026/09/08 03:55,2026-09-08T04:10:05+09:00,2026/09/08,2026/10/08,2026-10,CALL,78500,22,10,2,26.8,24.43,25,2,12,12,25.44,-4,-18.18,18,09/07 18:20
2026/09/08 03:55,2026-09-08T04:10:05+09:00,2026/09/08,2026/10/08,2026-10,PUT,78500,12345,,,,,,,,,,,,,
2026/09/08 03:55,2026-09-08T04:10:05+09:00,2026/09/08,2026/10/08,2026-10,CALL,78000,26,703,3,26.25,25.53,27,1,22,3,25.98,-2,-7.69,24,09/07 21:59
2026/09/08 03:55,2026-09-08T04:10:05+09:00,2026/09/08,2026/10/08,2026-10,PUT,78000,11850,,,,,,,,,,,,,
2026/09/08 03:55,2026-09-08T04:10:05+09:00,2026/09/08,2026/10/08,2026-10,CALL,77500,34,113,3,26.14,24.71,33,1,22,8,26.05,-3,-9.38,29,09/07 21:22
2026/09/08 03:55,2026-09-08T04:10:05+09:00,2026/09/08,2026/10/08,2026-10,PUT,77500,11360,,,,,,,,,,,,,
2026/09/08 03:55,2026-09-08T04:10:05+09:00,2026/09/08,2026/10/08,2026-10,CALL,77000,41,1249,1,25.9,24.8,39,1,29,7,25.46,-2,-5.41,35,09/07 22:29
2026/09/08 03:55,2026-09-08T04:10:05+09:00,2026/09/08,2026/10/08,2026-10,PUT,77000,10865,,,,,,,,,,,,,
2026/09/08 03:55,2026-09-08T04:10:05+09:00,2026/09/08,2026/10/08,2026-10,CALL,76500,50,13,,26.32,24.81,54,2,37,4,,,,,
2026/09/08 03:55,2026-09-08T04:10:05+09:00,2026/09/08,2026/10/08,2026-10,PUT,76500,10375,,,,,,,,,,,,,
2026/09/08 03:55,2026-09-08T04:10:05+09:00,2026/09/08,2026/10/08,2026-10,CALL,76250,57,8,,26.08,24.83,57,2,42,2,,,,,
2026/09/08 03:55,2026-09-08T04:10:05+09:00,2026/09/08,2026/10/08,2026-10,PUT,76250,10135,,,,,,,,,,,,,
2026/09/08 03:55,2026-09-08T04:10:05+09:00,2026/09/08,2026/10/08,2026-10,CALL,76000,61,1070,3,26.04,25.38,63,4,54,1,25.61,-4,-6.56,57,09/07 22:44
2026/09/08 03:55,2026-09-08T04:10:05+09:00,2026/09/08,2026/10/08,2026-10,PUT,76000,9890,,,,,,,,,,,,,
2026/09/08 03:55,2026-09-08T04:10:05+09:00,2026/09/08,2026/10/08,2026-10,CALL,75750,70,5,,26.16,24.83,72,2,53,2,,,,,
2026/09/08 03:55,2026-09-08T04:10:05+09:00,2026/09/08,2026/10/08,2026-10,PUT,75750,9645,,,,,,,,,,,,,
2026/09/08 03:55,2026-09-08T04:10:05+09:00,2026/09/08,2026/10/08,2026-10,CALL,75500,75,9,3,26.1,24.86,79,2,60,2,25.42,-8,-11.27,63,09/07 21:33
2026/09/08 03:55,2026-09-08T04:10:05+09:00,2026/09/08,2026/10/08,2026-10,PUT,75500,9400,,,,,,,,,,,,,
2026/09/08 03:55,2026-09-08T04:10:05+09:00,2026/09/08,2026/10/08,2026-10,CALL,75250,85,2,,26.05,24.85,87,2,67,2,,,,,
2026/09/08 03:55,2026-09-08T04:10:05+09:00,2026/09/08,2026/10/08,2026-10,PUT,75250,9160,,,,,,,,,,,,,
2026/09/08 03:55,2026-09-08T04:10:05+09:00,2026/09/08,2026/10/08,2026-10,CALL,75000,88,1645,32,25.97,25.02,95,2,78,13,25.26,-3,-3.41,85,09/07 22:33
2026/09/08 03:55,2026-09-08T04:10:05+09:00,2026/09/08,2026/10/08,2026-10,PUT,75000,8920,,,,,,,,,,,,,
2026/09/08 03:55,2026-09-08T04:10:05+09:00,2026/09/08,2026/10/08,2026-10,CALL,74750,105,2,,26,24.97,106,2,86,2,,,,,
2026/09/08 03:55,2026-09-08T04:10:05+09:00,2026/09/08,2026/10/08,2026-10,PUT,74750,8685,,,,,,,,,,,,,
2026/09/08 03:55,2026-09-08T04:10:05+09:00,2026/09/08,2026/10/08,2026-10,CALL,74500,112,68,2,25.56,25.07,108,2,98,2,24.76,-3,-2.86,102,09/07 17:19
2026/09/08 03:55,2026-09-08T04:10:05+09:00,2026/09/08,2026/10/08,2026-10,PUT,74500,8440,,,,,,,,,,,,,
2026/09/08 03:55,2026-09-08T04:10:05+09:00,2026/09/08,2026/10/08,2026-10,CALL,74250,123,10,1,25.56,25.06,120,2,109,5,25.09,,,120,09/07 17:37
2026/09/08 03:55,2026-09-08T04:10:05+09:00,2026/09/08,2026/10/08,2026-10,PUT,74250,8200,,,,,,,,,,,,,
2026/09/08 03:55,2026-09-08T04:10:05+09:00,2026/09/08,2026/10/08,2026-10,CALL,74000,138,525,21,25.6,25.05,134,2,121,6,25.18,-3,-2.31,127,09/07 22:31
2026/09/08 03:55,2026-09-08T04:10:05+09:00,2026/09/08,2026/10/08,2026-10,PUT,74000,7970,,,,,,,,,,,,,
2026/09/08 03:55,2026-09-08T04:10:05+09:00,2026/09/08,2026/10/08,2026-10,CALL,73750,152,1,,25.51,25,146,2,133,6,,,,,
2026/09/08 03:55,2026-09-08T04:10:05+09:00,2026/09/08,2026/10/08,2026-10,PUT,73750,7730,,,,,,,,,,,,,
2026/09/08 03:55,2026-09-08T04:10:05+09:00,2026/09/08,2026/10/08,2026-10,CALL,73500,168,20,5,25.57,25.01,163,2,148,6,25.06,-5,-3.23,150,09/07 23:42
2026/09/08 03:55,2026-09-08T04:10:05+09:00,2026/09/08,2026/10/08,2026-10,PUT,73500,7500,,,,,,,,,,,,,
2026/09/08 03:55,2026-09-08T04:10:05+09:00,2026/09/08,2026/10/08,2026-10,CALL,73250,186,4,,25.54,24.98,179,2,163,6,,,,,
2026/09/08 03:55,2026-09-08T04:10:05+09:00,2026/09/08,2026/10/08,2026-10,PUT,73250,7265,,,,,,,,,,,,,
2026/09/08 03:55,2026-09-08T04:10:05+09:00,2026/09/08,2026/10/08,2026-10,CALL,73000,197,1674,5,25.58,25.1,199,2,184,2,25.08,-7,-3.55,190,09/07 22:54
2026/09/08 03:55,2026-09-08T04:10:05+09:00,2026/09/08,2026/10/08,2026-10,PUT,73000,7035,10,,,,,,,,,,,,
2026/09/08 03:55,2026-09-08T04:10:05+09:00,2026/09/08,2026/10/08,2026-10,CALL,72750,225,14,,25.43,24.93,214,2,198,6,,,,,
2026/09/08 03:55,2026-09-08T04:10:05+09:00,2026/09/08,2026/10/08,2026-10,PUT,72750,6805,,,,,,,,,,,,,
2026/09/08 03:55,2026-09-08T04:10:05+09:00,2026/09/08,2026/10/08,2026-10,CALL,72500,248,180,4,25.44,24.94,236,2,219,2,25.1,-6,-2.61,224,09/08 00:37
2026/09/08 03:55,2026-09-08T04:10:05+09:00,2026/09/08,2026/10/08,2026-10,PUT,72500,6580,1,,,,,,,,,,,,
2026/09/08 03:55,2026-09-08T04:10:05+09:00,2026/09/08,2026/10/08,2026-10,CALL,72250,274,87,2,25.45,24.96,260,2,242,4,24.99,-19,-7.2,245,09/07 23:24
2026/09/08 03:55,2026-09-08T04:10:05+09:00,2026/09/08,2026/10/08,2026-10,PUT,72250,6355,,,,,,,,,,,,,
2026/09/08 03:55,2026-09-08T04:10:05+09:00,2026/09/08,2026/10/08,2026-10,CALL,72125,288,,,25.64,24.93,280,2,253,2,,,,,
2026/09/08 03:55,2026-09-08T04:10:05+09:00,2026/09/08,2026/10/08,2026-10,PUT,72125,6245,,,,,,,,,,,,,
2026/09/08 03:55,2026-09-08T04:10:05+09:00,2026/09/08,2026/10/08,2026-10,CALL,72000,305,1747,8,25.38,25.05,283,2,270,3,25.12,-5,-1.82,270,09/08 00:29
2026/09/08 03:55,2026-09-08T04:10:05+09:00,2026/09/08,2026/10/08,2026-10,PUT,72000,6130,,,,,,,,,,,,,
2026/09/08 03:55,2026-09-08T04:10:05+09:00,2026/09/08,2026/10/08,2026-10,CALL,71875,320,,,27.02,24.84,365,1,275,2,,,,,
2026/09/08 03:55,2026-09-08T04:10:05+09:00,2026/09/08,2026/10/08,2026-10,PUT,71875,6020,,,,,,,,,,,,,
2026/09/08 03:55,2026-09-08T04:10:05+09:00,2026/09/08,2026/10/08,2026-10,CALL,71750,335,,,25.37,25,310,2,295,2,,,,,
2026/09/08 03:55,2026-09-08T04:10:05+09:00,2026/09/08,2026/10/08,2026-10,PUT,71750,5910,,,,,,,,,,,,,
2026/09/08 03:55,2026-09-08T04:10:05+09:00,2026/09/08,2026/10/08,2026-10,CALL,71625,340,,,26.76,23.19,385,15,238,15,,,,,
2026/09/08 03:55,2026-09-08T04:10:05+09:00,2026/09/08,2026/10/08,2026-10,PUT,71625,5795,,,,,,,,,,,,,
2026/09/08 03:55,2026-09-08T04:10:05+09:00,2026/09/08,2026/10/08,2026-10,CALL,71500,365,261,2,25.38,24.91,340,2,320,2,24.88,-25,-7.58,305,09/07 20:46
2026/09/08 03:55,2026-09-08T04:10:05+09:00,2026/09/08,2026/10/08,2026-10,PUT,71500,5695,,,,,,,,,,,,,
2026/09/08 03:55,2026-09-08T04:10:05+09:00,2026/09/08,2026/10/08,2026-10,CALL,71375,375,,,26.67,23.11,415,15,261,15,,,,,
2026/09/08 03:55,2026-09-08T04:10:05+09:00,2026/09/08,2026/10/08,2026-10,PUT,71375,5580,,,,,,,,,,,,,
2026/09/08 03:55,2026-09-08T04:10:05+09:00,2026/09/08,2026/10/08,2026-10,CALL,71250,400,108,,25.55,24.88,380,2,350,2,,,,,
2026/09/08 03:55,2026-09-08T04:10:05+09:00,2026/09/08,2026/10/08,2026-10,PUT,71250,5480,,,,,,,,,,,,,
2026/09/08 03:55,2026-09-08T04:10:05+09:00,2026/09/08,2026/10/08,2026-10,CALL,71125,410,,,26.65,23.2,450,16,293,15,,,,,
2026/09/08 03:55,2026-09-08T04:10:05+09:00,2026/09/08,2026/10/08,2026-10,PUT,71125,5365,,,,,,,,,,,,,
2026/09/08 03:55,2026-09-08T04:10:05+09:00,2026/09/08,2026/10/08,2026-10,CALL,71000,435,163,5,25.34,24.92,405,2,385,2,24.98,-20,-4.76,400,09/07 22:54
2026/09/08 03:55,2026-09-08T04:10:05+09:00,2026/09/08,2026/10/08,2026-10,PUT,71000,5265,,,,,,,,,,,,,
2026/09/08 03:55,2026-09-08T04:10:05+09:00,2026/09/08,2026/10/08,2026-10,CALL,70875,450,1,,26.58,23,485,15,315,15,,,,,
2026/09/08 03:55,2026-09-08T04:10:05+09:00,2026/09/08,2026/10/08,2026-10,PUT,70875,5155,,,,,,,,,,,,,
2026/09/08 03:55,2026-09-08T04:10:05+09:00,2026/09/08,2026/10/08,2026-10,CALL,70750,480,3,,25.4,24.89,445,2,420,2,,,,,
2026/09/08 03:55,2026-09-08T04:10:05+09:00,2026/09/08,2026/10/08,2026-10,PUT,70750,5060,,,30.31,22.17,5725,1,5310,1,,,,,
2026/09/08 03:55,2026-09-08T04:10:05+09:00,2026/09/08,2026/10/08,2026-10,CALL,70625,490,,,26.74,22.93,535,15,345,15,,,,,
2026/09/08 03:55,2026-09-08T04:10:05+09:00,2026/09/08,2026/10/08,2026-10,PUT,70625,4945,,,31.58,22.04,5700,2,5195,2,,,,,
2026/09/08 03:55,2026-09-08T04:10:05+09:00,2026/09/08,2026/10/08,2026-10,CALL,70500,520,316,1,25.49,24.91,490,2,460,2,25.06,-55,-10.89,450,09/07 20:13
2026/09/08 03:55,2026-09-08T04:10:05+09:00,2026/09/08,2026/10/08,2026-10,PUT,70500,4850,,,27.89,22.34,5385,1,5100,1,,,,,
2026/09/08 03:55,2026-09-08T04:10:05+09:00,2026/09/08,2026/10/08,2026-10,CALL,70375,540,124,,26.57,23.02,570,15,385,15,,,,,
2026/09/08 03:55,2026-09-08T04:10:05+09:00,2026/09/08,2026/10/08,2026-10,PUT,70375,4745,,,29.29,22.39,5365,2,4995,2,,,,,
2026/09/08 03:55,2026-09-08T04:10:05+09:00,2026/09/08,2026/10/08,2026-10,CALL,70250,565,12,,25.43,24.87,530,2,500,2,,,,,
2026/09/08 03:55,2026-09-08T04:10:05+09:00,2026/09/08,2026/10/08,2026-10,PUT,70250,4645,,,29.77,22.53,5295,1,4895,1,,,,,
2026/09/08 03:55,2026-09-08T04:10:05+09:00,2026/09/08,2026/10/08,2026-10,CALL,70125,585,,,26.45,23.13,610,15,430,15,,,,,
2026/09/08 03:55,2026-09-08T04:10:05+09:00,2026/09/08,2026/10/08,2026-10,PUT,70125,4540,,,31.75,22.54,5320,2,4790,2,,,,,
2026/09/08 03:55,2026-09-08T04:10:05+09:00,2026/09/08,2026/10/08,2026-10,CALL,70000,620,1304,27,25.58,24.78,585,2,540,2,25.09,-15,-2.65,550,09/07 23:58
2026/09/08 03:55,2026-09-08T04:10:05+09:00,2026/09/08,2026/10/08,2026-10,PUT,70000,4450,105,,31.37,22.34,5200,4,4675,4,,,,,
2026/09/08 03:55,2026-09-08T04:10:05+09:00,2026/09/08,2026/10/08,2026-10,CALL,69875,640,107,,26.36,23.17,655,15,475,15,,,,,
2026/09/08 03:55,2026-09-08T04:10:05+09:00,2026/09/08,2026/10/08,2026-10,PUT,69875,4345,,,30.75,22.8,5065,2,4595,2,,,,,
2026/09/08 03:55,2026-09-08T04:10:05+09:00,2026/09/08,2026/10/08,2026-10,CALL,69750,670,1,,25.33,24.73,620,2,585,2,,,,,
2026/09/08 03:55,2026-09-08T04:10:05+09:00,2026/09/08,2026/10/08,2026-10,PUT,69750,4250,,,26.84,22.94,4725,1,4500,1,,,,,
2026/09/08 03:55,2026-09-08T04:10:05+09:00,2026/09/08,2026/10/08,2026-10,CALL,69625,695,94,,26.31,23.24,705,15,525,15,,,,,
2026/09/08 03:55,2026-09-08T04:10:05+09:00,2026/09/08,2026/10/08,2026-10,PUT,69625,4150,,,26.56,22.98,4610,2,4400,2,,,,,
2026/09/08 03:55,2026-09-08T04:10:05+09:00,2026/09/08,2026/10/08,2026-10,CALL,69500,735,292,1,25.53,24.95,685,2,650,2,24.89,-65,-9.42,625,09/07 20:52
2026/09/08 03:55,2026-09-08T04:10:05+09:00,2026/09/08,2026/10/08,2026-10,PUT,69500,4065,,,31.1,23.25,4805,1,4315,1,,,,,
2026/09/08 03:55,2026-09-08T04:10:05+09:00,2026/09/08,2026/10/08,2026-10,CALL,69375,760,,,26.37,23.5,765,15,590,15,,,,,
2026/09/08 03:55,2026-09-08T04:10:05+09:00,2026/09/08,2026/10/08,2026-10,PUT,69375,3965,,,30.46,23.25,4670,2,4215,2,,,,,
2026/09/08 03:55,2026-09-08T04:10:05+09:00,2026/09/08,2026/10/08,2026-10,CALL,69250,800,2,,25.51,24.7,740,2,690,2,,,,,
2026/09/08 03:55,2026-09-08T04:10:05+09:00,2026/09/08,2026/10/08,2026-10,PUT,69250,3885,,,30.64,17.23,4590,1,3790,1,,,,,
2026/09/08 03:55,2026-09-08T04:10:05+09:00,2026/09/08,2026/10/08,2026-10,CALL,69125,825,,,26.29,23.35,820,15,635,15,,,,,
2026/09/08 03:55,2026-09-08T04:10:05+09:00,2026/09/08,2026/10/08,2026-10,PUT,69125,3785,,,28.95,17.15,4385,2,3680,2,,,,,
2026/09/08 03:55,2026-09-08T04:10:05+09:00,2026/09/08,2026/10/08,2026-10,CALL,69000,860,2945,7,25.43,24.73,795,2,750,2,25.06,-15,-1.88,785,09/07 22:50
2026/09/08 03:55,2026-09-08T04:10:05+09:00,2026/09/08,2026/10/08,2026-10,PUT,69000,3705,210,,28.01,17.64,4230,4,3600,4,,,,,
2026/09/08 03:55,2026-09-08T04:10:05+09:00,2026/09/08,2026/10/08,2026-10,CALL,68875,895,,,26.47,23.47,895,15,700,15,,,,,
2026/09/08 03:55,2026-09-08T04:10:05+09:00,2026/09/08,2026/10/08,2026-10,PUT,68875,3600,,,30.29,17.6,4295,2,3495,2,,,,,
2026/09/08 03:55,2026-09-08T04:10:05+09:00,2026/09/08,2026/10/08,2026-10,CALL,68750,930,114,,25.44,24.69,860,2,810,2,,,,,
2026/09/08 03:55,2026-09-08T04:10:05+09:00,2026/09/08,2026/10/08,2026-10,PUT,68750,3510,,,25.89,23.69,3905,3,3760,7,,,,,
2026/09/08 03:55,2026-09-08T04:10:05+09:00,2026/09/08,2026/10/08,2026-10,CALL,68625,975,,,26.43,23.51,960,15,765,15,,,,,
2026/09/08 03:55,2026-09-08T04:10:05+09:00,2026/09/08,2026/10/08,2026-10,PUT,68625,3430,,,27.74,18.36,3940,2,3335,2,,,,,
2026/09/08 03:55,2026-09-08T04:10:05+09:00,2026/09/08,2026/10/08,2026-10,CALL,68500,995,1186,,25.55,24.74,935,2,880,2,,,,,
2026/09/08 03:55,2026-09-08T04:10:05+09:00,2026/09/08,2026/10/08,2026-10,PUT,68500,3340,3,,25.99,24,3730,3,3595,3,,,,,
2026/09/08 03:55,2026-09-08T04:10:05+09:00,2026/09/08,2026/10/08,2026-10,CALL,68375,1050,,,26.48,23.64,1035,15,840,15,,,,,
2026/09/08 03:55,2026-09-08T04:10:05+09:00,2026/09/08,2026/10/08,2026-10,PUT,68375,3260,,,29.1,18.62,3860,2,3155,2,,,,,
2026/09/08 03:55,2026-09-08T04:10:05+09:00,2026/09/08,2026/10/08,2026-10,CALL,68250,1095,8,,25.45,24.87,1000,2,960,2,,,,,
2026/09/08 03:55,2026-09-08T04:10:05+09:00,2026/09/08,2026/10/08,2026-10,PUT,68250,3180,,,26.38,24.3,3580,7,3435,2,,,,,
2026/09/08 03:55,2026-09-08T04:10:05+09:00,2026/09/08,2026/10/08,2026-10,CALL,68125,1125,6,,26.54,23.77,1115,15,920,15,,,,,
2026/09/08 03:55,2026-09-08T04:10:05+09:00,2026/09/08,2026/10/08,2026-10,PUT,68125,3085,,,30.63,19.01,3800,2,2990,2,,,,,
2026/09/08 03:55,2026-09-08T04:10:05+09:00,2026/09/08,2026/10/08,2026-10,CALL,68000,1180,922,1,25.5,24.8,1080,1,1030,1,25.18,-90,-8.11,1020,09/07 20:04
2026/09/08 03:55,2026-09-08T04:10:05+09:00,2026/09/08,2026/10/08,2026-10,PUT,68000,3025,541,4,26.06,24.45,3385,2,3270,2,25.03,,,3190,09/07 17:38
2026/09/08 03:55,2026-09-08T04:10:05+09:00,2026/09/08,2026/10/08,2026-10,CALL,67875,1225,,,26.61,23.83,1200,15,1000,15,,,,,
2026/09/08 03:55,2026-09-08T04:10:05+09:00,2026/09/08,2026/10/08,2026-10,PUT,67875,2930,,,,,,,,,,,,,
2026/09/08 03:55,2026-09-08T04:10:05+09:00,2026/09/08,2026/10/08,2026-10,CALL,67750,1260,78,,25.84,24.74,1185,1,1105,1,,,,,
2026/09/08 03:55,2026-09-08T04:10:05+09:00,2026/09/08,2026/10/08,2026-10,PUT,67750,2840,9,,25.98,24.39,3210,1,3095,1,,,,,
2026/09/08 03:55,2026-09-08T04:10:05+09:00,2026/09/08,2026/10/08,2026-10,CALL,67625,1305,85,,26.63,23.96,1285,15,1090,15,,,,,
2026/09/08 03:55,2026-09-08T04:10:05+09:00,2026/09/08,2026/10/08,2026-10,PUT,67625,2785,6,,,,,,,,,,,,
2026/09/08 03:55,2026-09-08T04:10:05+09:00,2026/09/08,2026/10/08,2026-10,CALL,67500,1355,195,11,25.9,24.96,1275,1,1205,1,25.23,-25,-1.96,1250,09/07 18:50
2026/09/08 03:55,2026-09-08T04:10:05+09:00,2026/09/08,2026/10/08,2026-10,PUT,67500,2715,38,,26.04,24.28,3050,1,2920,5,,,,,
2026/09/08 03:55,2026-09-08T04:10:05+09:00,2026/09/08,2026/10/08,2026-10,CALL,67375,1420,74,,26.65,23.96,1375,15,1175,15,,,,,
2026/09/08 03:55,2026-09-08T04:10:05+09:00,2026/09/08,2026/10/08,2026-10,PUT,67375,2635,,,26.85,23.82,3030,4,2805,4,,,,,
2026/09/08 03:55,2026-09-08T04:10:05+09:00,2026/09/08,2026/10/08,2026-10,CALL,67250,1465,,,25.7,24.77,1350,1,1280,1,,,,,
2026/09/08 03:55,2026-09-08T04:10:05+09:00,2026/09/08,2026/10/08,2026-10,PUT,67250,2580,,,25.9,24.7,2880,1,2790,1,,,,,
2026/09/08 03:55,2026-09-08T04:10:05+09:00,2026/09/08,2026/10/08,2026-10,CALL,67125,1520,,,26.74,24.09,1475,15,1275,15,,,,,
2026/09/08 03:55,2026-09-08T04:10:05+09:00,2026/09/08,2026/10/08,2026-10,PUT,67125,2490,,,26.94,24.22,2880,4,2675,4,,,,,
2026/09/08 03:55,2026-09-08T04:10:05+09:00,2026/09/08,2026/10/08,2026-10,CALL,67000,1535,852,15,25.78,24.86,1450,1,1380,1,25.4,-55,-3.58,1480,09/07 17:13
2026/09/08 03:55,2026-09-08T04:10:05+09:00,2026/09/08,2026/10/08,2026-10,PUT,67000,2440,511,,25.98,24.66,2730,1,2630,1,,,,,
2026/09/08 03:55,2026-09-08T04:10:05+09:00,2026/09/08,2026/10/08,2026-10,CALL,66875,1635,6,,26.84,23.95,1580,15,1360,15,,,,,
2026/09/08 03:55,2026-09-08T04:10:05+09:00,2026/09/08,2026/10/08,2026-10,PUT,66875,2345,,,26.91,24.09,2725,4,2510,4,,,,,
2026/09/08 03:55,2026-09-08T04:10:05+09:00,2026/09/08,2026/10/08,2026-10,CALL,66750,1690,123,,26.25,24.81,1585,1,1475,1,,,,,
2026/09/08 03:55,2026-09-08T04:10:05+09:00,2026/09/08,2026/10/08,2026-10,PUT,66750,2305,,,26.31,24.81,2605,1,2490,1,,,,,
2026/09/08 03:55,2026-09-08T04:10:05+09:00,2026/09/08,2026/10/08,2026-10,CALL,66625,1750,,,26.95,24.08,1690,15,1470,15,,,,,
2026/09/08 03:55,2026-09-08T04:10:05+09:00,2026/09/08,2026/10/08,2026-10,PUT,66625,2215,,,26.75,24.15,2565,4,2365,4,,,,,
2026/09/08 03:55,2026-09-08T04:10:05+09:00,2026/09/08,2026/10/08,2026-10,CALL,66500,1810,9,5,26.07,24.96,1675,1,1590,1,25.56,585,53.92,1670,09/07 22:32
2026/09/08 03:55,2026-09-08T04:10:05+09:00,2026/09/08,2026/10/08,2026-10,PUT,66500,2205,94,,26.07,25.16,2440,1,2370,1,,,,,
2026/09/08 03:55,2026-09-08T04:10:05+09:00,2026/09/08,2026/10/08,2026-10,CALL,66375,1875,1,,26.92,24.34,1795,4,1595,4,,,,,
2026/09/08 03:55,2026-09-08T04:10:05+09:00,2026/09/08,2026/10/08,2026-10,PUT,66375,2100,,,26.86,24.27,2430,4,2230,4,,,,,
2026/09/08 03:55,2026-09-08T04:10:05+09:00,2026/09/08,2026/10/08,2026-10,CALL,66250,1935,4,,26.15,24.92,1790,1,1695,1,,,,,
2026/09/08 03:55,2026-09-08T04:10:05+09:00,2026/09/08,2026/10/08,2026-10,PUT,66250,2055,,,26.08,24.92,2300,1,2210,1,,,,,
2026/09/08 03:55,2026-09-08T04:10:05+09:00,2026/09/08,2026/10/08,2026-10,CALL,66125,2000,,,27.04,24.46,1915,4,1715,4,,,,,
2026/09/08 03:55,2026-09-08T04:10:05+09:00,2026/09/08,2026/10/08,2026-10,PUT,66125,1980,,,27.04,24.13,2305,15,2080,15,,,,,
2026/09/08 03:55,2026-09-08T04:10:05+09:00,2026/09/08,2026/10/08,2026-10,CALL,66000,2070,1201,1,26.43,25.2,1925,1,1830,1,25.75,-115,-5.75,1885,09/07 19:39
2026/09/08 03:55,2026-09-08T04:10:05+09:00,2026/09/08,2026/10/08,2026-10,PUT,66000,1935,1097,9,26.17,25.39,2170,1,2110,1,25.59,105,5.19,2130,09/07 22:08
2026/09/08 03:55,2026-09-08T04:10:05+09:00,2026/09/08,2026/10/08,2026-10,CALL,65875,2130,1,,27.28,24.38,2050,4,1825,4,,,,,
2026/09/08 03:55,2026-09-08T04:10:05+09:00,2026/09/08,2026/10/08,2026-10,PUT,65875,1860,,,27.09,24.51,2175,15,1975,15,,,,,
2026/09/08 03:55,2026-09-08T04:10:05+09:00,2026/09/08,2026/10/08,2026-10,CALL,65750,2195,52,,26.45,25.29,2045,1,1955,1,,,,,
2026/09/08 03:55,2026-09-08T04:10:05+09:00,2026/09/08,2026/10/08,2026-10,PUT,65750,1815,116,,26.32,25.35,2050,1,1975,1,,,,,
2026/09/08 03:55,2026-09-08T04:10:05+09:00,2026/09/08,2026/10/08,2026-10,CALL,65625,2260,,,27.4,24.5,2180,4,1955,4,,,,,
2026/09/08 03:55,2026-09-08T04:10:05+09:00,2026/09/08,2026/10/08,2026-10,PUT,65625,1740,,,27.21,24.63,2055,15,1855,15,,,,,
2026/09/08 03:55,2026-09-08T04:10:05+09:00,2026/09/08,2026/10/08,2026-10,CALL,65500,2345,123,,26.66,25.24,2185,1,2075,1,,,,,
2026/09/08 03:55,2026-09-08T04:10:05+09:00,2026/09/08,2026/10/08,2026-10,PUT,65500,1720,142,1,26.4,25.56,1930,1,1865,1,25.85,0,0,1780,09/07 17:52
2026/09/08 03:55,2026-09-08T04:10:05+09:00,2026/09/08,2026/10/08,2026-10,CALL,65375,2415,,,27.53,24.61,2315,4,2090,4,,,,,
2026/09/08 03:55,2026-09-08T04:10:05+09:00,2026/09/08,2026/10/08,2026-10,PUT,65375,1635,231,,27.33,24.74,1940,15,1740,15,,,,,
2026/09/08 03:55,2026-09-08T04:10:05+09:00,2026/09/08,2026/10/08,2026-10,CALL,65250,2485,1,,26.49,25.26,2300,1,2205,5,,,,,
2026/09/08 03:55,2026-09-08T04:10:05+09:00,2026/09/08,2026/10/08,2026-10,PUT,65250,1600,9,,26.56,25.65,1820,1,1750,1,,,,,
2026/09/08 03:55,2026-09-08T04:10:05+09:00,2026/09/08,2026/10/08,2026-10,CALL,65125,2560,,,,,,,,,,,,,
2026/09/08 03:55,2026-09-08T04:10:05+09:00,2026/09/08,2026/10/08,2026-10,PUT,65125,1535,,,27.4,24.85,1825,15,1630,15,,,,,
2026/09/08 03:55,2026-09-08T04:10:05+09:00,2026/09/08,2026/10/08,2026-10,CALL,65000,2650,362,,27.04,25.54,2475,1,2360,1,,,,,
2026/09/08 03:55,2026-09-08T04:10:05+09:00,2026/09/08,2026/10/08,2026-10,PUT,65000,1525,1838,5,26.59,25.87,1705,1,1650,1,26.37,35,2.3,1560,09/07 17:00
2026/09/08 03:55,2026-09-08T04:10:05+09:00,2026/09/08,2026/10/08,2026-10,CALL,64875,2715,,,,,,,,,,,,,
2026/09/08 03:55,2026-09-08T04:10:05+09:00,2026/09/08,2026/10/08,2026-10,PUT,64875,1440,,,27.53,24.96,1720,15,1525,15,,,,,
2026/09/08 03:55,2026-09-08T04:10:05+09:00,2026/09/08,2026/10/08,2026-10,CALL,64750,2800,,,26.95,25.56,2605,1,2500,1,,,,,
2026/09/08 03:55,2026-09-08T04:10:05+09:00,2026/09/08,2026/10/08,2026-10,PUT,64750,1425,3,,26.62,25.95,1595,1,1545,1,,,,,
2026/09/08 03:55,2026-09-08T04:10:05+09:00,2026/09/08,2026/10/08,2026-10,CALL,64625,2875,,,31.91,21.05,3050,2,2235,2,,,,,
2026/09/08 03:55,2026-09-08T04:10:05+09:00,2026/09/08,2026/10/08,2026-10,PUT,64625,1335,,,27.67,24.87,1620,15,1410,15,,,,,
2026/09/08 03:55,2026-09-08T04:10:05+09:00,2026/09/08,2026/10/08,2026-10,CALL,64500,2965,22,,27.59,25.64,2795,2,2650,6,,,,,
2026/09/08 03:55,2026-09-08T04:10:05+09:00,2026/09/08,2026/10/08,2026-10,PUT,64500,1335,463,2,26.85,26.11,1505,2,1450,2,26.53,85,6.18,1460,09/07 22:35
2026/09/08 03:55,2026-09-08T04:10:05+09:00,2026/09/08,2026/10/08,2026-10,CALL,64375,3050,,,30.5,24.58,3085,2,2645,2,,,,,
2026/09/08 03:55,2026-09-08T04:10:05+09:00,2026/09/08,2026/10/08,2026-10,PUT,64375,1260,,,27.96,25.26,1535,15,1335,15,,,,,
2026/09/08 03:55,2026-09-08T04:10:05+09:00,2026/09/08,2026/10/08,2026-10,CALL,64250,3125,,,27.3,25.8,2920,1,2810,2,,,,,
2026/09/08 03:55,2026-09-08T04:10:05+09:00,2026/09/08,2026/10/08,2026-10,PUT,64250,1255,104,3,26.89,26.35,1405,2,1365,2,26.66,60,4.56,1375,09/07 22:36
2026/09/08 03:55,2026-09-08T04:10:05+09:00,2026/09/08,2026/10/08,2026-10,CALL,64125,3225,,,30.97,24.75,3265,2,2810,2,,,,,
2026/09/08 03:55,2026-09-08T04:10:05+09:00,2026/09/08,2026/10/08,2026-10,PUT,64125,1185,,,28.12,25.44,1445,15,1250,15,,,,,
2026/09/08 03:55,2026-09-08T04:10:05+09:00,2026/09/08,2026/10/08,2026-10,CALL,64000,3310,241,,27.83,25.62,3110,5,2950,9,,,,,
2026/09/08 03:55,2026-09-08T04:10:05+09:00,2026/09/08,2026/10/08,2026-10,PUT,64000,1175,1332,31,27.14,26.45,1325,3,1275,2,26.85,55,4.44,1295,09/07 22:40
2026/09/08 03:55,2026-09-08T04:10:05+09:00,2026/09/08,2026/10/08,2026-10,CALL,63875,3390,50,,31.46,22.87,3450,2,2835,2,,,,,
2026/09/08 03:55,2026-09-08T04:10:05+09:00,2026/09/08,2026/10/08,2026-10,PUT,63875,1110,55,,28.29,25.57,1360,15,1165,15,,,,,
2026/09/08 03:55,2026-09-08T04:10:05+09:00,2026/09/08,2026/10/08,2026-10,CALL,63750,3475,,,31.79,24.36,3550,1,3020,1,,,,,
2026/09/08 03:55,2026-09-08T04:10:05+09:00,2026/09/08,2026/10/08,2026-10,PUT,63750,1085,20,,27.13,26.56,1230,2,1190,2,,,,,
2026/09/08 03:55,2026-09-08T04:10:05+09:00,2026/09/08,2026/10/08,2026-10,CALL,63625,3570,,,31.98,24.83,3640,2,3135,2,,,,,
2026/09/08 03:55,2026-09-08T04:10:05+09:00,2026/09/08,2026/10/08,2026-10,PUT,63625,1030,,,28.48,25.48,1280,15,1070,15,,,,,
2026/09/08 03:55,2026-09-08T04:10:05+09:00,2026/09/08,2026/10/08,2026-10,CALL,63500,3660,1,,32.36,24.72,3745,1,3210,1,,,,,
2026/09/08 03:55,2026-09-08T04:10:05+09:00,2026/09/08,2026/10/08,2026-10,PUT,63500,1025,183,1,27.33,26.83,1155,2,1120,2,27.18,,,1090,09/07 17:42
2026/09/08 03:55,2026-09-08T04:10:05+09:00,2026/09/08,2026/10/08,2026-10,CALL,63375,3750,,,32.46,23.98,3830,2,3245,2,,,,,
2026/09/08 03:55,2026-09-08T04:10:05+09:00,2026/09/08,2026/10/08,2026-10,PUT,63375,965,237,,28.32,25.62,1180,15,995,15,,,,,
2026/09/08 03:55,2026-09-08T04:10:05+09:00,2026/09/08,2026/10/08,2026-10,CALL,63250,3845,,,32.82,22.74,3935,1,3250,1,,,,,
2026/09/08 03:55,2026-09-08T04:10:05+09:00,2026/09/08,2026/10/08,2026-10,PUT,63250,955,110,,27.48,26.96,1080,2,1045,2,,,,,
2026/09/08 03:55,2026-09-08T04:10:05+09:00,2026/09/08,2026/10/08,2026-10,CALL,63125,3940,,,32.97,25.54,4025,2,3520,2,,,,,
2026/09/08 03:55,2026-09-08T04:10:05+09:00,2026/09/08,2026/10/08,2026-10,PUT,63125,900,,,28.61,25.77,1115,15,925,15,,,,,
2026/09/08 03:55,2026-09-08T04:10:05+09:00,2026/09/08,2026/10/08,2026-10,CALL,63000,4035,4,,33.46,23.87,4140,4,3500,4,,,,,
2026/09/08 03:55,2026-09-08T04:10:05+09:00,2026/09/08,2026/10/08,2026-10,PUT,63000,905,808,14,27.72,27.12,1015,2,975,2,27.3,30,3.16,980,09/07 19:44
2026/09/08 03:55,2026-09-08T04:10:05+09:00,2026/09/08,2026/10/08,2026-10,CALL,62875,4130,,,33.51,22.08,4225,2,3480,2,,,,,
2026/09/08 03:55,2026-09-08T04:10:05+09:00,2026/09/08,2026/10/08,2026-10,PUT,62875,850,6,,28.92,25.93,1055,15,860,15,,,,,
2026/09/08 03:55,2026-09-08T04:10:05+09:00,2026/09/08,2026/10/08,2026-10,CALL,62750,4230,,,33.77,24.35,4325,1,3710,1,,,,,
2026/09/08 03:55,2026-09-08T04:10:05+09:00,2026/09/08,2026/10/08,2026-10,PUT,62750,845,196,,27.91,27.29,950,2,910,2,,,,,
2026/09/08 03:55,2026-09-08T04:10:05+09:00,2026/09/08,2026/10/08,2026-10,CALL,62625,4325,,,33.95,22.89,4420,2,3715,2,,,,,
2026/09/08 03:55,2026-09-08T04:10:05+09:00,2026/09/08,2026/10/08,2026-10,PUT,62625,790,130,,28.95,26.03,980,15,795,15,,,,,
2026/09/08 03:55,2026-09-08T04:10:05+09:00,2026/09/08,2026/10/08,2026-10,CALL,62500,4425,,,34.27,22.37,4525,1,3780,1,,,,,
2026/09/08 03:55,2026-09-08T04:10:05+09:00,2026/09/08,2026/10/08,2026-10,PUT,62500,785,660,21,27.96,27.56,880,2,855,2,27.84,,,825,09/07 18:12
2026/09/08 03:55,2026-09-08T04:10:05+09:00,2026/09/08,2026/10/08,2026-10,CALL,62375,4525,,,34.43,23.68,4620,2,3950,2,,,,,
2026/09/08 03:55,2026-09-08T04:10:05+09:00,2026/09/08,2026/10/08,2026-10,PUT,62375,735,6,,29.32,26.24,930,15,740,15,,,,,
2026/09/08 03:55,2026-09-08T04:10:05+09:00,2026/09/08,2026/10/08,2026-10,CALL,62250,4625,,,34.8,26.36,4730,1,4200,1,,,,,
2026/09/08 03:55,2026-09-08T04:10:05+09:00,2026/09/08,2026/10/08,2026-10,PUT,62250,735,63,,28.27,27.78,830,2,800,2,,,,,
2026/09/08 03:55,2026-09-08T04:10:05+09:00,2026/09/08,2026/10/08,2026-10,CALL,62125,4725,,,34.94,19.82,4825,2,3945,2,,,,,
2026/09/08 03:55,2026-09-08T04:10:05+09:00,2026/09/08,2026/10/08,2026-10,PUT,62125,690,,,29.81,26.38,890,15,685,15,,,,,
2026/09/08 03:55,2026-09-08T04:10:05+09:00,2026/09/08,2026/10/08,2026-10,CALL,62000,4830,49,,35.15,26.48,4925,4,4395,4,,,,,
2026/09/08 03:55,2026-09-08T04:10:05+09:00,2026/09/08,2026/10/08,2026-10,PUT,62000,690,1141,24,28.46,27.95,775,2,745,2,28.07,-5,-0.67,740,09/07 22:35
2026/09/08 03:55,2026-09-08T04:10:05+09:00,2026/09/08,2026/10/08,2026-10,CALL,61875,4925,,,35.35,22.41,5025,2,4275,2,,,,,
2026/09/08 03:55,2026-09-08T04:10:05+09:00,2026/09/08,2026/10/08,2026-10,PUT,61875,655,22,,30.09,27,840,15,660,15,,,,,
2026/09/08 03:55,2026-09-08T04:10:05+09:00,2026/09/08,2026/10/08,2026-10,CALL,61750,5035,,,35.62,20.64,5130,1,4295,1,,,,,
2026/09/08 03:55,2026-09-08T04:10:05+09:00,2026/09/08,2026/10/08,2026-10,PUT,61750,645,63,1,28.58,28.23,720,2,700,2,28.4,70,10.45,740,09/07 20:11
2026/09/08 03:55,2026-09-08T04:10:05+09:00,2026/09/08,2026/10/08,2026-10,CALL,61625,5140,,,35.97,22.41,5240,2,4480,2,,,,,
2026/09/08 03:55,2026-09-08T04:10:05+09:00,2026/09/08,2026/10/08,2026-10,PUT,61625,605,104,,30.08,27.13,775,15,610,15,,,,,
2026/09/08 03:55,2026-09-08T04:10:05+09:00,2026/09/08,2026/10/08,2026-10,CALL,61500,5245,,,36.14,22.66,5340,1,4595,1,,,,,
2026/09/08 03:55,2026-09-08T04:10:05+09:00,2026/09/08,2026/10/08,2026-10,PUT,61500,605,19,,28.84,28.38,675,2,650,2,,,,,
2026/09/08 03:55,2026-09-08T04:10:05+09:00,2026/09/08,2026/10/08,2026-10,CALL,61375,5345,,,36.47,19.76,5450,2,4580,2,,,,,
2026/09/08 03:55,2026-09-08T04:10:05+09:00,2026/09/08,2026/10/08,2026-10,PUT,61375,565,109,,30.35,27.21,730,15,560,15,,,,,
2026/09/08 03:55,2026-09-08T04:10:05+09:00,2026/09/08,2026/10/08,2026-10,CALL,61250,5460,,,30.78,24.34,5210,1,4880,1,,,,,
2026/09/08 03:55,2026-09-08T04:10:05+09:00,2026/09/08,2026/10/08,2026-10,PUT,61250,565,106,,29.04,28.66,630,2,610,2,,,,,
2026/09/08 03:55,2026-09-08T04:10:05+09:00,2026/09/08,2026/10/08,2026-10,CALL,61125,5560,,,30.85,22.27,5310,2,4895,2,,,,,
2026/09/08 03:55,2026-09-08T04:10:05+09:00,2026/09/08,2026/10/08,2026-10,PUT,61125,525,91,,30.67,27.21,690,15,510,15,,,,,
2026/09/08 03:55,2026-09-08T04:10:05+09:00,2026/09/08,2026/10/08,2026-10,CALL,61000,5670,201,,31.09,20.01,5420,4,4920,4,,,,,
2026/09/08 03:55,2026-09-08T04:10:05+09:00,2026/09/08,2026/10/08,2026-10,PUT,61000,535,660,12,29.29,28.9,590,2,570,2,29.12,35,6.25,595,09/07 21:57
2026/09/08 03:55,2026-09-08T04:10:05+09:00,2026/09/08,2026/10/08,2026-10,CALL,60875,5780,,,31.32,24.6,5530,2,5205,2,,,,,
2026/09/08 03:55,2026-09-08T04:10:05+09:00,2026/09/08,2026/10/08,2026-10,PUT,60875,505,4,,31.14,27.36,660,16,470,15,,,,,
2026/09/08 03:55,2026-09-08T04:10:05+09:00,2026/09/08,2026/10/08,2026-10,CALL,60750,5890,,,,,,,,,,,,,
2026/09/08 03:55,2026-09-08T04:10:05+09:00,2026/09/08,2026/10/08,2026-10,PUT,60750,500,123,,29.59,29.18,555,2,535,2,,,,,
2026/09/08 03:55,2026-09-08T04:10:05+09:00,2026/09/08,2026/10/08,2026-10,CALL,60625,5995,,,,,,,,,,,,,
2026/09/08 03:55,2026-09-08T04:10:05+09:00,2026/09/08,2026/10/08,2026-10,PUT,60625,465,11,,31.38,27.55,620,15,435,15,,,,,
2026/09/08 03:55,2026-09-08T04:10:05+09:00,2026/09/08,2026/10/08,2026-10,CALL,60500,6110,100,,,,,,,,,,,,
2026/09/08 03:55,2026-09-08T04:10:05+09:00,2026/09/08,2026/10/08,2026-10,PUT,60500,465,301,,29.85,29.43,520,2,500,2,,,,,
2026/09/08 03:55,2026-09-08T04:10:05+09:00,2026/09/08,2026/10/08,2026-10,CALL,60375,6220,,,,,,,,,,,,,
2026/09/08 03:55,2026-09-08T04:10:05+09:00,2026/09/08,2026/10/08,2026-10,PUT,60375,435,778,,31.68,27.69,585,15,400,15,,,,,
2026/09/08 03:55,2026-09-08T04:10:05+09:00,2026/09/08,2026/10/08,2026-10,CALL,60250,6330,,,,,,,,,,,,,
2026/09/08 03:55,2026-09-08T04:10:05+09:00,2026/09/08,2026/10/08,2026-10,PUT,60250,430,21,,30.06,29.73,485,2,470,2,,,,,
2026/09/08 03:55,2026-09-08T04:10:05+09:00,2026/09/08,2026/10/08,2026-10,CALL,60125,6440,,,,,,,,,,,,,
2026/09/08 03:55,2026-09-08T04:10:05+09:00,2026/09/08,2026/10/08,2026-10,PUT,60125,410,5,,32.25,27.53,565,1,355,1,,,,,
2026/09/08 03:55,2026-09-08T04:10:05+09:00,2026/09/08,2026/10/08,2026-10,CALL,60000,6550,1,,,,,,1,30,,,,,
2026/09/08 03:55,2026-09-08T04:10:05+09:00,2026/09/08,2026/10/08,2026-10,PUT,60000,415,8429,17,30.34,30.11,455,2,445,1,30.21,35,8.43,450,09/07 23:31
2026/09/08 03:55,2026-09-08T04:10:05+09:00,2026/09/08,2026/10/08,2026-10,CALL,59875,6670,,,,,,,,,,,,,
2026/09/08 03:55,2026-09-08T04:10:05+09:00,2026/09/08,2026/10/08,2026-10,PUT,59875,385,41,,32.58,27.66,535,1,325,1,,,,,
2026/09/08 03:55,2026-09-08T04:10:05+09:00,2026/09/08,2026/10/08,2026-10,CALL,59750,6780,,,,,,,,,,,,,
2026/09/08 03:55,2026-09-08T04:10:05+09:00,2026/09/08,2026/10/08,2026-10,PUT,59750,385,58,,30.69,30.22,430,2,410,2,,,,,
2026/09/08 03:55,2026-09-08T04:10:05+09:00,2026/09/08,2026/10/08,2026-10,CALL,59625,6885,,,,,,,,,,,,,
2026/09/08 03:55,2026-09-08T04:10:05+09:00,2026/09/08,2026/10/08,2026-10,PUT,59625,355,20,,32.99,27.87,510,1,300,1,,,,,
2026/09/08 03:55,2026-09-08T04:10:05+09:00,2026/09/08,2026/10/08,2026-10,CALL,59500,7005,,,,,,,,,,,,,
2026/09/08 03:55,2026-09-08T04:10:05+09:00,2026/09/08,2026/10/08,2026-10,PUT,59500,360,86,,30.89,30.64,400,2,390,2,,,,,
2026/09/08 03:55,2026-09-08T04:10:05+09:00,2026/09/08,2026/10/08,2026-10,CALL,59375,7120,,,,,,,,,,,,,
2026/09/08 03:55,2026-09-08T04:10:05+09:00,2026/09/08,2026/10/08,2026-10,PUT,59375,340,2,,32.91,28.62,465,1,296,1,,,,,
2026/09/08 03:55,2026-09-08T04:10:05+09:00,2026/09/08,2026/10/08,2026-10,CALL,59250,7235,,,,,,,,,,,,,
2026/09/08 03:55,2026-09-08T04:10:05+09:00,2026/09/08,2026/10/08,2026-10,PUT,59250,340,159,,31.29,30.91,380,2,365,2,,,,,
2026/09/08 03:55,2026-09-08T04:10:05+09:00,2026/09/08,2026/10/08,2026-10,CALL,59125,7350,,,,,,,,,,,,,
2026/09/08 03:55,2026-09-08T04:10:05+09:00,2026/09/08,2026/10/08,2026-10,PUT,59125,320,63,,33.24,28.81,440,1,273,1,,,,,
2026/09/08 03:55,2026-09-08T04:10:05+09:00,2026/09/08,2026/10/08,2026-10,CALL,59000,7465,,,,,,,,,,,,,
2026/09/08 03:55,2026-09-08T04:10:05+09:00,2026/09/08,2026/10/08,2026-10,PUT,59000,320,800,2,31.54,31.27,355,2,345,2,31.34,25,7.81,345,09/07 19:39
2026/09/08 03:55,2026-09-08T04:10:05+09:00,2026/09/08,2026/10/08,2026-10,CALL,58875,7575,,,,,,,,,,,,,
2026/09/08 03:55,2026-09-08T04:10:05+09:00,2026/09/08,2026/10/08,2026-10,PUT,58875,293,2,,33.67,29.02,420,1,252,1,,,,,
2026/09/08 03:55,2026-09-08T04:10:05+09:00,2026/09/08,2026/10/08,2026-10,CALL,58750,7695,,,,,,,,,,,,,
2026/09/08 03:55,2026-09-08T04:10:05+09:00,2026/09/08,2026/10/08,2026-10,PUT,58750,298,32,,31.87,31.46,335,2,320,2,,,,,
2026/09/08 03:55,2026-09-08T04:10:05+09:00,2026/09/08,2026/10/08,2026-10,CALL,58625,7820,,,,,,,,,,,,,
2026/09/08 03:55,2026-09-08T04:10:05+09:00,2026/09/08,2026/10/08,2026-10,PUT,58625,288,60,,34.06,29.21,400,1,232,1,,,,,
2026/09/08 03:55,2026-09-08T04:10:05+09:00,2026/09/08,2026/10/08,2026-10,CALL,58500,7930,,,,,,,,,,,,,
2026/09/08 03:55,2026-09-08T04:10:05+09:00,2026/09/08,2026/10/08,2026-10,PUT,58500,285,291,,32.18,31.89,315,2,305,2,,,,,
2026/09/08 03:55,2026-09-08T04:10:05+09:00,2026/09/08,2026/10/08,2026-10,CALL,58375,8045,,,,,,,,,,,,,
2026/09/08 03:55,2026-09-08T04:10:05+09:00,2026/09/08,2026/10/08,2026-10,PUT,58375,273,483,,34.43,31.75,380,1,286,2,,,,,
2026/09/08 03:55,2026-09-08T04:10:05+09:00,2026/09/08,2026/10/08,2026-10,CALL,58250,8165,,,,,,,,,,,,,
2026/09/08 03:55,2026-09-08T04:10:05+09:00,2026/09/08,2026/10/08,2026-10,PUT,58250,265,116,,32.57,32.17,299,2,286,2,,,,,
2026/09/08 03:55,2026-09-08T04:10:05+09:00,2026/09/08,2026/10/08,2026-10,CALL,58000,8400,,,,,,,,,,,,,
2026/09/08 03:55,2026-09-08T04:10:05+09:00,2026/09/08,2026/10/08,2026-10,PUT,58000,254,2249,5,32.87,32.45,281,2,268,2,32.52,12,4.51,278,09/07 20:05
2026/09/08 03:55,2026-09-08T04:10:05+09:00,2026/09/08,2026/10/08,2026-10,CALL,57750,8635,,,,,,,,,,,,,
2026/09/08 03:55,2026-09-08T04:10:05+09:00,2026/09/08,2026/10/08,2026-10,PUT,57750,234,74,,33.29,32.83,268,2,254,2,,,,,
2026/09/08 03:55,2026-09-08T04:10:05+09:00,2026/09/08,2026/10/08,2026-10,CALL,57500,8870,,,,,,,,,,,,,
2026/09/08 03:55,2026-09-08T04:10:05+09:00,2026/09/08,2026/10/08,2026-10,PUT,57500,224,333,1,33.56,33.11,251,2,238,2,33.33,6,2.54,242,09/07 22:51
2026/09/08 03:55,2026-09-08T04:10:05+09:00,2026/09/08,2026/10/08,2026-10,CALL,57250,9110,,,,,,,,,,,,,
2026/09/08 03:55,2026-09-08T04:10:05+09:00,2026/09/08,2026/10/08,2026-10,PUT,57250,208,101,,34.01,33.47,240,2,225,2,,,,,
2026/09/08 03:55,2026-09-08T04:10:05+09:00,2026/09/08,2026/10/08,2026-10,CALL,57000,9350,1,,,,,,,,,,,,
2026/09/08 03:55,2026-09-08T04:10:05+09:00,2026/09/08,2026/10/08,2026-10,PUT,57000,201,833,1,34.17,33.83,222,3,213,2,34.08,0,0,216,09/07 23:06
2026/09/08 03:55,2026-09-08T04:10:05+09:00,2026/09/08,2026/10/08,2026-10,CALL,56750,9590,,,,,,,,,,,,,
2026/09/08 03:55,2026-09-08T04:10:05+09:00,2026/09/08,2026/10/08,2026-10,PUT,56750,187,90,1,34.68,34.21,214,2,202,2,34.19,,,195,09/07 18:26
2026/09/08 03:55,2026-09-08T04:10:05+09:00,2026/09/08,2026/10/08,2026-10,CALL,56500,9830,,,,,,,,,,,,,
2026/09/08 03:55,2026-09-08T04:10:05+09:00,2026/09/08,2026/10/08,2026-10,PUT,56500,180,423,,35.01,34.47,202,2,189,2,,,,,
2026/09/08 03:55,2026-09-08T04:10:05+09:00,2026/09/08,2026/10/08,2026-10,CALL,56250,10070,,,,,,,,,,,,,
2026/09/08 03:55,2026-09-08T04:10:05+09:00,2026/09/08,2026/10/08,2026-10,PUT,56250,169,60,,35.4,34.97,192,2,182,2,,,,,
2026/09/08 03:55,2026-09-08T04:10:05+09:00,2026/09/08,2026/10/08,2026-10,CALL,56000,10310,,,,,,,,,,,,,
2026/09/08 03:55,2026-09-08T04:10:05+09:00,2026/09/08,2026/10/08,2026-10,PUT,56000,163,1165,2,35.76,35.36,182,2,173,2,35.4,13,7.65,183,09/07 20:38
2026/09/08 03:55,2026-09-08T04:10:05+09:00,2026/09/08,2026/10/08,2026-10,CALL,55750,10555,,,,,,,,,,,,,
2026/09/08 03:55,2026-09-08T04:10:05+09:00,2026/09/08,2026/10/08,2026-10,PUT,55750,152,40,,36.19,35.73,174,2,164,2,,,,,
2026/09/08 03:55,2026-09-08T04:10:05+09:00,2026/09/08,2026/10/08,2026-10,CALL,55500,10795,,,,,,,,,,,,,
2026/09/08 03:55,2026-09-08T04:10:05+09:00,2026/09/08,2026/10/08,2026-10,PUT,55500,147,253,4,36.51,35.97,164,2,153,2,36.61,,,165,09/07 23:16
2026/09/08 03:55,2026-09-08T04:10:05+09:00,2026/09/08,2026/10/08,2026-10,CALL,55250,11040,,,,,,,,,,,,,
2026/09/08 03:55,2026-09-08T04:10:05+09:00,2026/09/08,2026/10/08,2026-10,PUT,55250,137,61,4,36.99,36.39,158,2,146,2,36.61,10,6.76,158,09/07 20:38
2026/09/08 03:55,2026-09-08T04:10:05+09:00,2026/09/08,2026/10/08,2026-10,CALL,55000,11280,4,,,,,,,,,,,,
2026/09/08 03:55,2026-09-08T04:10:05+09:00,2026/09/08,2026/10/08,2026-10,PUT,55000,140,3108,2,37.26,36.84,148,2,140,2,37.09,2,1.43,142,09/07 18:46
2026/09/08 03:55,2026-09-08T04:10:05+09:00,2026/09/08,2026/10/08,2026-10,CALL,54750,11525,,,,,,,,,,,,,
2026/09/08 03:55,2026-09-08T04:10:05+09:00,2026/09/08,2026/10/08,2026-10,PUT,54750,133,60,,37.77,37.1,143,2,131,2,,,,,
2026/09/08 03:55,2026-09-08T04:10:05+09:00,2026/09/08,2026/10/08,2026-10,CALL,54500,11770,,,,,,,,,,,,,
2026/09/08 03:55,2026-09-08T04:10:05+09:00,2026/09/08,2026/10/08,2026-10,PUT,54500,121,598,32,38.2,37.45,137,6,124,2,38.26,19,15.08,145,09/07 20:38
2026/09/08 03:55,2026-09-08T04:10:05+09:00,2026/09/08,2026/10/08,2026-10,CALL,54250,12015,,,,,,,,,,,,,
2026/09/08 03:55,2026-09-08T04:10:05+09:00,2026/09/08,2026/10/08,2026-10,PUT,54250,120,59,,38.62,37.97,131,6,120,2,,,,,
2026/09/08 03:55,2026-09-08T04:10:05+09:00,2026/09/08,2026/10/08,2026-10,CALL,54000,12260,,,,,,,,,,,,,
2026/09/08 03:55,2026-09-08T04:10:05+09:00,2026/09/08,2026/10/08,2026-10,PUT,54000,115,728,2,38.91,38.34,123,2,114,2,38.74,6,5.22,121,09/07 22:00
2026/09/08 03:55,2026-09-08T04:10:05+09:00,2026/09/08,2026/10/08,2026-10,CALL,53750,12505,,,,,,,,,,,,,
2026/09/08 03:55,2026-09-08T04:10:05+09:00,2026/09/08,2026/10/08,2026-10,PUT,53750,104,16,1,39.41,38.76,119,6,109,2,39.2,,,116,09/07 22:08
2026/09/08 03:55,2026-09-08T04:10:05+09:00,2026/09/08,2026/10/08,2026-10,CALL,53500,12750,,,,,,,,,,,,,
2026/09/08 03:55,2026-09-08T04:10:05+09:00,2026/09/08,2026/10/08,2026-10,PUT,53500,101,335,1,39.84,39.1,114,6,103,2,39.17,,,110,09/07 20:36
2026/09/08 03:55,2026-09-08T04:10:05+09:00,2026/09/08,2026/10/08,2026-10,CALL,53250,12995,,,,,,,,,,,,,
2026/09/08 03:55,2026-09-08T04:10:05+09:00,2026/09/08,2026/10/08,2026-10,PUT,53250,94,68,,40.26,39.56,109,5,99,2,,,,,
2026/09/08 03:55,2026-09-08T04:10:05+09:00,2026/09/08,2026/10/08,2026-10,CALL,53000,13240,34,,,,,,,,,,,,
2026/09/08 03:55,2026-09-08T04:10:05+09:00,2026/09/08,2026/10/08,2026-10,PUT,53000,92,1298,10,40.37,40.07,100,4,96,1,40.58,4,4.12,101,09/07 23:44
2026/09/08 03:55,2026-09-08T04:10:05+09:00,2026/09/08,2026/10/08,2026-10,CALL,52750,13490,,,,,,,,,,,,,
2026/09/08 03:55,2026-09-08T04:10:05+09:00,2026/09/08,2026/10/08,2026-10,PUT,52750,86,120,1,41.4,40.11,104,2,87,2,40.69,,,99,09/07 20:38
2026/09/08 03:55,2026-09-08T04:10:05+09:00,2026/09/08,2026/10/08,2026-10,CALL,52500,13735,,,,,,,,,,,,,
2026/09/08 03:55,2026-09-08T04:10:05+09:00,2026/09/08,2026/10/08,2026-10,PUT,52500,82,314,,41.86,40.51,100,2,83,2,,,,,
2026/09/08 03:55,2026-09-08T04:10:05+09:00,2026/09/08,2026/10/08,2026-10,CALL,52250,13980,,,,,,,,,,,,,
2026/09/08 03:55,2026-09-08T04:10:05+09:00,2026/09/08,2026/10/08,2026-10,PUT,52250,80,46,,42.3,40.9,96,2,79,2,,,,,
2026/09/08 03:55,2026-09-08T04:10:05+09:00,2026/09/08,2026/10/08,2026-10,CALL,52000,14225,,,,,,,,,,,,,
2026/09/08 03:55,2026-09-08T04:10:05+09:00,2026/09/08,2026/10/08,2026-10,PUT,52000,76,1822,,42.48,41.35,89,2,76,2,,,,,
2026/09/08 03:55,2026-09-08T04:10:05+09:00,2026/09/08,2026/10/08,2026-10,CALL,51750,14475,,,,,,,,,,,,,
2026/09/08 03:55,2026-09-08T04:10:05+09:00,2026/09/08,2026/10/08,2026-10,PUT,51750,73,72,1,43.22,41.71,89,2,72,2,42.46,,,84,09/07 21:34
2026/09/08 03:55,2026-09-08T04:10:05+09:00,2026/09/08,2026/10/08,2026-10,CALL,51500,14720,,,,,,,,,,,,,
2026/09/08 03:55,2026-09-08T04:10:05+09:00,2026/09/08,2026/10/08,2026-10,PUT,51500,72,425,3,43.62,42.13,85,2,69,2,43.08,-2,-2.6,75,09/07 17:11
2026/09/08 03:55,2026-09-08T04:10:05+09:00,2026/09/08,2026/10/08,2026-10,CALL,51250,14970,,,,,,,,,,,,,
2026/09/08 03:55,2026-09-08T04:10:05+09:00,2026/09/08,2026/10/08,2026-10,PUT,51250,67,84,1,44.09,42.55,82,2,66,2,43.44,6,8.82,74,09/07 23:50
2026/09/08 03:55,2026-09-08T04:10:05+09:00,2026/09/08,2026/10/08,2026-10,CALL,51000,15215,,,,,,,,,,,,,
2026/09/08 03:55,2026-09-08T04:10:05+09:00,2026/09/08,2026/10/08,2026-10,PUT,51000,65,434,5,44.55,42.95,79,2,63,2,43.63,6,8.96,73,09/07 20:34
2026/09/08 03:55,2026-09-08T04:10:05+09:00,2026/09/08,2026/10/08,2026-10,CALL,50750,15460,,,,,,,,,,,,,
2026/09/08 03:55,2026-09-08T04:10:05+09:00,2026/09/08,2026/10/08,2026-10,PUT,50750,62,51,,45.1,43.45,77,2,61,2,,,,,
2026/09/08 03:55,2026-09-08T04:10:05+09:00,2026/09/08,2026/10/08,2026-10,CALL,50500,15710,,,,,,,,,,,,,
2026/09/08 03:55,2026-09-08T04:10:05+09:00,2026/09/08,2026/10/08,2026-10,PUT,50500,61,406,,45.54,43.94,74,2,59,2,,,,,
2026/09/08 03:55,2026-09-08T04:10:05+09:00,2026/09/08,2026/10/08,2026-10,CALL,50250,15960,,,,,,,,,,,,,
2026/09/08 03:55,2026-09-08T04:10:05+09:00,2026/09/08,2026/10/08,2026-10,PUT,50250,58,65,,45.97,44.3,71,2,56,2,,,,,
2026/09/08 03:55,2026-09-08T04:10:05+09:00,2026/09/08,2026/10/08,2026-10,CALL,50000,16205,,,,,,,,,,,,,
2026/09/08 03:55,2026-09-08T04:10:05+09:00,2026/09/08,2026/10/08,2026-10,PUT,50000,57,1002,3,45.95,44.76,64,1,54,2,45.81,5,8.77,62,09/07 23:51
2026/09/08 03:55,2026-09-08T04:10:05+09:00,2026/09/08,2026/10/08,2026-10,CALL,49750,16450,,,,,,,,,,,,,
2026/09/08 03:55,2026-09-08T04:10:05+09:00,2026/09/08,2026/10/08,2026-10,PUT,49750,54,63,,47.01,45.22,67,2,52,2,,,,,
2026/09/08 03:55,2026-09-08T04:10:05+09:00,2026/09/08,2026/10/08,2026-10,CALL,49500,16700,,,,,,,,,,,,,
2026/09/08 03:55,2026-09-08T04:10:05+09:00,2026/09/08,2026/10/08,2026-10,PUT,49500,52,204,,47.4,45.53,64,2,49,2,,,,,
2026/09/08 03:55,2026-09-08T04:10:05+09:00,2026/09/08,2026/10/08,2026-10,CALL,49250,16950,,,,,,,,,,,,,
2026/09/08 03:55,2026-09-08T04:10:05+09:00,2026/09/08,2026/10/08,2026-10,PUT,49250,51,75,,47.9,45.96,62,2,47,2,,,,,
2026/09/08 03:55,2026-09-08T04:10:05+09:00,2026/09/08,2026/10/08,2026-10,CALL,49000,17195,,,,,,,,,,,,,
2026/09/08 03:55,2026-09-08T04:10:05+09:00,2026/09/08,2026/10/08,2026-10,PUT,49000,49,246,4,48.15,46.38,58,4,45,2,47.32,1,1.89,54,09/07 20:38
2026/09/08 03:55,2026-09-08T04:10:05+09:00,2026/09/08,2026/10/08,2026-10,CALL,48750,17445,,,,,,,,,,,,,
2026/09/08 03:55,2026-09-08T04:10:05+09:00,2026/09/08,2026/10/08,2026-10,PUT,48750,47,24,,49,46.94,59,2,44,2,,,,,
2026/09/08 03:55,2026-09-08T04:10:05+09:00,2026/09/08,2026/10/08,2026-10,CALL,48500,17690,,,,,,,,,,,,,
2026/09/08 03:55,2026-09-08T04:10:05+09:00,2026/09/08,2026/10/08,2026-10,PUT,48500,44,198,,49.48,47.34,57,2,42,2,,,,,
2026/09/08 03:55,2026-09-08T04:10:05+09:00,2026/09/08,2026/10/08,2026-10,CALL,48250,17940,,,,,,,,,,,,,
2026/09/08 03:55,2026-09-08T04:10:05+09:00,2026/09/08,2026/10/08,2026-10,PUT,48250,43,52,,49.95,47.89,55,2,41,2,,,,,
2026/09/08 03:55,2026-09-08T04:10:05+09:00,2026/09/08,2026/10/08,2026-10,CALL,48000,18190,,,,,,,,,,,,,
2026/09/08 03:55,2026-09-08T04:10:05+09:00,2026/09/08,2026/10/08,2026-10,PUT,48000,42,747,,49.84,48.26,49,1,39,2,,,,,
2026/09/08 03:55,2026-09-08T04:10:05+09:00,2026/09/08,2026/10/08,2026-10,CALL,47750,18435,,,,,,,,,,,,,
2026/09/08 03:55,2026-09-08T04:10:05+09:00,2026/09/08,2026/10/08,2026-10,PUT,47750,40,40,,50.86,48.62,51,2,37,2,,,,,
2026/09/08 03:55,2026-09-08T04:10:05+09:00,2026/09/08,2026/10/08,2026-10,CALL,47500,18685,34,,,,,,,,,,,,
2026/09/08 03:55,2026-09-08T04:10:05+09:00,2026/09/08,2026/10/08,2026-10,PUT,47500,37,30,,51.44,49.14,50,2,36,2,,,,,
2026/09/08 03:55,2026-09-08T04:10:05+09:00,2026/09/08,2026/10/08,2026-10,CALL,47250,18930,,,,,,,,,,,,,
2026/09/08 03:55,2026-09-08T04:10:05+09:00,2026/09/08,2026/10/08,2026-10,PUT,47250,36,26,,51.87,49.47,48,2,34,2,,,,,
2026/09/08 03:55,2026-09-08T04:10:05+09:00,2026/09/08,2026/10/08,2026-10,CALL,47000,19180,,,,,,,,,,,,,
2026/09/08 03:55,2026-09-08T04:10:05+09:00,2026/09/08,2026/10/08,2026-10,PUT,47000,35,396,2,51.29,49.78,40,1,32,12,50.99,2,5.26,40,09/07 20:38
2026/09/08 03:55,2026-09-08T04:10:05+09:00,2026/09/08,2026/10/08,2026-10,CALL,46750,19430,,,,,,,,,,,,,
2026/09/08 03:55,2026-09-08T04:10:05+09:00,2026/09/08,2026/10/08,2026-10,PUT,46750,34,131,,56.14,42.4,68,7,7,6,,,,,
2026/09/08 03:55,2026-09-08T04:10:05+09:00,2026/09/08,2026/10/08,2026-10,CALL,46500,19680,,,,,,,,,,,,,
2026/09/08 03:55,2026-09-08T04:10:05+09:00,2026/09/08,2026/10/08,2026-10,PUT,46500,33,157,,56.66,42.36,66,7,6,6,,,,,
2026/09/08 03:55,2026-09-08T04:10:05+09:00,2026/09/08,2026/10/08,2026-10,CALL,46250,19915,,,,,,,,,,,,,
2026/09/08 03:55,2026-09-08T04:10:05+09:00,2026/09/08,2026/10/08,2026-10,PUT,46250,21,13,,57.3,42.21,65,7,5,6,,,,,
2026/09/08 03:55,2026-09-08T04:10:05+09:00,2026/09/08,2026/10/08,2026-10,CALL,46000,20165,,,,,,,,,,,,,
2026/09/08 03:55,2026-09-08T04:10:05+09:00,2026/09/08,2026/10/08,2026-10,PUT,46000,29,357,,57.94,51.24,64,7,26,7,,,,,
2026/09/08 03:55,2026-09-08T04:10:05+09:00,2026/09/08,2026/10/08,2026-10,CALL,45750,20415,,,,,,,,,,,,,
2026/09/08 03:55,2026-09-08T04:10:05+09:00,2026/09/08,2026/10/08,2026-10,PUT,45750,20,43,,58.58,41.43,63,7,3,26,,,,,
2026/09/08 03:55,2026-09-08T04:10:05+09:00,2026/09/08,2026/10/08,2026-10,CALL,45500,20665,,,,,,,,,,,,,
2026/09/08 03:55,2026-09-08T04:10:05+09:00,2026/09/08,2026/10/08,2026-10,PUT,45500,25,210,,59.08,42.01,61,7,3,26,,,,,
2026/09/08 03:55,2026-09-08T04:10:05+09:00,2026/09/08,2026/10/08,2026-10,CALL,45250,20910,,,,,,,,,,,,,
2026/09/08 03:55,2026-09-08T04:10:05+09:00,2026/09/08,2026/10/08,2026-10,PUT,45250,18,29,,59.71,42.6,60,7,3,26,,,,,
2026/09/08 03:55,2026-09-08T04:10:05+09:00,2026/09/08,2026/10/08,2026-10,CALL,45000,21160,2,,,,,,,,,,,,
2026/09/08 03:55,2026-09-08T04:10:05+09:00,2026/09/08,2026/10/08,2026-10,PUT,45000,27,1703,5,55.73,55.05,33,2,30,9,55.19,4,14.81,31,09/08 00:01
2026/09/08 03:55,2026-09-08T04:10:05+09:00,2026/09/08,2026/10/08,2026-10,CALL,44750,21410,,,,,,,,,,,,,
2026/09/08 03:55,2026-09-08T04:10:05+09:00,2026/09/08,2026/10/08,2026-10,PUT,44750,24,37,,60.98,43.77,58,7,3,26,,,,,
2026/09/08 03:55,2026-09-08T04:10:05+09:00,2026/09/08,2026/10/08,2026-10,CALL,44500,21660,,,,,,,,,,,,,
2026/09/08 03:55,2026-09-08T04:10:05+09:00,2026/09/08,2026/10/08,2026-10,PUT,44500,21,1,,57.42,44.36,34,1,3,26,,,,,
2026/09/08 03:55,2026-09-08T04:10:05+09:00,2026/09/08,2026/10/08,2026-10,CALL,44250,21905,,,,,,,,,,,,,
2026/09/08 03:55,2026-09-08T04:10:05+09:00,2026/09/08,2026/10/08,2026-10,PUT,44250,15,36,,62.24,48.65,56,7,7,7,,,,,
2026/09/08 03:55,2026-09-08T04:10:05+09:00,2026/09/08,2026/10/08,2026-10,CALL,44000,22155,,,,,,,,,,,,,
2026/09/08 03:55,2026-09-08T04:10:05+09:00,2026/09/08,2026/10/08,2026-10,PUT,44000,20,232,,58.91,51.62,34,9,11,7,,,,,
2026/09/08 03:55,2026-09-08T04:10:05+09:00,2026/09/08,2026/10/08,2026-10,CALL,43750,22405,,,,,,,,,,,,,
2026/09/08 03:55,2026-09-08T04:10:05+09:00,2026/09/08,2026/10/08,2026-10,PUT,43750,14,13,,61.34,49.19,42,7,6,6,,,,,
2026/09/08 03:55,2026-09-08T04:10:05+09:00,2026/09/08,2026/10/08,2026-10,CALL,43500,22655,,,,,,,,,,,,,
2026/09/08 03:55,2026-09-08T04:10:05+09:00,2026/09/08,2026/10/08,2026-10,PUT,43500,18,15,,61.91,48.97,41,7,5,6,,,,,
2026/09/08 03:55,2026-09-08T04:10:05+09:00,2026/09/08,2026/10/08,2026-10,CALL,43250,22900,,,,,,,,,,,,,
2026/09/08 03:55,2026-09-08T04:10:05+09:00,2026/09/08,2026/10/08,2026-10,PUT,43250,12,15,,62.69,48.6,41,7,4,6,,,,,
2026/09/08 03:55,2026-09-08T04:10:05+09:00,2026/09/08,2026/10/08,2026-10,CALL,43000,23150,,,,,,,,,,,,,
2026/09/08 03:55,2026-09-08T04:10:05+09:00,2026/09/08,2026/10/08,2026-10,PUT,43000,18,159,1,58.7,56.18,22,1,15,6,58.39,-1,-4.55,21,09/07 23:55
2026/09/08 03:55,2026-09-08T04:10:05+09:00,2026/09/08,2026/10/08,2026-10,CALL,42750,23400,,,,,,,,,,,,,
2026/09/08 03:55,2026-09-08T04:10:05+09:00,2026/09/08,2026/10/08,2026-10,PUT,42750,11,31,,63.82,48.6,39,7,3,26,,,,,
2026/09/08 03:55,2026-09-08T04:10:05+09:00,2026/09/08,2026/10/08,2026-10,CALL,42000,24145,,,,,,,,,,,,,
2026/09/08 03:55,2026-09-08T04:10:05+09:00,2026/09/08,2026/10/08,2026-10,PUT,42000,15,139,,60.97,56.52,20,1,10,7,,,,,
2026/09/08 03:55,2026-09-08T04:10:05+09:00,2026/09/08,2026/10/08,2026-10,CALL,41000,25140,,,,,,,,,,,,,
2026/09/08 03:55,2026-09-08T04:10:05+09:00,2026/09/08,2026/10/08,2026-10,PUT,41000,14,140,,68.17,52.99,34,7,3,26,,,,,
2026/09/08 03:55,2026-09-08T04:10:05+09:00,2026/09/08,2026/10/08,2026-10,CALL,40000,26140,,,,,,,,,,,,,
2026/09/08 03:55,2026-09-08T04:10:05+09:00,2026/09/08,2026/10/08,2026-10,PUT,40000,13,4194,5,64.41,63.9,14,1,13,1,64.4,1,7.69,14,09/08 03:10
2026/09/08 03:55,2026-09-08T04:10:05+09:00,2026/09/08,2026/10/08,2026-10,CALL,39000,27140,,,,,,,,,,,,,
2026/09/08 03:55,2026-09-08T04:10:05+09:00,2026/09/08,2026/10/08,2026-10,PUT,39000,11,104,,66.34,65.74,12,1,11,20,,,,,
2026/09/08 03:55,2026-09-08T04:10:05+09:00,2026/09/08,2026/10/08,2026-10,CALL,38000,28135,,,,,,,,,,,,,
2026/09/08 03:55,2026-09-08T04:10:05+09:00,2026/09/08,2026/10/08,2026-10,PUT,38000,8,15,,72.46,66.61,18,15,8,4,,,,,
2026/09/08 03:55,2026-09-08T04:10:05+09:00,2026/09/08,2026/10/08,2026-10,CALL,37000,29135,,,,,,,,,,,,,
2026/09/08 03:55,2026-09-08T04:10:05+09:00,2026/09/08,2026/10/08,2026-10,PUT,37000,5,170,3,73.11,66.63,13,15,5,1,69.38,,,8,09/07 21:47
2026/09/08 03:55,2026-09-08T04:10:05+09:00,2026/09/08,2026/10/08,2026-10,CALL,36000,30135,,,,,,,,,,,,,
2026/09/08 03:55,2026-09-08T04:10:05+09:00,2026/09/08,2026/10/08,2026-10,PUT,36000,6,37,,77.5,71.8,15,15,7,2,,,,,
2026/09/08 03:55,2026-09-08T04:10:05+09:00,2026/09/08,2026/10/08,2026-10,CALL,35000,31135,24,,,,,,,,,,,,
2026/09/08 03:55,2026-09-08T04:10:05+09:00,2026/09/08,2026/10/08,2026-10,PUT,35000,6,1997,8,74.94,73.87,7,2,6,1,76.17,2,33.33,8,09/07 17:17
2026/09/08 03:55,2026-09-08T04:10:05+09:00,2026/09/08,2026/10/08,2026-10,CALL,34000,32130,,,,,,,,,,,,,
2026/09/08 03:55,2026-09-08T04:10:05+09:00,2026/09/08,2026/10/08,2026-10,PUT,34000,5,22,3,87.43,70.19,21,17,2,50,75.76,0,0,5,09/07 22:19
2026/09/08 03:55,2026-09-08T04:10:05+09:00,2026/09/08,2026/10/08,2026-10,CALL,33000,33130,,,,,,,,,,,,,
2026/09/08 03:55,2026-09-08T04:10:05+09:00,2026/09/08,2026/10/08,2026-10,PUT,33000,4,1734,,79.03,77.5,5,3,4,23,,,,,
2026/09/08 03:55,2026-09-08T04:10:05+09:00,2026/09/08,2026/10/08,2026-10,CALL,32000,34130,,,,,,,,,,,,,
2026/09/08 03:55,2026-09-08T04:10:05+09:00,2026/09/08,2026/10/08,2026-10,PUT,32000,3,42,,80.77,78.83,4,5,3,1,,,,,
2026/09/08 03:55,2026-09-08T04:10:05+09:00,2026/09/08,2026/10/08,2026-10,CALL,31000,35130,,,,,,,,,,,,,
2026/09/08 03:55,2026-09-08T04:10:05+09:00,2026/09/08,2026/10/08,2026-10,PUT,31000,3,4,,84.13,75.49,4,1,1,71,,,,,
2026/09/08 03:55,2026-09-08T04:10:05+09:00,2026/09/08,2026/10/08,2026-10,CALL,30000,36130,,,,,,,,,,,,,
2026/09/08 03:55,2026-09-08T04:10:05+09:00,2026/09/08,2026/10/08,2026-10,PUT,30000,3,5009,2,87.61,85.53,4,12,3,26,85.53,-1,-25,3,09/07 22:07
2026/09/08 03:55,2026-09-08T04:10:05+09:00,2026/09/08,2026/10/08,2026-10,CALL,29000,37125,,,,,,,,,,,,,
2026/09/08 03:55,2026-09-08T04:10:05+09:00,2026/09/08,2026/10/08,2026-10,PUT,29000,1,11,,89.05,81.89,3,2,1,70,,,,,
2026/09/08 03:55,2026-09-08T04:10:05+09:00,2026/09/08,2026/10/08,2026-10,CALL,28000,38125,,,,,,,,,,,,,
2026/09/08 03:55,2026-09-08T04:10:05+09:00,2026/09/08,2026/10/08,2026-10,PUT,28000,2,19,,98.34,89.75,6,2,2,1,,,,,
2026/09/08 03:55,2026-09-08T04:10:05+09:00,2026/09/08,2026/10/08,2026-10,CALL,27000,39125,,,,,,,,,,,,,
2026/09/08 03:55,2026-09-08T04:10:05+09:00,2026/09/08,2026/10/08,2026-10,PUT,27000,2,28,,98.78,88.75,4,2,1,92,,,,,
2026/09/08 03:55,2026-09-08T04:10:05+09:00,2026/09/08,2026/10/08,2026-10,CALL,26000,40125,,,,,,,,,,,,,
2026/09/08 03:55,2026-09-08T04:10:05+09:00,2026/09/08,2026/10/08,2026-10,PUT,26000,1,27,,100.37,92.37,3,3,1,81,,,,,
2026/09/08 03:55,2026-09-08T04:10:05+09:00,2026/09/08,2026/10/08,2026-10,CALL,25000,41120,,,,,,,,,,,,,
2026/09/08 03:55,2026-09-08T04:10:05+09:00,2026/09/08,2026/10/08,2026-10,PUT,25000,1,1476,,104.44,96.13,3,4,1,198,,,,,
2026/09/08 03:55,2026-09-08T04:10:05+09:00,2026/09/08,2026/10/08,2026-10,CALL,22500,43620,,,,,,,,,,,,,
2026/09/08 03:55,2026-09-08T04:10:05+09:00,2026/09/08,2026/10/08,2026-10,PUT,22500,1,49,,111.77,106.24,2,5,1,58,,,,,
2026/09/08 03:55,2026-09-08T04:10:05+09:00,2026/09/08,2026/10/08,2026-10,CALL,20000,46115,,,,,,,,,,,,,
2026/09/08 03:55,2026-09-08T04:10:05+09:00,2026/09/08,2026/10/08,2026-10,PUT,20000,1,648,45,123.64,117.56,2,33,1,105,117.56,0,0,1,09/08 01:57
2026/09/08 03:55,2026-09-08T04:10:05+09:00,2026/09/08,2026/12/10,2026-12,CALL,68500,2295,424,,25.12,22.82,2300,1,2000,1,,,,,
2026/09/08 03:55,2026-09-08T04:10:05+09:00,2026/09/08,2026/12/10,2026-12,PUT,68500,4455,203,,,,,,,,,,,,
2026/09/08 03:55,2026-09-08T04:10:05+09:00,2026/09/08,2026/12/10,2026-12,CALL,68250,2395,,,25.19,22.86,2400,1,2095,1,,,,,
2026/09/08 03:55,2026-09-08T04:10:05+09:00,2026/09/08,2026/12/10,2026-12,PUT,68250,4315,,,,,,,,,,,,,
2026/09/08 03:55,2026-09-08T04:10:05+09:00,2026/09/08,2026/12/10,2026-12,CALL,68000,2500,3248,,25.24,22.92,2500,1,2195,1,,,,,
2026/09/08 03:55,2026-09-08T04:10:05+09:00,2026/09/08,2026/12/10,2026-12,PUT,68000,4170,1900,,,,,,1,1,,,,,
2026/09/08 03:55,2026-09-08T04:10:05+09:00,2026/09/08,2026/12/10,2026-12,CALL,67750,2605,,,25.27,23,2600,1,2300,1,,,,,
2026/09/08 03:55,2026-09-08T04:10:05+09:00,2026/09/08,2026/12/10,2026-12,PUT,67750,4020,,,,,,,,,,,,,
2026/09/08 03:55,2026-09-08T04:10:05+09:00,2026/09/08,2026/12/10,2026-12,CALL,67500,2710,25,,25.5,22.9,2730,1,2385,1,,,,,
2026/09/08 03:55,2026-09-08T04:10:05+09:00,2026/09/08,2026/12/10,2026-12,PUT,67500,3890,25,,,,,,,,,,,,
2026/09/08 03:55,2026-09-08T04:10:05+09:00,2026/09/08,2026/12/10,2026-12,CALL,67250,2825,25,,25.56,22.97,2840,1,2495,1,,,,,
2026/09/08 03:55,2026-09-08T04:10:05+09:00,2026/09/08,2026/12/10,2026-12,PUT,67250,3745,25,,,,,,,,,,,,
2026/09/08 03:55,2026-09-08T04:10:05+09:00,2026/09/08,2026/12/10,2026-12,CALL,67000,2945,1318,,25.6,23.02,2950,1,2605,1,,,,,
2026/09/08 03:55,2026-09-08T04:10:05+09:00,2026/09/08,2026/12/10,2026-12,PUT,67000,3615,1590,,,,,,,,,,,,
2026/09/08 03:55,2026-09-08T04:10:05+09:00,2026/09/08,2026/12/10,2026-12,CALL,66750,3065,,,25.65,23.11,3065,1,2725,1,,,,,
2026/09/08 03:55,2026-09-08T04:10:05+09:00,2026/09/08,2026/12/10,2026-12,PUT,66750,3490,,,,,,,,,,,,,
2026/09/08 03:55,2026-09-08T04:10:05+09:00,2026/09/08,2026/12/10,2026-12,CALL,66500,3185,2750,,25.72,23.15,3185,1,2840,1,,,,,
2026/09/08 03:55,2026-09-08T04:10:05+09:00,2026/09/08,2026/12/10,2026-12,PUT,66500,3355,750,,,,,,,,,,,,
2026/09/08 03:55,2026-09-08T04:10:05+09:00,2026/09/08,2026/12/10,2026-12,CALL,66250,3320,15,,25.81,23.23,3310,1,2965,1,,,,,
2026/09/08 03:55,2026-09-08T04:10:05+09:00,2026/09/08,2026/12/10,2026-12,PUT,66250,3235,,,,,,,,,,,,,
2026/09/08 03:55,2026-09-08T04:10:05+09:00,2026/09/08,2026/12/10,2026-12,CALL,66000,3450,1055,,,,,,,,,,,,
2026/09/08 03:55,2026-09-08T04:10:05+09:00,2026/09/08,2026/12/10,2026-12,PUT,66000,3120,1086,,,,,,,,,,,,
2026/09/08 03:55,2026-09-08T04:10:05+09:00,2026/09/08,2026/12/10,2026-12,CALL,65750,3580,,,,,,,,,,,,,
2026/09/08 03:55,2026-09-08T04:10:05+09:00,2026/09/08,2026/12/10,2026-12,PUT,65750,3000,,,,,,,,,,,,,
2026/09/08 03:55,2026-09-08T04:10:05+09:00,2026/09/08,2026/12/10,2026-12,CALL,65500,3720,734,,,,,,,,,,,,
2026/09/08 03:55,2026-09-08T04:10:05+09:00,2026/09/08,2026/12/10,2026-12,PUT,65500,2885,605,,26.02,23.43,3265,1,2920,1,,,,,
2026/09/08 03:55,2026-09-08T04:10:05+09:00,2026/09/08,2026/12/10,2026-12,CALL,65250,3860,,,,,,,,,,,,,
2026/09/08 03:55,2026-09-08T04:10:05+09:00,2026/09/08,2026/12/10,2026-12,PUT,65250,2780,,,26.09,23.53,3150,1,2810,1,,,,,
2026/09/08 03:55,2026-09-08T04:10:05+09:00,2026/09/08,2026/12/10,2026-12,CALL,65000,4015,2992,,,,,,,,,,,,
2026/09/08 03:55,2026-09-08T04:10:05+09:00,2026/09/08,2026/12/10,2026-12,PUT,65000,2670,4052,,26.19,23.61,3040,1,2700,1,,,,,
2026/09/08 03:55,2026-09-08T04:10:05+09:00,2026/09/08,2026/12/10,2026-12,CALL,64750,4165,,,,,,,,,,,,,
2026/09/08 03:55,2026-09-08T04:10:05+09:00,2026/09/08,2026/12/10,2026-12,PUT,64750,2575,,,26.3,23.71,2935,1,2595,1,,,,,
2026/09/08 03:55,2026-09-08T04:10:05+09:00,2026/09/08,2026/12/10,2026-12,CALL,64500,4315,96,,,,,,,,,,,,
2026/09/08 03:55,2026-09-08T04:10:05+09:00,2026/09/08,2026/12/10,2026-12,PUT,64500,2490,2,,26.39,23.78,2830,1,2490,1,,,,,
2026/09/08 03:55,2026-09-08T04:10:05+09:00,2026/09/08,2026/12/10,2026-12,CALL,64250,4465,,,,,,,,,,,,,
2026/09/08 03:55,2026-09-08T04:10:05+09:00,2026/09/08,2026/12/10,2026-12,PUT,64250,2380,,,26.5,23.87,2730,1,2390,1,,,,,
2026/09/08 03:55,2026-09-08T04:10:05+09:00,2026/09/08,2026/12/10,2026-12,CALL,64000,4620,2140,,,,,,,,,,,,
2026/09/08 03:55,2026-09-08T04:10:05+09:00,2026/09/08,2026/12/10,2026-12,PUT,64000,2290,1956,,26.47,24.13,2615,1,2315,1,,,,,
2026/09/08 03:55,2026-09-08T04:10:05+09:00,2026/09/08,2026/12/10,2026-12,CALL,63750,4780,,,,,,,,,,,,,
2026/09/08 03:55,2026-09-08T04:10:05+09:00,2026/09/08,2026/12/10,2026-12,PUT,63750,2200,23,,26.57,24.22,2520,1,2220,1,,,,,
2026/09/08 03:55,2026-09-08T04:10:05+09:00,2026/09/08,2026/12/10,2026-12,CALL,63500,4945,300,,,,,,,,,,,,
2026/09/08 03:55,2026-09-08T04:10:05+09:00,2026/09/08,2026/12/10,2026-12,PUT,63500,2110,600,,26.7,24.32,2430,1,2130,1,,,,,
2026/09/08 03:55,2026-09-08T04:10:05+09:00,2026/09/08,2026/12/10,2026-12,CALL,63250,5110,,,,,,,,,,,,,
2026/09/08 03:55,2026-09-08T04:10:05+09:00,2026/09/08,2026/12/10,2026-12,PUT,63250,2030,,,26.8,24.39,2340,1,2040,1,,,,,
2026/09/08 03:55,2026-09-08T04:10:05+09:00,2026/09/08,2026/12/10,2026-12,CALL,63000,5290,1615,,,,,,,,,,,,
2026/09/08 03:55,2026-09-08T04:10:05+09:00,2026/09/08,2026/12/10,2026-12,PUT,63000,1945,2493,,26.93,24.49,2255,1,1955,1,,,,,
2026/09/08 03:55,2026-09-08T04:10:05+09:00,2026/09/08,2026/12/10,2026-12,CALL,62750,5465,,,,,,,,,,,,,
2026/09/08 03:55,2026-09-08T04:10:05+09:00,2026/09/08,2026/12/10,2026-12,PUT,62750,1870,,,27.07,24.6,2175,1,1875,1,,,,,
2026/09/08 03:55,2026-09-08T04:10:05+09:00,2026/09/08,2026/12/10,2026-12,CALL,62500,5630,812,,,,,,,,,,,,
2026/09/08 03:55,2026-09-08T04:10:05+09:00,2026/09/08,2026/12/10,2026-12,PUT,62500,1785,1087,,27.2,24.7,2095,1,1795,1,,,,,
2026/09/08 03:55,2026-09-08T04:10:05+09:00,2026/09/08,2026/12/10,2026-12,CALL,62250,5810,,,,,,,,,,,,,
2026/09/08 03:55,2026-09-08T04:10:05+09:00,2026/09/08,2026/12/10,2026-12,PUT,62250,1720,250,,27.34,24.81,2020,1,1720,1,,,,,
2026/09/08 03:55,2026-09-08T04:10:05+09:00,2026/09/08,2026/12/10,2026-12,CALL,62000,5985,1450,,,,,,,,,,,,
2026/09/08 03:55,2026-09-08T04:10:05+09:00,2026/09/08,2026/12/10,2026-12,PUT,62000,1640,2461,,27.47,24.95,1945,1,1650,1,,,,,
2026/09/08 03:55,2026-09-08T04:10:05+09:00,2026/09/08,2026/12/10,2026-12,CALL,61750,6165,,,,,,,,,,,,,
2026/09/08 03:55,2026-09-08T04:10:05+09:00,2026/09/08,2026/12/10,2026-12,PUT,61750,1575,,,27.62,25.06,1875,1,1580,1,,,,,
2026/09/08 03:55,2026-09-08T04:10:05+09:00,2026/09/08,2026/12/10,2026-12,CALL,61500,6350,,,,,,,,,,,,,
2026/09/08 03:55,2026-09-08T04:10:05+09:00,2026/09/08,2026/12/10,2026-12,PUT,61500,1510,1,,27.76,25.15,1805,1,1510,1,,,,,
2026/09/08 03:55,2026-09-08T04:10:05+09:00,2026/09/08,2026/12/10,2026-12,CALL,61250,6535,,,,,,,,,,,,,
2026/09/08 03:55,2026-09-08T04:10:05+09:00,2026/09/08,2026/12/10,2026-12,PUT,61250,1445,32,,27.92,25.27,1740,1,1445,1,,,,,
2026/09/08 03:55,2026-09-08T04:10:05+09:00,2026/09/08,2026/12/10,2026-12,CALL,61000,6740,813,,,,,,1,10,,,,,
2026/09/08 03:55,2026-09-08T04:10:05+09:00,2026/09/08,2026/12/10,2026-12,PUT,61000,1405,1436,,28.1,25.41,1680,1,1385,1,,,,,
2026/09/08 03:55,2026-09-08T04:10:05+09:00,2026/09/08,2026/12/10,2026-12,CALL,60750,6915,,,,,,,1,10,,,,,
2026/09/08 03:55,2026-09-08T04:10:05+09:00,2026/09/08,2026/12/10,2026-12,PUT,60750,1330,,,28.23,25.48,1615,1,1320,1,,,,,
2026/09/08 03:55,2026-09-08T04:10:05+09:00,2026/09/08,2026/12/10,2026-12,CALL,60500,7110,102,,,,,,1,10,,,,,
2026/09/08 03:55,2026-09-08T04:10:05+09:00,2026/09/08,2026/12/10,2026-12,PUT,60500,1275,200,,28.42,25.63,1560,1,1265,1,,,,,
2026/09/08 03:55,2026-09-08T04:10:05+09:00,2026/09/08,2026/12/10,2026-12,CALL,60250,7310,,,,,,,,,,,,,
2026/09/08 03:55,2026-09-08T04:10:05+09:00,2026/09/08,2026/12/10,2026-12,PUT,60250,1225,36,,28.61,25.76,1505,1,1210,1,,,,,
2026/09/08 03:55,2026-09-08T04:10:05+09:00,2026/09/08,2026/12/10,2026-12,CALL,60000,7540,7264,,,,,,,,,,,,
2026/09/08 03:55,2026-09-08T04:10:05+09:00,2026/09/08,2026/12/10,2026-12,PUT,60000,1220,9824,,28.77,26.62,1450,1,1230,1,,,,,
2026/09/08 03:55,2026-09-08T04:10:05+09:00,2026/09/08,2026/12/10,2026-12,CALL,59750,7710,,,,,,,,,,,,,
2026/09/08 03:55,2026-09-08T04:10:05+09:00,2026/09/08,2026/12/10,2026-12,PUT,59750,1125,,,28.97,26,1400,1,1105,1,,,,,
2026/09/08 03:55,2026-09-08T04:10:05+09:00,2026/09/08,2026/12/10,2026-12,CALL,59500,7910,100,,,,,,,,,,,,
2026/09/08 03:55,2026-09-08T04:10:05+09:00,2026/09/08,2026/12/10,2026-12,PUT,59500,1075,250,,29.15,26.12,1350,1,1055,1,,,,,
2026/09/08 03:55,2026-09-08T04:10:05+09:00,2026/09/08,2026/12/10,2026-12,CALL,59250,8115,,,,,,,,,,,,,
2026/09/08 03:55,2026-09-08T04:10:05+09:00,2026/09/08,2026/12/10,2026-12,PUT,59250,1035,60,,29.21,26.38,1290,1,1020,1,,,,,
2026/09/08 03:55,2026-09-08T04:10:05+09:00,2026/09/08,2026/12/10,2026-12,CALL,59000,8320,1900,,,,,,,,,,,,
2026/09/08 03:55,2026-09-08T04:10:05+09:00,2026/09/08,2026/12/10,2026-12,PUT,59000,1005,2409,,29.41,26.51,1245,1,975,1,,,,,
2026/09/08 03:55,2026-09-08T04:10:05+09:00,2026/09/08,2026/12/10,2026-12,CALL,58750,8530,,,,,,,,,,,,,
2026/09/08 03:55,2026-09-08T04:10:05+09:00,2026/09/08,2026/12/10,2026-12,PUT,58750,950,,,29.59,26.63,1200,1,930,1,,,,,
2026/09/08 03:55,2026-09-08T04:10:05+09:00,2026/09/08,2026/12/10,2026-12,CALL,58500,8725,350,,,,,,,,,,,,
2026/09/08 03:55,2026-09-08T04:10:05+09:00,2026/09/08,2026/12/10,2026-12,PUT,58500,895,850,,29.81,26.78,1160,1,890,1,,,,,
2026/09/08 03:55,2026-09-08T04:10:05+09:00,2026/09/08,2026/12/10,2026-12,CALL,58250,8935,,,,,,,,,,,,,
2026/09/08 03:55,2026-09-08T04:10:05+09:00,2026/09/08,2026/12/10,2026-12,PUT,58250,855,65,,30.01,26.92,1120,1,850,1,,,,,
2026/09/08 03:55,2026-09-08T04:10:05+09:00,2026/09/08,2026/12/10,2026-12,CALL,58000,9150,2603,,,,,,,,,,,,
2026/09/08 03:55,2026-09-08T04:10:05+09:00,2026/09/08,2026/12/10,2026-12,PUT,58000,825,1907,,30.2,27.04,1080,1,810,1,,,,,
2026/09/08 03:55,2026-09-08T04:10:05+09:00,2026/09/08,2026/12/10,2026-12,CALL,57750,9385,,,,,,,,,,,,,
2026/09/08 03:55,2026-09-08T04:10:05+09:00,2026/09/08,2026/12/10,2026-12,PUT,57750,810,,,30.44,27.2,1045,1,775,1,,,,,
2026/09/08 03:55,2026-09-08T04:10:05+09:00,2026/09/08,2026/12/10,2026-12,CALL,57500,9600,80,,,,,,,,,,,,
2026/09/08 03:55,2026-09-08T04:10:05+09:00,2026/09/08,2026/12/10,2026-12,PUT,57500,775,850,,30.66,27.34,1010,1,740,1,,,,,
2026/09/08 03:55,2026-09-08T04:10:05+09:00,2026/09/08,2026/12/10,2026-12,CALL,57250,9810,113,,,,,,,,,,,,
2026/09/08 03:55,2026-09-08T04:10:05+09:00,2026/09/08,2026/12/10,2026-12,PUT,57250,740,,,30.86,27.46,975,1,705,1,,,,,
2026/09/08 03:55,2026-09-08T04:10:05+09:00,2026/09/08,2026/12/10,2026-12,CALL,57000,10055,500,,,,,,,,,,,,
2026/09/08 03:55,2026-09-08T04:10:05+09:00,2026/09/08,2026/12/10,2026-12,PUT,57000,730,2381,,31.12,27.63,945,1,675,1,,,,,
2026/09/08 03:55,2026-09-08T04:10:05+09:00,2026/09/08,2026/12/10,2026-12,CALL,56750,10260,,,,,,,,,,,,,
2026/09/08 03:55,2026-09-08T04:10:05+09:00,2026/09/08,2026/12/10,2026-12,PUT,56750,690,,,31.36,27.79,915,1,645,1,,,,,
2026/09/08 03:55,2026-09-08T04:10:05+09:00,2026/09/08,2026/12/10,2026-12,CALL,56500,10475,283,,,,,,,,,,,,
2026/09/08 03:55,2026-09-08T04:10:05+09:00,2026/09/08,2026/12/10,2026-12,PUT,56500,655,171,,31.59,27.93,885,1,615,1,,,,,
2026/09/08 03:55,2026-09-08T04:10:05+09:00,2026/09/08,2026/12/10,2026-12,CALL,56250,10700,,,,,,,,,,,,,
2026/09/08 03:55,2026-09-08T04:10:05+09:00,2026/09/08,2026/12/10,2026-12,PUT,56250,630,2,,31.81,28.05,855,1,585,1,,,,,
2026/09/08 03:55,2026-09-08T04:10:05+09:00,2026/09/08,2026/12/10,2026-12,CALL,56000,10945,791,,,,,,,,,,,,
2026/09/08 03:55,2026-09-08T04:10:05+09:00,2026/09/08,2026/12/10,2026-12,PUT,56000,625,2528,,31.81,28.53,810,1,580,1,,,,,
2026/09/08 03:55,2026-09-08T04:10:05+09:00,2026/09/08,2026/12/10,2026-12,CALL,55750,11155,,,,,,,,,,,,,
2026/09/08 03:55,2026-09-08T04:10:05+09:00,2026/09/08,2026/12/10,2026-12,PUT,55750,590,,,32.07,28.7,785,1,555,1,,,,,
2026/09/08 03:55,2026-09-08T04:10:05+09:00,2026/09/08,2026/12/10,2026-12,CALL,55500,11400,300,,,,,,,,,,,,
2026/09/08 03:55,2026-09-08T04:10:05+09:00,2026/09/08,2026/12/10,2026-12,PUT,55500,585,100,,32.31,28.86,760,1,530,1,,,,,
2026/09/08 03:55,2026-09-08T04:10:05+09:00,2026/09/08,2026/12/10,2026-12,CALL,55250,11620,,,,,,,,,,,,,
2026/09/08 03:55,2026-09-08T04:10:05+09:00,2026/09/08,2026/12/10,2026-12,PUT,55250,555,,,32.54,29,735,1,505,1,,,,,
2026/09/08 03:55,2026-09-08T04:10:05+09:00,2026/09/08,2026/12/10,2026-12,CALL,55000,11850,1829,,,,,,,,,,,,
2026/09/08 03:55,2026-09-08T04:10:05+09:00,2026/09/08,2026/12/10,2026-12,PUT,55000,540,4826,,32.77,29.12,710,1,480,1,,,,,
2026/09/08 03:55,2026-09-08T04:10:05+09:00,2026/09/08,2026/12/10,2026-12,CALL,54750,12070,,,,,,,,,,,,,
2026/09/08 03:55,2026-09-08T04:10:05+09:00,2026/09/08,2026/12/10,2026-12,PUT,54750,510,32,,33.05,29.31,690,1,460,1,,,,,
2026/09/08 03:55,2026-09-08T04:10:05+09:00,2026/09/08,2026/12/10,2026-12,CALL,54500,12315,540,,,,,,,,,,,,
2026/09/08 03:55,2026-09-08T04:10:05+09:00,2026/09/08,2026/12/10,2026-12,PUT,54500,505,780,,33.33,29.49,670,1,440,1,,,,,
2026/09/08 03:55,2026-09-08T04:10:05+09:00,2026/09/08,2026/12/10,2026-12,CALL,54250,12545,,,,,,,,,,,,,
2026/09/08 03:55,2026-09-08T04:10:05+09:00,2026/09/08,2026/12/10,2026-12,PUT,54250,485,,,33.59,29.65,650,1,420,1,,,,,
2026/09/08 03:55,2026-09-08T04:10:05+09:00,2026/09/08,2026/12/10,2026-12,CALL,54000,12775,1941,,,,,,,,,,,,
2026/09/08 03:55,2026-09-08T04:10:05+09:00,2026/09/08,2026/12/10,2026-12,PUT,54000,470,2663,,33.85,29.79,630,1,400,1,,,,,
2026/09/08 03:55,2026-09-08T04:10:05+09:00,2026/09/08,2026/12/10,2026-12,CALL,53750,13010,,,,,,,,,,,,,
2026/09/08 03:55,2026-09-08T04:10:05+09:00,2026/09/08,2026/12/10,2026-12,PUT,53750,455,4,,34.09,30.02,610,1,385,1,,,,,
2026/09/08 03:55,2026-09-08T04:10:05+09:00,2026/09/08,2026/12/10,2026-12,CALL,53500,13250,106,,,,,,,,,,,,
2026/09/08 03:55,2026-09-08T04:10:05+09:00,2026/09/08,2026/12/10,2026-12,PUT,53500,440,205,,34.41,30.13,595,1,365,1,,,,,
2026/09/08 03:55,2026-09-08T04:10:05+09:00,2026/09/08,2026/12/10,2026-12,CALL,53250,13485,,,,,,,,,,,,,
2026/09/08 03:55,2026-09-08T04:10:05+09:00,2026/09/08,2026/12/10,2026-12,PUT,53250,425,187,,34.73,30.34,580,1,350,1,,,,,
2026/09/08 03:55,2026-09-08T04:10:05+09:00,2026/09/08,2026/12/10,2026-12,CALL,53000,13720,1135,,,,,,,,,,,,
2026/09/08 03:55,2026-09-08T04:10:05+09:00,2026/09/08,2026/12/10,2026-12,PUT,53000,420,1712,85,33.49,30.52,480,5,335,4,33.1,-45,-9.09,450,09/07 18:21
2026/09/08 03:55,2026-09-08T04:10:05+09:00,2026/09/08,2026/12/10,2026-12,CALL,52750,13955,,,,,,,,,,,,,
2026/09/08 03:55,2026-09-08T04:10:05+09:00,2026/09/08,2026/12/10,2026-12,PUT,52750,400,,,35.24,30.7,545,1,320,1,,,,,
2026/09/08 03:55,2026-09-08T04:10:05+09:00,2026/09/08,2026/12/10,2026-12,CALL,52500,14175,50,,,,,,,,,,,,
2026/09/08 03:55,2026-09-08T04:10:05+09:00,2026/09/08,2026/12/10,2026-12,PUT,52500,375,600,,35.53,30.86,530,1,305,1,,,,,
2026/09/08 03:55,2026-09-08T04:10:05+09:00,2026/09/08,2026/12/10,2026-12,CALL,52250,14420,250,,,,,,,,,,,,
2026/09/08 03:55,2026-09-08T04:10:05+09:00,2026/09/08,2026/12/10,2026-12,PUT,52250,370,525,,35.91,31.05,520,1,292,1,,,,,
2026/09/08 03:55,2026-09-08T04:10:05+09:00,2026/09/08,2026/12/10,2026-12,CALL,52000,14670,802,,,,,,,,,,,,
2026/09/08 03:55,2026-09-08T04:10:05+09:00,2026/09/08,2026/12/10,2026-12,PUT,52000,365,2766,,35.79,31.76,485,1,300,1,,,,,
2026/09/08 03:55,2026-09-08T04:10:05+09:00,2026/09/08,2026/12/10,2026-12,CALL,51750,14905,,,,,,,,,,,,,
2026/09/08 03:55,2026-09-08T04:10:05+09:00,2026/09/08,2026/12/10,2026-12,PUT,51750,355,,,36.05,31.92,470,1,286,1,,,,,
2026/09/08 03:55,2026-09-08T04:10:05+09:00,2026/09/08,2026/12/10,2026-12,CALL,51500,15145,,,,,,,,,,,,,
2026/09/08 03:55,2026-09-08T04:10:05+09:00,2026/09/08,2026/12/10,2026-12,PUT,51500,345,20,,36.4,32.09,460,1,273,1,,,,,
2026/09/08 03:55,2026-09-08T04:10:05+09:00,2026/09/08,2026/12/10,2026-12,CALL,51250,15385,,,,,,,,,,,,,
2026/09/08 03:55,2026-09-08T04:10:05+09:00,2026/09/08,2026/12/10,2026-12,PUT,51250,335,2,,36.64,32.3,445,1,262,1,,,,,
2026/09/08 03:55,2026-09-08T04:10:05+09:00,2026/09/08,2026/12/10,2026-12,CALL,51000,15600,731,,,,,,,,,,,,
2026/09/08 03:55,2026-09-08T04:10:05+09:00,2026/09/08,2026/12/10,2026-12,PUT,51000,305,1565,,36.98,32.47,435,1,250,1,,,,,
2026/09/08 03:55,2026-09-08T04:10:05+09:00,2026/09/08,2026/12/10,2026-12,CALL,50750,15845,45,,,,,,,,,,,,
2026/09/08 03:55,2026-09-08T04:10:05+09:00,2026/09/08,2026/12/10,2026-12,PUT,50750,296,47,,37.32,32.69,425,1,240,1,,,,,
2026/09/08 03:55,2026-09-08T04:10:05+09:00,2026/09/08,2026/12/10,2026-12,CALL,50500,16085,600,,,,,,,,,,,,
2026/09/08 03:55,2026-09-08T04:10:05+09:00,2026/09/08,2026/12/10,2026-12,PUT,50500,289,1175,,37.64,32.86,415,1,229,1,,,,,
2026/09/08 03:55,2026-09-08T04:10:05+09:00,2026/09/08,2026/12/10,2026-12,CALL,50250,16325,58,,,,,,,,,,,,
2026/09/08 03:55,2026-09-08T04:10:05+09:00,2026/09/08,2026/12/10,2026-12,PUT,50250,281,16,,37.97,33.05,405,1,219,1,,,,,
2026/09/08 03:55,2026-09-08T04:10:05+09:00,2026/09/08,2026/12/10,2026-12,CALL,50000,16555,4442,,,,,,,,,,,,
2026/09/08 03:55,2026-09-08T04:10:05+09:00,2026/09/08,2026/12/10,2026-12,PUT,50000,263,7597,,38.28,33.26,395,1,210,1,,,,,
2026/09/08 03:55,2026-09-08T04:10:05+09:00,2026/09/08,2026/12/10,2026-12,CALL,49750,16805,,,,,,,,,,,,,
2026/09/08 03:55,2026-09-08T04:10:05+09:00,2026/09/08,2026/12/10,2026-12,PUT,49750,263,73,,38.6,33.42,385,1,200,1,,,,,
2026/09/08 03:55,2026-09-08T04:10:05+09:00,2026/09/08,2026/12/10,2026-12,CALL,49500,17050,260,,,,,,,,,,,,
2026/09/08 03:55,2026-09-08T04:10:05+09:00,2026/09/08,2026/12/10,2026-12,PUT,49500,256,2719,,38.9,33.61,375,1,191,1,,,,,
2026/09/08 03:55,2026-09-08T04:10:05+09:00,2026/09/08,2026/12/10,2026-12,CALL,49250,17290,,,,,,,,,,,,,
2026/09/08 03:55,2026-09-08T04:10:05+09:00,2026/09/08,2026/12/10,2026-12,PUT,49250,248,202,,39.2,33.81,365,1,183,1,,,,,
2026/09/08 03:55,2026-09-08T04:10:05+09:00,2026/09/08,2026/12/10,2026-12,CALL,49000,17520,1000,,,,,,,,,,,,
2026/09/08 03:55,2026-09-08T04:10:05+09:00,2026/09/08,2026/12/10,2026-12,PUT,49000,228,3179,,39.62,34.01,360,1,175,1,,,,,
2026/09/08 03:55,2026-09-08T04:10:05+09:00,2026/09/08,2026/12/10,2026-12,CALL,48750,17765,,,,,,,,,,,,,
2026/09/08 03:55,2026-09-08T04:10:05+09:00,2026/09/08,2026/12/10,2026-12,PUT,48750,227,2,,39.91,34.19,350,1,167,1,,,,,
2026/09/08 03:55,2026-09-08T04:10:05+09:00,2026/09/08,2026/12/10,2026-12,CALL,48500,18015,,,,,,,,,,,,,
2026/09/08 03:55,2026-09-08T04:10:05+09:00,2026/09/08,2026/12/10,2026-12,PUT,48500,228,302,,40.32,34.36,345,1,159,1,,,,,
2026/09/08 03:55,2026-09-08T04:10:05+09:00,2026/09/08,2026/12/10,2026-12,CALL,48250,18260,,,,,,,,,,,,,
2026/09/08 03:55,2026-09-08T04:10:05+09:00,2026/09/08,2026/12/10,2026-12,PUT,48250,220,3,,40.6,34.56,335,1,152,1,,,,,
2026/09/08 03:55,2026-09-08T04:10:05+09:00,2026/09/08,2026/12/10,2026-12,CALL,48000,18500,750,,,,,,,,,,,,
2026/09/08 03:55,2026-09-08T04:10:05+09:00,2026/09/08,2026/12/10,2026-12,PUT,48000,215,4136,,40.16,34.74,300,1,145,1,,,,,
2026/09/08 03:55,2026-09-08T04:10:05+09:00,2026/09/08,2026/12/10,2026-12,CALL,47750,18745,,,,,,,,,,,,,
2026/09/08 03:55,2026-09-08T04:10:05+09:00,2026/09/08,2026/12/10,2026-12,PUT,47750,209,2,,41.28,34.91,320,1,138,1,,,,,
2026/09/08 03:55,2026-09-08T04:10:05+09:00,2026/09/08,2026/12/10,2026-12,CALL,47500,18985,200,,,,,,,,,,,,
2026/09/08 03:55,2026-09-08T04:10:05+09:00,2026/09/08,2026/12/10,2026-12,PUT,47500,199,1121,,41.68,35.07,315,1,131,1,,,,,
2026/09/08 03:55,2026-09-08T04:10:05+09:00,2026/09/08,2026/12/10,2026-12,CALL,47250,19230,,,,,,,,,,,,,
2026/09/08 03:55,2026-09-08T04:10:05+09:00,2026/09/08,2026/12/10,2026-12,PUT,47250,198,,,42.08,35.26,310,1,125,1,,,,,
2026/09/08 03:55,2026-09-08T04:10:05+09:00,2026/09/08,2026/12/10,2026-12,CALL,47000,19475,350,,,,,,,,,,,,
2026/09/08 03:55,2026-09-08T04:10:05+09:00,2026/09/08,2026/12/10,2026-12,PUT,47000,193,2846,,42.48,35.44,305,1,119,1,,,,,
2026/09/08 03:55,2026-09-08T04:10:05+09:00,2026/09/08,2026/12/10,2026-12,CALL,46750,19720,,,,,,,,,,,,,
2026/09/08 03:55,2026-09-08T04:10:05+09:00,2026/09/08,2026/12/10,2026-12,PUT,46750,188,,,42.73,35.6,295,1,113,1,,,,,
2026/09/08 03:55,2026-09-08T04:10:05+09:00,2026/09/08,2026/12/10,2026-12,CALL,46500,19965,,,,,,,,,,,,,
2026/09/08 03:55,2026-09-08T04:10:05+09:00,2026/09/08,2026/12/10,2026-12,PUT,46500,183,,,42.25,37.11,263,1,133,1,,,,,
2026/09/08 03:55,2026-09-08T04:10:05+09:00,2026/09/08,2026/12/10,2026-12,CALL,46250,20205,315,,,,,,,,,,,,
2026/09/08 03:55,2026-09-08T04:10:05+09:00,2026/09/08,2026/12/10,2026-12,PUT,46250,178,,,42.62,37.35,258,1,128,1,,,,,
2026/09/08 03:55,2026-09-08T04:10:05+09:00,2026/09/08,2026/12/10,2026-12,CALL,46000,20450,2300,,,,,,,,,,,,
2026/09/08 03:55,2026-09-08T04:10:05+09:00,2026/09/08,2026/12/10,2026-12,PUT,46000,173,3857,,42.96,37.53,252,1,122,1,,,,,
2026/09/08 03:55,2026-09-08T04:10:05+09:00,2026/09/08,2026/12/10,2026-12,CALL,45750,20695,,,,,,,,,,,,,
2026/09/08 03:55,2026-09-08T04:10:05+09:00,2026/09/08,2026/12/10,2026-12,PUT,45750,169,,,43.32,37.75,247,1,117,1,,,,,
2026/09/08 03:55,2026-09-08T04:10:05+09:00,2026/09/08,2026/12/10,2026-12,CALL,45500,20940,200,,,,,,,,,,,,
2026/09/08 03:55,2026-09-08T04:10:05+09:00,2026/09/08,2026/12/10,2026-12,PUT,45500,165,350,,43.69,37.95,242,1,112,1,,,,,
2026/09/08 03:55,2026-09-08T04:10:05+09:00,2026/09/08,2026/12/10,2026-12,CALL,45250,21185,413,,,,,,,,,,,,
2026/09/08 03:55,2026-09-08T04:10:05+09:00,2026/09/08,2026/12/10,2026-12,PUT,45250,160,51,,44.05,38.15,237,1,107,1,,,,,
2026/09/08 03:55,2026-09-08T04:10:05+09:00,2026/09/08,2026/12/10,2026-12,CALL,45000,21430,1842,,,,,,,,,,,,
2026/09/08 03:55,2026-09-08T04:10:05+09:00,2026/09/08,2026/12/10,2026-12,PUT,45000,156,2725,,44.44,38.4,233,1,103,1,,,,,
2026/09/08 03:55,2026-09-08T04:10:05+09:00,2026/09/08,2026/12/10,2026-12,CALL,44750,21675,,,,,,,,,,,,,
2026/09/08 03:55,2026-09-08T04:10:05+09:00,2026/09/08,2026/12/10,2026-12,PUT,44750,152,,,44.8,38.58,228,1,98,1,,,,,
2026/09/08 03:55,2026-09-08T04:10:05+09:00,2026/09/08,2026/12/10,2026-12,CALL,44500,21920,,,,,,,,,,,,,
2026/09/08 03:55,2026-09-08T04:10:05+09:00,2026/09/08,2026/12/10,2026-12,PUT,44500,148,,,45.19,38.8,224,1,94,1,,,,,
2026/09/08 03:55,2026-09-08T04:10:05+09:00,2026/09/08,2026/12/10,2026-12,CALL,44250,22165,,,,,,,,,,,,,
2026/09/08 03:55,2026-09-08T04:10:05+09:00,2026/09/08,2026/12/10,2026-12,PUT,44250,144,,,45.54,38.95,219,1,89,1,,,,,
2026/09/08 03:55,2026-09-08T04:10:05+09:00,2026/09/08,2026/12/10,2026-12,CALL,44000,22410,600,,,,,,,,,,,,
2026/09/08 03:55,2026-09-08T04:10:05+09:00,2026/09/08,2026/12/10,2026-12,PUT,44000,141,2800,,45.92,40.79,215,1,110,1,,,,,
2026/09/08 03:55,2026-09-08T04:10:05+09:00,2026/09/08,2026/12/10,2026-12,CALL,43750,22655,131,,,,,,,,,,,,
2026/09/08 03:55,2026-09-08T04:10:05+09:00,2026/09/08,2026/12/10,2026-12,PUT,43750,138,9,,46.31,39.35,211,1,81,1,,,,,
2026/09/08 03:55,2026-09-08T04:10:05+09:00,2026/09/08,2026/12/10,2026-12,CALL,43500,22900,,,,,,,,,,,,,
2026/09/08 03:55,2026-09-08T04:10:05+09:00,2026/09/08,2026/12/10,2026-12,PUT,43500,134,100,,46.69,39.52,207,1,77,1,,,,,
2026/09/08 03:55,2026-09-08T04:10:05+09:00,2026/09/08,2026/12/10,2026-12,CALL,43250,23145,,,,,,,,,,,,,
2026/09/08 03:55,2026-09-08T04:10:05+09:00,2026/09/08,2026/12/10,2026-12,PUT,43250,131,,,47.07,39.77,203,1,74,1,,,,,
2026/09/08 03:55,2026-09-08T04:10:05+09:00,2026/09/08,2026/12/10,2026-12,CALL,43000,23395,1400,,,,,,,,,,,,
2026/09/08 03:55,2026-09-08T04:10:05+09:00,2026/09/08,2026/12/10,2026-12,PUT,43000,127,1682,,47.45,39.92,199,1,70,1,,,,,
2026/09/08 03:55,2026-09-08T04:10:05+09:00,2026/09/08,2026/12/10,2026-12,CALL,42750,23640,,,,,,,,,,,,,
2026/09/08 03:55,2026-09-08T04:10:05+09:00,2026/09/08,2026/12/10,2026-12,PUT,42750,124,,,47.86,40.06,196,1,66,1,,,,,
2026/09/08 03:55,2026-09-08T04:10:05+09:00,2026/09/08,2026/12/10,2026-12,CALL,42500,23885,250,,,,,,,,,,,,
2026/09/08 03:55,2026-09-08T04:10:05+09:00,2026/09/08,2026/12/10,2026-12,PUT,42500,121,300,,48.24,40.27,192,1,63,1,,,,,
2026/09/08 03:55,2026-09-08T04:10:05+09:00,2026/09/08,2026/12/10,2026-12,CALL,42250,24130,,,,,,,,,,,,,
2026/09/08 03:55,2026-09-08T04:10:05+09:00,2026/09/08,2026/12/10,2026-12,PUT,42250,118,,,48.65,40.37,189,1,59,1,,,,,
2026/09/08 03:55,2026-09-08T04:10:05+09:00,2026/09/08,2026/12/10,2026-12,CALL,42000,24360,1071,,,,,,,,,,,,
2026/09/08 03:55,2026-09-08T04:10:05+09:00,2026/09/08,2026/12/10,2026-12,PUT,42000,110,3702,,49.07,40.55,186,1,56,1,,,,,
2026/09/08 03:55,2026-09-08T04:10:05+09:00,2026/09/08,2026/12/10,2026-12,CALL,41750,24610,,,,,,,,,,,,,
2026/09/08 03:55,2026-09-08T04:10:05+09:00,2026/09/08,2026/12/10,2026-12,PUT,41750,99,,,49.44,40.72,182,1,53,1,,,,,
2026/09/08 03:55,2026-09-08T04:10:05+09:00,2026/09/08,2026/12/10,2026-12,CALL,41500,24860,100,,,,,,,,,,,,
2026/09/08 03:55,2026-09-08T04:10:05+09:00,2026/09/08,2026/12/10,2026-12,PUT,41500,98,101,,49.85,40.87,179,1,50,1,,,,,
2026/09/08 03:55,2026-09-08T04:10:05+09:00,2026/09/08,2026/12/10,2026-12,CALL,41250,25105,,,,,,,,,,,,,
2026/09/08 03:55,2026-09-08T04:10:05+09:00,2026/09/08,2026/12/10,2026-12,PUT,41250,97,3,,50.26,41.01,176,1,47,1,,,,,
2026/09/08 03:55,2026-09-08T04:10:05+09:00,2026/09/08,2026/12/10,2026-12,CALL,41000,25355,1300,,,,,,,,,,,,
2026/09/08 03:55,2026-09-08T04:10:05+09:00,2026/09/08,2026/12/10,2026-12,PUT,41000,96,1827,,50.67,41.12,173,1,44,1,,,,,
2026/09/08 03:55,2026-09-08T04:10:05+09:00,2026/09/08,2026/12/10,2026-12,CALL,40750,25600,,,,,,,,,,,,,
2026/09/08 03:55,2026-09-08T04:10:05+09:00,2026/09/08,2026/12/10,2026-12,PUT,40750,96,,,51.08,41.21,170,1,41,1,,,,,
2026/09/08 03:55,2026-09-08T04:10:05+09:00,2026/09/08,2026/12/10,2026-12,CALL,40500,25850,400,,,,,,,,,,,,
2026/09/08 03:55,2026-09-08T04:10:05+09:00,2026/09/08,2026/12/10,2026-12,PUT,40500,95,1399,,51.54,41.28,168,1,38,1,,,,,
2026/09/08 03:55,2026-09-08T04:10:05+09:00,2026/09/08,2026/12/10,2026-12,CALL,40250,26100,,,,,,,,,,,,,
2026/09/08 03:55,2026-09-08T04:10:05+09:00,2026/09/08,2026/12/10,2026-12,PUT,40250,94,5,,51.95,41.32,165,1,35,1,,,,,
2026/09/08 03:55,2026-09-08T04:10:05+09:00,2026/09/08,2026/12/10,2026-12,CALL,40000,26345,1200,,,,,,,,,,,,
2026/09/08 03:55,2026-09-08T04:10:05+09:00,2026/09/08,2026/12/10,2026-12,PUT,40000,107,5302,,51.67,46.78,150,1,80,1,,,,,
2026/09/08 03:55,2026-09-08T04:10:05+09:00,2026/09/08,2026/12/10,2026-12,CALL,39750,26595,,,,,,,,,,,,,
2026/09/08 03:55,2026-09-08T04:10:05+09:00,2026/09/08,2026/12/10,2026-12,PUT,39750,92,,,52.06,43.27,147,1,42,1,,,,,
2026/09/08 03:55,2026-09-08T04:10:05+09:00,2026/09/08,2026/12/10,2026-12,CALL,39500,26840,500,,,,,,,,,,,,
2026/09/08 03:55,2026-09-08T04:10:05+09:00,2026/09/08,2026/12/10,2026-12,PUT,39500,90,1008,,52.51,43.48,145,1,40,1,,,,,
2026/09/08 03:55,2026-09-08T04:10:05+09:00,2026/09/08,2026/12/10,2026-12,CALL,39250,27060,,,,,,,,,,,,,
2026/09/08 03:55,2026-09-08T04:10:05+09:00,2026/09/08,2026/12/10,2026-12,PUT,39250,60,650,,52.89,43.53,142,1,37,1,,,,,
2026/09/08 03:55,2026-09-08T04:10:05+09:00,2026/09/08,2026/12/10,2026-12,CALL,39000,27305,750,,,,,,,,,,,,
2026/09/08 03:55,2026-09-08T04:10:05+09:00,2026/09/08,2026/12/10,2026-12,PUT,39000,58,2405,,53.34,43.71,140,1,35,1,,,,,
2026/09/08 03:55,2026-09-08T04:10:05+09:00,2026/09/08,2026/12/10,2026-12,CALL,38750,27555,50,,,,,,,,,,,,
2026/09/08 03:55,2026-09-08T04:10:05+09:00,2026/09/08,2026/12/10,2026-12,PUT,38750,56,50,,53.79,43.71,138,1,32,1,,,,,
2026/09/08 03:55,2026-09-08T04:10:05+09:00,2026/09/08,2026/12/10,2026-12,CALL,38500,27800,700,,,,,,,,,,,,
2026/09/08 03:55,2026-09-08T04:10:05+09:00,2026/09/08,2026/12/10,2026-12,PUT,38500,55,1150,,54.17,43.85,135,1,30,1,,,,,
2026/09/08 03:55,2026-09-08T04:10:05+09:00,2026/09/08,2026/12/10,2026-12,CALL,38250,28050,,,,,,,,,,,,,
2026/09/08 03:55,2026-09-08T04:10:05+09:00,2026/09/08,2026/12/10,2026-12,PUT,38250,53,,,54.62,43.97,133,1,28,1,,,,,
2026/09/08 03:55,2026-09-08T04:10:05+09:00,2026/09/08,2026/12/10,2026-12,CALL,38000,28295,1225,,,,,,,,,,,,
2026/09/08 03:55,2026-09-08T04:10:05+09:00,2026/09/08,2026/12/10,2026-12,PUT,38000,52,2686,,55.06,44.06,131,1,26,1,,,,,
2026/09/08 03:55,2026-09-08T04:10:05+09:00,2026/09/08,2026/12/10,2026-12,CALL,37750,28545,100,,,,,,,,,,,,
2026/09/08 03:55,2026-09-08T04:10:05+09:00,2026/09/08,2026/12/10,2026-12,PUT,37750,49,100,,55.51,44.13,129,1,24,1,,,,,
2026/09/08 03:55,2026-09-08T04:10:05+09:00,2026/09/08,2026/12/10,2026-12,CALL,37500,28790,88,,,,,,,,,,,,
2026/09/08 03:55,2026-09-08T04:10:05+09:00,2026/09/08,2026/12/10,2026-12,PUT,37500,48,188,,55.96,44.17,127,1,22,1,,,,,
2026/09/08 03:55,2026-09-08T04:10:05+09:00,2026/09/08,2026/12/10,2026-12,CALL,37250,29040,,,,,,,,,,,,,
2026/09/08 03:55,2026-09-08T04:10:05+09:00,2026/09/08,2026/12/10,2026-12,PUT,37250,46,,,56.4,44.17,125,1,20,1,,,,,
2026/09/08 03:55,2026-09-08T04:10:05+09:00,2026/09/08,2026/12/10,2026-12,CALL,37000,29285,450,,,,,,,,,,,,
2026/09/08 03:55,2026-09-08T04:10:05+09:00,2026/09/08,2026/12/10,2026-12,PUT,37000,45,2535,,56.85,44.13,123,1,18,1,,,,,
2026/09/08 03:55,2026-09-08T04:10:05+09:00,2026/09/08,2026/12/10,2026-12,CALL,36750,29535,,,,,,,,,,,,,
2026/09/08 03:55,2026-09-08T04:10:05+09:00,2026/09/08,2026/12/10,2026-12,PUT,36750,43,400,,57.29,44.04,121,1,16,1,,,,,
2026/09/08 03:55,2026-09-08T04:10:05+09:00,2026/09/08,2026/12/10,2026-12,CALL,36500,29780,252,,,,,,,,,,,,
2026/09/08 03:55,2026-09-08T04:10:05+09:00,2026/09/08,2026/12/10,2026-12,PUT,36500,42,225,,57.74,43.89,119,1,14,1,,,,,
2026/09/08 03:55,2026-09-08T04:10:05+09:00,2026/09/08,2026/12/10,2026-12,CALL,36250,30030,,,,,,,,,,,,,
2026/09/08 03:55,2026-09-08T04:10:05+09:00,2026/09/08,2026/12/10,2026-12,PUT,36250,40,,,58.18,43.66,117,1,12,1,,,,,
2026/09/08 03:55,2026-09-08T04:10:05+09:00,2026/09/08,2026/12/10,2026-12,CALL,36000,30275,975,,,,,,,,,,,,
2026/09/08 03:55,2026-09-08T04:10:05+09:00,2026/09/08,2026/12/10,2026-12,PUT,36000,39,2905,,58.62,43.32,115,1,10,1,,,,,
2026/09/08 03:55,2026-09-08T04:10:05+09:00,2026/09/08,2026/12/10,2026-12,CALL,35750,30525,,,,,,,,,,,,,
2026/09/08 03:55,2026-09-08T04:10:05+09:00,2026/09/08,2026/12/10,2026-12,PUT,35750,38,,,59.15,42.84,114,1,8,1,,,,,
2026/09/08 03:55,2026-09-08T04:10:05+09:00,2026/09/08,2026/12/10,2026-12,CALL,35500,30770,,,,,,,,,,,,,
2026/09/08 03:55,2026-09-08T04:10:05+09:00,2026/09/08,2026/12/10,2026-12,PUT,35500,36,,,59.59,42.75,112,1,7,1,,,,,
2026/09/08 03:55,2026-09-08T04:10:05+09:00,2026/09/08,2026/12/10,2026-12,CALL,35250,31020,,,,,,,,,,,,,
2026/09/08 03:55,2026-09-08T04:10:05+09:00,2026/09/08,2026/12/10,2026-12,PUT,35250,35,,,60.04,41.9,110,1,5,1,,,,,
2026/09/08 03:55,2026-09-08T04:10:05+09:00,2026/09/08,2026/12/10,2026-12,CALL,35000,31265,435,,,,,,,,,,,,
2026/09/08 03:55,2026-09-08T04:10:05+09:00,2026/09/08,2026/12/10,2026-12,PUT,35000,40,5037,,60.57,52.74,109,1,40,1,,,,,
2026/09/08 03:55,2026-09-08T04:10:05+09:00,2026/09/08,2026/12/10,2026-12,CALL,34750,31515,,,,,,,,,,,,,
2026/09/08 03:55,2026-09-08T04:10:05+09:00,2026/09/08,2026/12/10,2026-12,PUT,34750,32,1,,61.01,39.62,107,1,2,1,,,,,
2026/09/08 03:55,2026-09-08T04:10:05+09:00,2026/09/08,2026/12/10,2026-12,CALL,34500,31760,400,,,,,,,,,,,,
2026/09/08 03:55,2026-09-08T04:10:05+09:00,2026/09/08,2026/12/10,2026-12,PUT,34500,31,560,,61.54,,106,1,,,,,,,
2026/09/08 03:55,2026-09-08T04:10:05+09:00,2026/09/08,2026/12/10,2026-12,CALL,34250,32010,,,,,,,,,,,,,
2026/09/08 03:55,2026-09-08T04:10:05+09:00,2026/09/08,2026/12/10,2026-12,PUT,34250,30,,,61.99,,104,1,,,,,,,
2026/09/08 03:55,2026-09-08T04:10:05+09:00,2026/09/08,2026/12/10,2026-12,CALL,34000,32255,280,,,,,,,,,,,,
2026/09/08 03:55,2026-09-08T04:10:05+09:00,2026/09/08,2026/12/10,2026-12,PUT,34000,29,2820,,61.77,54.06,95,1,35,1,,,,,
2026/09/08 03:55,2026-09-08T04:10:05+09:00,2026/09/08,2026/12/10,2026-12,CALL,33750,32505,,,,,,,,,,,,,
2026/09/08 03:55,2026-09-08T04:10:05+09:00,2026/09/08,2026/12/10,2026-12,PUT,33750,28,,,62.2,43.76,93,1,4,1,,,,,
2026/09/08 03:55,2026-09-08T04:10:05+09:00,2026/09/08,2026/12/10,2026-12,CALL,33500,32755,,,,,,,,,,,,,
2026/09/08 03:55,2026-09-08T04:10:05+09:00,2026/09/08,2026/12/10,2026-12,PUT,33500,27,72,,62.73,43.16,92,1,3,1,,,,,
2026/09/08 03:55,2026-09-08T04:10:05+09:00,2026/09/08,2026/12/10,2026-12,CALL,33250,33000,,,,,,,,,,,,,
2026/09/08 03:55,2026-09-08T04:10:05+09:00,2026/09/08,2026/12/10,2026-12,PUT,33250,26,37,,63.16,40.06,90,1,1,1,,,,,
2026/09/08 03:55,2026-09-08T04:10:05+09:00,2026/09/08,2026/12/10,2026-12,CALL,33000,33250,1950,,,,,,,,,,,,
2026/09/08 03:55,2026-09-08T04:10:05+09:00,2026/09/08,2026/12/10,2026-12,PUT,33000,25,3362,,63.68,40.48,89,1,1,10,,,,,
2026/09/08 03:55,2026-09-08T04:10:05+09:00,2026/09/08,2026/12/10,2026-12,CALL,32750,33495,,,,,,,,,,,,,
2026/09/08 03:55,2026-09-08T04:10:05+09:00,2026/09/08,2026/12/10,2026-12,PUT,32750,24,,,64.22,,88,1,,,,,,,
2026/09/08 03:55,2026-09-08T04:10:05+09:00,2026/09/08,2026/12/10,2026-12,CALL,32500,33745,250,,,,,,,,,,,,
2026/09/08 03:55,2026-09-08T04:10:05+09:00,2026/09/08,2026/12/10,2026-12,PUT,32500,23,900,,64.64,,86,1,,,,,,,
2026/09/08 03:55,2026-09-08T04:10:05+09:00,2026/09/08,2026/12/10,2026-12,CALL,32250,33995,,,,,,,,,,,,,
2026/09/08 03:55,2026-09-08T04:10:05+09:00,2026/09/08,2026/12/10,2026-12,PUT,32250,22,600,,65.18,,85,1,,,,,,,
2026/09/08 03:55,2026-09-08T04:10:05+09:00,2026/09/08,2026/12/10,2026-12,CALL,32000,34240,700,,,,,,,,,,,,
2026/09/08 03:55,2026-09-08T04:10:05+09:00,2026/09/08,2026/12/10,2026-12,PUT,32000,21,4655,,65.71,42.2,84,1,1,10,,,,,
2026/09/08 03:55,2026-09-08T04:10:05+09:00,2026/09/08,2026/12/10,2026-12,CALL,31750,34490,,,,,,,,,,,,,
2026/09/08 03:55,2026-09-08T04:10:05+09:00,2026/09/08,2026/12/10,2026-12,PUT,31750,20,,,66.25,,83,1,,,,,,,
2026/09/08 03:55,2026-09-08T04:10:05+09:00,2026/09/08,2026/12/10,2026-12,CALL,31500,34735,50,,,,,,,,,,,,
2026/09/08 03:55,2026-09-08T04:10:05+09:00,2026/09/08,2026/12/10,2026-12,PUT,31500,19,350,,66.79,,82,1,,,,,,,
2026/09/08 03:55,2026-09-08T04:10:05+09:00,2026/09/08,2026/12/10,2026-12,CALL,31250,34985,,,,,,,,,,,,,
2026/09/08 03:55,2026-09-08T04:10:05+09:00,2026/09/08,2026/12/10,2026-12,PUT,31250,18,,,67.33,,81,1,,,,,,,
2026/09/08 03:55,2026-09-08T04:10:05+09:00,2026/09/08,2026/12/10,2026-12,CALL,31000,35235,241,,,,,,,,,,,,
2026/09/08 03:55,2026-09-08T04:10:05+09:00,2026/09/08,2026/12/10,2026-12,PUT,31000,18,2037,,67.76,43.97,79,1,1,10,,,,,
2026/09/08 03:55,2026-09-08T04:10:05+09:00,2026/09/08,2026/12/10,2026-12,CALL,30750,35480,,,,,,,,,,,,,
2026/09/08 03:55,2026-09-08T04:10:05+09:00,2026/09/08,2026/12/10,2026-12,PUT,30750,17,,,68.3,,78,1,,,,,,,
2026/09/08 03:55,2026-09-08T04:10:05+09:00,2026/09/08,2026/12/10,2026-12,CALL,30500,35730,50,,,,,,,,,,,,
2026/09/08 03:55,2026-09-08T04:10:05+09:00,2026/09/08,2026/12/10,2026-12,PUT,30500,16,51,,68.85,,77,1,,,,,,,
2026/09/08 03:55,2026-09-08T04:10:05+09:00,2026/09/08,2026/12/10,2026-12,CALL,30250,35980,,,,,,,,,,,,,
2026/09/08 03:55,2026-09-08T04:10:05+09:00,2026/09/08,2026/12/10,2026-12,PUT,30250,15,,,69.4,,76,1,,,,,,,
2026/09/08 03:55,2026-09-08T04:10:05+09:00,2026/09/08,2026/12/10,2026-12,CALL,30000,36225,1303,,,,,,,,,,,,
2026/09/08 03:55,2026-09-08T04:10:05+09:00,2026/09/08,2026/12/10,2026-12,PUT,30000,21,6702,,65.24,59.54,44,1,20,3,,,,,
2026/09/08 03:55,2026-09-08T04:10:05+09:00,2026/09/08,2026/12/10,2026-12,CALL,29750,36475,,,,,,,,,,,,,
2026/09/08 03:55,2026-09-08T04:10:05+09:00,2026/09/08,2026/12/10,2026-12,PUT,29750,14,,,70.5,,74,1,,,,,,,
2026/09/08 03:55,2026-09-08T04:10:05+09:00,2026/09/08,2026/12/10,2026-12,CALL,29500,36725,,,,,,,,,,,,,
2026/09/08 03:55,2026-09-08T04:10:05+09:00,2026/09/08,2026/12/10,2026-12,PUT,29500,13,,,71.06,,73,1,,,,,,,
2026/09/08 03:55,2026-09-08T04:10:05+09:00,2026/09/08,2026/12/10,2026-12,CALL,29250,36970,,,,,,,,,,,,,
2026/09/08 03:55,2026-09-08T04:10:05+09:00,2026/09/08,2026/12/10,2026-12,PUT,29250,12,,,71.62,,72,1,,,,,,,
2026/09/08 03:55,2026-09-08T04:10:05+09:00,2026/09/08,2026/12/10,2026-12,CALL,29000,37220,150,,,,,,,,,,,,
2026/09/08 03:55,2026-09-08T04:10:05+09:00,2026/09/08,2026/12/10,2026-12,PUT,29000,12,1450,,72.32,54.13,72,1,5,1,,,,,
2026/09/08 03:55,2026-09-08T04:10:05+09:00,2026/09/08,2026/12/10,2026-12,CALL,28750,37470,,,,,,,,,,,,,
2026/09/08 03:55,2026-09-08T04:10:05+09:00,2026/09/08,2026/12/10,2026-12,PUT,28750,11,,,72.88,,71,1,,,,,,,
2026/09/08 03:55,2026-09-08T04:10:05+09:00,2026/09/08,2026/12/10,2026-12,CALL,28500,37715,125,,,,,,,,,,,,
2026/09/08 03:55,2026-09-08T04:10:05+09:00,2026/09/08,2026/12/10,2026-12,PUT,28500,11,400,,73.45,,70,1,,,,,,,
2026/09/08 03:55,2026-09-08T04:10:05+09:00,2026/09/08,2026/12/10,2026-12,CALL,28250,37965,,,,,,,,,,,,,
2026/09/08 03:55,2026-09-08T04:10:05+09:00,2026/09/08,2026/12/10,2026-12,PUT,28250,10,,,71.51,,53,1,,,,,,,
2026/09/08 03:55,2026-09-08T04:10:05+09:00,2026/09/08,2026/12/10,2026-12,CALL,28000,38215,75,,,,,,,,,,,,
2026/09/08 03:55,2026-09-08T04:10:05+09:00,2026/09/08,2026/12/10,2026-12,PUT,28000,10,1327,,72.03,55.26,52,1,4,1,,,,,
2026/09/08 03:55,2026-09-08T04:10:05+09:00,2026/09/08,2026/12/10,2026-12,CALL,27750,38460,,,,,,,,,,,,,
2026/09/08 03:55,2026-09-08T04:10:05+09:00,2026/09/08,2026/12/10,2026-12,PUT,27750,9,72,,72.55,,51,1,,,,,,,
2026/09/08 03:55,2026-09-08T04:10:05+09:00,2026/09/08,2026/12/10,2026-12,CALL,27500,38710,,,,,,,,,,,,,
2026/09/08 03:55,2026-09-08T04:10:05+09:00,2026/09/08,2026/12/10,2026-12,PUT,27500,9,25,,73.26,,51,1,,,,,,,
2026/09/08 03:55,2026-09-08T04:10:05+09:00,2026/09/08,2026/12/10,2026-12,CALL,27250,38960,,,,,,,,,,,,,
2026/09/08 03:55,2026-09-08T04:10:05+09:00,2026/09/08,2026/12/10,2026-12,PUT,27250,8,,,73.79,,50,1,,,,,,,
2026/09/08 03:55,2026-09-08T04:10:05+09:00,2026/09/08,2026/12/10,2026-12,CALL,27000,39205,250,,,,,,,,,,,,
2026/09/08 03:55,2026-09-08T04:10:05+09:00,2026/09/08,2026/12/10,2026-12,PUT,27000,8,2630,,74.32,57.5,49,1,4,1,,,,,
2026/09/08 03:55,2026-09-08T04:10:05+09:00,2026/09/08,2026/12/10,2026-12,CALL,26750,39455,,,,,,,,,,,,,
2026/09/08 03:55,2026-09-08T04:10:05+09:00,2026/09/08,2026/12/10,2026-12,PUT,26750,7,,,74.85,,48,1,,,,,,,
2026/09/08 03:55,2026-09-08T04:10:05+09:00,2026/09/08,2026/12/10,2026-12,CALL,26500,39705,,,,,,,,,,,,,
2026/09/08 03:55,2026-09-08T04:10:05+09:00,2026/09/08,2026/12/10,2026-12,PUT,26500,10,1,,75.58,63.68,48,1,10,3,,,,,
2026/09/08 03:55,2026-09-08T04:10:05+09:00,2026/09/08,2026/12/10,2026-12,CALL,26250,39955,,,,,,,,,,,,,
2026/09/08 03:55,2026-09-08T04:10:05+09:00,2026/09/08,2026/12/10,2026-12,PUT,26250,6,,,76.12,,47,1,,,,,,,
2026/09/08 03:55,2026-09-08T04:10:05+09:00,2026/09/08,2026/12/10,2026-12,CALL,26000,40200,350,,,,,,,,,,,,
2026/09/08 03:55,2026-09-08T04:10:05+09:00,2026/09/08,2026/12/10,2026-12,PUT,26000,6,1425,,76.65,53.76,46,1,1,10,,,,,
2026/09/08 03:55,2026-09-08T04:10:05+09:00,2026/09/08,2026/12/10,2026-12,CALL,25750,40450,,,,,,,,,,,,,
2026/09/08 03:55,2026-09-08T04:10:05+09:00,2026/09/08,2026/12/10,2026-12,PUT,25750,6,,,77.4,,46,1,,,,,,,
2026/09/08 03:55,2026-09-08T04:10:05+09:00,2026/09/08,2026/12/10,2026-12,CALL,25500,40700,,,,,,,,,,,,,
2026/09/08 03:55,2026-09-08T04:10:05+09:00,2026/09/08,2026/12/10,2026-12,PUT,25500,5,2,,77.94,,45,1,,,,,,,
2026/09/08 03:55,2026-09-08T04:10:05+09:00,2026/09/08,2026/12/10,2026-12,CALL,25250,40945,,,,,,,,,,,,,
2026/09/08 03:55,2026-09-08T04:10:05+09:00,2026/09/08,2026/12/10,2026-12,PUT,25250,5,1,,78.7,,45,1,,,,,,,
2026/09/08 03:55,2026-09-08T04:10:05+09:00,2026/09/08,2026/12/10,2026-12,CALL,25000,41195,300,,,,,,,,,,,,
2026/09/08 03:55,2026-09-08T04:10:05+09:00,2026/09/08,2026/12/10,2026-12,PUT,25000,6,2014,,75.75,64.45,30,1,6,8,,,,,
2026/09/08 03:55,2026-09-08T04:10:05+09:00,2026/09/08,2026/12/10,2026-12,CALL,24750,41445,,,,,,,,,,,,,
2026/09/08 03:55,2026-09-08T04:10:05+09:00,2026/09/08,2026/12/10,2026-12,PUT,24750,4,1,,79.8,,43,1,,,,,,,
2026/09/08 03:55,2026-09-08T04:10:05+09:00,2026/09/08,2026/12/10,2026-12,CALL,24500,41695,,,,,,,,,,,,,
2026/09/08 03:55,2026-09-08T04:10:05+09:00,2026/09/08,2026/12/10,2026-12,PUT,24500,4,250,,80.58,,43,1,,,,,,,
2026/09/08 03:55,2026-09-08T04:10:05+09:00,2026/09/08,2026/12/10,2026-12,CALL,24250,41940,,,,,,,,,,,,,
2026/09/08 03:55,2026-09-08T04:10:05+09:00,2026/09/08,2026/12/10,2026-12,PUT,24250,4,,,81.14,,42,1,,,,,,,
2026/09/08 03:55,2026-09-08T04:10:05+09:00,2026/09/08,2026/12/10,2026-12,CALL,24000,42190,,,,,,,,,,,,,
2026/09/08 03:55,2026-09-08T04:10:05+09:00,2026/09/08,2026/12/10,2026-12,PUT,24000,3,405,,81.45,,40,1,,,,,,,
2026/09/08 03:55,2026-09-08T04:10:05+09:00,2026/09/08,2026/12/10,2026-12,CALL,23750,42440,,,,,,,,,,,,,
2026/09/08 03:55,2026-09-08T04:10:05+09:00,2026/09/08,2026/12/10,2026-12,PUT,23750,3,,,82.49,,41,1,,,,,,,
2026/09/08 03:55,2026-09-08T04:10:05+09:00,2026/09/08,2026/12/10,2026-12,CALL,23500,42690,,,,,,,,,,,,,
2026/09/08 03:55,2026-09-08T04:10:05+09:00,2026/09/08,2026/12/10,2026-12,PUT,23500,3,127,,83.3,,41,1,,,,,,,
2026/09/08 03:55,2026-09-08T04:10:05+09:00,2026/09/08,2026/12/10,2026-12,CALL,23250,42935,,,,,,,,,,,,,
2026/09/08 03:55,2026-09-08T04:10:05+09:00,2026/09/08,2026/12/10,2026-12,PUT,23250,7,,,83.87,70.02,40,1,7,1,,,,,
2026/09/08 03:55,2026-09-08T04:10:05+09:00,2026/09/08,2026/12/10,2026-12,CALL,23000,43185,,,,,,,,,,,,,
2026/09/08 03:55,2026-09-08T04:10:05+09:00,2026/09/08,2026/12/10,2026-12,PUT,23000,3,2106,,84.7,63.74,40,1,2,1,,,,,
2026/09/08 03:55,2026-09-08T04:10:05+09:00,2026/09/08,2026/12/10,2026-12,CALL,22750,43435,,,,,,,,,,,,,
2026/09/08 03:55,2026-09-08T04:10:05+09:00,2026/09/08,2026/12/10,2026-12,PUT,22750,2,,,85.27,,39,1,,,,,,,
2026/09/08 03:55,2026-09-08T04:10:05+09:00,2026/09/08,2026/12/10,2026-12,CALL,22500,43685,,,,,,,,,,,,,
2026/09/08 03:55,2026-09-08T04:10:05+09:00,2026/09/08,2026/12/10,2026-12,PUT,22500,2,150,,86.11,,39,1,,,,,,,
2026/09/08 03:55,2026-09-08T04:10:05+09:00,2026/09/08,2026/12/10,2026-12,CALL,22250,43930,,,,,,,,,,,,,
2026/09/08 03:55,2026-09-08T04:10:05+09:00,2026/09/08,2026/12/10,2026-12,PUT,22250,2,,,86.96,,39,1,,,,,,,
2026/09/08 03:55,2026-09-08T04:10:05+09:00,2026/09/08,2026/12/10,2026-12,CALL,22000,44180,100,,,,,,,,,,,,
2026/09/08 03:55,2026-09-08T04:10:05+09:00,2026/09/08,2026/12/10,2026-12,PUT,22000,2,1716,,86.43,63.07,34,1,1,2,,,,,
2026/09/08 03:55,2026-09-08T04:10:05+09:00,2026/09/08,2026/12/10,2026-12,CALL,21750,44430,,,,,,,,,,,,,
2026/09/08 03:55,2026-09-08T04:10:05+09:00,2026/09/08,2026/12/10,2026-12,PUT,21750,2,,,87.28,,34,1,,,,,,,
2026/09/08 03:55,2026-09-08T04:10:05+09:00,2026/09/08,2026/12/10,2026-12,CALL,21500,44680,,,,,,,,,,,,,
2026/09/08 03:55,2026-09-08T04:10:05+09:00,2026/09/08,2026/12/10,2026-12,PUT,21500,2,500,,87.85,,33,1,,,,,,,
2026/09/08 03:55,2026-09-08T04:10:05+09:00,2026/09/08,2026/12/10,2026-12,CALL,21250,44925,,,,,,,,,,,,,
2026/09/08 03:55,2026-09-08T04:10:05+09:00,2026/09/08,2026/12/10,2026-12,PUT,21250,2,,,88.72,,33,1,,,,,,,
2026/09/08 03:55,2026-09-08T04:10:05+09:00,2026/09/08,2026/12/10,2026-12,CALL,21000,45175,,,,,,,,,,,,,
2026/09/08 03:55,2026-09-08T04:10:05+09:00,2026/09/08,2026/12/10,2026-12,PUT,21000,1,350,,89.61,,33,1,,,,,,,
2026/09/08 03:55,2026-09-08T04:10:05+09:00,2026/09/08,2026/12/10,2026-12,CALL,20750,45425,,,,,,,,,,,,,
2026/09/08 03:55,2026-09-08T04:10:05+09:00,2026/09/08,2026/12/10,2026-12,PUT,20750,1,,,90.19,,32,1,,,,,,,
2026/09/08 03:55,2026-09-08T04:10:05+09:00,2026/09/08,2026/12/10,2026-12,CALL,20500,45675,,,,,,,,,,,,,
2026/09/08 03:55,2026-09-08T04:10:05+09:00,2026/09/08,2026/12/10,2026-12,PUT,20500,1,,,91.09,,32,1,,,,,,,
2026/09/08 03:55,2026-09-08T04:10:05+09:00,2026/09/08,2026/12/10,2026-12,CALL,20250,45925,,,,,,,,,,,,,
2026/09/08 03:55,2026-09-08T04:10:05+09:00,2026/09/08,2026/12/10,2026-12,PUT,20250,1,3,,92.01,,32,1,,,,,,,
2026/09/08 03:55,2026-09-08T04:10:05+09:00,2026/09/08,2026/12/10,2026-12,CALL,20000,46170,150,,,,,,,,,,,,
2026/09/08 03:55,2026-09-08T04:10:05+09:00,2026/09/08,2026/12/10,2026-12,PUT,20000,7,2418,,82.39,80.7,10,2,8,1,,,,,
2026/09/08 03:55,2026-09-08T04:10:05+09:00,2026/09/08,2026/12/10,2026-12,CALL,19750,46420,,,,,,,,,,,,,
2026/09/08 03:55,2026-09-08T04:10:05+09:00,2026/09/08,2026/12/10,2026-12,PUT,19750,1,,,93.54,,31,1,,,,,,,
2026/09/08 03:55,2026-09-08T04:10:05+09:00,2026/09/08,2026/12/10,2026-12,CALL,19500,46670,,,,,,,,,,,,,
2026/09/08 03:55,2026-09-08T04:10:05+09:00,2026/09/08,2026/12/10,2026-12,PUT,19500,1,,,94.49,,31,1,,,,,,,
2026/09/08 03:55,2026-09-08T04:10:05+09:00,2026/09/08,2026/12/10,2026-12,CALL,19250,46920,,,,,,,,,,,,,
2026/09/08 03:55,2026-09-08T04:10:05+09:00,2026/09/08,2026/12/10,2026-12,PUT,19250,1,,,95.1,,30,1,,,,,,,
2026/09/08 03:55,2026-09-08T04:10:05+09:00,2026/09/08,2026/12/10,2026-12,CALL,19000,47165,,,,,,,,,,,,,
2026/09/08 03:55,2026-09-08T04:10:05+09:00,2026/09/08,2026/12/10,2026-12,PUT,19000,1,650,,96.08,71.25,30,1,1,1,,,,,
2026/09/08 03:55,2026-09-08T04:10:05+09:00,2026/09/08,2026/12/10,2026-12,CALL,18750,47415,,,,,,,,,,,,,
2026/09/08 03:55,2026-09-08T04:10:05+09:00,2026/09/08,2026/12/10,2026-12,PUT,18750,1,,,97.06,,30,1,,,,,,,
2026/09/08 03:55,2026-09-08T04:10:05+09:00,2026/09/08,2026/12/10,2026-12,CALL,18500,47665,,,,,,,,,,,,,
2026/09/08 03:55,2026-09-08T04:10:05+09:00,2026/09/08,2026/12/10,2026-12,PUT,18500,1,,,98.06,,30,1,,,,,,,
2026/09/08 03:55,2026-09-08T04:10:05+09:00,2026/09/08,2026/12/10,2026-12,CALL,18250,47915,,,,,,,,,,,,,
2026/09/08 03:55,2026-09-08T04:10:05+09:00,2026/09/08,2026/12/10,2026-12,PUT,18250,1,,,98.7,,29,1,,,,,,,
2026/09/08 03:55,2026-09-08T04:10:05+09:00,2026/09/08,2026/12/10,2026-12,CALL,18000,48165,,,,,,,,,,,,,
2026/09/08 03:55,2026-09-08T04:10:05+09:00,2026/09/08,2026/12/10,2026-12,PUT,18000,2,153,,91,78.1,12,1,2,1,,,,,
2026/09/08 03:55,2026-09-08T04:10:05+09:00,2026/09/08,2026/12/10,2026-12,CALL,17750,48410,,,,,,,,,,,,,
2026/09/08 03:55,2026-09-08T04:10:05+09:00,2026/09/08,2026/12/10,2026-12,PUT,17750,1,,,100.76,,29,1,,,,,,,
2026/09/08 03:55,2026-09-08T04:10:05+09:00,2026/09/08,2026/12/10,2026-12,CALL,17500,48660,,,,,,,,,,,,,
2026/09/08 03:55,2026-09-08T04:10:05+09:00,2026/09/08,2026/12/10,2026-12,PUT,17500,1,,,101.82,,29,1,,,,,,,
2026/09/08 03:55,2026-09-08T04:10:05+09:00,2026/09/08,2026/12/10,2026-12,CALL,17250,48910,,,,,,,,,,,,,
2026/09/08 03:55,2026-09-08T04:10:05+09:00,2026/09/08,2026/12/10,2026-12,PUT,17250,1,,,102.49,,28,1,,,,,,,
2026/09/08 03:55,2026-09-08T04:10:05+09:00,2026/09/08,2026/12/10,2026-12,CALL,17000,49160,,,,,,,,,,,,,
2026/09/08 03:55,2026-09-08T04:10:05+09:00,2026/09/08,2026/12/10,2026-12,PUT,17000,1,3,,103.57,,28,1,,,,,,,
2026/09/08 03:55,2026-09-08T04:10:05+09:00,2026/09/08,2026/12/10,2026-12,CALL,16750,49410,,,,,,,,,,,,,
2026/09/08 03:55,2026-09-08T04:10:05+09:00,2026/09/08,2026/12/10,2026-12,PUT,16750,1,,,104.67,,28,1,,,,,,,
2026/09/08 03:55,2026-09-08T04:10:05+09:00,2026/09/08,2026/12/10,2026-12,CALL,16500,49655,,,,,,,,,,,,,
2026/09/08 03:55,2026-09-08T04:10:05+09:00,2026/09/08,2026/12/10,2026-12,PUT,16500,1,1,,105.79,,28,1,,,,,,,
2026/09/08 03:55,2026-09-08T04:10:05+09:00,2026/09/08,2026/12/10,2026-12,CALL,16250,49905,,,,,,,,,,,,,
2026/09/08 03:55,2026-09-08T04:10:05+09:00,2026/09/08,2026/12/10,2026-12,PUT,16250,1,,,106.92,,28,1,,,,,,,
2026/09/08 03:55,2026-09-08T04:10:05+09:00,2026/09/08,2026/12/10,2026-12,CALL,16000,50155,,,,,,,,,,,,,
2026/09/08 03:55,2026-09-08T04:10:05+09:00,2026/09/08,2026/12/10,2026-12,PUT,16000,1,3,,103.68,80.87,19,1,1,1,,,,,
2026/09/08 03:55,2026-09-08T04:10:05+09:00,2026/09/08,2026/12/10,2026-12,CALL,15750,50405,,,,,,,,,,,,,
2026/09/08 03:55,2026-09-08T04:10:05+09:00,2026/09/08,2026/12/10,2026-12,PUT,15750,1,,,104.81,,19,1,,,,,,,
2026/09/08 03:55,2026-09-08T04:10:05+09:00,2026/09/08,2026/12/10,2026-12,CALL,15500,50655,,,,,,,,,,,,,
2026/09/08 03:55,2026-09-08T04:10:05+09:00,2026/09/08,2026/12/10,2026-12,PUT,15500,1,,,105.95,,19,1,,,,,,,
2026/09/08 03:55,2026-09-08T04:10:05+09:00,2026/09/08,2026/12/10,2026-12,CALL,15250,50900,,,,,,,,,,,,,
2026/09/08 03:55,2026-09-08T04:10:05+09:00,2026/09/08,2026/12/10,2026-12,PUT,15250,1,,,107.12,,19,1,,,,,,,
2026/09/08 03:55,2026-09-08T04:10:05+09:00,2026/09/08,2026/12/10,2026-12,CALL,15000,51150,,,,,,,,,,,,,
2026/09/08 03:55,2026-09-08T04:10:05+09:00,2026/09/08,2026/12/10,2026-12,PUT,15000,2,5,,93.81,88.83,4,1,2,1,,,,,
2026/09/08 03:55,2026-09-08T04:10:05+09:00,2026/09/08,2026/12/10,2026-12,CALL,14750,51400,,,,,,,,,,,,,
2026/09/08 03:55,2026-09-08T04:10:05+09:00,2026/09/08,2026/12/10,2026-12,PUT,14750,1,1,,109.51,,19,1,,,,,,,
2026/09/08 03:55,2026-09-08T04:10:05+09:00,2026/09/08,2026/12/10,2026-12,CALL,14500,51650,,,,,,,,,,,,,
2026/09/08 03:55,2026-09-08T04:10:05+09:00,2026/09/08,2026/12/10,2026-12,PUT,14500,1,1,,110.73,,19,1,,,,,,,
2026/09/08 03:55,2026-09-08T04:10:05+09:00,2026/09/08,2026/12/10,2026-12,CALL,14250,51900,,,,,,,,,,,,,
2026/09/08 03:55,2026-09-08T04:10:05+09:00,2026/09/08,2026/12/10,2026-12,PUT,14250,1,,,111.36,,18,1,,,,,,,
2026/09/08 03:55,2026-09-08T04:10:05+09:00,2026/09/08,2026/12/10,2026-12,CALL,14000,52145,,,,,,,,,,,,,
2026/09/08 03:55,2026-09-08T04:10:05+09:00,2026/09/08,2026/12/10,2026-12,PUT,14000,2,11,,112.63,92.91,18,1,2,1,,,,,
2026/09/08 03:55,2026-09-08T04:10:05+09:00,2026/09/08,2026/12/10,2026-12,CALL,13750,52395,,,,,,,,,,,,,
2026/09/08 03:55,2026-09-08T04:10:05+09:00,2026/09/08,2026/12/10,2026-12,PUT,13750,1,,,113.92,,18,1,,,,,,,
2026/09/08 03:55,2026-09-08T04:10:05+09:00,2026/09/08,2026/12/10,2026-12,CALL,13500,52645,,,,,,,,,,,,,
2026/09/08 03:55,2026-09-08T04:10:05+09:00,2026/09/08,2026/12/10,2026-12,PUT,13500,1,100,,115.23,90.42,18,1,1,100,,,,,
2026/09/08 03:55,2026-09-08T04:10:05+09:00,2026/09/08,2026/12/10,2026-12,CALL,13250,52895,,,,,,,,,,,,,
2026/09/08 03:55,2026-09-08T04:10:05+09:00,2026/09/08,2026/12/10,2026-12,PUT,13250,1,,,116.57,,18,1,,,,,,,
2026/09/08 03:55,2026-09-08T04:10:05+09:00,2026/09/08,2026/12/10,2026-12,CALL,13000,53140,,,,,,,,,,,,,
2026/09/08 03:55,2026-09-08T04:10:05+09:00,2026/09/08,2026/12/10,2026-12,PUT,13000,3,5,,117.94,100.39,18,1,3,4,,,,,
2026/09/08 03:55,2026-09-08T04:10:05+09:00,2026/09/08,2026/12/10,2026-12,CALL,12750,53390,,,,,,,,,,,,,
2026/09/08 03:55,2026-09-08T04:10:05+09:00,2026/09/08,2026/12/10,2026-12,PUT,12750,1,,,119.33,93.65,18,1,1,1,,,,,
2026/09/08 03:55,2026-09-08T04:10:05+09:00,2026/09/08,2026/12/10,2026-12,CALL,12500,53640,84,,,,,,,,,,,,
2026/09/08 03:55,2026-09-08T04:10:05+09:00,2026/09/08,2026/12/10,2026-12,PUT,12500,2,821,4,102.79,99.63,3,1,2,354,102.77,0,0,3,09/08 03:21
2026/09/08 06:45,2026-09-08T07:00:00+09:00,2026/09/08,2026/09/10,2026-09,CALL,80000,1,1826,2,58.09,,1,219,,,57.77,0,0,1,09/07 18:26
2026/09/08 06:45,2026-09-08T07:00:00+09:00,2026/09/08,2026/09/10,2026-09,PUT,80000,13510,1,,,,,,,,,,,,
2026/09/08 06:45,2026-09-08T07:00:00+09:00,2026/09/08,2026/09/10,2026-09,CALL,79500,1,233,,56.35,,1,8,,,,,,,
2026/09/08 06:45,2026-09-08T07:00:00+09:00,2026/09/08,2026/09/10,2026-09,PUT,79500,13010,,,,,,,,,,,,,
2026/09/08 06:45,2026-09-08T07:00:00+09:00,2026/09/08,2026/09/10,2026-09,CALL,79000,1,203,,54.6,,1,14,,,,,,,
2026/09/08 06:45,2026-09-08T07:00:00+09:00,2026/09/08,2026/09/10,2026-09,PUT,79000,12510,,,,,,,,,,,,,
2026/09/08 06:45,2026-09-08T07:00:00+09:00,2026/09/08,2026/09/10,2026-09,CALL,78500,1,112,,52.82,,1,10,,,,,,,
2026/09/08 06:45,2026-09-08T07:00:00+09:00,2026/09/08,2026/09/10,2026-09,PUT,78500,12010,,,,,,,,,,,,,
2026/09/08 06:45,2026-09-08T07:00:00+09:00,2026/09/08,2026/09/10,2026-09,CALL,78000,1,2299,,51.04,,1,34,,,,,,,
2026/09/08 06:45,2026-09-08T07:00:00+09:00,2026/09/08,2026/09/10,2026-09,PUT,78000,11510,1,,,,,,,,,,,,
2026/09/08 06:45,2026-09-08T07:00:00+09:00,2026/09/08,2026/09/10,2026-09,CALL,77500,1,977,,49.23,,1,8,,,,,,,
2026/09/08 06:45,2026-09-08T07:00:00+09:00,2026/09/08,2026/09/10,2026-09,PUT,77500,11010,4,,,,,,,,,,,,
2026/09/08 06:45,2026-09-08T07:00:00+09:00,2026/09/08,2026/09/10,2026-09,CALL,77000,1,877,1,47.4,,1,69,,,46.82,0,0,1,09/07 17:20
2026/09/08 06:45,2026-09-08T07:00:00+09:00,2026/09/08,2026/09/10,2026-09,PUT,77000,10510,,,,,,,,,,,,,
2026/09/08 06:45,2026-09-08T07:00:00+09:00,2026/09/08,2026/09/10,2026-09,CALL,76500,1,79,,45.56,,1,5,,,,,,,
2026/09/08 06:45,2026-09-08T07:00:00+09:00,2026/09/08,2026/09/10,2026-09,PUT,76500,10010,,,,,,,,,,,,,
2026/09/08 06:45,2026-09-08T07:00:00+09:00,2026/09/08,2026/09/10,2026-09,CALL,76000,1,733,,43.7,,1,7,,,,,,,
2026/09/08 06:45,2026-09-08T07:00:00+09:00,2026/09/08,2026/09/10,2026-09,PUT,76000,9510,,,,,,,,,,,,,
2026/09/08 06:45,2026-09-08T07:00:00+09:00,2026/09/08,2026/09/10,2026-09,CALL,75500,1,268,,41.82,,1,54,,,,,,,
2026/09/08 06:45,2026-09-08T07:00:00+09:00,2026/09/08,2026/09/10,2026-09,PUT,75500,9010,,,,,,,,,,,,,
2026/09/08 06:45,2026-09-08T07:00:00+09:00,2026/09/08,2026/09/10,2026-09,CALL,75375,1,6,1,41.35,,1,5,,,42.18,,,1,09/07 20:37
2026/09/08 06:45,2026-09-08T07:00:00+09:00,2026/09/08,2026/09/10,2026-09,PUT,75375,8885,,,,,,,,,,,,,
2026/09/08 06:45,2026-09-08T07:00:00+09:00,2026/09/08,2026/09/10,2026-09,CALL,75250,1,106,,40.87,,1,55,,,,,,,
2026/09/08 06:45,2026-09-08T07:00:00+09:00,2026/09/08,2026/09/10,2026-09,PUT,75250,8760,,,,,,,,,,,,,
2026/09/08 06:45,2026-09-08T07:00:00+09:00,2026/09/08,2026/09/10,2026-09,CALL,75125,1,,,40.4,,1,5,,,,,,,
2026/09/08 06:45,2026-09-08T07:00:00+09:00,2026/09/08,2026/09/10,2026-09,PUT,75125,8635,,,,,,,,,,,,,
2026/09/08 06:45,2026-09-08T07:00:00+09:00,2026/09/08,2026/09/10,2026-09,CALL,75000,1,3457,9,39.92,,1,119,,,39.92,0,0,1,09/08 00:55
2026/09/08 06:45,2026-09-08T07:00:00+09:00,2026/09/08,2026/09/10,2026-09,PUT,75000,8510,,,,,,,,,,,,,
2026/09/08 06:45,2026-09-08T07:00:00+09:00,2026/09/08,2026/09/10,2026-09,CALL,74875,1,1,,39.44,,1,5,,,,,,,
2026/09/08 06:45,2026-09-08T07:00:00+09:00,2026/09/08,2026/09/10,2026-09,PUT,74875,8385,,,,,,,,,,,,,
2026/09/08 06:45,2026-09-08T07:00:00+09:00,2026/09/08,2026/09/10,2026-09,CALL,74750,1,69,,38.96,,1,5,,,,,,,
2026/09/08 06:45,2026-09-08T07:00:00+09:00,2026/09/08,2026/09/10,2026-09,PUT,74750,8260,,,,,,,,,,,,,
2026/09/08 06:45,2026-09-08T07:00:00+09:00,2026/09/08,2026/09/10,2026-09,CALL,74625,1,56,,38.48,,1,5,,,,,,,
2026/09/08 06:45,2026-09-08T07:00:00+09:00,2026/09/08,2026/09/10,2026-09,PUT,74625,8135,,,,,,,,,,,,,
2026/09/08 06:45,2026-09-08T07:00:00+09:00,2026/09/08,2026/09/10,2026-09,CALL,74500,1,134,2,38,,1,55,,,37.25,,,1,09/07 17:38
2026/09/08 06:45,2026-09-08T07:00:00+09:00,2026/09/08,2026/09/10,2026-09,PUT,74500,8010,,,,,,,,,,,,,
2026/09/08 06:45,2026-09-08T07:00:00+09:00,2026/09/08,2026/09/10,2026-09,CALL,74375,1,1,,37.51,,1,5,,,,,,,
2026/09/08 06:45,2026-09-08T07:00:00+09:00,2026/09/08,2026/09/10,2026-09,PUT,74375,7885,,,,,,,,,,,,,
2026/09/08 06:45,2026-09-08T07:00:00+09:00,2026/09/08,2026/09/10,2026-09,CALL,74250,1,6,,,,,,,,,,,,
2026/09/08 06:45,2026-09-08T07:00:00+09:00,2026/09/08,2026/09/10,2026-09,PUT,74250,7760,,,,,,,,,,,,,
2026/09/08 06:45,2026-09-08T07:00:00+09:00,2026/09/08,2026/09/10,2026-09,CALL,74125,1,4,,,,,,,,,,,,
2026/09/08 06:45,2026-09-08T07:00:00+09:00,2026/09/08,2026/09/10,2026-09,PUT,74125,7635,,,,,,,,,,,,,
2026/09/08 06:45,2026-09-08T07:00:00+09:00,2026/09/08,2026/09/10,2026-09,CALL,74000,1,1386,8,36.05,,1,230,,,35.63,0,0,1,09/07 23:00
2026/09/08 06:45,2026-09-08T07:00:00+09:00,2026/09/08,2026/09/10,2026-09,PUT,74000,7510,,,,,,,,,,,,,
2026/09/08 06:45,2026-09-08T07:00:00+09:00,2026/09/08,2026/09/10,2026-09,CALL,73875,1,18,,50.13,,22,1,,,,,,,
2026/09/08 06:45,2026-09-08T07:00:00+09:00,2026/09/08,2026/09/10,2026-09,PUT,73875,7385,,,,,,,,,,,,,
2026/09/08 06:45,2026-09-08T07:00:00+09:00,2026/09/08,2026/09/10,2026-09,CALL,73750,1,53,,35.07,,1,50,,,,,,,
2026/09/08 06:45,2026-09-08T07:00:00+09:00,2026/09/08,2026/09/10,2026-09,PUT,73750,7260,,,,,,,,,,,,,
2026/09/08 06:45,2026-09-08T07:00:00+09:00,2026/09/08,2026/09/10,2026-09,CALL,73625,1,4,,,,,,,,,,,,
2026/09/08 06:45,2026-09-08T07:00:00+09:00,2026/09/08,2026/09/10,2026-09,PUT,73625,7140,,,,,,,,,,,,,
2026/09/08 06:45,2026-09-08T07:00:00+09:00,2026/09/08,2026/09/10,2026-09,CALL,73500,1,600,256,34.09,,1,181,,,34.51,0,0,1,09/07 21:56
2026/09/08 06:45,2026-09-08T07:00:00+09:00,2026/09/08,2026/09/10,2026-09,PUT,73500,7015,,,,,,,,,,,,,
2026/09/08 06:45,2026-09-08T07:00:00+09:00,2026/09/08,2026/09/10,2026-09,CALL,73375,2,3,3,,,,,,,33.57,,,1,09/07 22:38
2026/09/08 06:45,2026-09-08T07:00:00+09:00,2026/09/08,2026/09/10,2026-09,PUT,73375,6890,,,,,,,,,,,,,
2026/09/08 06:45,2026-09-08T07:00:00+09:00,2026/09/08,2026/09/10,2026-09,CALL,73250,2,16,1,35.27,,2,49,,,33.88,0,0,1,09/07 21:30
2026/09/08 06:45,2026-09-08T07:00:00+09:00,2026/09/08,2026/09/10,2026-09,PUT,73250,6765,,,,,,,,,,,,,
2026/09/08 06:45,2026-09-08T07:00:00+09:00,2026/09/08,2026/09/10,2026-09,CALL,73125,2,8,1,36.18,,3,3,,,33.33,0,0,1,09/07 21:24
2026/09/08 06:45,2026-09-08T07:00:00+09:00,2026/09/08,2026/09/10,2026-09,PUT,73125,6640,,,,,,,,,,,,,
2026/09/08 06:45,2026-09-08T07:00:00+09:00,2026/09/08,2026/09/10,2026-09,CALL,73000,2,1997,21,34.22,32.1,2,61,1,14,32.07,-1,-50,1,09/08 02:19
2026/09/08 06:45,2026-09-08T07:00:00+09:00,2026/09/08,2026/09/10,2026-09,PUT,73000,6515,3,,,,,,,,,,,,
2026/09/08 06:45,2026-09-08T07:00:00+09:00,2026/09/08,2026/09/10,2026-09,CALL,72875,2,34,1,33.69,,2,5,,,31.51,,,1,09/07 19:17
2026/09/08 06:45,2026-09-08T07:00:00+09:00,2026/09/08,2026/09/10,2026-09,PUT,72875,6390,,,,,,,,,,,,,
2026/09/08 06:45,2026-09-08T07:00:00+09:00,2026/09/08,2026/09/10,2026-09,CALL,72750,2,304,50,33.16,31.09,2,55,1,2,33.61,0,0,2,09/07 19:58
2026/09/08 06:45,2026-09-08T07:00:00+09:00,2026/09/08,2026/09/10,2026-09,PUT,72750,6265,,,,,,,,,,,,,
2026/09/08 06:45,2026-09-08T07:00:00+09:00,2026/09/08,2026/09/10,2026-09,CALL,72625,3,5,1,,,,,,,32.53,0,0,2,09/07 19:07
2026/09/08 06:45,2026-09-08T07:00:00+09:00,2026/09/08,2026/09/10,2026-09,PUT,72625,6140,,,,,,,,,,,,,
2026/09/08 06:45,2026-09-08T07:00:00+09:00,2026/09/08,2026/09/10,2026-09,CALL,72500,2,1712,11,33.44,30.08,3,41,1,6,31.95,0,0,2,09/07 22:51
2026/09/08 06:45,2026-09-08T07:00:00+09:00,2026/09/08,2026/09/10,2026-09,PUT,72500,6015,,,,,,,,,,,,,
2026/09/08 06:45,2026-09-08T07:00:00+09:00,2026/09/08,2026/09/10,2026-09,CALL,72375,3,14,,,,,,,,,,,,
2026/09/08 06:45,2026-09-08T07:00:00+09:00,2026/09/08,2026/09/10,2026-09,PUT,72375,5890,,,,,,,,,,,,,
2026/09/08 06:45,2026-09-08T07:00:00+09:00,2026/09/08,2026/09/10,2026-09,CALL,72250,3,302,11,33.34,29.06,4,40,1,2,32.28,0,0,3,09/07 19:11
2026/09/08 06:45,2026-09-08T07:00:00+09:00,2026/09/08,2026/09/10,2026-09,PUT,72250,5765,,,,,,,,,,,,,
2026/09/08 06:45,2026-09-08T07:00:00+09:00,2026/09/08,2026/09/10,2026-09,CALL,72125,4,79,,,,,,,,,,,,
2026/09/08 06:45,2026-09-08T07:00:00+09:00,2026/09/08,2026/09/10,2026-09,PUT,72125,5640,,,,,,,,,,,,,
2026/09/08 06:45,2026-09-08T07:00:00+09:00,2026/09/08,2026/09/10,2026-09,CALL,72000,3,2556,150,32.2,31.21,4,5,3,1,31.71,1,33.33,4,09/07 23:00
2026/09/08 06:45,2026-09-08T07:00:00+09:00,2026/09/08,2026/09/10,2026-09,PUT,72000,5515,,,,,,,,,,,,,
2026/09/08 06:45,2026-09-08T07:00:00+09:00,2026/09/08,2026/09/10,2026-09,CALL,71875,4,100,19,,30.65,,,3,10,32.41,1,25,5,09/07 22:38
2026/09/08 06:45,2026-09-08T07:00:00+09:00,2026/09/08,2026/09/10,2026-09,PUT,71875,5390,,,,,,,,,,,,,
2026/09/08 06:45,2026-09-08T07:00:00+09:00,2026/09/08,2026/09/10,2026-09,CALL,71750,6,42,,,27.01,,,1,68,,,,,
2026/09/08 06:45,2026-09-08T07:00:00+09:00,2026/09/08,2026/09/10,2026-09,PUT,71750,5265,,,,,,,,,,,,,
2026/09/08 06:45,2026-09-08T07:00:00+09:00,2026/09/08,2026/09/10,2026-09,CALL,71625,6,4,,,,,,,,,,,,
2026/09/08 06:45,2026-09-08T07:00:00+09:00,2026/09/08,2026/09/10,2026-09,PUT,71625,5145,,,,,,,,,,,,,
2026/09/08 06:45,2026-09-08T07:00:00+09:00,2026/09/08,2026/09/10,2026-09,CALL,71500,6,528,27,36.6,27.75,19,1,2,20,31.78,0,0,6,09/07 23:59
2026/09/08 06:45,2026-09-08T07:00:00+09:00,2026/09/08,2026/09/10,2026-09,PUT,71500,5020,,,,,,,,,,,,,
2026/09/08 06:45,2026-09-08T07:00:00+09:00,2026/09/08,2026/09/10,2026-09,CALL,71375,8,11,,,,,,,,,,,,
2026/09/08 06:45,2026-09-08T07:00:00+09:00,2026/09/08,2026/09/10,2026-09,PUT,71375,4895,,,,,,,,,,,,,
2026/09/08 06:45,2026-09-08T07:00:00+09:00,2026/09/08,2026/09/10,2026-09,CALL,71250,9,85,5,,27.8,,,3,10,30.9,-3,-30,7,09/08 00:31
2026/09/08 06:45,2026-09-08T07:00:00+09:00,2026/09/08,2026/09/10,2026-09,PUT,71250,4770,1,,,,,,3,10,,,,,
2026/09/08 06:45,2026-09-08T07:00:00+09:00,2026/09/08,2026/09/10,2026-09,CALL,71125,10,81,,,24.4,,,1,5,,,,,
2026/09/08 06:45,2026-09-08T07:00:00+09:00,2026/09/08,2026/09/10,2026-09,PUT,71125,4645,,,,,,,,,,,,,
2026/09/08 06:45,2026-09-08T07:00:00+09:00,2026/09/08,2026/09/10,2026-09,CALL,71000,11,1635,442,31.63,27.52,12,2,4,1,30.76,-1,-9.09,10,09/08 05:52
2026/09/08 06:45,2026-09-08T07:00:00+09:00,2026/09/08,2026/09/10,2026-09,PUT,71000,4525,100,,,,,,3,10,,,,,
2026/09/08 06:45,2026-09-08T07:00:00+09:00,2026/09/08,2026/09/10,2026-09,CALL,70875,12,72,1,,,,,,,30.22,-1,-8.33,11,09/07 18:54
2026/09/08 06:45,2026-09-08T07:00:00+09:00,2026/09/08,2026/09/10,2026-09,PUT,70875,4400,,,,,,,,,,,,,
2026/09/08 06:45,2026-09-08T07:00:00+09:00,2026/09/08,2026/09/10,2026-09,CALL,70750,14,60,25,,25.49,,,3,20,31.11,-3,-21.43,11,09/07 21:36
2026/09/08 06:45,2026-09-08T07:00:00+09:00,2026/09/08,2026/09/10,2026-09,PUT,70750,4275,,,,,,,3,10,,,,,
2026/09/08 06:45,2026-09-08T07:00:00+09:00,2026/09/08,2026/09/10,2026-09,CALL,70625,17,271,1,,,,,,,30.82,-1,-7.14,13,09/07 21:51
2026/09/08 06:45,2026-09-08T07:00:00+09:00,2026/09/08,2026/09/10,2026-09,PUT,70625,4155,,,,,,,,,,,,,
2026/09/08 06:45,2026-09-08T07:00:00+09:00,2026/09/08,2026/09/10,2026-09,CALL,70500,20,406,20,31.03,28.96,19,1,12,1,29.24,-7,-35,13,09/08 05:42
2026/09/08 06:45,2026-09-08T07:00:00+09:00,2026/09/08,2026/09/10,2026-09,PUT,70500,4030,2,,,,,,3,10,,,,,
2026/09/08 06:45,2026-09-08T07:00:00+09:00,2026/09/08,2026/09/10,2026-09,CALL,70375,22,5,1,,,,,,,29.91,,,18,09/07 19:21
2026/09/08 06:45,2026-09-08T07:00:00+09:00,2026/09/08,2026/09/10,2026-09,PUT,70375,3910,,,,,,,,,,,,,
2026/09/08 06:45,2026-09-08T07:00:00+09:00,2026/09/08,2026/09/10,2026-09,CALL,70250,26,651,15,,23.13,,,3,20,30.06,1,4.55,23,09/07 18:38
2026/09/08 06:45,2026-09-08T07:00:00+09:00,2026/09/08,2026/09/10,2026-09,PUT,70250,3790,,,,,,,3,10,,,,,
2026/09/08 06:45,2026-09-08T07:00:00+09:00,2026/09/08,2026/09/10,2026-09,CALL,70125,32,17,2,,,,,,,29.48,-3,-12,22,09/07 19:40
2026/09/08 06:45,2026-09-08T07:00:00+09:00,2026/09/08,2026/09/10,2026-09,PUT,70125,3670,,,,,,,,,,,,,
2026/09/08 06:45,2026-09-08T07:00:00+09:00,2026/09/08,2026/09/10,2026-09,CALL,70000,35,3748,146,30.43,28.39,30,1,20,1,28.48,-15,-42.86,20,09/08 04:26
2026/09/08 06:45,2026-09-08T07:00:00+09:00,2026/09/08,2026/09/10,2026-09,PUT,70000,3550,1478,,,,,,3,10,,,,,
2026/09/08 06:45,2026-09-08T07:00:00+09:00,2026/09/08,2026/09/10,2026-09,CALL,69875,42,52,1,,,,,,,28.91,-5,-15.63,27,09/07 22:49
2026/09/08 06:45,2026-09-08T07:00:00+09:00,2026/09/08,2026/09/10,2026-09,PUT,69875,3430,,,,,,,,,,,,,
2026/09/08 06:45,2026-09-08T07:00:00+09:00,2026/09/08,2026/09/10,2026-09,CALL,69750,46,1477,7,,20.73,,,3,21,28.85,-16,-34.78,30,09/07 22:24
2026/09/08 06:45,2026-09-08T07:00:00+09:00,2026/09/08,2026/09/10,2026-09,PUT,69750,3310,,,,,,,3,10,,,,,
2026/09/08 06:45,2026-09-08T07:00:00+09:00,2026/09/08,2026/09/10,2026-09,CALL,69625,55,73,,86.61,,1075,1,,,,,,,
2026/09/08 06:45,2026-09-08T07:00:00+09:00,2026/09/08,2026/09/10,2026-09,PUT,69625,3190,,,,,,,,,,,,,
2026/09/08 06:45,2026-09-08T07:00:00+09:00,2026/09/08,2026/09/10,2026-09,CALL,69500,60,839,16,36.99,24.27,118,1,15,1,28.84,-20,-33.33,40,09/08 02:17
2026/09/08 06:45,2026-09-08T07:00:00+09:00,2026/09/08,2026/09/10,2026-09,PUT,69500,3075,5,,,,,,3,10,,,,,
2026/09/08 06:45,2026-09-08T07:00:00+09:00,2026/09/08,2026/09/10,2026-09,CALL,69375,73,29,,,16.81,,,1,1,,,,,
2026/09/08 06:45,2026-09-08T07:00:00+09:00,2026/09/08,2026/09/10,2026-09,PUT,69375,2960,,,,,,,,,,,,,
2026/09/08 06:45,2026-09-08T07:00:00+09:00,2026/09/08,2026/09/10,2026-09,CALL,69250,79,192,4,,23.93,,,20,1,29.37,-4,-6.06,62,09/07 18:24
2026/09/08 06:45,2026-09-08T07:00:00+09:00,2026/09/08,2026/09/10,2026-09,PUT,69250,2845,1,,,,,,3,10,,,,,
2026/09/08 06:45,2026-09-08T07:00:00+09:00,2026/09/08,2026/09/10,2026-09,CALL,69125,101,129,,,20.73,,,10,1,,,,,
2026/09/08 06:45,2026-09-08T07:00:00+09:00,2026/09/08,2026/09/10,2026-09,PUT,69125,2740,,,,,,,,,,,,,
2026/09/08 06:45,2026-09-08T07:00:00+09:00,2026/09/08,2026/09/10,2026-09,CALL,69000,102,2143,136,34,28.01,130,1,61,1,28.58,-37,-36.27,65,09/08 03:14
2026/09/08 06:45,2026-09-08T07:00:00+09:00,2026/09/08,2026/09/10,2026-09,PUT,69000,2620,1119,,,,,,3,10,,,,,
2026/09/08 06:45,2026-09-08T07:00:00+09:00,2026/09/08,2026/09/10,2026-09,CALL,68875,116,84,,,,,,,,,,,,
2026/09/08 06:45,2026-09-08T07:00:00+09:00,2026/09/08,2026/09/10,2026-09,PUT,68875,2505,,,,,,,,,,,,,
2026/09/08 06:45,2026-09-08T07:00:00+09:00,2026/09/08,2026/09/10,2026-09,CALL,68750,131,333,3,46.08,17.64,375,1,7,1,28.28,-51,-38.93,80,09/07 22:16
2026/09/08 06:45,2026-09-08T07:00:00+09:00,2026/09/08,2026/09/10,2026-09,PUT,68750,2395,57,,,,,,3,10,,,,,
2026/09/08 06:45,2026-09-08T07:00:00+09:00,2026/09/08,2026/09/10,2026-09,CALL,68625,148,24,,,,,,,,,,,,
2026/09/08 06:45,2026-09-08T07:00:00+09:00,2026/09/08,2026/09/10,2026-09,PUT,68625,2285,,,,,,,,,,,,,
2026/09/08 06:45,2026-09-08T07:00:00+09:00,2026/09/08,2026/09/10,2026-09,CALL,68500,165,356,33,,23.25,,,50,1,28.61,-54,-32.73,111,09/08 03:53
2026/09/08 06:45,2026-09-08T07:00:00+09:00,2026/09/08,2026/09/10,2026-09,PUT,68500,2185,169,,,,,,3,10,,,,,
2026/09/08 06:45,2026-09-08T07:00:00+09:00,2026/09/08,2026/09/10,2026-09,CALL,68375,185,32,,,,,,,,,,,,
2026/09/08 06:45,2026-09-08T07:00:00+09:00,2026/09/08,2026/09/10,2026-09,PUT,68375,2075,1,,,,,,,,,,,,
2026/09/08 06:45,2026-09-08T07:00:00+09:00,2026/09/08,2026/09/10,2026-09,CALL,68250,206,38,1,,13.21,,,3,20,28.75,-32,-21.33,118,09/07 21:34
2026/09/08 06:45,2026-09-08T07:00:00+09:00,2026/09/08,2026/09/10,2026-09,PUT,68250,1975,109,,,,,,3,10,,,,,
2026/09/08 06:45,2026-09-08T07:00:00+09:00,2026/09/08,2026/09/10,2026-09,CALL,68125,228,68,,,,,,,,,,,,
2026/09/08 06:45,2026-09-08T07:00:00+09:00,2026/09/08,2026/09/10,2026-09,PUT,68125,1870,,,,,,,,,,,,,
2026/09/08 06:45,2026-09-08T07:00:00+09:00,2026/09/08,2026/09/10,2026-09,CALL,68000,255,3523,115,43.97,19.56,500,1,50,1,28.35,-84,-32.94,171,09/08 01:53
2026/09/08 06:45,2026-09-08T07:00:00+09:00,2026/09/08,2026/09/10,2026-09,PUT,68000,1780,2132,,,,,,1675,1,,,,,
2026/09/08 06:45,2026-09-08T07:00:00+09:00,2026/09/08,2026/09/10,2026-09,CALL,67875,279,59,1,,,,,,,28.73,-51,-22.57,175,09/07 20:22
2026/09/08 06:45,2026-09-08T07:00:00+09:00,2026/09/08,2026/09/10,2026-09,PUT,67875,1675,,,,,,,,,,,,,
2026/09/08 06:45,2026-09-08T07:00:00+09:00,2026/09/08,2026/09/10,2026-09,CALL,67750,310,501,2,,10.56,,,3,20,28.39,-52,-20.63,200,09/07 20:05
2026/09/08 06:45,2026-09-08T07:00:00+09:00,2026/09/08,2026/09/10,2026-09,PUT,67750,1580,260,,,,,,3,20,,,,,
2026/09/08 06:45,2026-09-08T07:00:00+09:00,2026/09/08,2026/09/10,2026-09,CALL,67625,345,15,,,,,,,,,,,,
2026/09/08 06:45,2026-09-08T07:00:00+09:00,2026/09/08,2026/09/10,2026-09,PUT,67625,1490,1,,,,,,,,,,,,
2026/09/08 06:45,2026-09-08T07:00:00+09:00,2026/09/08,2026/09/10,2026-09,CALL,67500,400,1763,17,84.09,19.31,1700,1,101,1,27.78,-152,-38,248,09/08 00:07
2026/09/08 06:45,2026-09-08T07:00:00+09:00,2026/09/08,2026/09/10,2026-09,PUT,67500,1405,553,,,,,,3,20,,,,,
2026/09/08 06:45,2026-09-08T07:00:00+09:00,2026/09/08,2026/09/10,2026-09,CALL,67375,420,43,1,,,,,,,28.57,-67,-20,268,09/07 20:22
2026/09/08 06:45,2026-09-08T07:00:00+09:00,2026/09/08,2026/09/10,2026-09,PUT,67375,1315,,,,,,,,,,,,,
2026/09/08 06:45,2026-09-08T07:00:00+09:00,2026/09/08,2026/09/10,2026-09,CALL,67250,450,24,5,29.97,7.81,375,1,3,20,28.42,-90,-22.22,315,09/07 19:54
2026/09/08 06:45,2026-09-08T07:00:00+09:00,2026/09/08,2026/09/10,2026-09,PUT,67250,1235,15,,,,,,3,20,,,,,
2026/09/08 06:45,2026-09-08T07:00:00+09:00,2026/09/08,2026/09/10,2026-09,CALL,67125,515,7,,,,,,,,,,,,
2026/09/08 06:45,2026-09-08T07:00:00+09:00,2026/09/08,2026/09/10,2026-09,PUT,67125,1155,2,,,,,,,,,,,,
2026/09/08 06:45,2026-09-08T07:00:00+09:00,2026/09/08,2026/09/10,2026-09,CALL,67000,550,3337,92,31.93,6.37,500,1,3,20,28.16,-140,-25.45,410,09/08 05:49
2026/09/08 06:45,2026-09-08T07:00:00+09:00,2026/09/08,2026/09/10,2026-09,PUT,67000,1075,2321,2,,17.15,,,1075,1,27.49,50,4,1300,09/07 22:35
2026/09/08 06:45,2026-09-08T07:00:00+09:00,2026/09/08,2026/09/10,2026-09,CALL,66875,595,3,,,,,,,,,,,,
2026/09/08 06:45,2026-09-08T07:00:00+09:00,2026/09/08,2026/09/10,2026-09,PUT,66875,1000,,,,,,,,,,,,,
2026/09/08 06:45,2026-09-08T07:00:00+09:00,2026/09/08,2026/09/10,2026-09,CALL,66750,625,1617,4,45.41,4.89,950,2,3,20,27.35,-175,-28,450,09/08 00:16
2026/09/08 06:45,2026-09-08T07:00:00+09:00,2026/09/08,2026/09/10,2026-09,PUT,66750,925,152,,,,,,3,20,,,,,
2026/09/08 06:45,2026-09-08T07:00:00+09:00,2026/09/08,2026/09/10,2026-09,CALL,66625,715,162,1,45.34,,1000,1,,,27.91,,,535,09/07 19:26
2026/09/08 06:45,2026-09-08T07:00:00+09:00,2026/09/08,2026/09/10,2026-09,PUT,66625,870,9,,,,,,1,3,,,,,
2026/09/08 06:45,2026-09-08T07:00:00+09:00,2026/09/08,2026/09/10,2026-09,CALL,66500,735,3340,13,105.12,13.54,2700,1,200,1,27.75,-165,-22.45,570,09/07 23:41
2026/09/08 06:45,2026-09-08T07:00:00+09:00,2026/09/08,2026/09/10,2026-09,PUT,66500,805,2164,6,,,,,3,20,27.9,110,12.64,980,09/07 23:44
2026/09/08 06:45,2026-09-08T07:00:00+09:00,2026/09/08,2026/09/10,2026-09,CALL,66375,850,10,,,,,,,,,,,,
2026/09/08 06:45,2026-09-08T07:00:00+09:00,2026/09/08,2026/09/10,2026-09,PUT,66375,735,5,,,,,,,,,,,,
2026/09/08 06:45,2026-09-08T07:00:00+09:00,2026/09/08,2026/09/10,2026-09,CALL,66250,900,89,3,102.93,1.64,2755,1,3,20,27.62,-165,-20.63,635,09/07 21:55
2026/09/08 06:45,2026-09-08T07:00:00+09:00,2026/09/08,2026/09/10,2026-09,PUT,66250,720,210,2,,,,,3,20,28.11,60,8.33,780,09/07 18:12
2026/09/08 06:45,2026-09-08T07:00:00+09:00,2026/09/08,2026/09/10,2026-09,CALL,66125,990,41,,,,,,,,,,,,
2026/09/08 06:45,2026-09-08T07:00:00+09:00,2026/09/08,2026/09/10,2026-09,PUT,66125,625,6,,,,,,,,,,,,
2026/09/08 06:45,2026-09-08T07:00:00+09:00,2026/09/08,2026/09/10,2026-09,CALL,66000,1050,2043,21,32.36,16.74,930,1,500,1,27.2,-160,-17.11,775,09/08 03:30
2026/09/08 06:45,2026-09-08T07:00:00+09:00,2026/09/08,2026/09/10,2026-09,PUT,66000,610,2522,30,,8.55,,,200,1,27.58,145,23.77,755,09/07 22:03
2026/09/08 06:45,2026-09-08T07:00:00+09:00,2026/09/08,2026/09/10,2026-09,CALL,65875,1140,1,,,,,,,,,,,,
2026/09/08 06:45,2026-09-08T07:00:00+09:00,2026/09/08,2026/09/10,2026-09,PUT,65875,525,1,,,,,,,,,,,,
2026/09/08 06:45,2026-09-08T07:00:00+09:00,2026/09/08,2026/09/10,2026-09,CALL,65750,1215,104,,,,,,3,20,,,,,
2026/09/08 06:45,2026-09-08T07:00:00+09:00,2026/09/08,2026/09/10,2026-09,PUT,65750,480,702,3,,2.69,,,3,20,27.68,170,32.38,695,09/07 21:32
2026/09/08 06:45,2026-09-08T07:00:00+09:00,2026/09/08,2026/09/10,2026-09,CALL,65625,1300,6,3,,,,,,,28.19,,,1000,09/07 22:07
2026/09/08 06:45,2026-09-08T07:00:00+09:00,2026/09/08,2026/09/10,2026-09,PUT,65625,435,26,,,,,,,,,,,,
2026/09/08 06:45,2026-09-08T07:00:00+09:00,2026/09/08,2026/09/10,2026-09,CALL,65500,1390,406,4,,,,,3,20,29.94,-140,-11.38,1090,09/07 19:54
2026/09/08 06:45,2026-09-08T07:00:00+09:00,2026/09/08,2026/09/10,2026-09,PUT,65500,405,552,4,,4.32,,,3,20,28.26,125,30.86,530,09/07 19:53
2026/09/08 06:45,2026-09-08T07:00:00+09:00,2026/09/08,2026/09/10,2026-09,CALL,65375,1470,1,,,,,,,,,,,,
2026/09/08 06:45,2026-09-08T07:00:00+09:00,2026/09/08,2026/09/10,2026-09,PUT,65375,370,33,,,,,,,,,,,,
2026/09/08 06:45,2026-09-08T07:00:00+09:00,2026/09/08,2026/09/10,2026-09,CALL,65250,1565,19,,,,,,3,20,,,,,
2026/09/08 06:45,2026-09-08T07:00:00+09:00,2026/09/08,2026/09/10,2026-09,PUT,65250,325,100,4,,5.86,,,3,20,29.25,,,400,09/07 17:30
2026/09/08 06:45,2026-09-08T07:00:00+09:00,2026/09/08,2026/09/10,2026-09,CALL,65125,1665,9,,,,,,,,,,,,
2026/09/08 06:45,2026-09-08T07:00:00+09:00,2026/09/08,2026/09/10,2026-09,PUT,65125,300,34,,,,,,,,,,,,
2026/09/08 06:45,2026-09-08T07:00:00+09:00,2026/09/08,2026/09/10,2026-09,CALL,65000,1755,4738,10,71.87,24.92,2550,3,1350,1,28.73,-215,-13.74,1350,09/07 20:01
2026/09/08 06:45,2026-09-08T07:00:00+09:00,2026/09/08,2026/09/10,2026-09,PUT,65000,275,4465,103,30.3,15.82,400,1,92,50,28.22,80,29.09,355,09/08 03:31
2026/09/08 06:45,2026-09-08T07:00:00+09:00,2026/09/08,2026/09/10,2026-09,CALL,64875,1860,31,,,,,,,,,,,,
2026/09/08 06:45,2026-09-08T07:00:00+09:00,2026/09/08,2026/09/10,2026-09,PUT,64875,245,12,1,,,,,,,28.14,,,335,09/08 00:23
2026/09/08 06:45,2026-09-08T07:00:00+09:00,2026/09/08,2026/09/10,2026-09,CALL,64750,1970,212,,,,,,3,20,,,,,
2026/09/08 06:45,2026-09-08T07:00:00+09:00,2026/09/08,2026/09/10,2026-09,PUT,64750,245,499,1,,8.82,,,3,20,28.7,80,32.65,325,09/07 20:52
2026/09/08 06:45,2026-09-08T07:00:00+09:00,2026/09/08,2026/09/10,2026-09,CALL,64625,2070,1,,,,,,,,,,,,
2026/09/08 06:45,2026-09-08T07:00:00+09:00,2026/09/08,2026/09/10,2026-09,PUT,64625,203,67,,,,,,,,,,,,
2026/09/08 06:45,2026-09-08T07:00:00+09:00,2026/09/08,2026/09/10,2026-09,CALL,64500,2180,146,1,58.74,,2510,1,3,20,29.98,-80,-3.94,1950,09/07 17:14
2026/09/08 06:45,2026-09-08T07:00:00+09:00,2026/09/08,2026/09/10,2026-09,PUT,64500,189,630,30,30.18,10.26,264,1,3,20,28.51,51,26.98,240,09/08 01:07
2026/09/08 06:45,2026-09-08T07:00:00+09:00,2026/09/08,2026/09/10,2026-09,CALL,64375,2280,,,,,,,,,,,,,
2026/09/08 06:45,2026-09-08T07:00:00+09:00,2026/09/08,2026/09/10,2026-09,PUT,64375,164,49,,,,,,,,,,,,
2026/09/08 06:45,2026-09-08T07:00:00+09:00,2026/09/08,2026/09/10,2026-09,CALL,64250,1570,104,,,,,,3,20,,,,,
2026/09/08 06:45,2026-09-08T07:00:00+09:00,2026/09/08,2026/09/10,2026-09,PUT,64250,153,46,4,34.99,11.69,305,5,3,20,29.69,26,14.13,210,09/07 21:59
2026/09/08 06:45,2026-09-08T07:00:00+09:00,2026/09/08,2026/09/10,2026-09,CALL,64125,2505,,,,,,,,,,,,,
2026/09/08 06:45,2026-09-08T07:00:00+09:00,2026/09/08,2026/09/10,2026-09,PUT,64125,137,27,,,,,,,,,,,,
2026/09/08 06:45,2026-09-08T07:00:00+09:00,2026/09/08,2026/09/10,2026-09,CALL,64000,2620,1701,,,,,,3,20,,,,,
2026/09/08 06:45,2026-09-08T07:00:00+09:00,2026/09/08,2026/09/10,2026-09,PUT,64000,129,2955,53,40.02,23.22,350,1,70,2,29.79,31,24.03,160,09/08 05:53
2026/09/08 06:45,2026-09-08T07:00:00+09:00,2026/09/08,2026/09/10,2026-09,CALL,63875,2735,,,,,,,,,,,,,
2026/09/08 06:45,2026-09-08T07:00:00+09:00,2026/09/08,2026/09/10,2026-09,PUT,63875,116,51,2,,,,,,,30.09,15,11.28,148,09/07 22:20
2026/09/08 06:45,2026-09-08T07:00:00+09:00,2026/09/08,2026/09/10,2026-09,CALL,63750,2845,2,,,,,,3,20,,,,,
2026/09/08 06:45,2026-09-08T07:00:00+09:00,2026/09/08,2026/09/10,2026-09,PUT,63750,105,79,8,,14.49,,,3,20,30.33,29,23.02,155,09/07 20:33
2026/09/08 06:45,2026-09-08T07:00:00+09:00,2026/09/08,2026/09/10,2026-09,CALL,63625,2960,,,,,,,,,,,,,
2026/09/08 06:45,2026-09-08T07:00:00+09:00,2026/09/08,2026/09/10,2026-09,PUT,63625,95,41,,,,,,,,,,,,
2026/09/08 06:45,2026-09-08T07:00:00+09:00,2026/09/08,2026/09/10,2026-09,CALL,63500,3075,4,,,,,,3,20,,,,,
2026/09/08 06:45,2026-09-08T07:00:00+09:00,2026/09/08,2026/09/10,2026-09,PUT,63500,92,676,24,40.09,15.88,250,1,3,20,30.45,13,14.13,105,09/08 06:00
2026/09/08 06:45,2026-09-08T07:00:00+09:00,2026/09/08,2026/09/10,2026-09,CALL,63375,3195,,,,,,,,,,,,,
2026/09/08 06:45,2026-09-08T07:00:00+09:00,2026/09/08,2026/09/10,2026-09,PUT,63375,78,61,,,,,,,,,,,,
2026/09/08 06:45,2026-09-08T07:00:00+09:00,2026/09/08,2026/09/10,2026-09,CALL,63250,3310,1,,,,,,3,20,,,,,
2026/09/08 06:45,2026-09-08T07:00:00+09:00,2026/09/08,2026/09/10,2026-09,PUT,63250,75,66,2,,17.26,,,3,20,31.32,27,36,102,09/07 20:21
2026/09/08 06:45,2026-09-08T07:00:00+09:00,2026/09/08,2026/09/10,2026-09,CALL,63125,3430,,,,,,,,,,,,,
2026/09/08 06:45,2026-09-08T07:00:00+09:00,2026/09/08,2026/09/10,2026-09,PUT,63125,66,109,,,,,,,,,,,,
2026/09/08 06:45,2026-09-08T07:00:00+09:00,2026/09/08,2026/09/10,2026-09,CALL,63000,3550,967,,112.04,,4800,1,3,20,,,,,
2026/09/08 06:45,2026-09-08T07:00:00+09:00,2026/09/08,2026/09/10,2026-09,PUT,63000,60,2580,125,40.73,28.37,182,1,44,1,30.98,6,10,66,09/08 05:30
2026/09/08 06:45,2026-09-08T07:00:00+09:00,2026/09/08,2026/09/10,2026-09,CALL,62875,3670,,,,,,,,,,,,,
2026/09/08 06:45,2026-09-08T07:00:00+09:00,2026/09/08,2026/09/10,2026-09,PUT,62875,55,41,1,,,,,,,32.15,,,75,09/07 20:42
2026/09/08 06:45,2026-09-08T07:00:00+09:00,2026/09/08,2026/09/10,2026-09,CALL,62750,3790,,,,,,,3,20,,,,,
2026/09/08 06:45,2026-09-08T07:00:00+09:00,2026/09/08,2026/09/10,2026-09,PUT,62750,52,760,1,,20.01,,,3,20,32.95,10,19.23,62,09/07 18:50
2026/09/08 06:45,2026-09-08T07:00:00+09:00,2026/09/08,2026/09/10,2026-09,CALL,62625,3915,,,,,,,,,,,,,
2026/09/08 06:45,2026-09-08T07:00:00+09:00,2026/09/08,2026/09/10,2026-09,PUT,62625,46,92,,,,,,,,,,,,
2026/09/08 06:45,2026-09-08T07:00:00+09:00,2026/09/08,2026/09/10,2026-09,CALL,62500,4035,801,,,,,,3,20,,,,,
2026/09/08 06:45,2026-09-08T07:00:00+09:00,2026/09/08,2026/09/10,2026-09,PUT,62500,44,1113,92,34.26,30.54,60,1,34,20,32.72,4,9.09,48,09/08 05:35
2026/09/08 06:45,2026-09-08T07:00:00+09:00,2026/09/08,2026/09/10,2026-09,CALL,62375,4155,,,,,,,,,,,,,
2026/09/08 06:45,2026-09-08T07:00:00+09:00,2026/09/08,2026/09/10,2026-09,PUT,62375,40,268,,,,,,,,,,,,
2026/09/08 06:45,2026-09-08T07:00:00+09:00,2026/09/08,2026/09/10,2026-09,CALL,62250,4275,1,,,,,,3,20,,,,,
2026/09/08 06:45,2026-09-08T07:00:00+09:00,2026/09/08,2026/09/10,2026-09,PUT,62250,38,155,10,,22.74,,,3,20,32.47,-3,-7.89,35,09/08 04:42
2026/09/08 06:45,2026-09-08T07:00:00+09:00,2026/09/08,2026/09/10,2026-09,CALL,62125,4400,,,,,,,,,,,,,
2026/09/08 06:45,2026-09-08T07:00:00+09:00,2026/09/08,2026/09/10,2026-09,PUT,62125,34,32,1,,,,,,,35.54,-10,-22.22,35,09/07 17:03
2026/09/08 06:45,2026-09-08T07:00:00+09:00,2026/09/08,2026/09/10,2026-09,CALL,62000,4525,2002,,,,,,3,20,,,,,
2026/09/08 06:45,2026-09-08T07:00:00+09:00,2026/09/08,2026/09/10,2026-09,PUT,62000,30,4338,123,36.12,32.74,46,1,27,1,34.26,5,16.67,35,09/08 04:42
2026/09/08 06:45,2026-09-08T07:00:00+09:00,2026/09/08,2026/09/10,2026-09,CALL,61875,4645,2,,,,,,,,,,,,
2026/09/08 06:45,2026-09-08T07:00:00+09:00,2026/09/08,2026/09/10,2026-09,PUT,61875,30,88,,,,,,,,,,,,
2026/09/08 06:45,2026-09-08T07:00:00+09:00,2026/09/08,2026/09/10,2026-09,CALL,61750,4770,,,,,,,3,10,,,,,
2026/09/08 06:45,2026-09-08T07:00:00+09:00,2026/09/08,2026/09/10,2026-09,PUT,61750,28,264,11,,25.46,,,3,20,36.11,4,13.33,34,09/07 18:52
2026/09/08 06:45,2026-09-08T07:00:00+09:00,2026/09/08,2026/09/10,2026-09,CALL,61625,4890,,,,,,,,,,,,,
2026/09/08 06:45,2026-09-08T07:00:00+09:00,2026/09/08,2026/09/10,2026-09,PUT,61625,26,16,,,,,,,,,,,,
2026/09/08 06:45,2026-09-08T07:00:00+09:00,2026/09/08,2026/09/10,2026-09,CALL,61500,5015,2,,,,,,3,10,,,,,
2026/09/08 06:45,2026-09-08T07:00:00+09:00,2026/09/08,2026/09/10,2026-09,PUT,61500,24,1780,56,59.63,26.81,247,1,3,20,36.67,8,33.33,32,09/07 21:54
2026/09/08 06:45,2026-09-08T07:00:00+09:00,2026/09/08,2026/09/10,2026-09,CALL,61375,5140,,,,,,,,,,,,,
2026/09/08 06:45,2026-09-08T07:00:00+09:00,2026/09/08,2026/09/10,2026-09,PUT,61375,21,11,,,,,,,,,,,,
2026/09/08 06:45,2026-09-08T07:00:00+09:00,2026/09/08,2026/09/10,2026-09,CALL,61250,5260,22,,,,,,3,10,,,,,
2026/09/08 06:45,2026-09-08T07:00:00+09:00,2026/09/08,2026/09/10,2026-09,PUT,61250,21,90,3,,28.17,,,3,20,36.76,0,0,25,09/07 20:16
2026/09/08 06:45,2026-09-08T07:00:00+09:00,2026/09/08,2026/09/10,2026-09,CALL,61125,5385,,,,,,,,,,,,,
2026/09/08 06:45,2026-09-08T07:00:00+09:00,2026/09/08,2026/09/10,2026-09,PUT,61125,20,44,,,,,,,,,,,,
2026/09/08 06:45,2026-09-08T07:00:00+09:00,2026/09/08,2026/09/10,2026-09,CALL,61000,5510,221,,,,,,3,10,,,,,
2026/09/08 06:45,2026-09-08T07:00:00+09:00,2026/09/08,2026/09/10,2026-09,PUT,61000,19,2600,90,43.31,34.6,45,1,11,4,37.39,0,0,19,09/08 00:59
2026/09/08 06:45,2026-09-08T07:00:00+09:00,2026/09/08,2026/09/10,2026-09,CALL,60875,5630,,,,,,,,,,,,,
2026/09/08 06:45,2026-09-08T07:00:00+09:00,2026/09/08,2026/09/10,2026-09,PUT,60875,15,67,,,,,,,,,,,,
2026/09/08 06:45,2026-09-08T07:00:00+09:00,2026/09/08,2026/09/10,2026-09,CALL,60750,5755,120,,,,,,3,10,,,,,
2026/09/08 06:45,2026-09-08T07:00:00+09:00,2026/09/08,2026/09/10,2026-09,PUT,60750,15,329,,,37.74,,,15,1,,,,,
2026/09/08 06:45,2026-09-08T07:00:00+09:00,2026/09/08,2026/09/10,2026-09,CALL,60625,5880,,,,,,,,,,,,,
2026/09/08 06:45,2026-09-08T07:00:00+09:00,2026/09/08,2026/09/10,2026-09,PUT,60625,15,11,,,,,,,,,,,,
2026/09/08 06:45,2026-09-08T07:00:00+09:00,2026/09/08,2026/09/10,2026-09,CALL,60500,6005,750,,,,,,3,10,,,,,
2026/09/08 06:45,2026-09-08T07:00:00+09:00,2026/09/08,2026/09/10,2026-09,PUT,60500,12,2909,14,,38.55,,,13,1,38.95,2,16.67,14,09/08 04:08
2026/09/08 06:45,2026-09-08T07:00:00+09:00,2026/09/08,2026/09/10,2026-09,CALL,60375,6130,,,,,,,,,,,,,
2026/09/08 06:45,2026-09-08T07:00:00+09:00,2026/09/08,2026/09/10,2026-09,PUT,60375,12,2019,2,,,,,,,39.94,,,14,09/07 18:52
2026/09/08 06:45,2026-09-08T07:00:00+09:00,2026/09/08,2026/09/10,2026-09,CALL,60250,6255,,,,,,,3,10,,,,,
2026/09/08 06:45,2026-09-08T07:00:00+09:00,2026/09/08,2026/09/10,2026-09,PUT,60250,12,104,1,,33.6,,,3,20,40.73,1,7.69,14,09/07 18:59
2026/09/08 06:45,2026-09-08T07:00:00+09:00,2026/09/08,2026/09/10,2026-09,CALL,60125,6375,,,,,,,1,10,,,,,
2026/09/08 06:45,2026-09-08T07:00:00+09:00,2026/09/08,2026/09/10,2026-09,PUT,60125,11,3,,,,,,,,,,,,
2026/09/08 06:45,2026-09-08T07:00:00+09:00,2026/09/08,2026/09/10,2026-09,CALL,60000,6500,786,,,,,,3,10,,,,,
2026/09/08 06:45,2026-09-08T07:00:00+09:00,2026/09/08,2026/09/10,2026-09,PUT,60000,11,6685,107,45.86,36.06,25,1,4,6,40.25,-1,-9.09,10,09/08 06:00
2026/09/08 06:45,2026-09-08T07:00:00+09:00,2026/09/08,2026/09/10,2026-09,CALL,59875,6625,,,,,,,,,,,,,
2026/09/08 06:45,2026-09-08T07:00:00+09:00,2026/09/08,2026/09/10,2026-09,PUT,59875,9,42,5,,,,,,,40.79,-1,-9.09,10,09/07 23:34
2026/09/08 06:45,2026-09-08T07:00:00+09:00,2026/09/08,2026/09/10,2026-09,CALL,59750,6750,,,,,,,3,10,,,,,
2026/09/08 06:45,2026-09-08T07:00:00+09:00,2026/09/08,2026/09/10,2026-09,PUT,59750,9,119,3,,34.85,,,2,50,41.15,-1,-9.09,10,09/07 21:53
2026/09/08 06:45,2026-09-08T07:00:00+09:00,2026/09/08,2026/09/10,2026-09,CALL,59625,6875,,,,,,,,,,,,,
2026/09/08 06:45,2026-09-08T07:00:00+09:00,2026/09/08,2026/09/10,2026-09,PUT,59625,9,10,,,,,,,,,,,,
2026/09/08 06:45,2026-09-08T07:00:00+09:00,2026/09/08,2026/09/10,2026-09,CALL,59500,7000,,,,,,,3,10,,,,,
2026/09/08 06:45,2026-09-08T07:00:00+09:00,2026/09/08,2026/09/10,2026-09,PUT,59500,9,953,9,53.57,36.17,42,1,2,55,41.11,-2,-22.22,7,09/08 00:29
2026/09/08 06:45,2026-09-08T07:00:00+09:00,2026/09/08,2026/09/10,2026-09,CALL,59375,7125,,,,,,,,,,,,,
2026/09/08 06:45,2026-09-08T07:00:00+09:00,2026/09/08,2026/09/10,2026-09,PUT,59375,8,44,1,,,,,,,42.97,1,12.5,9,09/07 20:00
2026/09/08 06:45,2026-09-08T07:00:00+09:00,2026/09/08,2026/09/10,2026-09,CALL,59250,7250,,,,,,,,,,,,,
2026/09/08 06:45,2026-09-08T07:00:00+09:00,2026/09/08,2026/09/10,2026-09,PUT,59250,7,144,,,37.48,,,2,50,,,,,
2026/09/08 06:45,2026-09-08T07:00:00+09:00,2026/09/08,2026/09/10,2026-09,CALL,59125,7375,,,,,,,,,,,,,
2026/09/08 06:45,2026-09-08T07:00:00+09:00,2026/09/08,2026/09/10,2026-09,PUT,59125,7,32,,,,,,,,,,,,
2026/09/08 06:45,2026-09-08T07:00:00+09:00,2026/09/08,2026/09/10,2026-09,CALL,59000,7500,1096,,,,,,,,,,,,
2026/09/08 06:45,2026-09-08T07:00:00+09:00,2026/09/08,2026/09/10,2026-09,PUT,59000,6,3275,42,46.35,41.65,10,1,4,1,43.8,-1,-14.29,6,09/07 23:01
2026/09/08 06:45,2026-09-08T07:00:00+09:00,2026/09/08,2026/09/10,2026-09,CALL,58875,7625,,,,,,,,,,,,,
2026/09/08 06:45,2026-09-08T07:00:00+09:00,2026/09/08,2026/09/10,2026-09,PUT,58875,6,26,1,,,,,,,43.39,-1,-16.67,5,09/08 02:32
2026/09/08 06:45,2026-09-08T07:00:00+09:00,2026/09/08,2026/09/10,2026-09,CALL,58750,7745,,,,,,,,,,,,,
2026/09/08 06:45,2026-09-08T07:00:00+09:00,2026/09/08,2026/09/10,2026-09,PUT,58750,6,113,1,,37.65,,,1,10,45.87,0,0,6,09/07 18:13
2026/09/08 06:45,2026-09-08T07:00:00+09:00,2026/09/08,2026/09/10,2026-09,CALL,58625,7870,,,,,,,,,,,,,
2026/09/08 06:45,2026-09-08T07:00:00+09:00,2026/09/08,2026/09/10,2026-09,PUT,58625,6,8,,44.82,,5,5,,,,,,,
2026/09/08 06:45,2026-09-08T07:00:00+09:00,2026/09/08,2026/09/10,2026-09,CALL,58500,7995,,,,,,,,,,,,,
2026/09/08 06:45,2026-09-08T07:00:00+09:00,2026/09/08,2026/09/10,2026-09,PUT,58500,6,2655,5,57.85,41.44,31,1,2,1,44.45,-2,-33.33,4,09/08 02:15
2026/09/08 06:45,2026-09-08T07:00:00+09:00,2026/09/08,2026/09/10,2026-09,CALL,58375,8120,,,,,,,,,,,,,
2026/09/08 06:45,2026-09-08T07:00:00+09:00,2026/09/08,2026/09/10,2026-09,PUT,58375,5,28,5,,,,,,,45.22,-1,-20,4,09/07 23:03
2026/09/08 06:45,2026-09-08T07:00:00+09:00,2026/09/08,2026/09/10,2026-09,CALL,58250,8245,,,,,,,,,,,,,
2026/09/08 06:45,2026-09-08T07:00:00+09:00,2026/09/08,2026/09/10,2026-09,PUT,58250,5,278,7,,40.16,,,1,10,47.27,1,25,5,09/07 18:53
2026/09/08 06:45,2026-09-08T07:00:00+09:00,2026/09/08,2026/09/10,2026-09,CALL,58000,8495,1101,,,,,,,,,,,,
2026/09/08 06:45,2026-09-08T07:00:00+09:00,2026/09/08,2026/09/10,2026-09,PUT,58000,5,2550,33,66.27,45.88,50,2,3,3,46,-2,-40,3,09/07 23:07
2026/09/08 06:45,2026-09-08T07:00:00+09:00,2026/09/08,2026/09/10,2026-09,CALL,57750,8745,,,,,,,,,,,,,
2026/09/08 06:45,2026-09-08T07:00:00+09:00,2026/09/08,2026/09/10,2026-09,PUT,57750,4,153,1,,42.68,,,1,10,47.28,-1,-25,3,09/07 22:29
2026/09/08 06:45,2026-09-08T07:00:00+09:00,2026/09/08,2026/09/10,2026-09,CALL,57500,8995,384,,,,,,,,,,,,
2026/09/08 06:45,2026-09-08T07:00:00+09:00,2026/09/08,2026/09/10,2026-09,PUT,57500,3,633,23,50.08,46.76,4,1,2,8,46.74,-2,-50,2,09/08 02:30
2026/09/08 06:45,2026-09-08T07:00:00+09:00,2026/09/08,2026/09/10,2026-09,CALL,57250,9245,,,,,,,,,,,,,
2026/09/08 06:45,2026-09-08T07:00:00+09:00,2026/09/08,2026/09/10,2026-09,PUT,57250,3,186,,81.43,45.21,100,1,1,10,,,,,
2026/09/08 06:45,2026-09-08T07:00:00+09:00,2026/09/08,2026/09/10,2026-09,CALL,57000,9495,850,,,,,,,,,,,,
2026/09/08 06:45,2026-09-08T07:00:00+09:00,2026/09/08,2026/09/10,2026-09,PUT,57000,3,3074,25,49.43,46.48,2,20,1,30,49.23,-1,-33.33,2,09/08 01:07
2026/09/08 06:45,2026-09-08T07:00:00+09:00,2026/09/08,2026/09/10,2026-09,CALL,56750,9745,,,,,,,,,,,,,
2026/09/08 06:45,2026-09-08T07:00:00+09:00,2026/09/08,2026/09/10,2026-09,PUT,56750,3,215,7,58.62,,8,1,,,62.22,9,300,12,09/07 17:18
2026/09/08 06:45,2026-09-08T07:00:00+09:00,2026/09/08,2026/09/10,2026-09,CALL,56500,9995,75,,,,,,,,,,,,
2026/09/08 06:45,2026-09-08T07:00:00+09:00,2026/09/08,2026/09/10,2026-09,PUT,56500,2,1183,1,52.12,49.04,2,3,1,5,54.48,1,50,3,09/07 18:54
2026/09/08 06:45,2026-09-08T07:00:00+09:00,2026/09/08,2026/09/10,2026-09,CALL,56250,10245,,,,,,,,,,,,,
2026/09/08 06:45,2026-09-08T07:00:00+09:00,2026/09/08,2026/09/10,2026-09,PUT,56250,2,41,,,,,,,,,,,,
2026/09/08 06:45,2026-09-08T07:00:00+09:00,2026/09/08,2026/09/10,2026-09,CALL,56000,10490,1250,,,,,,,,,,,,
2026/09/08 06:45,2026-09-08T07:00:00+09:00,2026/09/08,2026/09/10,2026-09,PUT,56000,2,2243,43,54.83,51.6,2,37,1,51,54.85,0,0,2,09/08 05:21
2026/09/08 06:45,2026-09-08T07:00:00+09:00,2026/09/08,2026/09/10,2026-09,CALL,55750,10740,,,,,,,,,,,,,
2026/09/08 06:45,2026-09-08T07:00:00+09:00,2026/09/08,2026/09/10,2026-09,PUT,55750,1,25,,,,,,,,,,,,
2026/09/08 06:45,2026-09-08T07:00:00+09:00,2026/09/08,2026/09/10,2026-09,CALL,55500,10990,,,,,,,,,,,,,
2026/09/08 06:45,2026-09-08T07:00:00+09:00,2026/09/08,2026/09/10,2026-09,PUT,55500,1,762,,64.17,54.18,6,2,1,1,,,,,
2026/09/08 06:45,2026-09-08T07:00:00+09:00,2026/09/08,2026/09/10,2026-09,CALL,55250,11240,,,,,,,,,,,,,
2026/09/08 06:45,2026-09-08T07:00:00+09:00,2026/09/08,2026/09/10,2026-09,PUT,55250,1,21,,58.91,,2,5,,,,,,,
2026/09/08 06:45,2026-09-08T07:00:00+09:00,2026/09/08,2026/09/10,2026-09,CALL,55000,11490,660,,,,,,,,,,,,
2026/09/08 06:45,2026-09-08T07:00:00+09:00,2026/09/08,2026/09/10,2026-09,PUT,55000,1,5856,111,60.28,56.77,2,31,1,1,56.63,-1,-50,1,09/08 01:52
2026/09/08 06:45,2026-09-08T07:00:00+09:00,2026/09/08,2026/09/10,2026-09,CALL,54750,11740,90,,,,,,,,,,,,
2026/09/08 06:45,2026-09-08T07:00:00+09:00,2026/09/08,2026/09/10,2026-09,PUT,54750,1,273,,,,,,,,,,,,
2026/09/08 06:45,2026-09-08T07:00:00+09:00,2026/09/08,2026/09/10,2026-09,CALL,54500,11990,200,,,,,,,,,,,,
2026/09/08 06:45,2026-09-08T07:00:00+09:00,2026/09/08,2026/09/10,2026-09,PUT,54500,1,698,8,63.03,,2,1,,,59.41,0,0,1,09/07 23:20
2026/09/08 06:45,2026-09-08T07:00:00+09:00,2026/09/08,2026/09/10,2026-09,CALL,54250,12240,50,,,,,,,,,,,,
2026/09/08 06:45,2026-09-08T07:00:00+09:00,2026/09/08,2026/09/10,2026-09,PUT,54250,1,129,,64.41,,2,5,,,,,,,
2026/09/08 06:45,2026-09-08T07:00:00+09:00,2026/09/08,2026/09/10,2026-09,CALL,54000,12490,1056,,,,,,,,,,,,
2026/09/08 06:45,2026-09-08T07:00:00+09:00,2026/09/08,2026/09/10,2026-09,PUT,54000,1,2829,49,62.01,,1,9,,,61.78,0,0,1,09/08 01:29
2026/09/08 06:45,2026-09-08T07:00:00+09:00,2026/09/08,2026/09/10,2026-09,CALL,53750,12740,150,,,,,,,,,,,,
2026/09/08 06:45,2026-09-08T07:00:00+09:00,2026/09/08,2026/09/10,2026-09,PUT,53750,1,89,10,63.34,,1,47,,,63.23,-8,-88.89,1,09/08 04:33
2026/09/08 06:45,2026-09-08T07:00:00+09:00,2026/09/08,2026/09/10,2026-09,CALL,53500,12990,400,,,,,,,,,,,,
2026/09/08 06:45,2026-09-08T07:00:00+09:00,2026/09/08,2026/09/10,2026-09,PUT,53500,1,991,15,64.66,,1,50,,,64.51,0,0,1,09/07 22:07
2026/09/08 06:45,2026-09-08T07:00:00+09:00,2026/09/08,2026/09/10,2026-09,CALL,53250,13240,,,,,,,,,,,,,
2026/09/08 06:45,2026-09-08T07:00:00+09:00,2026/09/08,2026/09/10,2026-09,PUT,53250,1,61,4,262.61,,2000,1,,,65.82,0,0,1,09/07 22:10
2026/09/08 06:45,2026-09-08T07:00:00+09:00,2026/09/08,2026/09/10,2026-09,CALL,53000,13490,1100,,,,,,,,,,,,
2026/09/08 06:45,2026-09-08T07:00:00+09:00,2026/09/08,2026/09/10,2026-09,PUT,53000,1,2658,52,67.33,,1,122,,,67.54,0,0,1,09/07 22:57
2026/09/08 06:45,2026-09-08T07:00:00+09:00,2026/09/08,2026/09/10,2026-09,CALL,52750,13740,,,,,,,,,,,,,
2026/09/08 06:45,2026-09-08T07:00:00+09:00,2026/09/08,2026/09/10,2026-09,PUT,52750,1,37,2,68.66,,1,5,,,68.54,-4,-80,1,09/07 22:09
2026/09/08 06:45,2026-09-08T07:00:00+09:00,2026/09/08,2026/09/10,2026-09,CALL,52500,13990,,,,,,,,,,,,,
2026/09/08 06:45,2026-09-08T07:00:00+09:00,2026/09/08,2026/09/10,2026-09,PUT,52500,1,884,5,70.01,,1,40,,,69.61,0,0,1,09/07 19:58
2026/09/08 06:45,2026-09-08T07:00:00+09:00,2026/09/08,2026/09/10,2026-09,CALL,52250,14240,,,,,,,,,,,,,
2026/09/08 06:45,2026-09-08T07:00:00+09:00,2026/09/08,2026/09/10,2026-09,PUT,52250,1,66,3,71.36,,1,5,,,71.23,0,0,1,09/07 22:09
2026/09/08 06:45,2026-09-08T07:00:00+09:00,2026/09/08,2026/09/10,2026-09,CALL,52000,14490,350,,,,,,,,,,,,
2026/09/08 06:45,2026-09-08T07:00:00+09:00,2026/09/08,2026/09/10,2026-09,PUT,52000,1,2616,8,72.71,,1,108,,,72.52,0,0,1,09/08 01:33
2026/09/08 06:45,2026-09-08T07:00:00+09:00,2026/09/08,2026/09/10,2026-09,CALL,51750,14740,,,,,,,,,,,,,
2026/09/08 06:45,2026-09-08T07:00:00+09:00,2026/09/08,2026/09/10,2026-09,PUT,51750,1,54,1,74.07,,1,5,,,73.95,0,0,1,09/07 19:51
2026/09/08 06:45,2026-09-08T07:00:00+09:00,2026/09/08,2026/09/10,2026-09,CALL,51500,14990,,,,,,,,,,,,,
2026/09/08 06:45,2026-09-08T07:00:00+09:00,2026/09/08,2026/09/10,2026-09,PUT,51500,1,289,3,75.44,,1,52,,,75.77,0,0,1,09/07 18:36
2026/09/08 06:45,2026-09-08T07:00:00+09:00,2026/09/08,2026/09/10,2026-09,CALL,51250,15240,210,,,,,,,,,,,,
2026/09/08 06:45,2026-09-08T07:00:00+09:00,2026/09/08,2026/09/10,2026-09,PUT,51250,1,222,,76.81,,1,5,,,,,,,
2026/09/08 06:45,2026-09-08T07:00:00+09:00,2026/09/08,2026/09/10,2026-09,CALL,51000,15490,141,,,,,,,,,,,,
2026/09/08 06:45,2026-09-08T07:00:00+09:00,2026/09/08,2026/09/10,2026-09,PUT,51000,1,1451,7,78.18,,1,92,,,78.18,0,0,1,09/08 02:13
2026/09/08 06:45,2026-09-08T07:00:00+09:00,2026/09/08,2026/09/10,2026-09,CALL,50750,15740,,,,,,,,,,,,,
2026/09/08 06:45,2026-09-08T07:00:00+09:00,2026/09/08,2026/09/10,2026-09,PUT,50750,1,175,,79.56,,1,5,,,,,,,
2026/09/08 06:45,2026-09-08T07:00:00+09:00,2026/09/08,2026/09/10,2026-09,CALL,50500,15990,50,,,,,,,,,,,,
2026/09/08 06:45,2026-09-08T07:00:00+09:00,2026/09/08,2026/09/10,2026-09,PUT,50500,1,1578,1,80.95,,1,104,,,81.63,0,0,1,09/07 17:40
2026/09/08 06:45,2026-09-08T07:00:00+09:00,2026/09/08,2026/09/10,2026-09,CALL,50250,16240,,,,,,,,,,,,,
2026/09/08 06:45,2026-09-08T07:00:00+09:00,2026/09/08,2026/09/10,2026-09,PUT,50250,1,143,,82.34,,1,5,,,,,,,
2026/09/08 06:45,2026-09-08T07:00:00+09:00,2026/09/08,2026/09/10,2026-09,CALL,50000,16490,3450,,,,,,,,,,,,
2026/09/08 06:45,2026-09-08T07:00:00+09:00,2026/09/08,2026/09/10,2026-09,PUT,50000,1,8726,12,83.74,,1,269,,,83.74,0,0,1,09/07 22:45
2026/09/08 06:45,2026-09-08T07:00:00+09:00,2026/09/08,2026/09/10,2026-09,CALL,49750,16740,,,,,,,,,,,,,
2026/09/08 06:45,2026-09-08T07:00:00+09:00,2026/09/08,2026/09/10,2026-09,PUT,49750,1,173,7,85.14,,1,5,,,84.75,0,0,1,09/07 19:59
2026/09/08 06:45,2026-09-08T07:00:00+09:00,2026/09/08,2026/09/10,2026-09,CALL,49500,16990,,,,,,,,,,,,,
2026/09/08 06:45,2026-09-08T07:00:00+09:00,2026/09/08,2026/09/10,2026-09,PUT,49500,1,274,11,86.55,,1,10,,,86.64,0,0,1,09/07 22:52
2026/09/08 06:45,2026-09-08T07:00:00+09:00,2026/09/08,2026/09/10,2026-09,CALL,49250,17240,,,,,,,,,,,,,
2026/09/08 06:45,2026-09-08T07:00:00+09:00,2026/09/08,2026/09/10,2026-09,PUT,49250,1,216,,87.97,,1,5,,,,,,,
2026/09/08 06:45,2026-09-08T07:00:00+09:00,2026/09/08,2026/09/10,2026-09,CALL,49000,17490,200,,,,,,,,,,,,
2026/09/08 06:45,2026-09-08T07:00:00+09:00,2026/09/08,2026/09/10,2026-09,PUT,49000,1,2286,5,89.39,,1,38,,,89.49,0,0,1,09/07 19:09
2026/09/08 06:45,2026-09-08T07:00:00+09:00,2026/09/08,2026/09/10,2026-09,CALL,48750,17740,,,,,,,,,,,,,
2026/09/08 06:45,2026-09-08T07:00:00+09:00,2026/09/08,2026/09/10,2026-09,PUT,48750,1,153,,90.82,,1,5,,,,,,,
2026/09/08 06:45,2026-09-08T07:00:00+09:00,2026/09/08,2026/09/10,2026-09,CALL,48500,17990,240,,,,,,,,,,,,
2026/09/08 06:45,2026-09-08T07:00:00+09:00,2026/09/08,2026/09/10,2026-09,PUT,48500,1,770,3,92.25,,1,5,,,91.45,0,0,1,09/07 21:44
2026/09/08 06:45,2026-09-08T07:00:00+09:00,2026/09/08,2026/09/10,2026-09,CALL,48250,18240,,,,,,,,,,,,,
2026/09/08 06:45,2026-09-08T07:00:00+09:00,2026/09/08,2026/09/10,2026-09,PUT,48250,1,124,,93.69,,1,5,,,,,,,
2026/09/08 06:45,2026-09-08T07:00:00+09:00,2026/09/08,2026/09/10,2026-09,CALL,48000,18490,400,,,,,,,,,,,,
2026/09/08 06:45,2026-09-08T07:00:00+09:00,2026/09/08,2026/09/10,2026-09,PUT,48000,1,2994,6,95.14,,1,45,,,95.18,0,0,1,09/07 22:28
2026/09/08 06:45,2026-09-08T07:00:00+09:00,2026/09/08,2026/09/10,2026-09,CALL,47750,18740,,,,,,,,,,,,,
2026/09/08 06:45,2026-09-08T07:00:00+09:00,2026/09/08,2026/09/10,2026-09,PUT,47750,1,137,,96.59,,1,5,,,,,,,
2026/09/08 06:45,2026-09-08T07:00:00+09:00,2026/09/08,2026/09/10,2026-09,CALL,47500,18990,,,,,,,,,,,,,
2026/09/08 06:45,2026-09-08T07:00:00+09:00,2026/09/08,2026/09/10,2026-09,PUT,47500,1,1065,,98.05,,1,5,,,,,,,
2026/09/08 06:45,2026-09-08T07:00:00+09:00,2026/09/08,2026/09/10,2026-09,CALL,47250,19240,,,,,,,,,,,,,
2026/09/08 06:45,2026-09-08T07:00:00+09:00,2026/09/08,2026/09/10,2026-09,PUT,47250,1,225,,99.52,,1,5,,,,,,,
2026/09/08 06:45,2026-09-08T07:00:00+09:00,2026/09/08,2026/09/10,2026-09,CALL,47000,19490,,,,,,,,,,,,,
2026/09/08 06:45,2026-09-08T07:00:00+09:00,2026/09/08,2026/09/10,2026-09,PUT,47000,1,1234,7,100.99,,1,40,,,100.93,0,0,1,09/08 02:29
2026/09/08 06:45,2026-09-08T07:00:00+09:00,2026/09/08,2026/09/10,2026-09,CALL,46750,19740,,,,,,,,,,,,,
2026/09/08 06:45,2026-09-08T07:00:00+09:00,2026/09/08,2026/09/10,2026-09,PUT,46750,1,68,,102.47,,1,5,,,,,,,
2026/09/08 06:45,2026-09-08T07:00:00+09:00,2026/09/08,2026/09/10,2026-09,CALL,46500,19990,,,,,,,,,,,,,
2026/09/08 06:45,2026-09-08T07:00:00+09:00,2026/09/08,2026/09/10,2026-09,PUT,46500,1,439,,103.96,,1,5,,,,,,,
2026/09/08 06:45,2026-09-08T07:00:00+09:00,2026/09/08,2026/09/10,2026-09,CALL,46250,20240,,,,,,,,,,,,,
2026/09/08 06:45,2026-09-08T07:00:00+09:00,2026/09/08,2026/09/10,2026-09,PUT,46250,1,68,,105.45,,1,5,,,,,,,
2026/09/08 06:45,2026-09-08T07:00:00+09:00,2026/09/08,2026/09/10,2026-09,CALL,46000,20490,,,,,,,,,,,,,
2026/09/08 06:45,2026-09-08T07:00:00+09:00,2026/09/08,2026/09/10,2026-09,PUT,46000,1,1868,3,106.96,,1,15,,,106.14,0,0,1,09/07 21:35
2026/09/08 06:45,2026-09-08T07:00:00+09:00,2026/09/08,2026/09/10,2026-09,CALL,45750,20740,,,,,,,,,,,,,
2026/09/08 06:45,2026-09-08T07:00:00+09:00,2026/09/08,2026/09/10,2026-09,PUT,45750,1,60,,108.47,,1,5,,,,,,,
2026/09/08 06:45,2026-09-08T07:00:00+09:00,2026/09/08,2026/09/10,2026-09,CALL,45500,20990,,,,,,,,,,,,,
2026/09/08 06:45,2026-09-08T07:00:00+09:00,2026/09/08,2026/09/10,2026-09,PUT,45500,1,160,1,109.98,,1,5,,,109.98,0,0,1,09/07 19:42
2026/09/08 06:45,2026-09-08T07:00:00+09:00,2026/09/08,2026/09/10,2026-09,CALL,45250,21240,,,,,,,,,,,,,
2026/09/08 06:45,2026-09-08T07:00:00+09:00,2026/09/08,2026/09/10,2026-09,PUT,45250,1,108,,111.5,,1,5,,,,,,,
2026/09/08 06:45,2026-09-08T07:00:00+09:00,2026/09/08,2026/09/10,2026-09,CALL,45000,21490,42,,,,,,,,,,,,
2026/09/08 06:45,2026-09-08T07:00:00+09:00,2026/09/08,2026/09/10,2026-09,PUT,45000,1,2540,,113.04,,1,129,,,,,,,
2026/09/08 06:45,2026-09-08T07:00:00+09:00,2026/09/08,2026/09/10,2026-09,CALL,44750,21740,,,,,,,,,,,,,
2026/09/08 06:45,2026-09-08T07:00:00+09:00,2026/09/08,2026/09/10,2026-09,PUT,44750,1,36,,114.57,,1,5,,,,,,,
2026/09/08 06:45,2026-09-08T07:00:00+09:00,2026/09/08,2026/09/10,2026-09,CALL,44500,21990,,,,,,,,,,,,,
2026/09/08 06:45,2026-09-08T07:00:00+09:00,2026/09/08,2026/09/10,2026-09,PUT,44500,1,212,,116.12,,1,5,,,,,,,
2026/09/08 06:45,2026-09-08T07:00:00+09:00,2026/09/08,2026/09/10,2026-09,CALL,44250,22240,,,,,,,,,,,,,
2026/09/08 06:45,2026-09-08T07:00:00+09:00,2026/09/08,2026/09/10,2026-09,PUT,44250,1,33,,117.68,,1,5,,,,,,,
2026/09/08 06:45,2026-09-08T07:00:00+09:00,2026/09/08,2026/09/10,2026-09,CALL,44000,22490,,,,,,,,,,,,,
2026/09/08 06:45,2026-09-08T07:00:00+09:00,2026/09/08,2026/09/10,2026-09,PUT,44000,1,1479,,119.24,,1,73,,,,,,,
2026/09/08 06:45,2026-09-08T07:00:00+09:00,2026/09/08,2026/09/10,2026-09,CALL,43750,22740,,,,,,,,,,,,,
2026/09/08 06:45,2026-09-08T07:00:00+09:00,2026/09/08,2026/09/10,2026-09,PUT,43750,1,16,,120.81,,1,10,,,,,,,
2026/09/08 06:45,2026-09-08T07:00:00+09:00,2026/09/08,2026/09/10,2026-09,CALL,43500,22990,57,,,,,,,,,,,,
2026/09/08 06:45,2026-09-08T07:00:00+09:00,2026/09/08,2026/09/10,2026-09,PUT,43500,1,887,,122.39,,1,5,,,,,,,
2026/09/08 06:45,2026-09-08T07:00:00+09:00,2026/09/08,2026/09/10,2026-09,CALL,43250,23240,,,,,,,,,,,,,
2026/09/08 06:45,2026-09-08T07:00:00+09:00,2026/09/08,2026/09/10,2026-09,PUT,43250,1,110,,123.97,,1,5,,,,,,,
2026/09/08 06:45,2026-09-08T07:00:00+09:00,2026/09/08,2026/09/10,2026-09,CALL,43000,23490,100,,,,,,,,,,,,
2026/09/08 06:45,2026-09-08T07:00:00+09:00,2026/09/08,2026/09/10,2026-09,PUT,43000,1,1382,,125.57,,1,68,,,,,,,
2026/09/08 06:45,2026-09-08T07:00:00+09:00,2026/09/08,2026/09/10,2026-09,CALL,42750,23740,,,,,,,,,,,,,
2026/09/08 06:45,2026-09-08T07:00:00+09:00,2026/09/08,2026/09/10,2026-09,PUT,42750,1,23,,127.17,,1,10,,,,,,,
2026/09/08 06:45,2026-09-08T07:00:00+09:00,2026/09/08,2026/09/10,2026-09,CALL,42500,23990,10,,,,,,,,,,,,
2026/09/08 06:45,2026-09-08T07:00:00+09:00,2026/09/08,2026/09/10,2026-09,PUT,42500,1,81,,128.79,,1,10,,,,,,,
2026/09/08 06:45,2026-09-08T07:00:00+09:00,2026/09/08,2026/09/10,2026-09,CALL,42250,24240,,,,,,,,,,,,,
2026/09/08 06:45,2026-09-08T07:00:00+09:00,2026/09/08,2026/09/10,2026-09,PUT,42250,1,24,,130.41,,1,10,,,,,,,
2026/09/08 06:45,2026-09-08T07:00:00+09:00,2026/09/08,2026/09/10,2026-09,CALL,42000,24490,101,,,,,,,,,,,,
2026/09/08 06:45,2026-09-08T07:00:00+09:00,2026/09/08,2026/09/10,2026-09,PUT,42000,1,2526,,132.04,,1,114,,,,,,,
2026/09/08 06:45,2026-09-08T07:00:00+09:00,2026/09/08,2026/09/10,2026-09,CALL,41750,24740,,,,,,,,,,,,,
2026/09/08 06:45,2026-09-08T07:00:00+09:00,2026/09/08,2026/09/10,2026-09,PUT,41750,1,17,,133.68,,1,10,,,,,,,
2026/09/08 06:45,2026-09-08T07:00:00+09:00,2026/09/08,2026/09/10,2026-09,CALL,41500,24990,,,,,,,,,,,,,
2026/09/08 06:45,2026-09-08T07:00:00+09:00,2026/09/08,2026/09/10,2026-09,PUT,41500,1,65,,135.33,,1,11,,,,,,,
2026/09/08 06:45,2026-09-08T07:00:00+09:00,2026/09/08,2026/09/10,2026-09,CALL,41250,25240,,,,,,,,,,,,,
2026/09/08 06:45,2026-09-08T07:00:00+09:00,2026/09/08,2026/09/10,2026-09,PUT,41250,1,31,2,136.98,,1,11,,,137.28,0,0,1,09/07 18:26
2026/09/08 06:45,2026-09-08T07:00:00+09:00,2026/09/08,2026/10/08,2026-10,CALL,87500,2,114,5,31.34,29.67,2,34,1,38,29.64,0,0,1,09/07 22:45
2026/09/08 06:45,2026-09-08T07:00:00+09:00,2026/09/08,2026/10/08,2026-10,PUT,87500,21315,,,,,,,,,,,,,
2026/09/08 06:45,2026-09-08T07:00:00+09:00,2026/09/08,2026/10/08,2026-10,CALL,85000,2,160,2,28.45,26.91,2,8,1,17,28.09,0,0,2,09/07 17:53
2026/09/08 06:45,2026-09-08T07:00:00+09:00,2026/09/08,2026/10/08,2026-10,PUT,85000,18820,26,,,,,,,,,,,,
2026/09/08 06:45,2026-09-08T07:00:00+09:00,2026/09/08,2026/10/08,2026-10,CALL,84500,3,,,,,,,,,,,,,
2026/09/08 06:45,2026-09-08T07:00:00+09:00,2026/09/08,2026/10/08,2026-10,PUT,84500,18320,,,,,,,,,,,,,
2026/09/08 06:45,2026-09-08T07:00:00+09:00,2026/09/08,2026/10/08,2026-10,CALL,84000,4,18,,28.99,25.77,4,41,1,24,,,,,
2026/09/08 06:45,2026-09-08T07:00:00+09:00,2026/09/08,2026/10/08,2026-10,PUT,84000,17820,,,,,,,,,,,,,
2026/09/08 06:45,2026-09-08T07:00:00+09:00,2026/09/08,2026/10/08,2026-10,CALL,83500,5,9,,,,,,,,,,,,
2026/09/08 06:45,2026-09-08T07:00:00+09:00,2026/09/08,2026/10/08,2026-10,PUT,83500,17325,,,,,,,,,,,,,
2026/09/08 06:45,2026-09-08T07:00:00+09:00,2026/09/08,2026/10/08,2026-10,CALL,83000,5,51,,28.31,24.62,5,30,1,21,,,,,
2026/09/08 06:45,2026-09-08T07:00:00+09:00,2026/09/08,2026/10/08,2026-10,PUT,83000,16825,,,,,,,,,,,,,
2026/09/08 06:45,2026-09-08T07:00:00+09:00,2026/09/08,2026/10/08,2026-10,CALL,82500,6,1,,43.61,24.04,150,1,1,20,,,,,
2026/09/08 06:45,2026-09-08T07:00:00+09:00,2026/09/08,2026/10/08,2026-10,PUT,82500,16325,,,,,,,,,,,,,
2026/09/08 06:45,2026-09-08T07:00:00+09:00,2026/09/08,2026/10/08,2026-10,CALL,82000,6,183,6,27,25.73,5,1,3,1,26.3,-2,-33.33,4,09/07 22:32
2026/09/08 06:45,2026-09-08T07:00:00+09:00,2026/09/08,2026/10/08,2026-10,PUT,82000,15825,,,,,,,,,,,,,
2026/09/08 06:45,2026-09-08T07:00:00+09:00,2026/09/08,2026/10/08,2026-10,CALL,81500,8,2,,,22.86,,,1,40,,,,,
2026/09/08 06:45,2026-09-08T07:00:00+09:00,2026/09/08,2026/10/08,2026-10,PUT,81500,15330,,,,,,,,,,,,,
2026/09/08 06:45,2026-09-08T07:00:00+09:00,2026/09/08,2026/10/08,2026-10,CALL,81000,9,520,2,30.29,23.57,22,1,2,24,26.68,-1,-12.5,7,09/07 21:54
2026/09/08 06:45,2026-09-08T07:00:00+09:00,2026/09/08,2026/10/08,2026-10,PUT,81000,14830,,,,,,,,,,,,,
2026/09/08 06:45,2026-09-08T07:00:00+09:00,2026/09/08,2026/10/08,2026-10,CALL,80500,12,10,,27.42,24.98,12,3,5,1,,,,,
2026/09/08 06:45,2026-09-08T07:00:00+09:00,2026/09/08,2026/10/08,2026-10,PUT,80500,14335,,,,,,,,,,,,,
2026/09/08 06:45,2026-09-08T07:00:00+09:00,2026/09/08,2026/10/08,2026-10,CALL,80000,12,1861,14,27.4,24.29,15,1,5,4,26.12,-2,-16.67,10,09/08 04:57
2026/09/08 06:45,2026-09-08T07:00:00+09:00,2026/09/08,2026/10/08,2026-10,PUT,80000,13835,,,,,,,,,,,,,
2026/09/08 06:45,2026-09-08T07:00:00+09:00,2026/09/08,2026/10/08,2026-10,CALL,79500,17,4,,32.25,22.46,60,1,3,20,,,,,
2026/09/08 06:45,2026-09-08T07:00:00+09:00,2026/09/08,2026/10/08,2026-10,PUT,79500,13340,,,,,,,,,,,,,
2026/09/08 06:45,2026-09-08T07:00:00+09:00,2026/09/08,2026/10/08,2026-10,CALL,79000,18,107,1,35.35,23.33,120,1,6,1,26.41,1,6.25,17,09/07 21:54
2026/09/08 06:45,2026-09-08T07:00:00+09:00,2026/09/08,2026/10/08,2026-10,PUT,79000,12840,1,,,,,,,,,,,,
2026/09/08 06:45,2026-09-08T07:00:00+09:00,2026/09/08,2026/10/08,2026-10,CALL,78500,22,10,2,,22.2,,,5,1,25.44,-4,-18.18,18,09/07 18:20
2026/09/08 06:45,2026-09-08T07:00:00+09:00,2026/09/08,2026/10/08,2026-10,PUT,78500,12345,,,,,,,,,,,,,
2026/09/08 06:45,2026-09-08T07:00:00+09:00,2026/09/08,2026/10/08,2026-10,CALL,78000,26,703,3,28.35,24.3,46,1,15,1,25.98,-2,-7.69,24,09/07 21:59
2026/09/08 06:45,2026-09-08T07:00:00+09:00,2026/09/08,2026/10/08,2026-10,PUT,78000,11850,,,,,,,,,,,,,
2026/09/08 06:45,2026-09-08T07:00:00+09:00,2026/09/08,2026/10/08,2026-10,CALL,77500,34,113,3,,19.74,,,3,20,26.05,-3,-9.38,29,09/07 21:22
2026/09/08 06:45,2026-09-08T07:00:00+09:00,2026/09/08,2026/10/08,2026-10,PUT,77500,11360,,,,,,,,,,,,,
2026/09/08 06:45,2026-09-08T07:00:00+09:00,2026/09/08,2026/10/08,2026-10,CALL,77000,41,1249,1,26.46,21.87,45,1,11,1,25.46,-2,-5.41,35,09/07 22:29
2026/09/08 06:45,2026-09-08T07:00:00+09:00,2026/09/08,2026/10/08,2026-10,PUT,77000,10865,,,,,,,,,,,,,
2026/09/08 06:45,2026-09-08T07:00:00+09:00,2026/09/08,2026/10/08,2026-10,CALL,76500,50,13,,,18.34,,,3,20,,,,,
2026/09/08 06:45,2026-09-08T07:00:00+09:00,2026/09/08,2026/10/08,2026-10,PUT,76500,10375,,,,,,,,,,,,,
2026/09/08 06:45,2026-09-08T07:00:00+09:00,2026/09/08,2026/10/08,2026-10,CALL,76250,57,8,,,17.98,,,3,20,,,,,
2026/09/08 06:45,2026-09-08T07:00:00+09:00,2026/09/08,2026/10/08,2026-10,PUT,76250,10135,,,,,,,,,,,,,
2026/09/08 06:45,2026-09-08T07:00:00+09:00,2026/09/08,2026/10/08,2026-10,CALL,76000,61,1070,3,26.17,23.49,65,1,33,1,25.61,-4,-6.56,57,09/07 22:44
2026/09/08 06:45,2026-09-08T07:00:00+09:00,2026/09/08,2026/10/08,2026-10,PUT,76000,9890,,,,,,,,,,,,,
2026/09/08 06:45,2026-09-08T07:00:00+09:00,2026/09/08,2026/10/08,2026-10,CALL,75750,70,5,,,17.27,,,3,20,,,,,
2026/09/08 06:45,2026-09-08T07:00:00+09:00,2026/09/08,2026/10/08,2026-10,PUT,75750,9645,,,,,,,,,,,,,
2026/09/08 06:45,2026-09-08T07:00:00+09:00,2026/09/08,2026/10/08,2026-10,CALL,75500,75,9,3,,16.9,,,3,20,25.42,-8,-11.27,63,09/07 21:33
2026/09/08 06:45,2026-09-08T07:00:00+09:00,2026/09/08,2026/10/08,2026-10,PUT,75500,9400,,,,,,,,,,,,,
2026/09/08 06:45,2026-09-08T07:00:00+09:00,2026/09/08,2026/10/08,2026-10,CALL,75250,85,2,,,16.54,,,3,20,,,,,
2026/09/08 06:45,2026-09-08T07:00:00+09:00,2026/09/08,2026/10/08,2026-10,PUT,75250,9160,,,,,,,,,,,,,
2026/09/08 06:45,2026-09-08T07:00:00+09:00,2026/09/08,2026/10/08,2026-10,CALL,75000,88,1645,32,27.18,22.33,120,1,40,1,25.26,-3,-3.41,85,09/07 22:33
2026/09/08 06:45,2026-09-08T07:00:00+09:00,2026/09/08,2026/10/08,2026-10,PUT,75000,8920,,,,,,,,,,,,,
2026/09/08 06:45,2026-09-08T07:00:00+09:00,2026/09/08,2026/10/08,2026-10,CALL,74750,105,2,,,15.81,,,3,20,,,,,
2026/09/08 06:45,2026-09-08T07:00:00+09:00,2026/09/08,2026/10/08,2026-10,PUT,74750,8685,,,,,,,,,,,,,
2026/09/08 06:45,2026-09-08T07:00:00+09:00,2026/09/08,2026/10/08,2026-10,CALL,74500,112,68,2,,15.44,,,3,20,24.76,-3,-2.86,102,09/07 17:19
2026/09/08 06:45,2026-09-08T07:00:00+09:00,2026/09/08,2026/10/08,2026-10,PUT,74500,8440,,,,,,,,,,,,,
2026/09/08 06:45,2026-09-08T07:00:00+09:00,2026/09/08,2026/10/08,2026-10,CALL,74250,123,10,1,,15.07,,,3,20,25.09,,,120,09/07 17:37
2026/09/08 06:45,2026-09-08T07:00:00+09:00,2026/09/08,2026/10/08,2026-10,PUT,74250,8200,,,,,,,,,,,,,
2026/09/08 06:45,2026-09-08T07:00:00+09:00,2026/09/08,2026/10/08,2026-10,CALL,74000,138,525,21,,22.72,,,74,1,25.18,-3,-2.31,127,09/07 22:31
2026/09/08 06:45,2026-09-08T07:00:00+09:00,2026/09/08,2026/10/08,2026-10,PUT,74000,7970,,,,,,,,,,,,,
2026/09/08 06:45,2026-09-08T07:00:00+09:00,2026/09/08,2026/10/08,2026-10,CALL,73750,152,1,,,14.32,,,3,20,,,,,
2026/09/08 06:45,2026-09-08T07:00:00+09:00,2026/09/08,2026/10/08,2026-10,PUT,73750,7730,,,,,,,,,,,,,
2026/09/08 06:45,2026-09-08T07:00:00+09:00,2026/09/08,2026/10/08,2026-10,CALL,73500,168,20,5,,13.94,,,3,20,25.06,-5,-3.23,150,09/07 23:42
2026/09/08 06:45,2026-09-08T07:00:00+09:00,2026/09/08,2026/10/08,2026-10,PUT,73500,7500,,,,,,,,,,,,,
2026/09/08 06:45,2026-09-08T07:00:00+09:00,2026/09/08,2026/10/08,2026-10,CALL,73250,186,4,,,13.56,,,3,20,,,,,
2026/09/08 06:45,2026-09-08T07:00:00+09:00,2026/09/08,2026/10/08,2026-10,PUT,73250,7265,,,,,,,,,,,,,
2026/09/08 06:45,2026-09-08T07:00:00+09:00,2026/09/08,2026/10/08,2026-10,CALL,73000,197,1674,5,32.79,13.18,480,1,3,20,25.08,-7,-3.55,190,09/07 22:54
2026/09/08 06:45,2026-09-08T07:00:00+09:00,2026/09/08,2026/10/08,2026-10,PUT,73000,7035,10,,,,,,,,,,,,
2026/09/08 06:45,2026-09-08T07:00:00+09:00,2026/09/08,2026/10/08,2026-10,CALL,72750,225,14,,,12.79,,,3,20,,,,,
2026/09/08 06:45,2026-09-08T07:00:00+09:00,2026/09/08,2026/10/08,2026-10,PUT,72750,6805,,,,,,,,,,,,,
2026/09/08 06:45,2026-09-08T07:00:00+09:00,2026/09/08,2026/10/08,2026-10,CALL,72500,248,180,4,,20.3,,,90,2,25.1,-6,-2.61,224,09/08 00:37
2026/09/08 06:45,2026-09-08T07:00:00+09:00,2026/09/08,2026/10/08,2026-10,PUT,72500,6580,1,,,,,,,,,,,,
2026/09/08 06:45,2026-09-08T07:00:00+09:00,2026/09/08,2026/10/08,2026-10,CALL,72250,274,87,2,,12.01,,,3,20,24.99,-19,-7.2,245,09/07 23:24
2026/09/08 06:45,2026-09-08T07:00:00+09:00,2026/09/08,2026/10/08,2026-10,PUT,72250,6355,,,,,,,,,,,,,
2026/09/08 06:45,2026-09-08T07:00:00+09:00,2026/09/08,2026/10/08,2026-10,CALL,72125,288,,,,,,,,,,,,,
2026/09/08 06:45,2026-09-08T07:00:00+09:00,2026/09/08,2026/10/08,2026-10,PUT,72125,6245,,,,,,,,,,,,,
2026/09/08 06:45,2026-09-08T07:00:00+09:00,2026/09/08,2026/10/08,2026-10,CALL,72000,305,1747,8,28.6,23.81,420,2,225,1,25.12,-5,-1.82,270,09/08 00:29
2026/09/08 06:45,2026-09-08T07:00:00+09:00,2026/09/08,2026/10/08,2026-10,PUT,72000,6130,,,,,,,,,,,,,
2026/09/08 06:45,2026-09-08T07:00:00+09:00,2026/09/08,2026/10/08,2026-10,CALL,71875,320,,,,,,,,,,,,,
2026/09/08 06:45,2026-09-08T07:00:00+09:00,2026/09/08,2026/10/08,2026-10,PUT,71875,6020,,,,,,,,,,,,,
2026/09/08 06:45,2026-09-08T07:00:00+09:00,2026/09/08,2026/10/08,2026-10,CALL,71750,335,,,,11.22,,,3,20,,,,,
2026/09/08 06:45,2026-09-08T07:00:00+09:00,2026/09/08,2026/10/08,2026-10,PUT,71750,5910,,,,,,,,,,,,,
2026/09/08 06:45,2026-09-08T07:00:00+09:00,2026/09/08,2026/10/08,2026-10,CALL,71625,340,,,,,,,,,,,,,
2026/09/08 06:45,2026-09-08T07:00:00+09:00,2026/09/08,2026/10/08,2026-10,PUT,71625,5795,,,,,,,,,,,,,
2026/09/08 06:45,2026-09-08T07:00:00+09:00,2026/09/08,2026/10/08,2026-10,CALL,71500,365,261,2,,22.35,,,220,1,24.88,-25,-7.58,305,09/07 20:46
2026/09/08 06:45,2026-09-08T07:00:00+09:00,2026/09/08,2026/10/08,2026-10,PUT,71500,5695,,,,,,,,,,,,,
2026/09/08 06:45,2026-09-08T07:00:00+09:00,2026/09/08,2026/10/08,2026-10,CALL,71375,375,,,,,,,,,,,,,
2026/09/08 06:45,2026-09-08T07:00:00+09:00,2026/09/08,2026/10/08,2026-10,PUT,71375,5580,,,,,,,,,,,,,
2026/09/08 06:45,2026-09-08T07:00:00+09:00,2026/09/08,2026/10/08,2026-10,CALL,71250,400,108,,,10.42,,,3,20,,,,,
2026/09/08 06:45,2026-09-08T07:00:00+09:00,2026/09/08,2026/10/08,2026-10,PUT,71250,5480,,,,,,,,,,,,,
2026/09/08 06:45,2026-09-08T07:00:00+09:00,2026/09/08,2026/10/08,2026-10,CALL,71125,410,,,,,,,,,,,,,
2026/09/08 06:45,2026-09-08T07:00:00+09:00,2026/09/08,2026/10/08,2026-10,PUT,71125,5365,,,,,,,,,,,,,
2026/09/08 06:45,2026-09-08T07:00:00+09:00,2026/09/08,2026/10/08,2026-10,CALL,71000,435,163,5,26.85,24.47,480,1,365,1,24.98,-20,-4.76,400,09/07 22:54
2026/09/08 06:45,2026-09-08T07:00:00+09:00,2026/09/08,2026/10/08,2026-10,PUT,71000,5265,,,,,,,,,,,,,
2026/09/08 06:45,2026-09-08T07:00:00+09:00,2026/09/08,2026/10/08,2026-10,CALL,70875,450,1,,,,,,,,,,,,
2026/09/08 06:45,2026-09-08T07:00:00+09:00,2026/09/08,2026/10/08,2026-10,PUT,70875,5155,,,,,,,,,,,,,
2026/09/08 06:45,2026-09-08T07:00:00+09:00,2026/09/08,2026/10/08,2026-10,CALL,70750,480,3,,,9.61,,,3,20,,,,,
2026/09/08 06:45,2026-09-08T07:00:00+09:00,2026/09/08,2026/10/08,2026-10,PUT,70750,5060,,,,,,,,,,,,,
2026/09/08 06:45,2026-09-08T07:00:00+09:00,2026/09/08,2026/10/08,2026-10,CALL,70625,490,,,,,,,,,,,,,
2026/09/08 06:45,2026-09-08T07:00:00+09:00,2026/09/08,2026/10/08,2026-10,PUT,70625,4945,,,,,,,,,,,,,
2026/09/08 06:45,2026-09-08T07:00:00+09:00,2026/09/08,2026/10/08,2026-10,CALL,70500,520,316,1,25.66,9.2,500,1,3,20,25.06,-55,-10.89,450,09/07 20:13
2026/09/08 06:45,2026-09-08T07:00:00+09:00,2026/09/08,2026/10/08,2026-10,PUT,70500,4850,,,,,,,,,,,,,
2026/09/08 06:45,2026-09-08T07:00:00+09:00,2026/09/08,2026/10/08,2026-10,CALL,70375,540,124,,,,,,,,,,,,
2026/09/08 06:45,2026-09-08T07:00:00+09:00,2026/09/08,2026/10/08,2026-10,PUT,70375,4745,,,,,,,,,,,,,
2026/09/08 06:45,2026-09-08T07:00:00+09:00,2026/09/08,2026/10/08,2026-10,CALL,70250,565,12,,,8.78,,,3,20,,,,,
2026/09/08 06:45,2026-09-08T07:00:00+09:00,2026/09/08,2026/10/08,2026-10,PUT,70250,4645,,,,,,,,,,,,,
2026/09/08 06:45,2026-09-08T07:00:00+09:00,2026/09/08,2026/10/08,2026-10,CALL,70125,585,,,,,,,,,,,,,
2026/09/08 06:45,2026-09-08T07:00:00+09:00,2026/09/08,2026/10/08,2026-10,PUT,70125,4540,,,,,,,,,,,,,
2026/09/08 06:45,2026-09-08T07:00:00+09:00,2026/09/08,2026/10/08,2026-10,CALL,70000,620,1304,29,38.5,21.11,1410,1,350,1,25.05,-10,-1.77,555,09/08 04:01
2026/09/08 06:45,2026-09-08T07:00:00+09:00,2026/09/08,2026/10/08,2026-10,PUT,70000,4450,105,,,,,,,,,,,,
2026/09/08 06:45,2026-09-08T07:00:00+09:00,2026/09/08,2026/10/08,2026-10,CALL,69875,640,107,,,,,,,,,,,,
2026/09/08 06:45,2026-09-08T07:00:00+09:00,2026/09/08,2026/10/08,2026-10,PUT,69875,4345,,,,,,,,,,,,,
2026/09/08 06:45,2026-09-08T07:00:00+09:00,2026/09/08,2026/10/08,2026-10,CALL,69750,670,1,,,7.09,,,1,20,,,,,
2026/09/08 06:45,2026-09-08T07:00:00+09:00,2026/09/08,2026/10/08,2026-10,PUT,69750,4250,,,,,,,,,,,,,
2026/09/08 06:45,2026-09-08T07:00:00+09:00,2026/09/08,2026/10/08,2026-10,CALL,69625,695,94,,,,,,,,,,,,
2026/09/08 06:45,2026-09-08T07:00:00+09:00,2026/09/08,2026/10/08,2026-10,PUT,69625,4150,,,,,,,,,,,,,
2026/09/08 06:45,2026-09-08T07:00:00+09:00,2026/09/08,2026/10/08,2026-10,CALL,69500,735,292,1,,6.7,,,1,20,24.89,-65,-9.42,625,09/07 20:52
2026/09/08 06:45,2026-09-08T07:00:00+09:00,2026/09/08,2026/10/08,2026-10,PUT,69500,4065,,,,,,,,,,,,,
2026/09/08 06:45,2026-09-08T07:00:00+09:00,2026/09/08,2026/10/08,2026-10,CALL,69375,760,,,,,,,,,,,,,
2026/09/08 06:45,2026-09-08T07:00:00+09:00,2026/09/08,2026/10/08,2026-10,PUT,69375,3965,,,,,,,,,,,,,
2026/09/08 06:45,2026-09-08T07:00:00+09:00,2026/09/08,2026/10/08,2026-10,CALL,69250,800,2,,,6.3,,,1,20,,,,,
2026/09/08 06:45,2026-09-08T07:00:00+09:00,2026/09/08,2026/10/08,2026-10,PUT,69250,3885,,,,,,,,,,,,,
2026/09/08 06:45,2026-09-08T07:00:00+09:00,2026/09/08,2026/10/08,2026-10,CALL,69125,825,,,,,,,,,,,,,
2026/09/08 06:45,2026-09-08T07:00:00+09:00,2026/09/08,2026/10/08,2026-10,PUT,69125,3785,,,,,,,,,,,,,
2026/09/08 06:45,2026-09-08T07:00:00+09:00,2026/09/08,2026/10/08,2026-10,CALL,69000,860,2945,7,28.51,19.74,1000,5,450,1,25.06,-15,-1.88,785,09/07 22:50
2026/09/08 06:45,2026-09-08T07:00:00+09:00,2026/09/08,2026/10/08,2026-10,PUT,69000,3705,210,,,,,,,,,,,,
2026/09/08 06:45,2026-09-08T07:00:00+09:00,2026/09/08,2026/10/08,2026-10,CALL,68875,895,,,,,,,,,,,,,
2026/09/08 06:45,2026-09-08T07:00:00+09:00,2026/09/08,2026/10/08,2026-10,PUT,68875,3600,,,,,,,,,,,,,
2026/09/08 06:45,2026-09-08T07:00:00+09:00,2026/09/08,2026/10/08,2026-10,CALL,68750,930,114,,,5.51,,,1,18,,,,,
2026/09/08 06:45,2026-09-08T07:00:00+09:00,2026/09/08,2026/10/08,2026-10,PUT,68750,3510,,,,,,,,,,,,,
2026/09/08 06:45,2026-09-08T07:00:00+09:00,2026/09/08,2026/10/08,2026-10,CALL,68625,975,,,,,,,,,,,,,
2026/09/08 06:45,2026-09-08T07:00:00+09:00,2026/09/08,2026/10/08,2026-10,PUT,68625,3430,,,,,,,,,,,,,
2026/09/08 06:45,2026-09-08T07:00:00+09:00,2026/09/08,2026/10/08,2026-10,CALL,68500,995,1186,,,17.29,,,410,1,,,,,
2026/09/08 06:45,2026-09-08T07:00:00+09:00,2026/09/08,2026/10/08,2026-10,PUT,68500,3340,3,,,,,,,,,,,,
2026/09/08 06:45,2026-09-08T07:00:00+09:00,2026/09/08,2026/10/08,2026-10,CALL,68375,1050,,,,,,,,,,,,,
2026/09/08 06:45,2026-09-08T07:00:00+09:00,2026/09/08,2026/10/08,2026-10,PUT,68375,3260,,,,,,,,,,,,,
2026/09/08 06:45,2026-09-08T07:00:00+09:00,2026/09/08,2026/10/08,2026-10,CALL,68250,1095,8,,,4.7,,,1,18,,,,,
2026/09/08 06:45,2026-09-08T07:00:00+09:00,2026/09/08,2026/10/08,2026-10,PUT,68250,3180,,,,,,,,,,,,,
2026/09/08 06:45,2026-09-08T07:00:00+09:00,2026/09/08,2026/10/08,2026-10,CALL,68125,1125,6,,,,,,,,,,,,
2026/09/08 06:45,2026-09-08T07:00:00+09:00,2026/09/08,2026/10/08,2026-10,PUT,68125,3085,,,,,,,,,,,,,
2026/09/08 06:45,2026-09-08T07:00:00+09:00,2026/09/08,2026/10/08,2026-10,CALL,68000,1180,922,3,,24.07,,,980,1,25.15,-55,-4.95,1055,09/08 03:58
2026/09/08 06:45,2026-09-08T07:00:00+09:00,2026/09/08,2026/10/08,2026-10,PUT,68000,3025,541,4,,,,,13,1,25.03,,,3190,09/07 17:38
2026/09/08 06:45,2026-09-08T07:00:00+09:00,2026/09/08,2026/10/08,2026-10,CALL,67875,1225,,,,,,,,,,,,,
2026/09/08 06:45,2026-09-08T07:00:00+09:00,2026/09/08,2026/10/08,2026-10,PUT,67875,2930,,,,,,,,,,,,,
2026/09/08 06:45,2026-09-08T07:00:00+09:00,2026/09/08,2026/10/08,2026-10,CALL,67750,1260,78,,,3.86,,,1,18,,,,,
2026/09/08 06:45,2026-09-08T07:00:00+09:00,2026/09/08,2026/10/08,2026-10,PUT,67750,2840,9,,,,,,,,,,,,
2026/09/08 06:45,2026-09-08T07:00:00+09:00,2026/09/08,2026/10/08,2026-10,CALL,67625,1305,85,,,,,,,,,,,,
2026/09/08 06:45,2026-09-08T07:00:00+09:00,2026/09/08,2026/10/08,2026-10,PUT,67625,2785,6,,,,,,,,,,,,
2026/09/08 06:45,2026-09-08T07:00:00+09:00,2026/09/08,2026/10/08,2026-10,CALL,67500,1355,195,11,,3.44,,,1,20,25.23,-25,-1.96,1250,09/07 18:50
2026/09/08 06:45,2026-09-08T07:00:00+09:00,2026/09/08,2026/10/08,2026-10,PUT,67500,2715,38,,,,,,,,,,,,
2026/09/08 06:45,2026-09-08T07:00:00+09:00,2026/09/08,2026/10/08,2026-10,CALL,67375,1420,74,,,,,,,,,,,,
2026/09/08 06:45,2026-09-08T07:00:00+09:00,2026/09/08,2026/10/08,2026-10,PUT,67375,2635,,,,,,,,,,,,,
2026/09/08 06:45,2026-09-08T07:00:00+09:00,2026/09/08,2026/10/08,2026-10,CALL,67250,1465,,,,3,,,1,18,,,,,
2026/09/08 06:45,2026-09-08T07:00:00+09:00,2026/09/08,2026/10/08,2026-10,PUT,67250,2580,,,,,,,,,,,,,
2026/09/08 06:45,2026-09-08T07:00:00+09:00,2026/09/08,2026/10/08,2026-10,CALL,67125,1520,,,,,,,,,,,,,
2026/09/08 06:45,2026-09-08T07:00:00+09:00,2026/09/08,2026/10/08,2026-10,PUT,67125,2490,,,,,,,,,,,,,
2026/09/08 06:45,2026-09-08T07:00:00+09:00,2026/09/08,2026/10/08,2026-10,CALL,67000,1535,852,15,,2.56,,,1,20,25.4,-55,-3.58,1480,09/07 17:13
2026/09/08 06:45,2026-09-08T07:00:00+09:00,2026/09/08,2026/10/08,2026-10,PUT,67000,2440,511,,,,,,,,,,,,
2026/09/08 06:45,2026-09-08T07:00:00+09:00,2026/09/08,2026/10/08,2026-10,CALL,66875,1635,6,,,,,,,,,,,,
2026/09/08 06:45,2026-09-08T07:00:00+09:00,2026/09/08,2026/10/08,2026-10,PUT,66875,2345,,,,,,,,,,,,,
2026/09/08 06:45,2026-09-08T07:00:00+09:00,2026/09/08,2026/10/08,2026-10,CALL,66750,1690,123,,,2.11,,,1,18,,,,,
2026/09/08 06:45,2026-09-08T07:00:00+09:00,2026/09/08,2026/10/08,2026-10,PUT,66750,2305,,,,,,,,,,,,,
2026/09/08 06:45,2026-09-08T07:00:00+09:00,2026/09/08,2026/10/08,2026-10,CALL,66625,1750,,,,,,,,,,,,,
2026/09/08 06:45,2026-09-08T07:00:00+09:00,2026/09/08,2026/10/08,2026-10,PUT,66625,2215,,,,,,,,,,,,,
2026/09/08 06:45,2026-09-08T07:00:00+09:00,2026/09/08,2026/10/08,2026-10,CALL,66500,1810,9,5,,1.65,,,1,20,25.56,585,53.92,1670,09/07 22:32
2026/09/08 06:45,2026-09-08T07:00:00+09:00,2026/09/08,2026/10/08,2026-10,PUT,66500,2205,94,,,,,,,,,,,,
2026/09/08 06:45,2026-09-08T07:00:00+09:00,2026/09/08,2026/10/08,2026-10,CALL,66375,1875,1,,,,,,,,,,,,
2026/09/08 06:45,2026-09-08T07:00:00+09:00,2026/09/08,2026/10/08,2026-10,PUT,66375,2100,,,,,,,,,,,,,
2026/09/08 06:45,2026-09-08T07:00:00+09:00,2026/09/08,2026/10/08,2026-10,CALL,66250,1935,4,,,1.17,,,1,18,,,,,
2026/09/08 06:45,2026-09-08T07:00:00+09:00,2026/09/08,2026/10/08,2026-10,PUT,66250,2055,,,,,,,,,,,,,
2026/09/08 06:45,2026-09-08T07:00:00+09:00,2026/09/08,2026/10/08,2026-10,CALL,66125,2000,,,,,,,,,,,,,
2026/09/08 06:45,2026-09-08T07:00:00+09:00,2026/09/08,2026/10/08,2026-10,PUT,66125,1980,,,,,,,,,,,,,
2026/09/08 06:45,2026-09-08T07:00:00+09:00,2026/09/08,2026/10/08,2026-10,CALL,66000,2070,1201,1,,0.66,,,1,20,25.75,-115,-5.75,1885,09/07 19:39
2026/09/08 06:45,2026-09-08T07:00:00+09:00,2026/09/08,2026/10/08,2026-10,PUT,66000,1935,1097,9,,,,,1,10,25.59,105,5.19,2130,09/07 22:08
2026/09/08 06:45,2026-09-08T07:00:00+09:00,2026/09/08,2026/10/08,2026-10,CALL,65875,2130,1,,,,,,,,,,,,
2026/09/08 06:45,2026-09-08T07:00:00+09:00,2026/09/08,2026/10/08,2026-10,PUT,65875,1860,,,,,,,,,,,,,
2026/09/08 06:45,2026-09-08T07:00:00+09:00,2026/09/08,2026/10/08,2026-10,CALL,65750,2195,52,,,0.05,,,1,8,,,,,
2026/09/08 06:45,2026-09-08T07:00:00+09:00,2026/09/08,2026/10/08,2026-10,PUT,65750,1815,116,,,,,,1,10,,,,,
2026/09/08 06:45,2026-09-08T07:00:00+09:00,2026/09/08,2026/10/08,2026-10,CALL,65625,2260,,,,,,,,,,,,,
2026/09/08 06:45,2026-09-08T07:00:00+09:00,2026/09/08,2026/10/08,2026-10,PUT,65625,1740,,,,,,,,,,,,,
2026/09/08 06:45,2026-09-08T07:00:00+09:00,2026/09/08,2026/10/08,2026-10,CALL,65500,2345,123,,76.68,,6050,1,1,10,,,,,
2026/09/08 06:45,2026-09-08T07:00:00+09:00,2026/09/08,2026/10/08,2026-10,PUT,65500,1720,142,1,,0.62,,,1,10,25.85,0,0,1780,09/07 17:52
2026/09/08 06:45,2026-09-08T07:00:00+09:00,2026/09/08,2026/10/08,2026-10,CALL,65375,2415,,,,,,,,,,,,,
2026/09/08 06:45,2026-09-08T07:00:00+09:00,2026/09/08,2026/10/08,2026-10,PUT,65375,1635,231,,,,,,,,,,,,
2026/09/08 06:45,2026-09-08T07:00:00+09:00,2026/09/08,2026/10/08,2026-10,CALL,65250,2485,1,,,,,,,,,,,,
2026/09/08 06:45,2026-09-08T07:00:00+09:00,2026/09/08,2026/10/08,2026-10,PUT,65250,1600,9,,,1.14,,,1,10,,,,,
2026/09/08 06:45,2026-09-08T07:00:00+09:00,2026/09/08,2026/10/08,2026-10,CALL,65125,2560,,,,,,,,,,,,,
2026/09/08 06:45,2026-09-08T07:00:00+09:00,2026/09/08,2026/10/08,2026-10,PUT,65125,1535,,,,,,,,,,,,,
2026/09/08 06:45,2026-09-08T07:00:00+09:00,2026/09/08,2026/10/08,2026-10,CALL,65000,2650,362,,,,,,,,,,,,
2026/09/08 06:45,2026-09-08T07:00:00+09:00,2026/09/08,2026/10/08,2026-10,PUT,65000,1525,1838,5,,2.35,,,10,1,26.37,35,2.3,1560,09/07 17:00
2026/09/08 06:45,2026-09-08T07:00:00+09:00,2026/09/08,2026/10/08,2026-10,CALL,64875,2715,,,,,,,,,,,,,
2026/09/08 06:45,2026-09-08T07:00:00+09:00,2026/09/08,2026/10/08,2026-10,PUT,64875,1440,,,,,,,,,,,,,
2026/09/08 06:45,2026-09-08T07:00:00+09:00,2026/09/08,2026/10/08,2026-10,CALL,64750,2800,,,,,,,,,,,,,
2026/09/08 06:45,2026-09-08T07:00:00+09:00,2026/09/08,2026/10/08,2026-10,PUT,64750,1425,3,,,2.11,,,1,10,,,,,
2026/09/08 06:45,2026-09-08T07:00:00+09:00,2026/09/08,2026/10/08,2026-10,CALL,64625,2875,,,,,,,,,,,,,
2026/09/08 06:45,2026-09-08T07:00:00+09:00,2026/09/08,2026/10/08,2026-10,PUT,64625,1335,,,,,,,,,,,,,
2026/09/08 06:45,2026-09-08T07:00:00+09:00,2026/09/08,2026/10/08,2026-10,CALL,64500,2965,22,,,,,,,,,,,,
2026/09/08 06:45,2026-09-08T07:00:00+09:00,2026/09/08,2026/10/08,2026-10,PUT,64500,1335,463,2,,2.58,,,1,10,26.53,85,6.18,1460,09/07 22:35
2026/09/08 06:45,2026-09-08T07:00:00+09:00,2026/09/08,2026/10/08,2026-10,CALL,64375,3050,,,,,,,,,,,,,
2026/09/08 06:45,2026-09-08T07:00:00+09:00,2026/09/08,2026/10/08,2026-10,PUT,64375,1260,,,,,,,,,,,,,
2026/09/08 06:45,2026-09-08T07:00:00+09:00,2026/09/08,2026/10/08,2026-10,CALL,64250,3125,,,,,,,,,,,,,
2026/09/08 06:45,2026-09-08T07:00:00+09:00,2026/09/08,2026/10/08,2026-10,PUT,64250,1255,104,3,,3.04,,,1,10,26.66,60,4.56,1375,09/07 22:36
2026/09/08 06:45,2026-09-08T07:00:00+09:00,2026/09/08,2026/10/08,2026-10,CALL,64125,3225,,,,,,,,,,,,,
2026/09/08 06:45,2026-09-08T07:00:00+09:00,2026/09/08,2026/10/08,2026-10,PUT,64125,1185,,,,,,,,,,,,,
2026/09/08 06:45,2026-09-08T07:00:00+09:00,2026/09/08,2026/10/08,2026-10,CALL,64000,3310,241,,,,,,,,,,,,
2026/09/08 06:45,2026-09-08T07:00:00+09:00,2026/09/08,2026/10/08,2026-10,PUT,64000,1175,1332,31,27.17,3.49,1325,1,1,11,26.85,55,4.44,1295,09/07 22:40
2026/09/08 06:45,2026-09-08T07:00:00+09:00,2026/09/08,2026/10/08,2026-10,CALL,63875,3390,50,,,,,,,,,,,,
2026/09/08 06:45,2026-09-08T07:00:00+09:00,2026/09/08,2026/10/08,2026-10,PUT,63875,1110,55,,,,,,,,,,,,
2026/09/08 06:45,2026-09-08T07:00:00+09:00,2026/09/08,2026/10/08,2026-10,CALL,63750,3475,,,,,,,,,,,,,
2026/09/08 06:45,2026-09-08T07:00:00+09:00,2026/09/08,2026/10/08,2026-10,PUT,63750,1085,20,,,3.95,,,1,10,,,,,
2026/09/08 06:45,2026-09-08T07:00:00+09:00,2026/09/08,2026/10/08,2026-10,CALL,63625,3570,,,,,,,,,,,,,
2026/09/08 06:45,2026-09-08T07:00:00+09:00,2026/09/08,2026/10/08,2026-10,PUT,63625,1030,,,,,,,,,,,,,
2026/09/08 06:45,2026-09-08T07:00:00+09:00,2026/09/08,2026/10/08,2026-10,CALL,63500,3660,1,,,,,,,,,,,,
2026/09/08 06:45,2026-09-08T07:00:00+09:00,2026/09/08,2026/10/08,2026-10,PUT,63500,1025,183,1,,4.4,,,1,10,27.18,,,1090,09/07 17:42
2026/09/08 06:45,2026-09-08T07:00:00+09:00,2026/09/08,2026/10/08,2026-10,CALL,63375,3750,,,,,,,,,,,,,
2026/09/08 06:45,2026-09-08T07:00:00+09:00,2026/09/08,2026/10/08,2026-10,PUT,63375,965,237,,,,,,,,,,,,
2026/09/08 06:45,2026-09-08T07:00:00+09:00,2026/09/08,2026/10/08,2026-10,CALL,63250,3845,,,,,,,,,,,,,
2026/09/08 06:45,2026-09-08T07:00:00+09:00,2026/09/08,2026/10/08,2026-10,PUT,63250,955,110,,,4.84,,,1,10,,,,,
2026/09/08 06:45,2026-09-08T07:00:00+09:00,2026/09/08,2026/10/08,2026-10,CALL,63125,3940,,,,,,,,,,,,,
2026/09/08 06:45,2026-09-08T07:00:00+09:00,2026/09/08,2026/10/08,2026-10,PUT,63125,900,,,,,,,,,,,,,
2026/09/08 06:45,2026-09-08T07:00:00+09:00,2026/09/08,2026/10/08,2026-10,CALL,63000,4035,4,,,,,,,,,,,,
2026/09/08 06:45,2026-09-08T07:00:00+09:00,2026/09/08,2026/10/08,2026-10,PUT,63000,905,808,14,,5.29,,,1,10,27.3,30,3.16,980,09/07 19:44
2026/09/08 06:45,2026-09-08T07:00:00+09:00,2026/09/08,2026/10/08,2026-10,CALL,62875,4130,,,,,,,,,,,,,
2026/09/08 06:45,2026-09-08T07:00:00+09:00,2026/09/08,2026/10/08,2026-10,PUT,62875,850,6,,,,,,,,,,,,
2026/09/08 06:45,2026-09-08T07:00:00+09:00,2026/09/08,2026/10/08,2026-10,CALL,62750,4230,,,,,,,,,,,,,
2026/09/08 06:45,2026-09-08T07:00:00+09:00,2026/09/08,2026/10/08,2026-10,PUT,62750,845,196,,,5.73,,,1,11,,,,,
2026/09/08 06:45,2026-09-08T07:00:00+09:00,2026/09/08,2026/10/08,2026-10,CALL,62625,4325,,,,,,,,,,,,,
2026/09/08 06:45,2026-09-08T07:00:00+09:00,2026/09/08,2026/10/08,2026-10,PUT,62625,790,130,,,,,,,,,,,,
2026/09/08 06:45,2026-09-08T07:00:00+09:00,2026/09/08,2026/10/08,2026-10,CALL,62500,4425,,,,,,,,,,,,,
2026/09/08 06:45,2026-09-08T07:00:00+09:00,2026/09/08,2026/10/08,2026-10,PUT,62500,785,660,21,,6.17,,,1,10,27.84,,,825,09/07 18:12
2026/09/08 06:45,2026-09-08T07:00:00+09:00,2026/09/08,2026/10/08,2026-10,CALL,62375,4525,,,,,,,,,,,,,
2026/09/08 06:45,2026-09-08T07:00:00+09:00,2026/09/08,2026/10/08,2026-10,PUT,62375,735,6,,,,,,,,,,,,
2026/09/08 06:45,2026-09-08T07:00:00+09:00,2026/09/08,2026/10/08,2026-10,CALL,62250,4625,,,,,,,,,,,,,
2026/09/08 06:45,2026-09-08T07:00:00+09:00,2026/09/08,2026/10/08,2026-10,PUT,62250,735,63,,,6.62,,,1,10,,,,,
2026/09/08 06:45,2026-09-08T07:00:00+09:00,2026/09/08,2026/10/08,2026-10,CALL,62125,4725,,,,,,,,,,,,,
2026/09/08 06:45,2026-09-08T07:00:00+09:00,2026/09/08,2026/10/08,2026-10,PUT,62125,690,,,,,,,,,,,,,
2026/09/08 06:45,2026-09-08T07:00:00+09:00,2026/09/08,2026/10/08,2026-10,CALL,62000,4830,49,,,,,,,,,,,,
2026/09/08 06:45,2026-09-08T07:00:00+09:00,2026/09/08,2026/10/08,2026-10,PUT,62000,690,1141,24,,26.41,,,655,1,28.07,-5,-0.67,740,09/07 22:35
2026/09/08 06:45,2026-09-08T07:00:00+09:00,2026/09/08,2026/10/08,2026-10,CALL,61875,4925,,,,,,,,,,,,,
2026/09/08 06:45,2026-09-08T07:00:00+09:00,2026/09/08,2026/10/08,2026-10,PUT,61875,655,22,,,,,,,,,,,,
2026/09/08 06:45,2026-09-08T07:00:00+09:00,2026/09/08,2026/10/08,2026-10,CALL,61750,5035,,,,,,,,,,,,,
2026/09/08 06:45,2026-09-08T07:00:00+09:00,2026/09/08,2026/10/08,2026-10,PUT,61750,645,63,1,,7.5,,,1,10,28.4,70,10.45,740,09/07 20:11
2026/09/08 06:45,2026-09-08T07:00:00+09:00,2026/09/08,2026/10/08,2026-10,CALL,61625,5140,,,,,,,,,,,,,
2026/09/08 06:45,2026-09-08T07:00:00+09:00,2026/09/08,2026/10/08,2026-10,PUT,61625,605,104,,,,,,,,,,,,
2026/09/08 06:45,2026-09-08T07:00:00+09:00,2026/09/08,2026/10/08,2026-10,CALL,61500,5245,,,,,,,,,,,,,
2026/09/08 06:45,2026-09-08T07:00:00+09:00,2026/09/08,2026/10/08,2026-10,PUT,61500,605,19,,,7.94,,,1,10,,,,,
2026/09/08 06:45,2026-09-08T07:00:00+09:00,2026/09/08,2026/10/08,2026-10,CALL,61375,5345,,,,,,,,,,,,,
2026/09/08 06:45,2026-09-08T07:00:00+09:00,2026/09/08,2026/10/08,2026-10,PUT,61375,565,109,,,,,,,,,,,,
2026/09/08 06:45,2026-09-08T07:00:00+09:00,2026/09/08,2026/10/08,2026-10,CALL,61250,5460,,,,,,,,,,,,,
2026/09/08 06:45,2026-09-08T07:00:00+09:00,2026/09/08,2026/10/08,2026-10,PUT,61250,565,106,,,8.38,,,1,10,,,,,
2026/09/08 06:45,2026-09-08T07:00:00+09:00,2026/09/08,2026/10/08,2026-10,CALL,61125,5560,,,,,,,,,,,,,
2026/09/08 06:45,2026-09-08T07:00:00+09:00,2026/09/08,2026/10/08,2026-10,PUT,61125,525,91,,,,,,,,,,,,
2026/09/08 06:45,2026-09-08T07:00:00+09:00,2026/09/08,2026/10/08,2026-10,CALL,61000,5670,201,,,,,,,,,,,,
2026/09/08 06:45,2026-09-08T07:00:00+09:00,2026/09/08,2026/10/08,2026-10,PUT,61000,535,660,12,,8.82,,,1,10,29.12,35,6.25,595,09/07 21:57
2026/09/08 06:45,2026-09-08T07:00:00+09:00,2026/09/08,2026/10/08,2026-10,CALL,60875,5780,,,,,,,,,,,,,
2026/09/08 06:45,2026-09-08T07:00:00+09:00,2026/09/08,2026/10/08,2026-10,PUT,60875,505,4,,,,,,,,,,,,
2026/09/08 06:45,2026-09-08T07:00:00+09:00,2026/09/08,2026/10/08,2026-10,CALL,60750,5890,,,,,,,,,,,,,
2026/09/08 06:45,2026-09-08T07:00:00+09:00,2026/09/08,2026/10/08,2026-10,PUT,60750,500,123,,,9.26,,,1,10,,,,,
2026/09/08 06:45,2026-09-08T07:00:00+09:00,2026/09/08,2026/10/08,2026-10,CALL,60625,5995,,,,,,,,,,,,,
2026/09/08 06:45,2026-09-08T07:00:00+09:00,2026/09/08,2026/10/08,2026-10,PUT,60625,465,11,,,,,,,,,,,,
2026/09/08 06:45,2026-09-08T07:00:00+09:00,2026/09/08,2026/10/08,2026-10,CALL,60500,6110,100,,,,,,,,,,,,
2026/09/08 06:45,2026-09-08T07:00:00+09:00,2026/09/08,2026/10/08,2026-10,PUT,60500,465,301,,,9.7,,,1,10,,,,,
2026/09/08 06:45,2026-09-08T07:00:00+09:00,2026/09/08,2026/10/08,2026-10,CALL,60375,6220,,,,,,,,,,,,,
2026/09/08 06:45,2026-09-08T07:00:00+09:00,2026/09/08,2026/10/08,2026-10,PUT,60375,435,778,,,,,,,,,,,,
2026/09/08 06:45,2026-09-08T07:00:00+09:00,2026/09/08,2026/10/08,2026-10,CALL,60250,6330,,,,,,,,,,,,,
2026/09/08 06:45,2026-09-08T07:00:00+09:00,2026/09/08,2026/10/08,2026-10,PUT,60250,430,21,,,10.14,,,1,10,,,,,
2026/09/08 06:45,2026-09-08T07:00:00+09:00,2026/09/08,2026/10/08,2026-10,CALL,60125,6440,,,,,,,,,,,,,
2026/09/08 06:45,2026-09-08T07:00:00+09:00,2026/09/08,2026/10/08,2026-10,PUT,60125,410,5,,,,,,,,,,,,
2026/09/08 06:45,2026-09-08T07:00:00+09:00,2026/09/08,2026/10/08,2026-10,CALL,60000,6550,1,,,,,,1,30,,,,,
2026/09/08 06:45,2026-09-08T07:00:00+09:00,2026/09/08,2026/10/08,2026-10,PUT,60000,415,8429,17,32.96,10.58,575,1,1,24,30.21,35,8.43,450,09/07 23:31
2026/09/08 06:45,2026-09-08T07:00:00+09:00,2026/09/08,2026/10/08,2026-10,CALL,59875,6670,,,,,,,,,,,,,
2026/09/08 06:45,2026-09-08T07:00:00+09:00,2026/09/08,2026/10/08,2026-10,PUT,59875,385,41,,,,,,,,,,,,
2026/09/08 06:45,2026-09-08T07:00:00+09:00,2026/09/08,2026/10/08,2026-10,CALL,59750,6780,,,,,,,,,,,,,
2026/09/08 06:45,2026-09-08T07:00:00+09:00,2026/09/08,2026/10/08,2026-10,PUT,59750,385,58,,,11.02,,,1,10,,,,,
2026/09/08 06:45,2026-09-08T07:00:00+09:00,2026/09/08,2026/10/08,2026-10,CALL,59625,6885,,,,,,,,,,,,,
2026/09/08 06:45,2026-09-08T07:00:00+09:00,2026/09/08,2026/10/08,2026-10,PUT,59625,355,20,,,,,,,,,,,,
2026/09/08 06:45,2026-09-08T07:00:00+09:00,2026/09/08,2026/10/08,2026-10,CALL,59500,7005,,,,,,,,,,,,,
2026/09/08 06:45,2026-09-08T07:00:00+09:00,2026/09/08,2026/10/08,2026-10,PUT,59500,360,86,,,11.46,,,1,10,,,,,
2026/09/08 06:45,2026-09-08T07:00:00+09:00,2026/09/08,2026/10/08,2026-10,CALL,59375,7120,,,,,,,,,,,,,
2026/09/08 06:45,2026-09-08T07:00:00+09:00,2026/09/08,2026/10/08,2026-10,PUT,59375,340,2,,,,,,,,,,,,
2026/09/08 06:45,2026-09-08T07:00:00+09:00,2026/09/08,2026/10/08,2026-10,CALL,59250,7235,,,,,,,,,,,,,
2026/09/08 06:45,2026-09-08T07:00:00+09:00,2026/09/08,2026/10/08,2026-10,PUT,59250,340,159,,,11.9,,,1,10,,,,,
2026/09/08 06:45,2026-09-08T07:00:00+09:00,2026/09/08,2026/10/08,2026-10,CALL,59125,7350,,,,,,,,,,,,,
2026/09/08 06:45,2026-09-08T07:00:00+09:00,2026/09/08,2026/10/08,2026-10,PUT,59125,320,63,,,,,,,,,,,,
2026/09/08 06:45,2026-09-08T07:00:00+09:00,2026/09/08,2026/10/08,2026-10,CALL,59000,7465,,,,,,,,,,,,,
2026/09/08 06:45,2026-09-08T07:00:00+09:00,2026/09/08,2026/10/08,2026-10,PUT,59000,320,800,2,31.68,28.37,360,1,244,1,31.34,25,7.81,345,09/07 19:39
2026/09/08 06:45,2026-09-08T07:00:00+09:00,2026/09/08,2026/10/08,2026-10,CALL,58875,7575,,,,,,,,,,,,,
2026/09/08 06:45,2026-09-08T07:00:00+09:00,2026/09/08,2026/10/08,2026-10,PUT,58875,293,2,,,,,,,,,,,,
2026/09/08 06:45,2026-09-08T07:00:00+09:00,2026/09/08,2026/10/08,2026-10,CALL,58750,7695,,,,,,,,,,,,,
2026/09/08 06:45,2026-09-08T07:00:00+09:00,2026/09/08,2026/10/08,2026-10,PUT,58750,298,32,,,12.79,,,1,10,,,,,
2026/09/08 06:45,2026-09-08T07:00:00+09:00,2026/09/08,2026/10/08,2026-10,CALL,58625,7820,,,,,,,,,,,,,
2026/09/08 06:45,2026-09-08T07:00:00+09:00,2026/09/08,2026/10/08,2026-10,PUT,58625,288,60,,,,,,,,,,,,
2026/09/08 06:45,2026-09-08T07:00:00+09:00,2026/09/08,2026/10/08,2026-10,CALL,58500,7930,,,,,,,,,,,,,
2026/09/08 06:45,2026-09-08T07:00:00+09:00,2026/09/08,2026/10/08,2026-10,PUT,58500,285,291,,58.16,30.22,1580,1,250,2,,,,,
2026/09/08 06:45,2026-09-08T07:00:00+09:00,2026/09/08,2026/10/08,2026-10,CALL,58375,8045,,,,,,,,,,,,,
2026/09/08 06:45,2026-09-08T07:00:00+09:00,2026/09/08,2026/10/08,2026-10,PUT,58375,273,483,,,,,,,,,,,,
2026/09/08 06:45,2026-09-08T07:00:00+09:00,2026/09/08,2026/10/08,2026-10,CALL,58250,8165,,,,,,,,,,,,,
2026/09/08 06:45,2026-09-08T07:00:00+09:00,2026/09/08,2026/10/08,2026-10,PUT,58250,265,116,,,13.68,,,1,10,,,,,
2026/09/08 06:45,2026-09-08T07:00:00+09:00,2026/09/08,2026/10/08,2026-10,CALL,58000,8400,,,,,,,,,,,,,
2026/09/08 06:45,2026-09-08T07:00:00+09:00,2026/09/08,2026/10/08,2026-10,PUT,58000,254,2249,5,38.92,31.21,500,1,230,2,32.52,12,4.51,278,09/07 20:05
2026/09/08 06:45,2026-09-08T07:00:00+09:00,2026/09/08,2026/10/08,2026-10,CALL,57750,8635,,,,,,,,,,,,,
2026/09/08 06:45,2026-09-08T07:00:00+09:00,2026/09/08,2026/10/08,2026-10,PUT,57750,234,74,,,14.57,,,1,10,,,,,
2026/09/08 06:45,2026-09-08T07:00:00+09:00,2026/09/08,2026/10/08,2026-10,CALL,57500,8870,,,,,,,,,,,,,
2026/09/08 06:45,2026-09-08T07:00:00+09:00,2026/09/08,2026/10/08,2026-10,PUT,57500,224,333,1,,15.02,,,1,10,33.33,6,2.54,242,09/07 22:51
2026/09/08 06:45,2026-09-08T07:00:00+09:00,2026/09/08,2026/10/08,2026-10,CALL,57250,9110,,,,,,,,,,,,,
2026/09/08 06:45,2026-09-08T07:00:00+09:00,2026/09/08,2026/10/08,2026-10,PUT,57250,208,101,,,15.47,,,1,10,,,,,
2026/09/08 06:45,2026-09-08T07:00:00+09:00,2026/09/08,2026/10/08,2026-10,CALL,57000,9350,1,,,,,,,,,,,,
2026/09/08 06:45,2026-09-08T07:00:00+09:00,2026/09/08,2026/10/08,2026-10,PUT,57000,201,833,1,36.23,20.11,280,8,10,1,34.08,0,0,216,09/07 23:06
2026/09/08 06:45,2026-09-08T07:00:00+09:00,2026/09/08,2026/10/08,2026-10,CALL,56750,9590,,,,,,,,,,,,,
2026/09/08 06:45,2026-09-08T07:00:00+09:00,2026/09/08,2026/10/08,2026-10,PUT,56750,187,90,1,,16.37,,,1,10,34.19,,,195,09/07 18:26
2026/09/08 06:45,2026-09-08T07:00:00+09:00,2026/09/08,2026/10/08,2026-10,CALL,56500,9830,,,,,,,,,,,,,
2026/09/08 06:45,2026-09-08T07:00:00+09:00,2026/09/08,2026/10/08,2026-10,PUT,56500,180,423,,,16.82,,,1,10,,,,,
2026/09/08 06:45,2026-09-08T07:00:00+09:00,2026/09/08,2026/10/08,2026-10,CALL,56250,10070,,,,,,,,,,,,,
2026/09/08 06:45,2026-09-08T07:00:00+09:00,2026/09/08,2026/10/08,2026-10,PUT,56250,169,60,,,17.28,,,1,10,,,,,
2026/09/08 06:45,2026-09-08T07:00:00+09:00,2026/09/08,2026/10/08,2026-10,CALL,56000,10310,,,,,,,,,,,,,
2026/09/08 06:45,2026-09-08T07:00:00+09:00,2026/09/08,2026/10/08,2026-10,PUT,56000,163,1165,2,36.55,31.16,200,1,93,1,35.4,13,7.65,183,09/07 20:38
2026/09/08 06:45,2026-09-08T07:00:00+09:00,2026/09/08,2026/10/08,2026-10,CALL,55750,10555,,,,,,,,,,,,,
2026/09/08 06:45,2026-09-08T07:00:00+09:00,2026/09/08,2026/10/08,2026-10,PUT,55750,152,40,,,18.19,,,1,10,,,,,
2026/09/08 06:45,2026-09-08T07:00:00+09:00,2026/09/08,2026/10/08,2026-10,CALL,55500,10795,,,,,,,,,,,,,
2026/09/08 06:45,2026-09-08T07:00:00+09:00,2026/09/08,2026/10/08,2026-10,PUT,55500,147,253,4,,32.26,,,88,1,36.61,,,165,09/07 23:16
2026/09/08 06:45,2026-09-08T07:00:00+09:00,2026/09/08,2026/10/08,2026-10,CALL,55250,11040,,,,,,,,,,,,,
2026/09/08 06:45,2026-09-08T07:00:00+09:00,2026/09/08,2026/10/08,2026-10,PUT,55250,137,61,4,,19.11,,,1,10,36.61,10,6.76,158,09/07 20:38
2026/09/08 06:45,2026-09-08T07:00:00+09:00,2026/09/08,2026/10/08,2026-10,CALL,55000,11280,4,,,,,,,,,,,,
2026/09/08 06:45,2026-09-08T07:00:00+09:00,2026/09/08,2026/10/08,2026-10,PUT,55000,140,3108,2,41.87,36.3,250,1,130,1,37.09,2,1.43,142,09/07 18:46
2026/09/08 06:45,2026-09-08T07:00:00+09:00,2026/09/08,2026/10/08,2026-10,CALL,54750,11525,,,,,,,,,,,,,
2026/09/08 06:45,2026-09-08T07:00:00+09:00,2026/09/08,2026/10/08,2026-10,PUT,54750,133,60,,,20.03,,,1,10,,,,,
2026/09/08 06:45,2026-09-08T07:00:00+09:00,2026/09/08,2026/10/08,2026-10,CALL,54500,11770,,,,,,,,,,,,,
2026/09/08 06:45,2026-09-08T07:00:00+09:00,2026/09/08,2026/10/08,2026-10,PUT,54500,121,598,32,,34.38,,,78,1,38.26,19,15.08,145,09/07 20:38
2026/09/08 06:45,2026-09-08T07:00:00+09:00,2026/09/08,2026/10/08,2026-10,CALL,54250,12015,,,,,,,,,,,,,
2026/09/08 06:45,2026-09-08T07:00:00+09:00,2026/09/08,2026/10/08,2026-10,PUT,54250,120,59,,,20.96,,,1,10,,,,,
2026/09/08 06:45,2026-09-08T07:00:00+09:00,2026/09/08,2026/10/08,2026-10,CALL,54000,12260,,,,,,,,,,,,,
2026/09/08 06:45,2026-09-08T07:00:00+09:00,2026/09/08,2026/10/08,2026-10,PUT,54000,115,728,2,,35.39,,,73,1,38.74,6,5.22,121,09/07 22:00
2026/09/08 06:45,2026-09-08T07:00:00+09:00,2026/09/08,2026/10/08,2026-10,CALL,53750,12505,,,,,,,,,,,,,
2026/09/08 06:45,2026-09-08T07:00:00+09:00,2026/09/08,2026/10/08,2026-10,PUT,53750,104,16,1,,21.89,,,1,10,39.2,,,116,09/07 22:08
2026/09/08 06:45,2026-09-08T07:00:00+09:00,2026/09/08,2026/10/08,2026-10,CALL,53500,12750,,,,,,,,,,,,,
2026/09/08 06:45,2026-09-08T07:00:00+09:00,2026/09/08,2026/10/08,2026-10,PUT,53500,101,335,1,,36.37,,,68,1,39.17,,,110,09/07 20:36
2026/09/08 06:45,2026-09-08T07:00:00+09:00,2026/09/08,2026/10/08,2026-10,CALL,53250,12995,,,,,,,,,,,,,
2026/09/08 06:45,2026-09-08T07:00:00+09:00,2026/09/08,2026/10/08,2026-10,PUT,53250,94,68,,,22.83,,,1,10,,,,,
2026/09/08 06:45,2026-09-08T07:00:00+09:00,2026/09/08,2026/10/08,2026-10,CALL,53000,13240,34,,,,,,,,,,,,
2026/09/08 06:45,2026-09-08T07:00:00+09:00,2026/09/08,2026/10/08,2026-10,PUT,53000,92,1298,10,40.38,39.23,100,4,85,1,40.58,4,4.12,101,09/07 23:44
2026/09/08 06:45,2026-09-08T07:00:00+09:00,2026/09/08,2026/10/08,2026-10,CALL,52750,13490,,,,,,,,,,,,,
2026/09/08 06:45,2026-09-08T07:00:00+09:00,2026/09/08,2026/10/08,2026-10,PUT,52750,86,120,1,,23.78,,,1,10,40.69,,,99,09/07 20:38
2026/09/08 06:45,2026-09-08T07:00:00+09:00,2026/09/08,2026/10/08,2026-10,CALL,52500,13735,,,,,,,,,,,,,
2026/09/08 06:45,2026-09-08T07:00:00+09:00,2026/09/08,2026/10/08,2026-10,PUT,52500,82,314,,,38.2,,,58,1,,,,,
2026/09/08 06:45,2026-09-08T07:00:00+09:00,2026/09/08,2026/10/08,2026-10,CALL,52250,13980,,,,,,,,,,,,,
2026/09/08 06:45,2026-09-08T07:00:00+09:00,2026/09/08,2026/10/08,2026-10,PUT,52250,80,46,,,24.73,,,1,10,,,,,
2026/09/08 06:45,2026-09-08T07:00:00+09:00,2026/09/08,2026/10/08,2026-10,CALL,52000,14225,,,,,,,,,,,,,
2026/09/08 06:45,2026-09-08T07:00:00+09:00,2026/09/08,2026/10/08,2026-10,PUT,52000,76,1822,,43.37,39.04,100,4,53,1,,,,,
2026/09/08 06:45,2026-09-08T07:00:00+09:00,2026/09/08,2026/10/08,2026-10,CALL,51750,14475,,,,,,,,,,,,,
2026/09/08 06:45,2026-09-08T07:00:00+09:00,2026/09/08,2026/10/08,2026-10,PUT,51750,73,72,1,,25.69,,,1,10,42.46,,,84,09/07 21:34
2026/09/08 06:45,2026-09-08T07:00:00+09:00,2026/09/08,2026/10/08,2026-10,CALL,51500,14720,,,,,,,,,,,,,
2026/09/08 06:45,2026-09-08T07:00:00+09:00,2026/09/08,2026/10/08,2026-10,PUT,51500,72,425,3,,26.18,,,1,10,43.08,-2,-2.6,75,09/07 17:11
2026/09/08 06:45,2026-09-08T07:00:00+09:00,2026/09/08,2026/10/08,2026-10,CALL,51250,14970,,,,,,,,,,,,,
2026/09/08 06:45,2026-09-08T07:00:00+09:00,2026/09/08,2026/10/08,2026-10,PUT,51250,67,84,1,,26.66,,,1,10,43.44,6,8.82,74,09/07 23:50
2026/09/08 06:45,2026-09-08T07:00:00+09:00,2026/09/08,2026/10/08,2026-10,CALL,51000,15215,,,,,,,,,,,,,
2026/09/08 06:45,2026-09-08T07:00:00+09:00,2026/09/08,2026/10/08,2026-10,PUT,51000,65,434,5,46.38,27.15,100,4,1,10,43.63,6,8.96,73,09/07 20:34
2026/09/08 06:45,2026-09-08T07:00:00+09:00,2026/09/08,2026/10/08,2026-10,CALL,50750,15460,,,,,,,,,,,,,
2026/09/08 06:45,2026-09-08T07:00:00+09:00,2026/09/08,2026/10/08,2026-10,PUT,50750,62,51,,,27.64,,,1,10,,,,,
2026/09/08 06:45,2026-09-08T07:00:00+09:00,2026/09/08,2026/10/08,2026-10,CALL,50500,15710,,,,,,,,,,,,,
2026/09/08 06:45,2026-09-08T07:00:00+09:00,2026/09/08,2026/10/08,2026-10,PUT,50500,61,406,,,38.91,,,25,1,,,,,
2026/09/08 06:45,2026-09-08T07:00:00+09:00,2026/09/08,2026/10/08,2026-10,CALL,50250,15960,,,,,,,,,,,,,
2026/09/08 06:45,2026-09-08T07:00:00+09:00,2026/09/08,2026/10/08,2026-10,PUT,50250,58,65,,,28.62,,,1,10,,,,,
2026/09/08 06:45,2026-09-08T07:00:00+09:00,2026/09/08,2026/10/08,2026-10,CALL,50000,16205,,,,,,,,,,,,,
2026/09/08 06:45,2026-09-08T07:00:00+09:00,2026/09/08,2026/10/08,2026-10,PUT,50000,57,1002,3,46.92,44.39,73,1,51,5,45.81,5,8.77,62,09/07 23:51
2026/09/08 06:45,2026-09-08T07:00:00+09:00,2026/09/08,2026/10/08,2026-10,CALL,49750,16450,,,,,,,,,,,,,
2026/09/08 06:45,2026-09-08T07:00:00+09:00,2026/09/08,2026/10/08,2026-10,PUT,49750,54,63,,,32.49,,,3,20,,,,,
2026/09/08 06:45,2026-09-08T07:00:00+09:00,2026/09/08,2026/10/08,2026-10,CALL,49500,16700,,,,,,,,,,,,,
2026/09/08 06:45,2026-09-08T07:00:00+09:00,2026/09/08,2026/10/08,2026-10,PUT,49500,52,204,,,33.03,,,3,20,,,,,
2026/09/08 06:45,2026-09-08T07:00:00+09:00,2026/09/08,2026/10/08,2026-10,CALL,49250,16950,,,,,,,,,,,,,
2026/09/08 06:45,2026-09-08T07:00:00+09:00,2026/09/08,2026/10/08,2026-10,PUT,49250,51,75,,,33.58,,,3,20,,,,,
2026/09/08 06:45,2026-09-08T07:00:00+09:00,2026/09/08,2026/10/08,2026-10,CALL,49000,17195,,,,,,,,,,,,,
2026/09/08 06:45,2026-09-08T07:00:00+09:00,2026/09/08,2026/10/08,2026-10,PUT,49000,49,246,4,62.77,35.04,255,1,4,2,47.32,1,1.89,54,09/07 20:38
2026/09/08 06:45,2026-09-08T07:00:00+09:00,2026/09/08,2026/10/08,2026-10,CALL,48750,17445,,,,,,,,,,,,,
2026/09/08 06:45,2026-09-08T07:00:00+09:00,2026/09/08,2026/10/08,2026-10,PUT,48750,47,24,,,34.67,,,3,20,,,,,
2026/09/08 06:45,2026-09-08T07:00:00+09:00,2026/09/08,2026/10/08,2026-10,CALL,48500,17690,,,,,,,,,,,,,
2026/09/08 06:45,2026-09-08T07:00:00+09:00,2026/09/08,2026/10/08,2026-10,PUT,48500,44,198,,,35.22,,,3,20,,,,,
2026/09/08 06:45,2026-09-08T07:00:00+09:00,2026/09/08,2026/10/08,2026-10,CALL,48250,17940,,,,,,,,,,,,,
2026/09/08 06:45,2026-09-08T07:00:00+09:00,2026/09/08,2026/10/08,2026-10,PUT,48250,43,52,,,35.77,,,3,20,,,,,
2026/09/08 06:45,2026-09-08T07:00:00+09:00,2026/09/08,2026/10/08,2026-10,CALL,48000,18190,,,,,,,,,,,,,
2026/09/08 06:45,2026-09-08T07:00:00+09:00,2026/09/08,2026/10/08,2026-10,PUT,48000,42,747,,49.99,36.33,50,1,3,20,,,,,
2026/09/08 06:45,2026-09-08T07:00:00+09:00,2026/09/08,2026/10/08,2026-10,CALL,47750,18435,,,,,,,,,,,,,
2026/09/08 06:45,2026-09-08T07:00:00+09:00,2026/09/08,2026/10/08,2026-10,PUT,47750,40,40,,,36.89,,,3,20,,,,,
2026/09/08 06:45,2026-09-08T07:00:00+09:00,2026/09/08,2026/10/08,2026-10,CALL,47500,18685,34,,,,,,,,,,,,
2026/09/08 06:45,2026-09-08T07:00:00+09:00,2026/09/08,2026/10/08,2026-10,PUT,47500,37,30,,,37.45,,,3,20,,,,,
2026/09/08 06:45,2026-09-08T07:00:00+09:00,2026/09/08,2026/10/08,2026-10,CALL,47250,18930,,,,,,,,,,,,,
2026/09/08 06:45,2026-09-08T07:00:00+09:00,2026/09/08,2026/10/08,2026-10,PUT,47250,36,26,,,38.01,,,3,20,,,,,
2026/09/08 06:45,2026-09-08T07:00:00+09:00,2026/09/08,2026/10/08,2026-10,CALL,47000,19180,,,,,,,,,,,,,
2026/09/08 06:45,2026-09-08T07:00:00+09:00,2026/09/08,2026/10/08,2026-10,PUT,47000,35,396,2,53.23,49.37,52,1,30,6,50.99,2,5.26,40,09/07 20:38
2026/09/08 06:45,2026-09-08T07:00:00+09:00,2026/09/08,2026/10/08,2026-10,CALL,46750,19430,,,,,,,,,,,,,
2026/09/08 06:45,2026-09-08T07:00:00+09:00,2026/09/08,2026/10/08,2026-10,PUT,46750,34,131,,,39.14,,,3,20,,,,,
2026/09/08 06:45,2026-09-08T07:00:00+09:00,2026/09/08,2026/10/08,2026-10,CALL,46500,19680,,,,,,,,,,,,,
2026/09/08 06:45,2026-09-08T07:00:00+09:00,2026/09/08,2026/10/08,2026-10,PUT,46500,33,157,,,39.71,,,3,20,,,,,
2026/09/08 06:45,2026-09-08T07:00:00+09:00,2026/09/08,2026/10/08,2026-10,CALL,46250,19915,,,,,,,,,,,,,
2026/09/08 06:45,2026-09-08T07:00:00+09:00,2026/09/08,2026/10/08,2026-10,PUT,46250,21,13,,,40.28,,,3,20,,,,,
2026/09/08 06:45,2026-09-08T07:00:00+09:00,2026/09/08,2026/10/08,2026-10,CALL,46000,20165,,,,,,,,,,,,,
2026/09/08 06:45,2026-09-08T07:00:00+09:00,2026/09/08,2026/10/08,2026-10,PUT,46000,29,357,,,51.25,,,26,1,,,,,
2026/09/08 06:45,2026-09-08T07:00:00+09:00,2026/09/08,2026/10/08,2026-10,CALL,45750,20415,,,,,,,,,,,,,
2026/09/08 06:45,2026-09-08T07:00:00+09:00,2026/09/08,2026/10/08,2026-10,PUT,45750,20,43,,,41.44,,,3,20,,,,,
2026/09/08 06:45,2026-09-08T07:00:00+09:00,2026/09/08,2026/10/08,2026-10,CALL,45500,20665,,,,,,,,,,,,,
2026/09/08 06:45,2026-09-08T07:00:00+09:00,2026/09/08,2026/10/08,2026-10,PUT,45500,25,210,,,42.02,,,3,20,,,,,
2026/09/08 06:45,2026-09-08T07:00:00+09:00,2026/09/08,2026/10/08,2026-10,CALL,45250,20910,,,,,,,,,,,,,
2026/09/08 06:45,2026-09-08T07:00:00+09:00,2026/09/08,2026/10/08,2026-10,PUT,45250,18,29,,,42.6,,,3,20,,,,,
2026/09/08 06:45,2026-09-08T07:00:00+09:00,2026/09/08,2026/10/08,2026-10,CALL,45000,21160,2,,,,,,,,,,,,
2026/09/08 06:45,2026-09-08T07:00:00+09:00,2026/09/08,2026/10/08,2026-10,PUT,45000,27,1703,14,55.74,54.08,33,5,26,1,55.09,3,11.11,30,09/08 05:33
2026/09/08 06:45,2026-09-08T07:00:00+09:00,2026/09/08,2026/10/08,2026-10,CALL,44750,21410,,,,,,,,,,,,,
2026/09/08 06:45,2026-09-08T07:00:00+09:00,2026/09/08,2026/10/08,2026-10,PUT,44750,24,37,,,43.78,,,3,20,,,,,
2026/09/08 06:45,2026-09-08T07:00:00+09:00,2026/09/08,2026/10/08,2026-10,CALL,44500,21660,,,,,,,,,,,,,
2026/09/08 06:45,2026-09-08T07:00:00+09:00,2026/09/08,2026/10/08,2026-10,PUT,44500,21,1,,,44.37,,,3,20,,,,,
2026/09/08 06:45,2026-09-08T07:00:00+09:00,2026/09/08,2026/10/08,2026-10,CALL,44250,21905,,,,,,,,,,,,,
2026/09/08 06:45,2026-09-08T07:00:00+09:00,2026/09/08,2026/10/08,2026-10,PUT,44250,15,36,,,44.97,,,3,20,,,,,
2026/09/08 06:45,2026-09-08T07:00:00+09:00,2026/09/08,2026/10/08,2026-10,CALL,44000,22155,,,,,,,,,,,,,
2026/09/08 06:45,2026-09-08T07:00:00+09:00,2026/09/08,2026/10/08,2026-10,PUT,44000,20,232,,58.92,51.63,34,3,11,1,,,,,
2026/09/08 06:45,2026-09-08T07:00:00+09:00,2026/09/08,2026/10/08,2026-10,CALL,43750,22405,,,,,,,,,,,,,
2026/09/08 06:45,2026-09-08T07:00:00+09:00,2026/09/08,2026/10/08,2026-10,PUT,43750,14,13,,,46.17,,,3,20,,,,,
2026/09/08 06:45,2026-09-08T07:00:00+09:00,2026/09/08,2026/10/08,2026-10,CALL,43500,22655,,,,,,,,,,,,,
2026/09/08 06:45,2026-09-08T07:00:00+09:00,2026/09/08,2026/10/08,2026-10,PUT,43500,18,15,,,46.77,,,3,20,,,,,
2026/09/08 06:45,2026-09-08T07:00:00+09:00,2026/09/08,2026/10/08,2026-10,CALL,43250,22900,,,,,,,,,,,,,
2026/09/08 06:45,2026-09-08T07:00:00+09:00,2026/09/08,2026/10/08,2026-10,PUT,43250,12,15,,,47.38,,,3,20,,,,,
2026/09/08 06:45,2026-09-08T07:00:00+09:00,2026/09/08,2026/10/08,2026-10,CALL,43000,23150,,,,,,,,,,,,,
2026/09/08 06:45,2026-09-08T07:00:00+09:00,2026/09/08,2026/10/08,2026-10,PUT,43000,18,159,1,58.71,47.99,22,1,3,21,58.39,-1,-4.55,21,09/07 23:55
2026/09/08 06:45,2026-09-08T07:00:00+09:00,2026/09/08,2026/10/08,2026-10,CALL,42750,23400,,,,,,,,,,,,,
2026/09/08 06:45,2026-09-08T07:00:00+09:00,2026/09/08,2026/10/08,2026-10,PUT,42750,11,31,,,48.61,,,3,20,,,,,
2026/09/08 06:45,2026-09-08T07:00:00+09:00,2026/09/08,2026/10/08,2026-10,CALL,42000,24145,,,,,,,,,,,,,
2026/09/08 06:45,2026-09-08T07:00:00+09:00,2026/09/08,2026/10/08,2026-10,PUT,42000,15,139,,60.98,56.53,20,1,10,1,,,,,
2026/09/08 06:45,2026-09-08T07:00:00+09:00,2026/09/08,2026/10/08,2026-10,CALL,41000,25140,,,,,,,,,,,,,
2026/09/08 06:45,2026-09-08T07:00:00+09:00,2026/09/08,2026/10/08,2026-10,PUT,41000,14,140,,72.47,53,54,1,3,20,,,,,
2026/09/08 06:45,2026-09-08T07:00:00+09:00,2026/09/08,2026/10/08,2026-10,CALL,40000,26140,,,,,,,,,,,,,
2026/09/08 06:45,2026-09-08T07:00:00+09:00,2026/09/08,2026/10/08,2026-10,PUT,40000,13,4194,6,64.9,62.19,15,1,10,1,63.93,0,0,13,09/08 04:49
2026/09/08 06:45,2026-09-08T07:00:00+09:00,2026/09/08,2026/10/08,2026-10,CALL,39000,27140,,,,,,,,,,,,,
2026/09/08 06:45,2026-09-08T07:00:00+09:00,2026/09/08,2026/10/08,2026-10,PUT,39000,11,104,,66.9,58.24,13,1,3,20,,,,,
2026/09/08 06:45,2026-09-08T07:00:00+09:00,2026/09/08,2026/10/08,2026-10,CALL,38000,28135,,,,,,,,,,,,,
2026/09/08 06:45,2026-09-08T07:00:00+09:00,2026/09/08,2026/10/08,2026-10,PUT,38000,8,15,,,66.62,,,8,4,,,,,
2026/09/08 06:45,2026-09-08T07:00:00+09:00,2026/09/08,2026/10/08,2026-10,CALL,37000,29135,,,,,,,,,,,,,
2026/09/08 06:45,2026-09-08T07:00:00+09:00,2026/09/08,2026/10/08,2026-10,PUT,37000,5,170,3,74.23,63.74,15,3,3,20,69.38,,,8,09/07 21:47
2026/09/08 06:45,2026-09-08T07:00:00+09:00,2026/09/08,2026/10/08,2026-10,CALL,36000,30135,,,,,,,,,,,,,
2026/09/08 06:45,2026-09-08T07:00:00+09:00,2026/09/08,2026/10/08,2026-10,PUT,36000,6,37,,,66.59,,,3,20,,,,,
2026/09/08 06:45,2026-09-08T07:00:00+09:00,2026/09/08,2026/10/08,2026-10,CALL,35000,31135,24,,,,,,,,,,,,
2026/09/08 06:45,2026-09-08T07:00:00+09:00,2026/09/08,2026/10/08,2026-10,PUT,35000,6,1997,8,74.94,71.25,7,1,4,90,76.17,2,33.33,8,09/07 17:17
2026/09/08 06:45,2026-09-08T07:00:00+09:00,2026/09/08,2026/10/08,2026-10,CALL,34000,32130,,,,,,,,,,,,,
2026/09/08 06:45,2026-09-08T07:00:00+09:00,2026/09/08,2026/10/08,2026-10,PUT,34000,5,22,3,172.73,70.2,1100,1,2,50,75.76,0,0,5,09/07 22:19
2026/09/08 06:45,2026-09-08T07:00:00+09:00,2026/09/08,2026/10/08,2026-10,CALL,33000,33130,,,,,,,,,,,,,
2026/09/08 06:45,2026-09-08T07:00:00+09:00,2026/09/08,2026/10/08,2026-10,PUT,33000,4,1734,,170.08,77.51,900,1,4,22,,,,,
2026/09/08 06:45,2026-09-08T07:00:00+09:00,2026/09/08,2026/10/08,2026-10,CALL,32000,34130,,,,,,,,,,,,,
2026/09/08 06:45,2026-09-08T07:00:00+09:00,2026/09/08,2026/10/08,2026-10,PUT,32000,3,42,,160.27,78.84,600,15,3,1,,,,,
2026/09/08 06:45,2026-09-08T07:00:00+09:00,2026/09/08,2026/10/08,2026-10,CALL,31000,35130,,,,,,,,,,,,,
2026/09/08 06:45,2026-09-08T07:00:00+09:00,2026/09/08,2026/10/08,2026-10,PUT,31000,3,4,,188.1,75.5,1000,1,1,71,,,,,
2026/09/08 06:45,2026-09-08T07:00:00+09:00,2026/09/08,2026/10/08,2026-10,CALL,30000,36130,,,,,,,,,,,,,
2026/09/08 06:45,2026-09-08T07:00:00+09:00,2026/09/08,2026/10/08,2026-10,PUT,30000,3,5009,2,87.62,85.54,4,3,3,22,85.53,-1,-25,3,09/07 22:07
2026/09/08 06:45,2026-09-08T07:00:00+09:00,2026/09/08,2026/10/08,2026-10,CALL,29000,37125,,,,,,,,,,,,,
2026/09/08 06:45,2026-09-08T07:00:00+09:00,2026/09/08,2026/10/08,2026-10,PUT,29000,1,11,,89.05,81.9,3,2,1,70,,,,,
2026/09/08 06:45,2026-09-08T07:00:00+09:00,2026/09/08,2026/10/08,2026-10,CALL,28000,38125,,,,,,,,,,,,,
2026/09/08 06:45,2026-09-08T07:00:00+09:00,2026/09/08,2026/10/08,2026-10,PUT,28000,2,19,,98.35,85.27,6,2,1,71,,,,,
2026/09/08 06:45,2026-09-08T07:00:00+09:00,2026/09/08,2026/10/08,2026-10,CALL,27000,39125,,,,,,,,,,,,,
2026/09/08 06:45,2026-09-08T07:00:00+09:00,2026/09/08,2026/10/08,2026-10,PUT,27000,2,28,,98.79,88.76,4,2,1,91,,,,,
2026/09/08 06:45,2026-09-08T07:00:00+09:00,2026/09/08,2026/10/08,2026-10,CALL,26000,40125,,,,,,,,,,,,,
2026/09/08 06:45,2026-09-08T07:00:00+09:00,2026/09/08,2026/10/08,2026-10,PUT,26000,1,27,,100.38,92.38,3,2,1,81,,,,,
2026/09/08 06:45,2026-09-08T07:00:00+09:00,2026/09/08,2026/10/08,2026-10,CALL,25000,41120,,,,,,,,,,,,,
2026/09/08 06:45,2026-09-08T07:00:00+09:00,2026/09/08,2026/10/08,2026-10,PUT,25000,1,1476,,104.44,96.14,3,4,1,172,,,,,
2026/09/08 06:45,2026-09-08T07:00:00+09:00,2026/09/08,2026/10/08,2026-10,CALL,22500,43620,,,,,,,,,,,,,
2026/09/08 06:45,2026-09-08T07:00:00+09:00,2026/09/08,2026/10/08,2026-10,PUT,22500,1,49,,111.77,106.25,2,2,1,56,,,,,
2026/09/08 06:45,2026-09-08T07:00:00+09:00,2026/09/08,2026/10/08,2026-10,CALL,20000,46115,,,,,,,,,,,,,
2026/09/08 06:45,2026-09-08T07:00:00+09:00,2026/09/08,2026/10/08,2026-10,PUT,20000,1,648,45,123.65,,2,10,,,117.56,0,0,1,09/08 01:57
2026/09/08 06:45,2026-09-08T07:00:00+09:00,2026/09/08,2026/12/10,2026-12,CALL,68500,2295,424,,,,,,,,,,,,
2026/09/08 06:45,2026-09-08T07:00:00+09:00,2026/09/08,2026/12/10,2026-12,PUT,68500,4455,203,,,,,,,,,,,,
2026/09/08 06:45,2026-09-08T07:00:00+09:00,2026/09/08,2026/12/10,2026-12,CALL,68250,2395,,,,,,,,,,,,,
2026/09/08 06:45,2026-09-08T07:00:00+09:00,2026/09/08,2026/12/10,2026-12,PUT,68250,4315,,,,,,,,,,,,,
2026/09/08 06:45,2026-09-08T07:00:00+09:00,2026/09/08,2026/12/10,2026-12,CALL,68000,2500,3248,,,,,,,,,,,,
2026/09/08 06:45,2026-09-08T07:00:00+09:00,2026/09/08,2026/12/10,2026-12,PUT,68000,4170,1900,,,,,,1,1,,,,,
2026/09/08 06:45,2026-09-08T07:00:00+09:00,2026/09/08,2026/12/10,2026-12,CALL,67750,2605,,,,,,,,,,,,,
2026/09/08 06:45,2026-09-08T07:00:00+09:00,2026/09/08,2026/12/10,2026-12,PUT,67750,4020,,,,,,,,,,,,,
2026/09/08 06:45,2026-09-08T07:00:00+09:00,2026/09/08,2026/12/10,2026-12,CALL,67500,2710,25,,,,,,,,,,,,
2026/09/08 06:45,2026-09-08T07:00:00+09:00,2026/09/08,2026/12/10,2026-12,PUT,67500,3890,25,,,,,,,,,,,,
2026/09/08 06:45,2026-09-08T07:00:00+09:00,2026/09/08,2026/12/10,2026-12,CALL,67250,2825,25,,,,,,,,,,,,
2026/09/08 06:45,2026-09-08T07:00:00+09:00,2026/09/08,2026/12/10,2026-12,PUT,67250,3745,25,,,,,,,,,,,,
2026/09/08 06:45,2026-09-08T07:00:00+09:00,2026/09/08,2026/12/10,2026-12,CALL,67000,2945,1318,,,,,,,,,,,,
2026/09/08 06:45,2026-09-08T07:00:00+09:00,2026/09/08,2026/12/10,2026-12,PUT,67000,3615,1590,,,,,,,,,,,,
2026/09/08 06:45,2026-09-08T07:00:00+09:00,2026/09/08,2026/12/10,2026-12,CALL,66750,3065,,,,,,,,,,,,,
2026/09/08 06:45,2026-09-08T07:00:00+09:00,2026/09/08,2026/12/10,2026-12,PUT,66750,3490,,,,,,,,,,,,,
2026/09/08 06:45,2026-09-08T07:00:00+09:00,2026/09/08,2026/12/10,2026-12,CALL,66500,3185,2750,,,,,,,,,,,,
2026/09/08 06:45,2026-09-08T07:00:00+09:00,2026/09/08,2026/12/10,2026-12,PUT,66500,3355,750,,,,,,,,,,,,
2026/09/08 06:45,2026-09-08T07:00:00+09:00,2026/09/08,2026/12/10,2026-12,CALL,66250,3320,15,,,,,,,,,,,,
2026/09/08 06:45,2026-09-08T07:00:00+09:00,2026/09/08,2026/12/10,2026-12,PUT,66250,3235,,,,,,,,,,,,,
2026/09/08 06:45,2026-09-08T07:00:00+09:00,2026/09/08,2026/12/10,2026-12,CALL,66000,3450,1055,,,,,,,,,,,,
2026/09/08 06:45,2026-09-08T07:00:00+09:00,2026/09/08,2026/12/10,2026-12,PUT,66000,3120,1086,,,,,,,,,,,,
2026/09/08 06:45,2026-09-08T07:00:00+09:00,2026/09/08,2026/12/10,2026-12,CALL,65750,3580,,,,,,,,,,,,,
2026/09/08 06:45,2026-09-08T07:00:00+09:00,2026/09/08,2026/12/10,2026-12,PUT,65750,3000,,,,,,,,,,,,,
2026/09/08 06:45,2026-09-08T07:00:00+09:00,2026/09/08,2026/12/10,2026-12,CALL,65500,3720,734,,,,,,,,,,,,
2026/09/08 06:45,2026-09-08T07:00:00+09:00,2026/09/08,2026/12/10,2026-12,PUT,65500,2885,605,,,,,,,,,,,,
2026/09/08 06:45,2026-09-08T07:00:00+09:00,2026/09/08,2026/12/10,2026-12,CALL,65250,3860,,,,,,,,,,,,,
2026/09/08 06:45,2026-09-08T07:00:00+09:00,2026/09/08,2026/12/10,2026-12,PUT,65250,2780,,,,,,,,,,,,,
2026/09/08 06:45,2026-09-08T07:00:00+09:00,2026/09/08,2026/12/10,2026-12,CALL,65000,4015,2992,,,,,,,,,,,,
2026/09/08 06:45,2026-09-08T07:00:00+09:00,2026/09/08,2026/12/10,2026-12,PUT,65000,2670,4052,,,,,,,,,,,,
2026/09/08 06:45,2026-09-08T07:00:00+09:00,2026/09/08,2026/12/10,2026-12,CALL,64750,4165,,,,,,,,,,,,,
2026/09/08 06:45,2026-09-08T07:00:00+09:00,2026/09/08,2026/12/10,2026-12,PUT,64750,2575,,,,,,,,,,,,,
2026/09/08 06:45,2026-09-08T07:00:00+09:00,2026/09/08,2026/12/10,2026-12,CALL,64500,4315,96,,,,,,,,,,,,
2026/09/08 06:45,2026-09-08T07:00:00+09:00,2026/09/08,2026/12/10,2026-12,PUT,64500,2490,2,,,,,,,,,,,,
2026/09/08 06:45,2026-09-08T07:00:00+09:00,2026/09/08,2026/12/10,2026-12,CALL,64250,4465,,,,,,,,,,,,,
2026/09/08 06:45,2026-09-08T07:00:00+09:00,2026/09/08,2026/12/10,2026-12,PUT,64250,2380,,,,,,,,,,,,,
2026/09/08 06:45,2026-09-08T07:00:00+09:00,2026/09/08,2026/12/10,2026-12,CALL,64000,4620,2140,,,,,,,,,,,,
2026/09/08 06:45,2026-09-08T07:00:00+09:00,2026/09/08,2026/12/10,2026-12,PUT,64000,2290,1956,,,,,,,,,,,,
2026/09/08 06:45,2026-09-08T07:00:00+09:00,2026/09/08,2026/12/10,2026-12,CALL,63750,4780,,,,,,,,,,,,,
2026/09/08 06:45,2026-09-08T07:00:00+09:00,2026/09/08,2026/12/10,2026-12,PUT,63750,2200,23,,,,,,,,,,,,
2026/09/08 06:45,2026-09-08T07:00:00+09:00,2026/09/08,2026/12/10,2026-12,CALL,63500,4945,300,,,,,,,,,,,,
2026/09/08 06:45,2026-09-08T07:00:00+09:00,2026/09/08,2026/12/10,2026-12,PUT,63500,2110,600,,,,,,,,,,,,
2026/09/08 06:45,2026-09-08T07:00:00+09:00,2026/09/08,2026/12/10,2026-12,CALL,63250,5110,,,,,,,,,,,,,
2026/09/08 06:45,2026-09-08T07:00:00+09:00,2026/09/08,2026/12/10,2026-12,PUT,63250,2030,,,,,,,,,,,,,
2026/09/08 06:45,2026-09-08T07:00:00+09:00,2026/09/08,2026/12/10,2026-12,CALL,63000,5290,1615,,,,,,,,,,,,
2026/09/08 06:45,2026-09-08T07:00:00+09:00,2026/09/08,2026/12/10,2026-12,PUT,63000,1945,2493,,,,,,,,,,,,
2026/09/08 06:45,2026-09-08T07:00:00+09:00,2026/09/08,2026/12/10,2026-12,CALL,62750,5465,,,,,,,,,,,,,
2026/09/08 06:45,2026-09-08T07:00:00+09:00,2026/09/08,2026/12/10,2026-12,PUT,62750,1870,,,,,,,,,,,,,
2026/09/08 06:45,2026-09-08T07:00:00+09:00,2026/09/08,2026/12/10,2026-12,CALL,62500,5630,812,,,,,,,,,,,,
2026/09/08 06:45,2026-09-08T07:00:00+09:00,2026/09/08,2026/12/10,2026-12,PUT,62500,1785,1087,,,,,,,,,,,,
2026/09/08 06:45,2026-09-08T07:00:00+09:00,2026/09/08,2026/12/10,2026-12,CALL,62250,5810,,,,,,,,,,,,,
2026/09/08 06:45,2026-09-08T07:00:00+09:00,2026/09/08,2026/12/10,2026-12,PUT,62250,1720,250,,,,,,,,,,,,
2026/09/08 06:45,2026-09-08T07:00:00+09:00,2026/09/08,2026/12/10,2026-12,CALL,62000,5985,1450,,,,,,,,,,,,
2026/09/08 06:45,2026-09-08T07:00:00+09:00,2026/09/08,2026/12/10,2026-12,PUT,62000,1640,2461,,,4.29,,,1,1,,,,,
2026/09/08 06:45,2026-09-08T07:00:00+09:00,2026/09/08,2026/12/10,2026-12,CALL,61750,6165,,,,,,,,,,,,,
2026/09/08 06:45,2026-09-08T07:00:00+09:00,2026/09/08,2026/12/10,2026-12,PUT,61750,1575,,,,,,,,,,,,,
2026/09/08 06:45,2026-09-08T07:00:00+09:00,2026/09/08,2026/12/10,2026-12,CALL,61500,6350,,,,,,,,,,,,,
2026/09/08 06:45,2026-09-08T07:00:00+09:00,2026/09/08,2026/12/10,2026-12,PUT,61500,1510,1,,,,,,,,,,,,
2026/09/08 06:45,2026-09-08T07:00:00+09:00,2026/09/08,2026/12/10,2026-12,CALL,61250,6535,,,,,,,,,,,,,
2026/09/08 06:45,2026-09-08T07:00:00+09:00,2026/09/08,2026/12/10,2026-12,PUT,61250,1445,32,,,,,,,,,,,,
2026/09/08 06:45,2026-09-08T07:00:00+09:00,2026/09/08,2026/12/10,2026-12,CALL,61000,6740,813,,,,,,1,10,,,,,
2026/09/08 06:45,2026-09-08T07:00:00+09:00,2026/09/08,2026/12/10,2026-12,PUT,61000,1405,1436,,,,,,,,,,,,
2026/09/08 06:45,2026-09-08T07:00:00+09:00,2026/09/08,2026/12/10,2026-12,CALL,60750,6915,,,,,,,1,10,,,,,
2026/09/08 06:45,2026-09-08T07:00:00+09:00,2026/09/08,2026/12/10,2026-12,PUT,60750,1330,,,,,,,,,,,,,
2026/09/08 06:45,2026-09-08T07:00:00+09:00,2026/09/08,2026/12/10,2026-12,CALL,60500,7110,102,,,,,,1,10,,,,,
2026/09/08 06:45,2026-09-08T07:00:00+09:00,2026/09/08,2026/12/10,2026-12,PUT,60500,1275,200,,,,,,,,,,,,
2026/09/08 06:45,2026-09-08T07:00:00+09:00,2026/09/08,2026/12/10,2026-12,CALL,60250,7310,,,,,,,,,,,,,
2026/09/08 06:45,2026-09-08T07:00:00+09:00,2026/09/08,2026/12/10,2026-12,PUT,60250,1225,36,,,,,,,,,,,,
2026/09/08 06:45,2026-09-08T07:00:00+09:00,2026/09/08,2026/12/10,2026-12,CALL,60000,7540,7264,,,,,,,,,,,,
2026/09/08 06:45,2026-09-08T07:00:00+09:00,2026/09/08,2026/12/10,2026-12,PUT,60000,1220,9824,,,26.65,,,1230,1,,,,,
2026/09/08 06:45,2026-09-08T07:00:00+09:00,2026/09/08,2026/12/10,2026-12,CALL,59750,7710,,,,,,,,,,,,,
2026/09/08 06:45,2026-09-08T07:00:00+09:00,2026/09/08,2026/12/10,2026-12,PUT,59750,1125,,,,,,,,,,,,,
2026/09/08 06:45,2026-09-08T07:00:00+09:00,2026/09/08,2026/12/10,2026-12,CALL,59500,7910,100,,,,,,,,,,,,
2026/09/08 06:45,2026-09-08T07:00:00+09:00,2026/09/08,2026/12/10,2026-12,PUT,59500,1075,250,,,,,,,,,,,,
2026/09/08 06:45,2026-09-08T07:00:00+09:00,2026/09/08,2026/12/10,2026-12,CALL,59250,8115,,,,,,,,,,,,,
2026/09/08 06:45,2026-09-08T07:00:00+09:00,2026/09/08,2026/12/10,2026-12,PUT,59250,1035,60,,,,,,,,,,,,
2026/09/08 06:45,2026-09-08T07:00:00+09:00,2026/09/08,2026/12/10,2026-12,CALL,59000,8320,1900,,,,,,,,,,,,
2026/09/08 06:45,2026-09-08T07:00:00+09:00,2026/09/08,2026/12/10,2026-12,PUT,59000,1005,2409,,,,,,,,,,,,
2026/09/08 06:45,2026-09-08T07:00:00+09:00,2026/09/08,2026/12/10,2026-12,CALL,58750,8530,,,,,,,,,,,,,
2026/09/08 06:45,2026-09-08T07:00:00+09:00,2026/09/08,2026/12/10,2026-12,PUT,58750,950,,,,,,,,,,,,,
2026/09/08 06:45,2026-09-08T07:00:00+09:00,2026/09/08,2026/12/10,2026-12,CALL,58500,8725,350,,,,,,,,,,,,
2026/09/08 06:45,2026-09-08T07:00:00+09:00,2026/09/08,2026/12/10,2026-12,PUT,58500,895,850,,,7.87,,,1,1,,,,,
2026/09/08 06:45,2026-09-08T07:00:00+09:00,2026/09/08,2026/12/10,2026-12,CALL,58250,8935,,,,,,,,,,,,,
2026/09/08 06:45,2026-09-08T07:00:00+09:00,2026/09/08,2026/12/10,2026-12,PUT,58250,855,65,,,,,,,,,,,,
2026/09/08 06:45,2026-09-08T07:00:00+09:00,2026/09/08,2026/12/10,2026-12,CALL,58000,9150,2603,,,,,,,,,,,,
2026/09/08 06:45,2026-09-08T07:00:00+09:00,2026/09/08,2026/12/10,2026-12,PUT,58000,825,1907,,,,,,,,,,,,
2026/09/08 06:45,2026-09-08T07:00:00+09:00,2026/09/08,2026/12/10,2026-12,CALL,57750,9385,,,,,,,,,,,,,
2026/09/08 06:45,2026-09-08T07:00:00+09:00,2026/09/08,2026/12/10,2026-12,PUT,57750,810,,,,,,,,,,,,,
2026/09/08 06:45,2026-09-08T07:00:00+09:00,2026/09/08,2026/12/10,2026-12,CALL,57500,9600,80,,,,,,,,,,,,
2026/09/08 06:45,2026-09-08T07:00:00+09:00,2026/09/08,2026/12/10,2026-12,PUT,57500,775,850,,,,,,,,,,,,
2026/09/08 06:45,2026-09-08T07:00:00+09:00,2026/09/08,2026/12/10,2026-12,CALL,57250,9810,113,,,,,,,,,,,,
2026/09/08 06:45,2026-09-08T07:00:00+09:00,2026/09/08,2026/12/10,2026-12,PUT,57250,740,,,,,,,,,,,,,
2026/09/08 06:45,2026-09-08T07:00:00+09:00,2026/09/08,2026/12/10,2026-12,CALL,57000,10055,500,,,,,,,,,,,,
2026/09/08 06:45,2026-09-08T07:00:00+09:00,2026/09/08,2026/12/10,2026-12,PUT,57000,730,2381,,,,,,,,,,,,
2026/09/08 06:45,2026-09-08T07:00:00+09:00,2026/09/08,2026/12/10,2026-12,CALL,56750,10260,,,,,,,,,,,,,
2026/09/08 06:45,2026-09-08T07:00:00+09:00,2026/09/08,2026/12/10,2026-12,PUT,56750,690,,,,,,,,,,,,,
2026/09/08 06:45,2026-09-08T07:00:00+09:00,2026/09/08,2026/12/10,2026-12,CALL,56500,10475,283,,,,,,,,,,,,
2026/09/08 06:45,2026-09-08T07:00:00+09:00,2026/09/08,2026/12/10,2026-12,PUT,56500,655,171,,,,,,,,,,,,
2026/09/08 06:45,2026-09-08T07:00:00+09:00,2026/09/08,2026/12/10,2026-12,CALL,56250,10700,,,,,,,,,,,,,
2026/09/08 06:45,2026-09-08T07:00:00+09:00,2026/09/08,2026/12/10,2026-12,PUT,56250,630,2,,,,,,,,,,,,
2026/09/08 06:45,2026-09-08T07:00:00+09:00,2026/09/08,2026/12/10,2026-12,CALL,56000,10945,791,,,,,,,,,,,,
2026/09/08 06:45,2026-09-08T07:00:00+09:00,2026/09/08,2026/12/10,2026-12,PUT,56000,625,2528,,,,,,,,,,,,
2026/09/08 06:45,2026-09-08T07:00:00+09:00,2026/09/08,2026/12/10,2026-12,CALL,55750,11155,,,,,,,,,,,,,
2026/09/08 06:45,2026-09-08T07:00:00+09:00,2026/09/08,2026/12/10,2026-12,PUT,55750,590,,,,,,,,,,,,,
2026/09/08 06:45,2026-09-08T07:00:00+09:00,2026/09/08,2026/12/10,2026-12,CALL,55500,11400,300,,,,,,,,,,,,
2026/09/08 06:45,2026-09-08T07:00:00+09:00,2026/09/08,2026/12/10,2026-12,PUT,55500,585,100,,,,,,,,,,,,
2026/09/08 06:45,2026-09-08T07:00:00+09:00,2026/09/08,2026/12/10,2026-12,CALL,55250,11620,,,,,,,,,,,,,
2026/09/08 06:45,2026-09-08T07:00:00+09:00,2026/09/08,2026/12/10,2026-12,PUT,55250,555,,,,,,,,,,,,,
2026/09/08 06:45,2026-09-08T07:00:00+09:00,2026/09/08,2026/12/10,2026-12,CALL,55000,11850,1829,,,,,,,,,,,,
2026/09/08 06:45,2026-09-08T07:00:00+09:00,2026/09/08,2026/12/10,2026-12,PUT,55000,540,4826,,,11.54,,,1,2,,,,,
2026/09/08 06:45,2026-09-08T07:00:00+09:00,2026/09/08,2026/12/10,2026-12,CALL,54750,12070,,,,,,,,,,,,,
2026/09/08 06:45,2026-09-08T07:00:00+09:00,2026/09/08,2026/12/10,2026-12,PUT,54750,510,32,,,11.8,,,1,1,,,,,
2026/09/08 06:45,2026-09-08T07:00:00+09:00,2026/09/08,2026/12/10,2026-12,CALL,54500,12315,540,,,,,,,,,,,,
2026/09/08 06:45,2026-09-08T07:00:00+09:00,2026/09/08,2026/12/10,2026-12,PUT,54500,505,780,,,,,,,,,,,,
2026/09/08 06:45,2026-09-08T07:00:00+09:00,2026/09/08,2026/12/10,2026-12,CALL,54250,12545,,,,,,,,,,,,,
2026/09/08 06:45,2026-09-08T07:00:00+09:00,2026/09/08,2026/12/10,2026-12,PUT,54250,485,,,,,,,,,,,,,
2026/09/08 06:45,2026-09-08T07:00:00+09:00,2026/09/08,2026/12/10,2026-12,CALL,54000,12775,1941,,,,,,,,,,,,
2026/09/08 06:45,2026-09-08T07:00:00+09:00,2026/09/08,2026/12/10,2026-12,PUT,54000,470,2663,,,12.61,,,1,3,,,,,
2026/09/08 06:45,2026-09-08T07:00:00+09:00,2026/09/08,2026/12/10,2026-12,CALL,53750,13010,,,,,,,,,,,,,
2026/09/08 06:45,2026-09-08T07:00:00+09:00,2026/09/08,2026/12/10,2026-12,PUT,53750,455,4,,,,,,,,,,,,
2026/09/08 06:45,2026-09-08T07:00:00+09:00,2026/09/08,2026/12/10,2026-12,CALL,53500,13250,106,,,,,,,,,,,,
2026/09/08 06:45,2026-09-08T07:00:00+09:00,2026/09/08,2026/12/10,2026-12,PUT,53500,440,205,,,,,,,,,,,,
2026/09/08 06:45,2026-09-08T07:00:00+09:00,2026/09/08,2026/12/10,2026-12,CALL,53250,13485,,,,,,,,,,,,,
2026/09/08 06:45,2026-09-08T07:00:00+09:00,2026/09/08,2026/12/10,2026-12,PUT,53250,425,187,,,,,,,,,,,,
2026/09/08 06:45,2026-09-08T07:00:00+09:00,2026/09/08,2026/12/10,2026-12,CALL,53000,13720,1135,,,,,,,,,,,,
2026/09/08 06:45,2026-09-08T07:00:00+09:00,2026/09/08,2026/12/10,2026-12,PUT,53000,420,1712,85,40.47,15.85,905,1,5,1,33.1,-45,-9.09,450,09/07 18:21
2026/09/08 06:45,2026-09-08T07:00:00+09:00,2026/09/08,2026/12/10,2026-12,CALL,52750,13955,,,,,,,,,,,,,
2026/09/08 06:45,2026-09-08T07:00:00+09:00,2026/09/08,2026/12/10,2026-12,PUT,52750,400,,,,,,,,,,,,,
2026/09/08 06:45,2026-09-08T07:00:00+09:00,2026/09/08,2026/12/10,2026-12,CALL,52500,14175,50,,,,,,,,,,,,
2026/09/08 06:45,2026-09-08T07:00:00+09:00,2026/09/08,2026/12/10,2026-12,PUT,52500,375,600,,,,,,,,,,,,
2026/09/08 06:45,2026-09-08T07:00:00+09:00,2026/09/08,2026/12/10,2026-12,CALL,52250,14420,250,,,,,,,,,,,,
2026/09/08 06:45,2026-09-08T07:00:00+09:00,2026/09/08,2026/12/10,2026-12,PUT,52250,370,525,,,,,,,,,,,,
2026/09/08 06:45,2026-09-08T07:00:00+09:00,2026/09/08,2026/12/10,2026-12,CALL,52000,14670,802,,,,,,,,,,,,
2026/09/08 06:45,2026-09-08T07:00:00+09:00,2026/09/08,2026/12/10,2026-12,PUT,52000,365,2766,,,25.44,,,100,1,,,,,
2026/09/08 06:45,2026-09-08T07:00:00+09:00,2026/09/08,2026/12/10,2026-12,CALL,51750,14905,,,,,,,,,,,,,
2026/09/08 06:45,2026-09-08T07:00:00+09:00,2026/09/08,2026/12/10,2026-12,PUT,51750,355,,,,,,,,,,,,,
2026/09/08 06:45,2026-09-08T07:00:00+09:00,2026/09/08,2026/12/10,2026-12,CALL,51500,15145,,,,,,,,,,,,,
2026/09/08 06:45,2026-09-08T07:00:00+09:00,2026/09/08,2026/12/10,2026-12,PUT,51500,345,20,,,,,,,,,,,,
2026/09/08 06:45,2026-09-08T07:00:00+09:00,2026/09/08,2026/12/10,2026-12,CALL,51250,15385,,,,,,,,,,,,,
2026/09/08 06:45,2026-09-08T07:00:00+09:00,2026/09/08,2026/12/10,2026-12,PUT,51250,335,2,,,,,,,,,,,,
2026/09/08 06:45,2026-09-08T07:00:00+09:00,2026/09/08,2026/12/10,2026-12,CALL,51000,15600,731,,,,,,,,,,,,
2026/09/08 06:45,2026-09-08T07:00:00+09:00,2026/09/08,2026/12/10,2026-12,PUT,51000,305,1565,,,15.93,,,1,1,,,,,
2026/09/08 06:45,2026-09-08T07:00:00+09:00,2026/09/08,2026/12/10,2026-12,CALL,50750,15845,45,,,,,,,,,,,,
2026/09/08 06:45,2026-09-08T07:00:00+09:00,2026/09/08,2026/12/10,2026-12,PUT,50750,296,47,,,,,,,,,,,,
2026/09/08 06:45,2026-09-08T07:00:00+09:00,2026/09/08,2026/12/10,2026-12,CALL,50500,16085,600,,,,,,,,,,,,
2026/09/08 06:45,2026-09-08T07:00:00+09:00,2026/09/08,2026/12/10,2026-12,PUT,50500,289,1175,,,,,,,,,,,,
2026/09/08 06:45,2026-09-08T07:00:00+09:00,2026/09/08,2026/12/10,2026-12,CALL,50250,16325,58,,,,,,,,,,,,
2026/09/08 06:45,2026-09-08T07:00:00+09:00,2026/09/08,2026/12/10,2026-12,PUT,50250,281,16,,,,,,,,,,,,
2026/09/08 06:45,2026-09-08T07:00:00+09:00,2026/09/08,2026/12/10,2026-12,CALL,50000,16555,4442,,,,,,,,,,,,
2026/09/08 06:45,2026-09-08T07:00:00+09:00,2026/09/08,2026/12/10,2026-12,PUT,50000,263,7597,,,21.36,,,11,1,,,,,
2026/09/08 06:45,2026-09-08T07:00:00+09:00,2026/09/08,2026/12/10,2026-12,CALL,49750,16805,,,,,,,,,,,,,
2026/09/08 06:45,2026-09-08T07:00:00+09:00,2026/09/08,2026/12/10,2026-12,PUT,49750,263,73,,,,,,,,,,,,
2026/09/08 06:45,2026-09-08T07:00:00+09:00,2026/09/08,2026/12/10,2026-12,CALL,49500,17050,260,,,,,,,,,,,,
2026/09/08 06:45,2026-09-08T07:00:00+09:00,2026/09/08,2026/12/10,2026-12,PUT,49500,256,2719,,,,,,,,,,,,
2026/09/08 06:45,2026-09-08T07:00:00+09:00,2026/09/08,2026/12/10,2026-12,CALL,49250,17290,,,,,,,,,,,,,
2026/09/08 06:45,2026-09-08T07:00:00+09:00,2026/09/08,2026/12/10,2026-12,PUT,49250,248,202,,,,,,,,,,,,
2026/09/08 06:45,2026-09-08T07:00:00+09:00,2026/09/08,2026/12/10,2026-12,CALL,49000,17520,1000,,,,,,,,,,,,
2026/09/08 06:45,2026-09-08T07:00:00+09:00,2026/09/08,2026/12/10,2026-12,PUT,49000,228,3179,,,,,,,,,,,,
2026/09/08 06:45,2026-09-08T07:00:00+09:00,2026/09/08,2026/12/10,2026-12,CALL,48750,17765,,,,,,,,,,,,,
2026/09/08 06:45,2026-09-08T07:00:00+09:00,2026/09/08,2026/12/10,2026-12,PUT,48750,227,2,,,,,,,,,,,,
2026/09/08 06:45,2026-09-08T07:00:00+09:00,2026/09/08,2026/12/10,2026-12,CALL,48500,18015,,,,,,,,,,,,,
2026/09/08 06:45,2026-09-08T07:00:00+09:00,2026/09/08,2026/12/10,2026-12,PUT,48500,228,302,,,,,,,,,,,,
2026/09/08 06:45,2026-09-08T07:00:00+09:00,2026/09/08,2026/12/10,2026-12,CALL,48250,18260,,,,,,,,,,,,,
2026/09/08 06:45,2026-09-08T07:00:00+09:00,2026/09/08,2026/12/10,2026-12,PUT,48250,220,3,,,,,,,,,,,,
2026/09/08 06:45,2026-09-08T07:00:00+09:00,2026/09/08,2026/12/10,2026-12,CALL,48000,18500,750,,,,,,,,,,,,
2026/09/08 06:45,2026-09-08T07:00:00+09:00,2026/09/08,2026/12/10,2026-12,PUT,48000,215,4136,,,20.53,,,2,10,,,,,
2026/09/08 06:45,2026-09-08T07:00:00+09:00,2026/09/08,2026/12/10,2026-12,CALL,47750,18745,,,,,,,,,,,,,
2026/09/08 06:45,2026-09-08T07:00:00+09:00,2026/09/08,2026/12/10,2026-12,PUT,47750,209,2,,,,,,,,,,,,
2026/09/08 06:45,2026-09-08T07:00:00+09:00,2026/09/08,2026/12/10,2026-12,CALL,47500,18985,200,,,,,,,,,,,,
2026/09/08 06:45,2026-09-08T07:00:00+09:00,2026/09/08,2026/12/10,2026-12,PUT,47500,199,1121,,,,,,,,,,,,
2026/09/08 06:45,2026-09-08T07:00:00+09:00,2026/09/08,2026/12/10,2026-12,CALL,47250,19230,,,,,,,,,,,,,
2026/09/08 06:45,2026-09-08T07:00:00+09:00,2026/09/08,2026/12/10,2026-12,PUT,47250,198,,,,,,,,,,,,,
2026/09/08 06:45,2026-09-08T07:00:00+09:00,2026/09/08,2026/12/10,2026-12,CALL,47000,19475,350,,,,,,,,,,,,
2026/09/08 06:45,2026-09-08T07:00:00+09:00,2026/09/08,2026/12/10,2026-12,PUT,47000,193,2846,,,20.61,,,1,1,,,,,
2026/09/08 06:45,2026-09-08T07:00:00+09:00,2026/09/08,2026/12/10,2026-12,CALL,46750,19720,,,,,,,,,,,,,
2026/09/08 06:45,2026-09-08T07:00:00+09:00,2026/09/08,2026/12/10,2026-12,PUT,46750,188,,,,,,,,,,,,,
2026/09/08 06:45,2026-09-08T07:00:00+09:00,2026/09/08,2026/12/10,2026-12,CALL,46500,19965,,,,,,,,,,,,,
2026/09/08 06:45,2026-09-08T07:00:00+09:00,2026/09/08,2026/12/10,2026-12,PUT,46500,183,,,,,,,,,,,,,
2026/09/08 06:45,2026-09-08T07:00:00+09:00,2026/09/08,2026/12/10,2026-12,CALL,46250,20205,315,,,,,,,,,,,,
2026/09/08 06:45,2026-09-08T07:00:00+09:00,2026/09/08,2026/12/10,2026-12,PUT,46250,178,,,,,,,,,,,,,
2026/09/08 06:45,2026-09-08T07:00:00+09:00,2026/09/08,2026/12/10,2026-12,CALL,46000,20450,2300,,,,,,,,,,,,
2026/09/08 06:45,2026-09-08T07:00:00+09:00,2026/09/08,2026/12/10,2026-12,PUT,46000,173,3857,,,21.84,,,1,1,,,,,
2026/09/08 06:45,2026-09-08T07:00:00+09:00,2026/09/08,2026/12/10,2026-12,CALL,45750,20695,,,,,,,,,,,,,
2026/09/08 06:45,2026-09-08T07:00:00+09:00,2026/09/08,2026/12/10,2026-12,PUT,45750,169,,,,,,,,,,,,,
2026/09/08 06:45,2026-09-08T07:00:00+09:00,2026/09/08,2026/12/10,2026-12,CALL,45500,20940,200,,,,,,,,,,,,
2026/09/08 06:45,2026-09-08T07:00:00+09:00,2026/09/08,2026/12/10,2026-12,PUT,45500,165,350,,,,,,,,,,,,
2026/09/08 06:45,2026-09-08T07:00:00+09:00,2026/09/08,2026/12/10,2026-12,CALL,45250,21185,413,,,,,,,,,,,,
2026/09/08 06:45,2026-09-08T07:00:00+09:00,2026/09/08,2026/12/10,2026-12,PUT,45250,160,51,,,,,,,,,,,,
2026/09/08 06:45,2026-09-08T07:00:00+09:00,2026/09/08,2026/12/10,2026-12,CALL,45000,21430,1842,,,,,,,,,,,,
2026/09/08 06:45,2026-09-08T07:00:00+09:00,2026/09/08,2026/12/10,2026-12,PUT,45000,156,2725,,52.49,25.25,500,1,3,1,,,,,
2026/09/08 06:45,2026-09-08T07:00:00+09:00,2026/09/08,2026/12/10,2026-12,CALL,44750,21675,,,,,,,,,,,,,
2026/09/08 06:45,2026-09-08T07:00:00+09:00,2026/09/08,2026/12/10,2026-12,PUT,44750,152,,,,,,,,,,,,,
2026/09/08 06:45,2026-09-08T07:00:00+09:00,2026/09/08,2026/12/10,2026-12,CALL,44500,21920,,,,,,,,,,,,,
2026/09/08 06:45,2026-09-08T07:00:00+09:00,2026/09/08,2026/12/10,2026-12,PUT,44500,148,,,,,,,,,,,,,
2026/09/08 06:45,2026-09-08T07:00:00+09:00,2026/09/08,2026/12/10,2026-12,CALL,44250,22165,,,,,,,,,,,,,
2026/09/08 06:45,2026-09-08T07:00:00+09:00,2026/09/08,2026/12/10,2026-12,PUT,44250,144,,,,,,,,,,,,,
2026/09/08 06:45,2026-09-08T07:00:00+09:00,2026/09/08,2026/12/10,2026-12,CALL,44000,22410,600,,,,,,,,,,,,
2026/09/08 06:45,2026-09-08T07:00:00+09:00,2026/09/08,2026/12/10,2026-12,PUT,44000,141,2800,,,24.36,,,1,10,,,,,
2026/09/08 06:45,2026-09-08T07:00:00+09:00,2026/09/08,2026/12/10,2026-12,CALL,43750,22655,131,,,,,,,,,,,,
2026/09/08 06:45,2026-09-08T07:00:00+09:00,2026/09/08,2026/12/10,2026-12,PUT,43750,138,9,,,,,,,,,,,,
2026/09/08 06:45,2026-09-08T07:00:00+09:00,2026/09/08,2026/12/10,2026-12,CALL,43500,22900,,,,,,,,,,,,,
2026/09/08 06:45,2026-09-08T07:00:00+09:00,2026/09/08,2026/12/10,2026-12,PUT,43500,134,100,,,,,,,,,,,,
2026/09/08 06:45,2026-09-08T07:00:00+09:00,2026/09/08,2026/12/10,2026-12,CALL,43250,23145,,,,,,,,,,,,,
2026/09/08 06:45,2026-09-08T07:00:00+09:00,2026/09/08,2026/12/10,2026-12,PUT,43250,131,,,,,,,,,,,,,
2026/09/08 06:45,2026-09-08T07:00:00+09:00,2026/09/08,2026/12/10,2026-12,CALL,43000,23395,1400,,,,,,,,,,,,
2026/09/08 06:45,2026-09-08T07:00:00+09:00,2026/09/08,2026/12/10,2026-12,PUT,43000,127,1682,,,25.66,,,1,10,,,,,
2026/09/08 06:45,2026-09-08T07:00:00+09:00,2026/09/08,2026/12/10,2026-12,CALL,42750,23640,,,,,,,,,,,,,
2026/09/08 06:45,2026-09-08T07:00:00+09:00,2026/09/08,2026/12/10,2026-12,PUT,42750,124,,,,,,,,,,,,,
2026/09/08 06:45,2026-09-08T07:00:00+09:00,2026/09/08,2026/12/10,2026-12,CALL,42500,23885,250,,,,,,,,,,,,
2026/09/08 06:45,2026-09-08T07:00:00+09:00,2026/09/08,2026/12/10,2026-12,PUT,42500,121,300,,,,,,,,,,,,
2026/09/08 06:45,2026-09-08T07:00:00+09:00,2026/09/08,2026/12/10,2026-12,CALL,42250,24130,,,,,,,,,,,,,
2026/09/08 06:45,2026-09-08T07:00:00+09:00,2026/09/08,2026/12/10,2026-12,PUT,42250,118,,,,,,,,,,,,,
2026/09/08 06:45,2026-09-08T07:00:00+09:00,2026/09/08,2026/12/10,2026-12,CALL,42000,24360,1071,,,,,,,,,,,,
2026/09/08 06:45,2026-09-08T07:00:00+09:00,2026/09/08,2026/12/10,2026-12,PUT,42000,110,3702,,,26.99,,,1,10,,,,,
2026/09/08 06:45,2026-09-08T07:00:00+09:00,2026/09/08,2026/12/10,2026-12,CALL,41750,24610,,,,,,,,,,,,,
2026/09/08 06:45,2026-09-08T07:00:00+09:00,2026/09/08,2026/12/10,2026-12,PUT,41750,99,,,,,,,,,,,,,
2026/09/08 06:45,2026-09-08T07:00:00+09:00,2026/09/08,2026/12/10,2026-12,CALL,41500,24860,100,,,,,,,,,,,,
2026/09/08 06:45,2026-09-08T07:00:00+09:00,2026/09/08,2026/12/10,2026-12,PUT,41500,98,101,,,,,,,,,,,,
2026/09/08 06:45,2026-09-08T07:00:00+09:00,2026/09/08,2026/12/10,2026-12,CALL,41250,25105,,,,,,,,,,,,,
2026/09/08 06:45,2026-09-08T07:00:00+09:00,2026/09/08,2026/12/10,2026-12,PUT,41250,97,3,,,,,,,,,,,,
2026/09/08 06:45,2026-09-08T07:00:00+09:00,2026/09/08,2026/12/10,2026-12,CALL,41000,25355,1300,,,,,,,,,,,,
2026/09/08 06:45,2026-09-08T07:00:00+09:00,2026/09/08,2026/12/10,2026-12,PUT,41000,96,1827,,,28.34,,,1,10,,,,,
2026/09/08 06:45,2026-09-08T07:00:00+09:00,2026/09/08,2026/12/10,2026-12,CALL,40750,25600,,,,,,,,,,,,,
2026/09/08 06:45,2026-09-08T07:00:00+09:00,2026/09/08,2026/12/10,2026-12,PUT,40750,96,,,,,,,,,,,,,
2026/09/08 06:45,2026-09-08T07:00:00+09:00,2026/09/08,2026/12/10,2026-12,CALL,40500,25850,400,,,,,,,,,,,,
2026/09/08 06:45,2026-09-08T07:00:00+09:00,2026/09/08,2026/12/10,2026-12,PUT,40500,95,1399,,,,,,,,,,,,
2026/09/08 06:45,2026-09-08T07:00:00+09:00,2026/09/08,2026/12/10,2026-12,CALL,40250,26100,,,,,,,,,,,,,
2026/09/08 06:45,2026-09-08T07:00:00+09:00,2026/09/08,2026/12/10,2026-12,PUT,40250,94,5,,,,,,,,,,,,
2026/09/08 06:45,2026-09-08T07:00:00+09:00,2026/09/08,2026/12/10,2026-12,CALL,40000,26345,1200,,,,,,,,,,,,
2026/09/08 06:45,2026-09-08T07:00:00+09:00,2026/09/08,2026/12/10,2026-12,PUT,40000,107,5302,,,46.8,,,80,1,,,,,
2026/09/08 06:45,2026-09-08T07:00:00+09:00,2026/09/08,2026/12/10,2026-12,CALL,39750,26595,,,,,,,,,,,,,
2026/09/08 06:45,2026-09-08T07:00:00+09:00,2026/09/08,2026/12/10,2026-12,PUT,39750,92,,,,,,,,,,,,,
2026/09/08 06:45,2026-09-08T07:00:00+09:00,2026/09/08,2026/12/10,2026-12,CALL,39500,26840,500,,,,,,,,,,,,
2026/09/08 06:45,2026-09-08T07:00:00+09:00,2026/09/08,2026/12/10,2026-12,PUT,39500,90,1008,,,,,,,,,,,,
2026/09/08 06:45,2026-09-08T07:00:00+09:00,2026/09/08,2026/12/10,2026-12,CALL,39250,27060,,,,,,,,,,,,,
2026/09/08 06:45,2026-09-08T07:00:00+09:00,2026/09/08,2026/12/10,2026-12,PUT,39250,60,650,,,,,,,,,,,,
2026/09/08 06:45,2026-09-08T07:00:00+09:00,2026/09/08,2026/12/10,2026-12,CALL,39000,27305,750,,,,,,,,,,,,
2026/09/08 06:45,2026-09-08T07:00:00+09:00,2026/09/08,2026/12/10,2026-12,PUT,39000,58,2405,,,31.15,,,1,10,,,,,
2026/09/08 06:45,2026-09-08T07:00:00+09:00,2026/09/08,2026/12/10,2026-12,CALL,38750,27555,50,,,,,,,,,,,,
2026/09/08 06:45,2026-09-08T07:00:00+09:00,2026/09/08,2026/12/10,2026-12,PUT,38750,56,50,,,,,,,,,,,,
2026/09/08 06:45,2026-09-08T07:00:00+09:00,2026/09/08,2026/12/10,2026-12,CALL,38500,27800,700,,,,,,,,,,,,
2026/09/08 06:45,2026-09-08T07:00:00+09:00,2026/09/08,2026/12/10,2026-12,PUT,38500,55,1150,,,,,,,,,,,,
2026/09/08 06:45,2026-09-08T07:00:00+09:00,2026/09/08,2026/12/10,2026-12,CALL,38250,28050,,,,,,,,,,,,,
2026/09/08 06:45,2026-09-08T07:00:00+09:00,2026/09/08,2026/12/10,2026-12,PUT,38250,53,,,,,,,,,,,,,
2026/09/08 06:45,2026-09-08T07:00:00+09:00,2026/09/08,2026/12/10,2026-12,CALL,38000,28295,1225,,,,,,,,,,,,
2026/09/08 06:45,2026-09-08T07:00:00+09:00,2026/09/08,2026/12/10,2026-12,PUT,38000,52,2686,,,35.56,,,3,1,,,,,
2026/09/08 06:45,2026-09-08T07:00:00+09:00,2026/09/08,2026/12/10,2026-12,CALL,37750,28545,100,,,,,,,,,,,,
2026/09/08 06:45,2026-09-08T07:00:00+09:00,2026/09/08,2026/12/10,2026-12,PUT,37750,49,100,,,,,,,,,,,,
2026/09/08 06:45,2026-09-08T07:00:00+09:00,2026/09/08,2026/12/10,2026-12,CALL,37500,28790,88,,,,,,,,,,,,
2026/09/08 06:45,2026-09-08T07:00:00+09:00,2026/09/08,2026/12/10,2026-12,PUT,37500,48,188,,,,,,,,,,,,
2026/09/08 06:45,2026-09-08T07:00:00+09:00,2026/09/08,2026/12/10,2026-12,CALL,37250,29040,,,,,,,,,,,,,
2026/09/08 06:45,2026-09-08T07:00:00+09:00,2026/09/08,2026/12/10,2026-12,PUT,37250,46,,,,,,,,,,,,,
2026/09/08 06:45,2026-09-08T07:00:00+09:00,2026/09/08,2026/12/10,2026-12,CALL,37000,29285,450,,,,,,,,,,,,
2026/09/08 06:45,2026-09-08T07:00:00+09:00,2026/09/08,2026/12/10,2026-12,PUT,37000,45,2535,,,34.1,,,1,10,,,,,
2026/09/08 06:45,2026-09-08T07:00:00+09:00,2026/09/08,2026/12/10,2026-12,CALL,36750,29535,,,,,,,,,,,,,
2026/09/08 06:45,2026-09-08T07:00:00+09:00,2026/09/08,2026/12/10,2026-12,PUT,36750,43,400,,,,,,,,,,,,
2026/09/08 06:45,2026-09-08T07:00:00+09:00,2026/09/08,2026/12/10,2026-12,CALL,36500,29780,252,,,,,,,,,,,,
2026/09/08 06:45,2026-09-08T07:00:00+09:00,2026/09/08,2026/12/10,2026-12,PUT,36500,42,225,,,,,,,,,,,,
2026/09/08 06:45,2026-09-08T07:00:00+09:00,2026/09/08,2026/12/10,2026-12,CALL,36250,30030,,,,,,,,,,,,,
2026/09/08 06:45,2026-09-08T07:00:00+09:00,2026/09/08,2026/12/10,2026-12,PUT,36250,40,,,,,,,,,,,,,
2026/09/08 06:45,2026-09-08T07:00:00+09:00,2026/09/08,2026/12/10,2026-12,CALL,36000,30275,975,,,,,,,,,,,,
2026/09/08 06:45,2026-09-08T07:00:00+09:00,2026/09/08,2026/12/10,2026-12,PUT,36000,39,2905,,,35.64,,,1,10,,,,,
2026/09/08 06:45,2026-09-08T07:00:00+09:00,2026/09/08,2026/12/10,2026-12,CALL,35750,30525,,,,,,,,,,,,,
2026/09/08 06:45,2026-09-08T07:00:00+09:00,2026/09/08,2026/12/10,2026-12,PUT,35750,38,,,,,,,,,,,,,
2026/09/08 06:45,2026-09-08T07:00:00+09:00,2026/09/08,2026/12/10,2026-12,CALL,35500,30770,,,,,,,,,,,,,
2026/09/08 06:45,2026-09-08T07:00:00+09:00,2026/09/08,2026/12/10,2026-12,PUT,35500,36,,,,,,,,,,,,,
2026/09/08 06:45,2026-09-08T07:00:00+09:00,2026/09/08,2026/12/10,2026-12,CALL,35250,31020,,,,,,,,,,,,,
2026/09/08 06:45,2026-09-08T07:00:00+09:00,2026/09/08,2026/12/10,2026-12,PUT,35250,35,,,,,,,,,,,,,
2026/09/08 06:45,2026-09-08T07:00:00+09:00,2026/09/08,2026/12/10,2026-12,CALL,35000,31265,435,,,,,,,,,,,,
2026/09/08 06:45,2026-09-08T07:00:00+09:00,2026/09/08,2026/12/10,2026-12,PUT,35000,40,5037,,,52.76,,,40,1,,,,,
2026/09/08 06:45,2026-09-08T07:00:00+09:00,2026/09/08,2026/12/10,2026-12,CALL,34750,31515,,,,,,,,,,,,,
2026/09/08 06:45,2026-09-08T07:00:00+09:00,2026/09/08,2026/12/10,2026-12,PUT,34750,32,1,,,,,,,,,,,,
2026/09/08 06:45,2026-09-08T07:00:00+09:00,2026/09/08,2026/12/10,2026-12,CALL,34500,31760,400,,,,,,,,,,,,
2026/09/08 06:45,2026-09-08T07:00:00+09:00,2026/09/08,2026/12/10,2026-12,PUT,34500,31,560,,,,,,,,,,,,
2026/09/08 06:45,2026-09-08T07:00:00+09:00,2026/09/08,2026/12/10,2026-12,CALL,34250,32010,,,,,,,,,,,,,
2026/09/08 06:45,2026-09-08T07:00:00+09:00,2026/09/08,2026/12/10,2026-12,PUT,34250,30,,,,,,,,,,,,,
2026/09/08 06:45,2026-09-08T07:00:00+09:00,2026/09/08,2026/12/10,2026-12,CALL,34000,32255,280,,,,,,,,,,,,
2026/09/08 06:45,2026-09-08T07:00:00+09:00,2026/09/08,2026/12/10,2026-12,PUT,34000,29,2820,,,38.83,,,1,10,,,,,
2026/09/08 06:45,2026-09-08T07:00:00+09:00,2026/09/08,2026/12/10,2026-12,CALL,33750,32505,,,,,,,,,,,,,
2026/09/08 06:45,2026-09-08T07:00:00+09:00,2026/09/08,2026/12/10,2026-12,PUT,33750,28,,,,,,,,,,,,,
2026/09/08 06:45,2026-09-08T07:00:00+09:00,2026/09/08,2026/12/10,2026-12,CALL,33500,32755,,,,,,,,,,,,,
2026/09/08 06:45,2026-09-08T07:00:00+09:00,2026/09/08,2026/12/10,2026-12,PUT,33500,27,72,,,,,,,,,,,,
2026/09/08 06:45,2026-09-08T07:00:00+09:00,2026/09/08,2026/12/10,2026-12,CALL,33250,33000,,,,,,,,,,,,,
2026/09/08 06:45,2026-09-08T07:00:00+09:00,2026/09/08,2026/12/10,2026-12,PUT,33250,26,37,,,,,,,,,,,,
2026/09/08 06:45,2026-09-08T07:00:00+09:00,2026/09/08,2026/12/10,2026-12,CALL,33000,33250,1950,,,,,,,,,,,,
2026/09/08 06:45,2026-09-08T07:00:00+09:00,2026/09/08,2026/12/10,2026-12,PUT,33000,25,3362,,,40.5,,,1,10,,,,,
2026/09/08 06:45,2026-09-08T07:00:00+09:00,2026/09/08,2026/12/10,2026-12,CALL,32750,33495,,,,,,,,,,,,,
2026/09/08 06:45,2026-09-08T07:00:00+09:00,2026/09/08,2026/12/10,2026-12,PUT,32750,24,,,,,,,,,,,,,
2026/09/08 06:45,2026-09-08T07:00:00+09:00,2026/09/08,2026/12/10,2026-12,CALL,32500,33745,250,,,,,,,,,,,,
2026/09/08 06:45,2026-09-08T07:00:00+09:00,2026/09/08,2026/12/10,2026-12,PUT,32500,23,900,,,,,,,,,,,,
2026/09/08 06:45,2026-09-08T07:00:00+09:00,2026/09/08,2026/12/10,2026-12,CALL,32250,33995,,,,,,,,,,,,,
2026/09/08 06:45,2026-09-08T07:00:00+09:00,2026/09/08,2026/12/10,2026-12,PUT,32250,22,600,,,,,,,,,,,,
2026/09/08 06:45,2026-09-08T07:00:00+09:00,2026/09/08,2026/12/10,2026-12,CALL,32000,34240,700,,,,,,,,,,,,
2026/09/08 06:45,2026-09-08T07:00:00+09:00,2026/09/08,2026/12/10,2026-12,PUT,32000,21,4655,,,42.21,,,1,10,,,,,
2026/09/08 06:45,2026-09-08T07:00:00+09:00,2026/09/08,2026/12/10,2026-12,CALL,31750,34490,,,,,,,,,,,,,
2026/09/08 06:45,2026-09-08T07:00:00+09:00,2026/09/08,2026/12/10,2026-12,PUT,31750,20,,,,,,,,,,,,,
2026/09/08 06:45,2026-09-08T07:00:00+09:00,2026/09/08,2026/12/10,2026-12,CALL,31500,34735,50,,,,,,,,,,,,
2026/09/08 06:45,2026-09-08T07:00:00+09:00,2026/09/08,2026/12/10,2026-12,PUT,31500,19,350,,,,,,,,,,,,
2026/09/08 06:45,2026-09-08T07:00:00+09:00,2026/09/08,2026/12/10,2026-12,CALL,31250,34985,,,,,,,,,,,,,
2026/09/08 06:45,2026-09-08T07:00:00+09:00,2026/09/08,2026/12/10,2026-12,PUT,31250,18,,,,,,,,,,,,,
2026/09/08 06:45,2026-09-08T07:00:00+09:00,2026/09/08,2026/12/10,2026-12,CALL,31000,35235,241,,,,,,,,,,,,
2026/09/08 06:45,2026-09-08T07:00:00+09:00,2026/09/08,2026/12/10,2026-12,PUT,31000,18,2037,,,43.98,,,1,10,,,,,
2026/09/08 06:45,2026-09-08T07:00:00+09:00,2026/09/08,2026/12/10,2026-12,CALL,30750,35480,,,,,,,,,,,,,
2026/09/08 06:45,2026-09-08T07:00:00+09:00,2026/09/08,2026/12/10,2026-12,PUT,30750,17,,,,,,,,,,,,,
2026/09/08 06:45,2026-09-08T07:00:00+09:00,2026/09/08,2026/12/10,2026-12,CALL,30500,35730,50,,,,,,,,,,,,
2026/09/08 06:45,2026-09-08T07:00:00+09:00,2026/09/08,2026/12/10,2026-12,PUT,30500,16,51,,,,,,,,,,,,
2026/09/08 06:45,2026-09-08T07:00:00+09:00,2026/09/08,2026/12/10,2026-12,CALL,30250,35980,,,,,,,,,,,,,
2026/09/08 06:45,2026-09-08T07:00:00+09:00,2026/09/08,2026/12/10,2026-12,PUT,30250,15,,,,,,,,,,,,,
2026/09/08 06:45,2026-09-08T07:00:00+09:00,2026/09/08,2026/12/10,2026-12,CALL,30000,36225,1303,,,,,,,,,,,,
2026/09/08 06:45,2026-09-08T07:00:00+09:00,2026/09/08,2026/12/10,2026-12,PUT,30000,21,6702,,65.26,59.55,44,1,20,3,,,,,
2026/09/08 06:45,2026-09-08T07:00:00+09:00,2026/09/08,2026/12/10,2026-12,CALL,29750,36475,,,,,,,,,,,,,
2026/09/08 06:45,2026-09-08T07:00:00+09:00,2026/09/08,2026/12/10,2026-12,PUT,29750,14,,,,,,,,,,,,,
2026/09/08 06:45,2026-09-08T07:00:00+09:00,2026/09/08,2026/12/10,2026-12,CALL,29500,36725,,,,,,,,,,,,,
2026/09/08 06:45,2026-09-08T07:00:00+09:00,2026/09/08,2026/12/10,2026-12,PUT,29500,13,,,,,,,,,,,,,
2026/09/08 06:45,2026-09-08T07:00:00+09:00,2026/09/08,2026/12/10,2026-12,CALL,29250,36970,,,,,,,,,,,,,
2026/09/08 06:45,2026-09-08T07:00:00+09:00,2026/09/08,2026/12/10,2026-12,PUT,29250,12,,,,,,,,,,,,,
2026/09/08 06:45,2026-09-08T07:00:00+09:00,2026/09/08,2026/12/10,2026-12,CALL,29000,37220,150,,,,,,,,,,,,
2026/09/08 06:45,2026-09-08T07:00:00+09:00,2026/09/08,2026/12/10,2026-12,PUT,29000,12,1450,,,54.15,,,5,1,,,,,
2026/09/08 06:45,2026-09-08T07:00:00+09:00,2026/09/08,2026/12/10,2026-12,CALL,28750,37470,,,,,,,,,,,,,
2026/09/08 06:45,2026-09-08T07:00:00+09:00,2026/09/08,2026/12/10,2026-12,PUT,28750,11,,,,,,,,,,,,,
2026/09/08 06:45,2026-09-08T07:00:00+09:00,2026/09/08,2026/12/10,2026-12,CALL,28500,37715,125,,,,,,,,,,,,
2026/09/08 06:45,2026-09-08T07:00:00+09:00,2026/09/08,2026/12/10,2026-12,PUT,28500,11,400,,,,,,,,,,,,
2026/09/08 06:45,2026-09-08T07:00:00+09:00,2026/09/08,2026/12/10,2026-12,CALL,28250,37965,,,,,,,,,,,,,
2026/09/08 06:45,2026-09-08T07:00:00+09:00,2026/09/08,2026/12/10,2026-12,PUT,28250,10,,,,,,,,,,,,,
2026/09/08 06:45,2026-09-08T07:00:00+09:00,2026/09/08,2026/12/10,2026-12,CALL,28000,38215,75,,,,,,,,,,,,
2026/09/08 06:45,2026-09-08T07:00:00+09:00,2026/09/08,2026/12/10,2026-12,PUT,28000,10,1327,,,55.27,,,4,1,,,,,
2026/09/08 06:45,2026-09-08T07:00:00+09:00,2026/09/08,2026/12/10,2026-12,CALL,27750,38460,,,,,,,,,,,,,
2026/09/08 06:45,2026-09-08T07:00:00+09:00,2026/09/08,2026/12/10,2026-12,PUT,27750,9,72,,,,,,,,,,,,
2026/09/08 06:45,2026-09-08T07:00:00+09:00,2026/09/08,2026/12/10,2026-12,CALL,27500,38710,,,,,,,,,,,,,
2026/09/08 06:45,2026-09-08T07:00:00+09:00,2026/09/08,2026/12/10,2026-12,PUT,27500,9,25,,,,,,,,,,,,
2026/09/08 06:45,2026-09-08T07:00:00+09:00,2026/09/08,2026/12/10,2026-12,CALL,27250,38960,,,,,,,,,,,,,
2026/09/08 06:45,2026-09-08T07:00:00+09:00,2026/09/08,2026/12/10,2026-12,PUT,27250,8,,,,,,,,,,,,,
2026/09/08 06:45,2026-09-08T07:00:00+09:00,2026/09/08,2026/12/10,2026-12,CALL,27000,39205,250,,,,,,,,,,,,
2026/09/08 06:45,2026-09-08T07:00:00+09:00,2026/09/08,2026/12/10,2026-12,PUT,27000,8,2630,,,57.51,,,4,1,,,,,
2026/09/08 06:45,2026-09-08T07:00:00+09:00,2026/09/08,2026/12/10,2026-12,CALL,26750,39455,,,,,,,,,,,,,
2026/09/08 06:45,2026-09-08T07:00:00+09:00,2026/09/08,2026/12/10,2026-12,PUT,26750,7,,,,,,,,,,,,,
2026/09/08 06:45,2026-09-08T07:00:00+09:00,2026/09/08,2026/12/10,2026-12,CALL,26500,39705,,,,,,,,,,,,,
2026/09/08 06:45,2026-09-08T07:00:00+09:00,2026/09/08,2026/12/10,2026-12,PUT,26500,10,1,,,,,,,,,,,,
2026/09/08 06:45,2026-09-08T07:00:00+09:00,2026/09/08,2026/12/10,2026-12,CALL,26250,39955,,,,,,,,,,,,,
2026/09/08 06:45,2026-09-08T07:00:00+09:00,2026/09/08,2026/12/10,2026-12,PUT,26250,6,,,,,,,,,,,,,
2026/09/08 06:45,2026-09-08T07:00:00+09:00,2026/09/08,2026/12/10,2026-12,CALL,26000,40200,350,,,,,,,,,,,,
2026/09/08 06:45,2026-09-08T07:00:00+09:00,2026/09/08,2026/12/10,2026-12,PUT,26000,6,1425,,77.47,53.77,50,1,1,10,,,,,
2026/09/08 06:45,2026-09-08T07:00:00+09:00,2026/09/08,2026/12/10,2026-12,CALL,25750,40450,,,,,,,,,,,,,
2026/09/08 06:45,2026-09-08T07:00:00+09:00,2026/09/08,2026/12/10,2026-12,PUT,25750,6,,,,,,,,,,,,,
2026/09/08 06:45,2026-09-08T07:00:00+09:00,2026/09/08,2026/12/10,2026-12,CALL,25500,40700,,,,,,,,,,,,,
2026/09/08 06:45,2026-09-08T07:00:00+09:00,2026/09/08,2026/12/10,2026-12,PUT,25500,5,2,,,,,,,,,,,,
2026/09/08 06:45,2026-09-08T07:00:00+09:00,2026/09/08,2026/12/10,2026-12,CALL,25250,40945,,,,,,,,,,,,,
2026/09/08 06:45,2026-09-08T07:00:00+09:00,2026/09/08,2026/12/10,2026-12,PUT,25250,5,1,,,,,,,,,,,,
2026/09/08 06:45,2026-09-08T07:00:00+09:00,2026/09/08,2026/12/10,2026-12,CALL,25000,41195,300,,,,,,,,,,,,
2026/09/08 06:45,2026-09-08T07:00:00+09:00,2026/09/08,2026/12/10,2026-12,PUT,25000,6,2014,,,64.46,,,6,8,,,,,
2026/09/08 06:45,2026-09-08T07:00:00+09:00,2026/09/08,2026/12/10,2026-12,CALL,24750,41445,,,,,,,,,,,,,
2026/09/08 06:45,2026-09-08T07:00:00+09:00,2026/09/08,2026/12/10,2026-12,PUT,24750,4,1,,,,,,,,,,,,
2026/09/08 06:45,2026-09-08T07:00:00+09:00,2026/09/08,2026/12/10,2026-12,CALL,24500,41695,,,,,,,,,,,,,
2026/09/08 06:45,2026-09-08T07:00:00+09:00,2026/09/08,2026/12/10,2026-12,PUT,24500,4,250,,,,,,,,,,,,
2026/09/08 06:45,2026-09-08T07:00:00+09:00,2026/09/08,2026/12/10,2026-12,CALL,24250,41940,,,,,,,,,,,,,
2026/09/08 06:45,2026-09-08T07:00:00+09:00,2026/09/08,2026/12/10,2026-12,PUT,24250,4,,,,,,,,,,,,,
2026/09/08 06:45,2026-09-08T07:00:00+09:00,2026/09/08,2026/12/10,2026-12,CALL,24000,42190,,,,,,,,,,,,,
2026/09/08 06:45,2026-09-08T07:00:00+09:00,2026/09/08,2026/12/10,2026-12,PUT,24000,3,405,,81.47,,40,1,,,,,,,
2026/09/08 06:45,2026-09-08T07:00:00+09:00,2026/09/08,2026/12/10,2026-12,CALL,23750,42440,,,,,,,,,,,,,
2026/09/08 06:45,2026-09-08T07:00:00+09:00,2026/09/08,2026/12/10,2026-12,PUT,23750,3,,,,,,,,,,,,,
2026/09/08 06:45,2026-09-08T07:00:00+09:00,2026/09/08,2026/12/10,2026-12,CALL,23500,42690,,,,,,,,,,,,,
2026/09/08 06:45,2026-09-08T07:00:00+09:00,2026/09/08,2026/12/10,2026-12,PUT,23500,3,127,,,,,,,,,,,,
2026/09/08 06:45,2026-09-08T07:00:00+09:00,2026/09/08,2026/12/10,2026-12,CALL,23250,42935,,,,,,,,,,,,,
2026/09/08 06:45,2026-09-08T07:00:00+09:00,2026/09/08,2026/12/10,2026-12,PUT,23250,7,,,,70.03,,,7,1,,,,,
2026/09/08 06:45,2026-09-08T07:00:00+09:00,2026/09/08,2026/12/10,2026-12,CALL,23000,43185,,,,,,,,,,,,,
2026/09/08 06:45,2026-09-08T07:00:00+09:00,2026/09/08,2026/12/10,2026-12,PUT,23000,3,2106,,,63.75,,,2,1,,,,,
2026/09/08 06:45,2026-09-08T07:00:00+09:00,2026/09/08,2026/12/10,2026-12,CALL,22750,43435,,,,,,,,,,,,,
2026/09/08 06:45,2026-09-08T07:00:00+09:00,2026/09/08,2026/12/10,2026-12,PUT,22750,2,,,,,,,,,,,,,
2026/09/08 06:45,2026-09-08T07:00:00+09:00,2026/09/08,2026/12/10,2026-12,CALL,22500,43685,,,,,,,,,,,,,
2026/09/08 06:45,2026-09-08T07:00:00+09:00,2026/09/08,2026/12/10,2026-12,PUT,22500,2,150,,,,,,,,,,,,
2026/09/08 06:45,2026-09-08T07:00:00+09:00,2026/09/08,2026/12/10,2026-12,CALL,22250,43930,,,,,,,,,,,,,
2026/09/08 06:45,2026-09-08T07:00:00+09:00,2026/09/08,2026/12/10,2026-12,PUT,22250,2,,,,,,,,,,,,,
2026/09/08 06:45,2026-09-08T07:00:00+09:00,2026/09/08,2026/12/10,2026-12,CALL,22000,44180,100,,,,,,,,,,,,
2026/09/08 06:45,2026-09-08T07:00:00+09:00,2026/09/08,2026/12/10,2026-12,PUT,22000,2,1716,,99.21,,100,1,,,,,,,
2026/09/08 06:45,2026-09-08T07:00:00+09:00,2026/09/08,2026/12/10,2026-12,CALL,21750,44430,,,,,,,,,,,,,
2026/09/08 06:45,2026-09-08T07:00:00+09:00,2026/09/08,2026/12/10,2026-12,PUT,21750,2,,,,,,,,,,,,,
2026/09/08 06:45,2026-09-08T07:00:00+09:00,2026/09/08,2026/12/10,2026-12,CALL,21500,44680,,,,,,,,,,,,,
2026/09/08 06:45,2026-09-08T07:00:00+09:00,2026/09/08,2026/12/10,2026-12,PUT,21500,2,500,,,,,,,,,,,,
2026/09/08 06:45,2026-09-08T07:00:00+09:00,2026/09/08,2026/12/10,2026-12,CALL,21250,44925,,,,,,,,,,,,,
2026/09/08 06:45,2026-09-08T07:00:00+09:00,2026/09/08,2026/12/10,2026-12,PUT,21250,2,,,,,,,,,,,,,
2026/09/08 06:45,2026-09-08T07:00:00+09:00,2026/09/08,2026/12/10,2026-12,CALL,21000,45175,,,,,,,,,,,,,
2026/09/08 06:45,2026-09-08T07:00:00+09:00,2026/09/08,2026/12/10,2026-12,PUT,21000,1,350,,,,,,,,,,,,
2026/09/08 06:45,2026-09-08T07:00:00+09:00,2026/09/08,2026/12/10,2026-12,CALL,20750,45425,,,,,,,,,,,,,
2026/09/08 06:45,2026-09-08T07:00:00+09:00,2026/09/08,2026/12/10,2026-12,PUT,20750,1,,,,,,,,,,,,,
2026/09/08 06:45,2026-09-08T07:00:00+09:00,2026/09/08,2026/12/10,2026-12,CALL,20500,45675,,,,,,,,,,,,,
2026/09/08 06:45,2026-09-08T07:00:00+09:00,2026/09/08,2026/12/10,2026-12,PUT,20500,1,,,,,,,,,,,,,
2026/09/08 06:45,2026-09-08T07:00:00+09:00,2026/09/08,2026/12/10,2026-12,CALL,20250,45925,,,,,,,,,,,,,
2026/09/08 06:45,2026-09-08T07:00:00+09:00,2026/09/08,2026/12/10,2026-12,PUT,20250,1,3,,,,,,,,,,,,
2026/09/08 06:45,2026-09-08T07:00:00+09:00,2026/09/08,2026/12/10,2026-12,CALL,20000,46170,150,,,,,,,,,,,,
2026/09/08 06:45,2026-09-08T07:00:00+09:00,2026/09/08,2026/12/10,2026-12,PUT,20000,7,2418,,82.41,79.75,10,1,7,11,,,,,
2026/09/08 06:45,2026-09-08T07:00:00+09:00,2026/09/08,2026/12/10,2026-12,CALL,19750,46420,,,,,,,,,,,,,
2026/09/08 06:45,2026-09-08T07:00:00+09:00,2026/09/08,2026/12/10,2026-12,PUT,19750,1,,,,,,,,,,,,,
2026/09/08 06:45,2026-09-08T07:00:00+09:00,2026/09/08,2026/12/10,2026-12,CALL,19500,46670,,,,,,,,,,,,,
2026/09/08 06:45,2026-09-08T07:00:00+09:00,2026/09/08,2026/12/10,2026-12,PUT,19500,1,,,,,,,,,,,,,
2026/09/08 06:45,2026-09-08T07:00:00+09:00,2026/09/08,2026/12/10,2026-12,CALL,19250,46920,,,,,,,,,,,,,
2026/09/08 06:45,2026-09-08T07:00:00+09:00,2026/09/08,2026/12/10,2026-12,PUT,19250,1,,,,,,,,,,,,,
2026/09/08 06:45,2026-09-08T07:00:00+09:00,2026/09/08,2026/12/10,2026-12,CALL,19000,47165,,,,,,,,,,,,,
2026/09/08 06:45,2026-09-08T07:00:00+09:00,2026/09/08,2026/12/10,2026-12,PUT,19000,1,650,,,71.26,,,1,1,,,,,
2026/09/08 06:45,2026-09-08T07:00:00+09:00,2026/09/08,2026/12/10,2026-12,CALL,18750,47415,,,,,,,,,,,,,
2026/09/08 06:45,2026-09-08T07:00:00+09:00,2026/09/08,2026/12/10,2026-12,PUT,18750,1,,,,,,,,,,,,,
2026/09/08 06:45,2026-09-08T07:00:00+09:00,2026/09/08,2026/12/10,2026-12,CALL,18500,47665,,,,,,,,,,,,,
2026/09/08 06:45,2026-09-08T07:00:00+09:00,2026/09/08,2026/12/10,2026-12,PUT,18500,1,,,,,,,,,,,,,
2026/09/08 06:45,2026-09-08T07:00:00+09:00,2026/09/08,2026/12/10,2026-12,CALL,18250,47915,,,,,,,,,,,,,
2026/09/08 06:45,2026-09-08T07:00:00+09:00,2026/09/08,2026/12/10,2026-12,PUT,18250,1,,,,,,,,,,,,,
2026/09/08 06:45,2026-09-08T07:00:00+09:00,2026/09/08,2026/12/10,2026-12,CALL,18000,48165,,,,,,,,,,,,,
2026/09/08 06:45,2026-09-08T07:00:00+09:00,2026/09/08,2026/12/10,2026-12,PUT,18000,2,153,,,78.11,,,2,1,,,,,
2026/09/08 06:45,2026-09-08T07:00:00+09:00,2026/09/08,2026/12/10,2026-12,CALL,17750,48410,,,,,,,,,,,,,
2026/09/08 06:45,2026-09-08T07:00:00+09:00,2026/09/08,2026/12/10,2026-12,PUT,17750,1,,,,,,,,,,,,,
2026/09/08 06:45,2026-09-08T07:00:00+09:00,2026/09/08,2026/12/10,2026-12,CALL,17500,48660,,,,,,,,,,,,,
2026/09/08 06:45,2026-09-08T07:00:00+09:00,2026/09/08,2026/12/10,2026-12,PUT,17500,1,,,,,,,,,,,,,
2026/09/08 06:45,2026-09-08T07:00:00+09:00,2026/09/08,2026/12/10,2026-12,CALL,17250,48910,,,,,,,,,,,,,
2026/09/08 06:45,2026-09-08T07:00:00+09:00,2026/09/08,2026/12/10,2026-12,PUT,17250,1,,,,,,,,,,,,,
2026/09/08 06:45,2026-09-08T07:00:00+09:00,2026/09/08,2026/12/10,2026-12,CALL,17000,49160,,,,,,,,,,,,,
2026/09/08 06:45,2026-09-08T07:00:00+09:00,2026/09/08,2026/12/10,2026-12,PUT,17000,1,3,,,,,,,,,,,,
2026/09/08 06:45,2026-09-08T07:00:00+09:00,2026/09/08,2026/12/10,2026-12,CALL,16750,49410,,,,,,,,,,,,,
2026/09/08 06:45,2026-09-08T07:00:00+09:00,2026/09/08,2026/12/10,2026-12,PUT,16750,1,,,,,,,,,,,,,
2026/09/08 06:45,2026-09-08T07:00:00+09:00,2026/09/08,2026/12/10,2026-12,CALL,16500,49655,,,,,,,,,,,,,
2026/09/08 06:45,2026-09-08T07:00:00+09:00,2026/09/08,2026/12/10,2026-12,PUT,16500,1,1,,,,,,,,,,,,
2026/09/08 06:45,2026-09-08T07:00:00+09:00,2026/09/08,2026/12/10,2026-12,CALL,16250,49905,,,,,,,,,,,,,
2026/09/08 06:45,2026-09-08T07:00:00+09:00,2026/09/08,2026/12/10,2026-12,PUT,16250,1,,,,,,,,,,,,,
2026/09/08 06:45,2026-09-08T07:00:00+09:00,2026/09/08,2026/12/10,2026-12,CALL,16000,50155,,,,,,,,,,,,,
2026/09/08 06:45,2026-09-08T07:00:00+09:00,2026/09/08,2026/12/10,2026-12,PUT,16000,1,3,,,80.88,,,1,1,,,,,
2026/09/08 06:45,2026-09-08T07:00:00+09:00,2026/09/08,2026/12/10,2026-12,CALL,15750,50405,,,,,,,,,,,,,
2026/09/08 06:45,2026-09-08T07:00:00+09:00,2026/09/08,2026/12/10,2026-12,PUT,15750,1,,,,,,,,,,,,,
2026/09/08 06:45,2026-09-08T07:00:00+09:00,2026/09/08,2026/12/10,2026-12,CALL,15500,50655,,,,,,,,,,,,,
2026/09/08 06:45,2026-09-08T07:00:00+09:00,2026/09/08,2026/12/10,2026-12,PUT,15500,1,,,,,,,,,,,,,
2026/09/08 06:45,2026-09-08T07:00:00+09:00,2026/09/08,2026/12/10,2026-12,CALL,15250,50900,,,,,,,,,,,,,
2026/09/08 06:45,2026-09-08T07:00:00+09:00,2026/09/08,2026/12/10,2026-12,PUT,15250,1,,,,,,,,,,,,,
2026/09/08 06:45,2026-09-08T07:00:00+09:00,2026/09/08,2026/12/10,2026-12,CALL,15000,51150,,,,,,,,,,,,,
2026/09/08 06:45,2026-09-08T07:00:00+09:00,2026/09/08,2026/12/10,2026-12,PUT,15000,2,5,,,88.84,,,2,1,,,,,
2026/09/08 06:45,2026-09-08T07:00:00+09:00,2026/09/08,2026/12/10,2026-12,CALL,14750,51400,,,,,,,,,,,,,
2026/09/08 06:45,2026-09-08T07:00:00+09:00,2026/09/08,2026/12/10,2026-12,PUT,14750,1,1,,,,,,,,,,,,
2026/09/08 06:45,2026-09-08T07:00:00+09:00,2026/09/08,2026/12/10,2026-12,CALL,14500,51650,,,,,,,,,,,,,
2026/09/08 06:45,2026-09-08T07:00:00+09:00,2026/09/08,2026/12/10,2026-12,PUT,14500,1,1,,,,,,,,,,,,
2026/09/08 06:45,2026-09-08T07:00:00+09:00,2026/09/08,2026/12/10,2026-12,CALL,14250,51900,,,,,,,,,,,,,
2026/09/08 06:45,2026-09-08T07:00:00+09:00,2026/09/08,2026/12/10,2026-12,PUT,14250,1,,,,,,,,,,,,,
2026/09/08 06:45,2026-09-08T07:00:00+09:00,2026/09/08,2026/12/10,2026-12,CALL,14000,52145,,,,,,,,,,,,,
2026/09/08 06:45,2026-09-08T07:00:00+09:00,2026/09/08,2026/12/10,2026-12,PUT,14000,2,11,,,92.92,,,2,1,,,,,
2026/09/08 06:45,2026-09-08T07:00:00+09:00,2026/09/08,2026/12/10,2026-12,CALL,13750,52395,,,,,,,,,,,,,
2026/09/08 06:45,2026-09-08T07:00:00+09:00,2026/09/08,2026/12/10,2026-12,PUT,13750,1,,,,,,,,,,,,,
2026/09/08 06:45,2026-09-08T07:00:00+09:00,2026/09/08,2026/12/10,2026-12,CALL,13500,52645,,,,,,,,,,,,,
2026/09/08 06:45,2026-09-08T07:00:00+09:00,2026/09/08,2026/12/10,2026-12,PUT,13500,1,100,,,90.43,,,1,100,,,,,
2026/09/08 06:45,2026-09-08T07:00:00+09:00,2026/09/08,2026/12/10,2026-12,CALL,13250,52895,,,,,,,,,,,,,
2026/09/08 06:45,2026-09-08T07:00:00+09:00,2026/09/08,2026/12/10,2026-12,PUT,13250,1,,,,,,,,,,,,,
2026/09/08 06:45,2026-09-08T07:00:00+09:00,2026/09/08,2026/12/10,2026-12,CALL,13000,53140,,,,,,,,,,,,,
2026/09/08 06:45,2026-09-08T07:00:00+09:00,2026/09/08,2026/12/10,2026-12,PUT,13000,3,5,,,100.4,,,3,4,,,,,
2026/09/08 06:45,2026-09-08T07:00:00+09:00,2026/09/08,2026/12/10,2026-12,CALL,12750,53390,,,,,,,,,,,,,
2026/09/08 06:45,2026-09-08T07:00:00+09:00,2026/09/08,2026/12/10,2026-12,PUT,12750,1,,,,,,,,,,,,,
2026/09/08 06:45,2026-09-08T07:00:00+09:00,2026/09/08,2026/12/10,2026-12,CALL,12500,53640,84,,,,,,,,,,,,
2026/09/08 06:45,2026-09-08T07:00:00+09:00,2026/09/08,2026/12/10,2026-12,PUT,12500,2,821,4,105.22,99.64,4,3,2,253,102.77,0,0,3,09/08 03:21
2026/09/08 08:51,2026-09-08T09:06:32+09:00,2026/09/08,2026/09/10,2026-09,CALL,80000,1,1826,2,67.94,,1,552,,,66.71,0,0,1,09/07 18:26
2026/09/08 08:51,2026-09-08T09:06:32+09:00,2026/09/08,2026/09/10,2026-09,PUT,80000,13510,1,,,,,,,,,,,,
2026/09/08 08:51,2026-09-08T09:06:32+09:00,2026/09/08,2026/09/10,2026-09,CALL,79500,1,233,,65.94,,1,267,,,,,,,
2026/09/08 08:51,2026-09-08T09:06:32+09:00,2026/09/08,2026/09/10,2026-09,PUT,79500,13010,,,,,,,,,,,,,
2026/09/08 08:51,2026-09-08T09:06:32+09:00,2026/09/08,2026/09/10,2026-09,CALL,79000,1,203,,63.91,,1,328,,,,,,,
2026/09/08 08:51,2026-09-08T09:06:32+09:00,2026/09/08,2026/09/10,2026-09,PUT,79000,12510,,,,,,,,,,,,,
2026/09/08 08:51,2026-09-08T09:06:32+09:00,2026/09/08,2026/09/10,2026-09,CALL,78500,1,112,,61.87,,1,316,,,,,,,
2026/09/08 08:51,2026-09-08T09:06:32+09:00,2026/09/08,2026/09/10,2026-09,PUT,78500,12010,,,,,,,,,,,,,
2026/09/08 08:51,2026-09-08T09:06:32+09:00,2026/09/08,2026/09/10,2026-09,CALL,78000,1,2299,,59.8,,1,316,,,,,,,
2026/09/08 08:51,2026-09-08T09:06:32+09:00,2026/09/08,2026/09/10,2026-09,PUT,78000,11510,1,,,,,,,,,,,,
2026/09/08 08:51,2026-09-08T09:06:32+09:00,2026/09/08,2026/09/10,2026-09,CALL,77500,1,977,,57.72,,1,347,,,,,,,
2026/09/08 08:51,2026-09-08T09:06:32+09:00,2026/09/08,2026/09/10,2026-09,PUT,77500,11010,4,,,,,,,,,,,,
2026/09/08 08:51,2026-09-08T09:06:32+09:00,2026/09/08,2026/09/10,2026-09,CALL,77000,1,877,1,55.61,,1,333,,,54.06,0,0,1,09/07 17:20
2026/09/08 08:51,2026-09-08T09:06:32+09:00,2026/09/08,2026/09/10,2026-09,PUT,77000,10510,,,,,,,,,,,,,
2026/09/08 08:51,2026-09-08T09:06:32+09:00,2026/09/08,2026/09/10,2026-09,CALL,76500,1,79,3,53.49,,1,299,,,53.11,0,0,1,09/08 08:45
2026/09/08 08:51,2026-09-08T09:06:32+09:00,2026/09/08,2026/09/10,2026-09,PUT,76500,10010,,,,,,,,,,,,,
2026/09/08 08:51,2026-09-08T09:06:32+09:00,2026/09/08,2026/09/10,2026-09,CALL,76000,1,733,2,51.34,,1,287,,,51.54,0,0,1,09/08 08:46
2026/09/08 08:51,2026-09-08T09:06:32+09:00,2026/09/08,2026/09/10,2026-09,PUT,76000,9510,,,,,,,,,,,,,
2026/09/08 08:51,2026-09-08T09:06:32+09:00,2026/09/08,2026/09/10,2026-09,CALL,75500,1,268,,49.17,,1,312,,,,,,,
2026/09/08 08:51,2026-09-08T09:06:32+09:00,2026/09/08,2026/09/10,2026-09,PUT,75500,9010,,,,,,,,,,,,,
2026/09/08 08:51,2026-09-08T09:06:32+09:00,2026/09/08,2026/09/10,2026-09,CALL,75375,1,6,1,48.63,,1,209,,,48.7,,,1,09/07 20:37
2026/09/08 08:51,2026-09-08T09:06:32+09:00,2026/09/08,2026/09/10,2026-09,PUT,75375,8885,,,,,,,,,,,,,
2026/09/08 08:51,2026-09-08T09:06:32+09:00,2026/09/08,2026/09/10,2026-09,CALL,75250,1,106,,48.08,,1,255,,,,,,,
2026/09/08 08:51,2026-09-08T09:06:32+09:00,2026/09/08,2026/09/10,2026-09,PUT,75250,8760,,,,,,,,,,,,,
2026/09/08 08:51,2026-09-08T09:06:32+09:00,2026/09/08,2026/09/10,2026-09,CALL,75125,1,,,47.53,,1,205,,,,,,,
2026/09/08 08:51,2026-09-08T09:06:32+09:00,2026/09/08,2026/09/10,2026-09,PUT,75125,8635,,,,,,,,,,,,,
2026/09/08 08:51,2026-09-08T09:06:32+09:00,2026/09/08,2026/09/10,2026-09,CALL,75000,1,3457,9,46.98,,1,486,,,46.09,0,0,1,09/08 00:55
2026/09/08 08:51,2026-09-08T09:06:32+09:00,2026/09/08,2026/09/10,2026-09,PUT,75000,8510,,,,,,,,,,,,,
2026/09/08 08:51,2026-09-08T09:06:32+09:00,2026/09/08,2026/09/10,2026-09,CALL,74875,1,1,,46.43,,1,205,,,,,,,
2026/09/08 08:51,2026-09-08T09:06:32+09:00,2026/09/08,2026/09/10,2026-09,PUT,74875,8385,,,,,,,,,,,,,
2026/09/08 08:51,2026-09-08T09:06:32+09:00,2026/09/08,2026/09/10,2026-09,CALL,74750,1,69,,45.88,,1,255,,,,,,,
2026/09/08 08:51,2026-09-08T09:06:32+09:00,2026/09/08,2026/09/10,2026-09,PUT,74750,8260,,,,,,,,,,,,,
2026/09/08 08:51,2026-09-08T09:06:32+09:00,2026/09/08,2026/09/10,2026-09,CALL,74625,1,56,,45.32,,1,205,,,,,,,
2026/09/08 08:51,2026-09-08T09:06:32+09:00,2026/09/08,2026/09/10,2026-09,PUT,74625,8135,,,,,,,,,,,,,
2026/09/08 08:51,2026-09-08T09:06:32+09:00,2026/09/08,2026/09/10,2026-09,CALL,74500,1,134,2,44.77,,1,103,,,43.01,,,1,09/07 17:38
2026/09/08 08:51,2026-09-08T09:06:32+09:00,2026/09/08,2026/09/10,2026-09,PUT,74500,8010,,,,,,,,,,,,,
2026/09/08 08:51,2026-09-08T09:06:32+09:00,2026/09/08,2026/09/10,2026-09,CALL,74375,1,1,,44.21,,1,5,,,,,,,
2026/09/08 08:51,2026-09-08T09:06:32+09:00,2026/09/08,2026/09/10,2026-09,PUT,74375,7885,,,,,,,,,,,,,
2026/09/08 08:51,2026-09-08T09:06:32+09:00,2026/09/08,2026/09/10,2026-09,CALL,74250,1,6,,43.65,,1,50,,,,,,,
2026/09/08 08:51,2026-09-08T09:06:32+09:00,2026/09/08,2026/09/10,2026-09,PUT,74250,7760,,,,,,,,,,,,,
2026/09/08 08:51,2026-09-08T09:06:32+09:00,2026/09/08,2026/09/10,2026-09,CALL,74125,1,4,,53.85,,9,14,,,,,,,
2026/09/08 08:51,2026-09-08T09:06:32+09:00,2026/09/08,2026/09/10,2026-09,PUT,74125,7635,,,,,,,,,,,,,
2026/09/08 08:51,2026-09-08T09:06:32+09:00,2026/09/08,2026/09/10,2026-09,CALL,74000,1,1386,8,42.53,,1,320,,,41.15,0,0,1,09/07 23:00
2026/09/08 08:51,2026-09-08T09:06:32+09:00,2026/09/08,2026/09/10,2026-09,PUT,74000,7510,,,,,,,,,,,,,
2026/09/08 08:51,2026-09-08T09:06:32+09:00,2026/09/08,2026/09/10,2026-09,CALL,73875,1,18,,52.5,,9,14,,,,,,,
2026/09/08 08:51,2026-09-08T09:06:32+09:00,2026/09/08,2026/09/10,2026-09,PUT,73875,7385,,,,,,,,,,,,,
2026/09/08 08:51,2026-09-08T09:06:32+09:00,2026/09/08,2026/09/10,2026-09,CALL,73750,1,53,,41.4,,1,50,,,,,,,
2026/09/08 08:51,2026-09-08T09:06:32+09:00,2026/09/08,2026/09/10,2026-09,PUT,73750,7260,,,,,,,,,,,,,
2026/09/08 08:51,2026-09-08T09:06:32+09:00,2026/09/08,2026/09/10,2026-09,CALL,73625,1,4,,51.81,,10,14,,,,,,,
2026/09/08 08:51,2026-09-08T09:06:32+09:00,2026/09/08,2026/09/10,2026-09,PUT,73625,7140,,,,,,,,,,,,,
2026/09/08 08:51,2026-09-08T09:06:32+09:00,2026/09/08,2026/09/10,2026-09,CALL,73500,1,600,256,40.26,,1,179,,,39.85,0,0,1,09/07 21:56
2026/09/08 08:51,2026-09-08T09:06:32+09:00,2026/09/08,2026/09/10,2026-09,PUT,73500,7015,,,,,,,,,,,,,
2026/09/08 08:51,2026-09-08T09:06:32+09:00,2026/09/08,2026/09/10,2026-09,CALL,73375,2,3,3,50.42,,10,14,,,38.76,,,1,09/07 22:38
2026/09/08 08:51,2026-09-08T09:06:32+09:00,2026/09/08,2026/09/10,2026-09,PUT,73375,6890,,,,,,,,,,,,,
2026/09/08 08:51,2026-09-08T09:06:32+09:00,2026/09/08,2026/09/10,2026-09,CALL,73250,2,16,1,41.68,,2,54,,,39.12,0,0,1,09/07 21:30
2026/09/08 08:51,2026-09-08T09:06:32+09:00,2026/09/08,2026/09/10,2026-09,PUT,73250,6765,,,,,,,,,,,,,
2026/09/08 08:51,2026-09-08T09:06:32+09:00,2026/09/08,2026/09/10,2026-09,CALL,73125,2,8,1,41.07,,2,4,,,38.49,0,0,1,09/07 21:24
2026/09/08 08:51,2026-09-08T09:06:32+09:00,2026/09/08,2026/09/10,2026-09,PUT,73125,6640,,,,,,,,,,,,,
2026/09/08 08:51,2026-09-08T09:06:32+09:00,2026/09/08,2026/09/10,2026-09,CALL,73000,2,1997,118,40.46,37.97,2,107,1,50,37.58,-1,-50,1,09/08 08:45
2026/09/08 08:51,2026-09-08T09:06:32+09:00,2026/09/08,2026/09/10,2026-09,PUT,73000,6515,3,,,,,,,,,,,,
2026/09/08 08:51,2026-09-08T09:06:32+09:00,2026/09/08,2026/09/10,2026-09,CALL,72875,2,34,1,39.85,,2,5,,,36.38,,,1,09/07 19:17
2026/09/08 08:51,2026-09-08T09:06:32+09:00,2026/09/08,2026/09/10,2026-09,PUT,72875,6390,,,,,,,,,,,,,
2026/09/08 08:51,2026-09-08T09:06:32+09:00,2026/09/08,2026/09/10,2026-09,CALL,72750,2,304,50,39.24,36.81,2,55,1,3,38.81,0,0,2,09/07 19:58
2026/09/08 08:51,2026-09-08T09:06:32+09:00,2026/09/08,2026/09/10,2026-09,PUT,72750,6265,,,,,,,,,,,,,
2026/09/08 08:51,2026-09-08T09:06:32+09:00,2026/09/08,2026/09/10,2026-09,CALL,72625,3,5,1,46.78,,11,4,,,37.56,0,0,2,09/07 19:07
2026/09/08 08:51,2026-09-08T09:06:32+09:00,2026/09/08,2026/09/10,2026-09,PUT,72625,6140,,,,,,,,,,,,,
2026/09/08 08:51,2026-09-08T09:06:32+09:00,2026/09/08,2026/09/10,2026-09,CALL,72500,2,1712,12,38.01,35.64,2,50,1,13,37.6,0,0,2,09/08 08:45
2026/09/08 08:51,2026-09-08T09:06:32+09:00,2026/09/08,2026/09/10,2026-09,PUT,72500,6015,,,,,,,,,,,,,
2026/09/08 08:51,2026-09-08T09:06:32+09:00,2026/09/08,2026/09/10,2026-09,CALL,72375,3,14,,45.35,,11,4,,,,,,,
2026/09/08 08:51,2026-09-08T09:06:32+09:00,2026/09/08,2026/09/10,2026-09,PUT,72375,5890,,,,,,,,,,,,,
2026/09/08 08:51,2026-09-08T09:06:32+09:00,2026/09/08,2026/09/10,2026-09,CALL,72250,3,302,11,36.78,34.47,2,3,1,7,37.27,0,0,3,09/07 19:11
2026/09/08 08:51,2026-09-08T09:06:32+09:00,2026/09/08,2026/09/10,2026-09,PUT,72250,5765,,,,,,,,,,,,,
2026/09/08 08:51,2026-09-08T09:06:32+09:00,2026/09/08,2026/09/10,2026-09,CALL,72125,4,79,,44.41,33.88,12,4,1,5,,,,,
2026/09/08 08:51,2026-09-08T09:06:32+09:00,2026/09/08,2026/09/10,2026-09,PUT,72125,5640,,,,,,,,,,,,,
2026/09/08 08:51,2026-09-08T09:06:32+09:00,2026/09/08,2026/09/10,2026-09,CALL,72000,3,2556,186,37.03,35.53,3,68,2,16,35.42,-1,-33.33,2,09/08 08:49
2026/09/08 08:51,2026-09-08T09:06:32+09:00,2026/09/08,2026/09/10,2026-09,PUT,72000,5515,,,,,,,,,,,,,
2026/09/08 08:51,2026-09-08T09:06:32+09:00,2026/09/08,2026/09/10,2026-09,CALL,71875,4,100,19,42.94,34.91,12,4,2,28,37.42,1,25,5,09/07 22:38
2026/09/08 08:51,2026-09-08T09:06:32+09:00,2026/09/08,2026/09/10,2026-09,PUT,71875,5390,,,,,,,,,,,,,
2026/09/08 08:51,2026-09-08T09:06:32+09:00,2026/09/08,2026/09/10,2026-09,CALL,71750,6,42,,36.87,34.28,4,16,2,20,,,,,
2026/09/08 08:51,2026-09-08T09:06:32+09:00,2026/09/08,2026/09/10,2026-09,PUT,71750,5265,,,,,,,,,,,,,
2026/09/08 08:51,2026-09-08T09:06:32+09:00,2026/09/08,2026/09/10,2026-09,CALL,71625,6,4,,36.2,33.65,4,19,2,19,,,,,
2026/09/08 08:51,2026-09-08T09:06:32+09:00,2026/09/08,2026/09/10,2026-09,PUT,71625,5145,,,,,,,,,,,,,
2026/09/08 08:51,2026-09-08T09:06:32+09:00,2026/09/08,2026/09/10,2026-09,CALL,71500,6,528,28,35.53,34.43,4,10,3,23,35.09,-2,-33.33,4,09/08 08:45
2026/09/08 08:51,2026-09-08T09:06:32+09:00,2026/09/08,2026/09/10,2026-09,PUT,71500,5020,,,,,,,,,,,,,
2026/09/08 08:51,2026-09-08T09:06:32+09:00,2026/09/08,2026/09/10,2026-09,CALL,71375,8,11,,35.76,33.77,5,19,3,15,,,,,
2026/09/08 08:51,2026-09-08T09:06:32+09:00,2026/09/08,2026/09/10,2026-09,PUT,71375,4895,,,,,,,,,,,,,
2026/09/08 08:51,2026-09-08T09:06:32+09:00,2026/09/08,2026/09/10,2026-09,CALL,71250,9,85,5,35.84,34.18,6,15,4,20,35.68,-3,-30,7,09/08 00:31
2026/09/08 08:51,2026-09-08T09:06:32+09:00,2026/09/08,2026/09/10,2026-09,PUT,71250,4770,1,,82.7,,5745,1,4945,1,,,,,
2026/09/08 08:51,2026-09-08T09:06:32+09:00,2026/09/08,2026/09/10,2026-09,CALL,71125,10,81,,35.81,33.5,7,15,4,15,,,,,
2026/09/08 08:51,2026-09-08T09:06:32+09:00,2026/09/08,2026/09/10,2026-09,PUT,71125,4645,,,,,,,,,,,,,
2026/09/08 08:51,2026-09-08T09:06:32+09:00,2026/09/08,2026/09/10,2026-09,CALL,71000,11,1635,447,35.09,34.43,7,16,6,14,34.84,-4,-36.36,7,09/08 08:50
2026/09/08 08:51,2026-09-08T09:06:32+09:00,2026/09/08,2026/09/10,2026-09,PUT,71000,4525,100,,80.59,,5500,4,4695,4,,,,,
2026/09/08 08:51,2026-09-08T09:06:32+09:00,2026/09/08,2026/09/10,2026-09,CALL,70875,12,72,1,35.51,32.98,9,19,5,40,34.9,-1,-8.33,11,09/07 18:54
2026/09/08 08:51,2026-09-08T09:06:32+09:00,2026/09/08,2026/09/10,2026-09,PUT,70875,4400,,,,,,,,,,,,,
2026/09/08 08:51,2026-09-08T09:06:32+09:00,2026/09/08,2026/09/10,2026-09,CALL,70750,14,60,25,35.72,34.23,11,37,8,1,35.92,-3,-21.43,11,09/07 21:36
2026/09/08 08:51,2026-09-08T09:06:32+09:00,2026/09/08,2026/09/10,2026-09,PUT,70750,4275,,,78.1,,5250,1,4445,1,,,,,
2026/09/08 08:51,2026-09-08T09:06:32+09:00,2026/09/08,2026/09/10,2026-09,CALL,70625,17,271,1,34.96,32.92,11,19,7,33,35.59,-1,-7.14,13,09/07 21:51
2026/09/08 08:51,2026-09-08T09:06:32+09:00,2026/09/08,2026/09/10,2026-09,PUT,70625,4155,,,,,,,,,,,,,
2026/09/08 08:51,2026-09-08T09:06:32+09:00,2026/09/08,2026/09/10,2026-09,CALL,70500,20,406,33,35.01,33.26,13,3,9,13,34.01,-10,-50,10,09/08 08:46
2026/09/08 08:51,2026-09-08T09:06:32+09:00,2026/09/08,2026/09/10,2026-09,PUT,70500,4030,2,,75.91,,5005,1,4200,1,,,,,
2026/09/08 08:51,2026-09-08T09:06:32+09:00,2026/09/08,2026/09/10,2026-09,CALL,70375,22,5,2,34.6,32,14,7,8,24,33.29,,,11,09/08 08:49
2026/09/08 08:51,2026-09-08T09:06:32+09:00,2026/09/08,2026/09/10,2026-09,PUT,70375,3910,,,,,,,,,,,,,
2026/09/08 08:51,2026-09-08T09:06:32+09:00,2026/09/08,2026/09/10,2026-09,CALL,70250,26,651,15,34.16,31.75,15,1,9,27,34.71,1,4.55,23,09/07 18:38
2026/09/08 08:51,2026-09-08T09:06:32+09:00,2026/09/08,2026/09/10,2026-09,PUT,70250,3790,,,73.67,,4760,1,3950,1,,,,,
2026/09/08 08:51,2026-09-08T09:06:32+09:00,2026/09/08,2026/09/10,2026-09,CALL,70125,32,17,2,34.6,32.65,19,23,13,23,34.05,-3,-12,22,09/07 19:40
2026/09/08 08:51,2026-09-08T09:06:32+09:00,2026/09/08,2026/09/10,2026-09,PUT,70125,3670,,,52.47,,4370,1,3920,6,,,,,
2026/09/08 08:51,2026-09-08T09:06:32+09:00,2026/09/08,2026/09/10,2026-09,CALL,70000,35,3748,167,34.05,33.18,20,7,17,12,33.48,-16,-45.71,19,09/08 08:50
2026/09/08 08:51,2026-09-08T09:06:32+09:00,2026/09/08,2026/09/10,2026-09,PUT,70000,3550,1478,,54.08,,4275,4,3800,22,,,,,
2026/09/08 08:51,2026-09-08T09:06:32+09:00,2026/09/08,2026/09/10,2026-09,CALL,69875,42,52,1,34.47,32.35,25,23,17,23,33.39,-5,-15.63,27,09/07 22:49
2026/09/08 08:51,2026-09-08T09:06:32+09:00,2026/09/08,2026/09/10,2026-09,PUT,69875,3430,,,51.18,,4130,5,3680,5,,,,,
2026/09/08 08:51,2026-09-08T09:06:32+09:00,2026/09/08,2026/09/10,2026-09,CALL,69750,46,1477,8,33.83,32.88,26,4,22,1,33.33,-22,-47.83,24,09/08 08:48
2026/09/08 08:51,2026-09-08T09:06:32+09:00,2026/09/08,2026/09/10,2026-09,PUT,69750,3310,,,50.5,,4010,2,3560,8,,,,,
2026/09/08 08:51,2026-09-08T09:06:32+09:00,2026/09/08,2026/09/10,2026-09,CALL,69625,55,73,,34.96,31.51,36,23,20,4,,,,,
2026/09/08 08:51,2026-09-08T09:06:32+09:00,2026/09/08,2026/09/10,2026-09,PUT,69625,3190,,,48.02,,3870,5,3440,5,,,,,
2026/09/08 08:51,2026-09-08T09:06:32+09:00,2026/09/08,2026/09/10,2026-09,CALL,69500,60,839,18,33.67,33.1,34,4,31,1,33.21,-30,-50,30,09/08 08:46
2026/09/08 08:51,2026-09-08T09:06:32+09:00,2026/09/08,2026/09/10,2026-09,PUT,69500,3075,5,,45.98,,3735,3,3325,11,,,,,
2026/09/08 08:51,2026-09-08T09:06:32+09:00,2026/09/08,2026/09/10,2026-09,CALL,69375,73,29,,34.45,31.8,44,3,29,4,,,,,
2026/09/08 08:51,2026-09-08T09:06:32+09:00,2026/09/08,2026/09/10,2026-09,PUT,69375,2960,,,50.28,,3675,5,3210,6,,,,,
2026/09/08 08:51,2026-09-08T09:06:32+09:00,2026/09/08,2026/09/10,2026-09,CALL,69250,79,192,5,33.49,32.69,44,1,39,1,32.85,-26,-39.39,40,09/08 08:47
2026/09/08 08:51,2026-09-08T09:06:32+09:00,2026/09/08,2026/09/10,2026-09,PUT,69250,2845,1,,45.03,,3500,7,3095,8,,,,,
2026/09/08 08:51,2026-09-08T09:06:32+09:00,2026/09/08,2026/09/10,2026-09,CALL,69125,101,129,,33.55,31.9,51,16,40,5,,,,,
2026/09/08 08:51,2026-09-08T09:06:32+09:00,2026/09/08,2026/09/10,2026-09,PUT,69125,2740,,,67.05,,3730,1,2990,5,,,,,
2026/09/08 08:51,2026-09-08T09:06:32+09:00,2026/09/08,2026/09/10,2026-09,CALL,69000,102,2143,145,33.23,32.55,56,1,51,1,32.75,-52,-50.98,50,09/08 08:46
2026/09/08 08:51,2026-09-08T09:06:32+09:00,2026/09/08,2026/09/10,2026-09,PUT,69000,2620,1119,,47.71,,3315,7,2870,22,,,,,
2026/09/08 08:51,2026-09-08T09:06:32+09:00,2026/09/08,2026/09/10,2026-09,CALL,68875,116,84,,33.45,31.82,66,14,53,5,,,,,
2026/09/08 08:51,2026-09-08T09:06:32+09:00,2026/09/08,2026/09/10,2026-09,PUT,68875,2505,,,68.71,,3565,5,2755,6,,,,,
2026/09/08 08:51,2026-09-08T09:06:32+09:00,2026/09/08,2026/09/10,2026-09,CALL,68750,131,333,5,33.08,32.16,72,1,64,1,32.49,-61,-46.56,70,09/08 08:50
2026/09/08 08:51,2026-09-08T09:06:32+09:00,2026/09/08,2026/09/10,2026-09,PUT,68750,2395,57,,38.23,,2975,2,2645,8,,,,,
2026/09/08 08:51,2026-09-08T09:06:32+09:00,2026/09/08,2026/09/10,2026-09,CALL,68625,148,24,,34.64,31.89,98,14,71,7,,,,,
2026/09/08 08:51,2026-09-08T09:06:32+09:00,2026/09/08,2026/09/10,2026-09,PUT,68625,2285,,,38.3,,2865,1,2535,5,,,,,
2026/09/08 08:51,2026-09-08T09:06:32+09:00,2026/09/08,2026/09/10,2026-09,CALL,68500,165,356,73,33.12,32.26,94,1,85,1,32.55,-75,-45.45,90,09/08 08:49
2026/09/08 08:51,2026-09-08T09:06:32+09:00,2026/09/08,2026/09/10,2026-09,PUT,68500,2185,169,,38.65,,2760,3,2575,3,,,,,
2026/09/08 08:51,2026-09-08T09:06:32+09:00,2026/09/08,2026/09/10,2026-09,CALL,68375,185,32,,33.5,31.7,111,6,91,4,,,,,
2026/09/08 08:51,2026-09-08T09:06:32+09:00,2026/09/08,2026/09/10,2026-09,PUT,68375,2075,1,,43.88,,2730,1,2325,5,,,,,
2026/09/08 08:51,2026-09-08T09:06:32+09:00,2026/09/08,2026/09/10,2026-09,CALL,68250,206,38,1,33.14,32.23,121,1,110,3,33.2,-32,-21.33,118,09/07 21:34
2026/09/08 08:51,2026-09-08T09:06:32+09:00,2026/09/08,2026/09/10,2026-09,PUT,68250,1975,109,,36.87,21.76,2520,3,2370,3,,,,,
2026/09/08 08:51,2026-09-08T09:06:32+09:00,2026/09/08,2026/09/10,2026-09,CALL,68125,228,68,,33.48,31.77,141,3,119,1,,,,,
2026/09/08 08:51,2026-09-08T09:06:32+09:00,2026/09/08,2026/09/10,2026-09,PUT,68125,1870,,,44.98,,2545,5,2070,6,,,,,
2026/09/08 08:51,2026-09-08T09:06:32+09:00,2026/09/08,2026/09/10,2026-09,CALL,68000,255,3523,129,32.87,32.65,150,2,147,1,32.72,-107,-41.96,148,09/08 08:51
2026/09/08 08:51,2026-09-08T09:06:32+09:00,2026/09/08,2026/09/10,2026-09,PUT,68000,1780,2132,,38.19,24.72,2330,6,2155,6,,,,,
2026/09/08 08:51,2026-09-08T09:06:32+09:00,2026/09/08,2026/09/10,2026-09,CALL,67875,279,59,1,33.09,31.65,172,1,151,13,33.18,-51,-22.57,175,09/07 20:22
2026/09/08 08:51,2026-09-08T09:06:32+09:00,2026/09/08,2026/09/10,2026-09,PUT,67875,1675,,,43.15,,2315,6,1875,6,,,,,
2026/09/08 08:51,2026-09-08T09:06:32+09:00,2026/09/08,2026/09/10,2026-09,CALL,67750,310,501,27,32.97,32.07,191,1,177,3,31.72,-77,-30.56,175,09/08 08:49
2026/09/08 08:51,2026-09-08T09:06:32+09:00,2026/09/08,2026/09/10,2026-09,PUT,67750,1580,260,,38.02,26.17,2125,4,1945,3,,,,,
2026/09/08 08:51,2026-09-08T09:06:32+09:00,2026/09/08,2026/09/10,2026-09,CALL,67625,345,15,,33.77,31.34,227,1,187,1,,,,,
2026/09/08 08:51,2026-09-08T09:06:32+09:00,2026/09/08,2026/09/10,2026-09,PUT,67625,1490,1,,39.55,,2055,5,1690,6,,,,,
2026/09/08 08:51,2026-09-08T09:06:32+09:00,2026/09/08,2026/09/10,2026-09,CALL,67500,400,1763,18,32.84,32.49,236,1,230,1,31.88,-172,-43,228,09/08 08:50
2026/09/08 08:51,2026-09-08T09:06:32+09:00,2026/09/08,2026/09/10,2026-09,PUT,67500,1405,553,,36.66,26.92,1905,3,1740,3,,,,,
2026/09/08 08:51,2026-09-08T09:06:32+09:00,2026/09/08,2026/09/10,2026-09,CALL,67375,420,43,1,33.06,31.4,267,6,237,11,32.99,-67,-20,268,09/07 20:22
2026/09/08 08:51,2026-09-08T09:06:32+09:00,2026/09/08,2026/09/10,2026-09,PUT,67375,1315,,,34.84,17.6,1775,1,1515,6,,,,,
2026/09/08 08:51,2026-09-08T09:06:32+09:00,2026/09/08,2026/09/10,2026-09,CALL,67250,450,24,5,32.78,31.88,291,1,274,3,32.81,-90,-22.22,315,09/07 19:54
2026/09/08 08:51,2026-09-08T09:06:32+09:00,2026/09/08,2026/09/10,2026-09,PUT,67250,1235,15,,35.82,27.52,1700,3,1545,2,,,,,
2026/09/08 08:51,2026-09-08T09:06:32+09:00,2026/09/08,2026/09/10,2026-09,CALL,67125,515,7,,32.9,31.07,325,1,289,1,,,,,
2026/09/08 08:51,2026-09-08T09:06:32+09:00,2026/09/08,2026/09/10,2026-09,PUT,67125,1155,2,,39.72,22.16,1690,5,1355,6,,,,,
2026/09/08 08:51,2026-09-08T09:06:32+09:00,2026/09/08,2026/09/10,2026-09,CALL,67000,550,3337,93,32.45,31.96,350,3,340,3,31.64,-205,-37.27,345,09/08 08:50
2026/09/08 08:51,2026-09-08T09:06:32+09:00,2026/09/08,2026/09/10,2026-09,PUT,67000,1075,2321,2,34.39,28.72,1490,24,1375,5,31.74,50,4,1300,09/07 22:35
2026/09/08 08:51,2026-09-08T09:06:32+09:00,2026/09/08,2026/09/10,2026-09,CALL,66875,595,3,,33.32,30.95,405,1,355,1,,,,,
2026/09/08 08:51,2026-09-08T09:06:32+09:00,2026/09/08,2026/09/10,2026-09,PUT,66875,1000,,,38.4,24.52,1490,5,1200,6,,,,,
2026/09/08 08:51,2026-09-08T09:06:32+09:00,2026/09/08,2026/09/10,2026-09,CALL,66750,625,1617,4,32.64,31.95,430,1,415,3,31.58,-175,-28,450,09/08 00:16
2026/09/08 08:51,2026-09-08T09:06:32+09:00,2026/09/08,2026/09/10,2026-09,PUT,66750,925,152,,34.46,28.22,1320,6,1185,2,,,,,
2026/09/08 08:51,2026-09-08T09:06:32+09:00,2026/09/08,2026/09/10,2026-09,CALL,66625,715,162,1,32.76,30.97,475,1,435,2,32.23,,,535,09/07 19:26
2026/09/08 08:51,2026-09-08T09:06:32+09:00,2026/09/08,2026/09/10,2026-09,PUT,66625,870,9,,34.76,28.24,1245,2,1100,2,,,,,
2026/09/08 08:51,2026-09-08T09:06:32+09:00,2026/09/08,2026/09/10,2026-09,CALL,66500,735,3340,14,32.53,31.87,515,1,500,2,32.54,-235,-31.97,500,09/08 08:46
2026/09/08 08:51,2026-09-08T09:06:32+09:00,2026/09/08,2026/09/10,2026-09,PUT,66500,805,2164,6,32.75,29.67,1120,14,1050,2,32.21,110,12.64,980,09/07 23:44
2026/09/08 08:51,2026-09-08T09:06:32+09:00,2026/09/08,2026/09/10,2026-09,CALL,66375,850,10,,33.03,30.44,575,1,515,2,,,,,
2026/09/08 08:51,2026-09-08T09:06:32+09:00,2026/09/08,2026/09/10,2026-09,PUT,66375,735,5,,32.82,29.14,1045,2,960,2,,,,,
2026/09/08 08:51,2026-09-08T09:06:32+09:00,2026/09/08,2026/09/10,2026-09,CALL,66250,900,89,3,32.76,31.91,620,2,600,2,31.9,-165,-20.63,635,09/07 21:55
2026/09/08 08:51,2026-09-08T09:06:32+09:00,2026/09/08,2026/09/10,2026-09,PUT,66250,720,210,2,32.12,29.99,955,2,905,2,32.46,60,8.33,780,09/07 18:12
2026/09/08 08:51,2026-09-08T09:06:32+09:00,2026/09/08,2026/09/10,2026-09,CALL,66125,990,41,,32.99,30.67,680,1,625,2,,,,,
2026/09/08 08:51,2026-09-08T09:06:32+09:00,2026/09/08,2026/09/10,2026-09,PUT,66125,625,6,,32.78,29.19,900,2,815,2,,,,,
2026/09/08 08:51,2026-09-08T09:06:32+09:00,2026/09/08,2026/09/10,2026-09,CALL,66000,1050,2043,25,32.88,31.83,735,3,710,3,31.01,-225,-24.06,710,09/08 08:50
2026/09/08 08:51,2026-09-08T09:06:32+09:00,2026/09/08,2026/09/10,2026-09,PUT,66000,610,2522,30,31.2,30.36,795,1,775,1,31.85,145,23.77,755,09/07 22:03
2026/09/08 08:51,2026-09-08T09:06:32+09:00,2026/09/08,2026/09/10,2026-09,CALL,65875,1140,1,,33.06,30.75,800,2,745,3,,,,,
2026/09/08 08:51,2026-09-08T09:06:32+09:00,2026/09/08,2026/09/10,2026-09,PUT,65875,525,1,,32.85,29.28,770,1,685,1,,,,,
2026/09/08 08:51,2026-09-08T09:06:32+09:00,2026/09/08,2026/09/10,2026-09,CALL,65750,1215,104,,34.15,30.78,890,2,810,3,,,,,
2026/09/08 08:51,2026-09-08T09:06:32+09:00,2026/09/08,2026/09/10,2026-09,PUT,65750,480,702,3,31.41,30.36,675,2,650,3,31.96,170,32.38,695,09/07 21:32
2026/09/08 08:51,2026-09-08T09:06:32+09:00,2026/09/08,2026/09/10,2026-09,CALL,65625,1300,6,3,34.28,29.61,960,8,850,12,32.56,,,1000,09/07 22:07
2026/09/08 08:51,2026-09-08T09:06:32+09:00,2026/09/08,2026/09/10,2026-09,PUT,65625,435,26,,32.8,29.61,650,1,575,1,,,,,
2026/09/08 08:51,2026-09-08T09:06:32+09:00,2026/09/08,2026/09/10,2026-09,CALL,65500,1390,406,5,33.86,30.41,1020,4,940,18,30.63,-285,-23.17,945,09/08 08:47
2026/09/08 08:51,2026-09-08T09:06:32+09:00,2026/09/08,2026/09/10,2026-09,PUT,65500,405,552,4,31.49,30.63,565,2,545,2,32.64,125,30.86,530,09/07 19:53
2026/09/08 08:51,2026-09-08T09:06:32+09:00,2026/09/08,2026/09/10,2026-09,CALL,65375,1470,1,,35.68,30,1135,2,1005,2,,,,,
2026/09/08 08:51,2026-09-08T09:06:32+09:00,2026/09/08,2026/09/10,2026-09,PUT,65375,370,33,,32.85,30.44,545,1,490,1,,,,,
2026/09/08 08:51,2026-09-08T09:06:32+09:00,2026/09/08,2026/09/10,2026-09,CALL,65250,1565,19,,35,29.64,1195,2,1075,3,,,,,
2026/09/08 08:51,2026-09-08T09:06:32+09:00,2026/09/08,2026/09/10,2026-09,PUT,65250,325,100,4,31.89,30.99,475,3,455,3,33.78,,,400,09/07 17:30
2026/09/08 08:51,2026-09-08T09:06:32+09:00,2026/09/08,2026/09/10,2026-09,CALL,65125,1665,9,,43.55,24.83,1465,6,1055,5,,,,,
2026/09/08 08:51,2026-09-08T09:06:32+09:00,2026/09/08,2026/09/10,2026-09,PUT,65125,300,34,,33.02,30.5,455,1,400,2,,,,,
2026/09/08 08:51,2026-09-08T09:06:32+09:00,2026/09/08,2026/09/10,2026-09,CALL,65000,1755,4738,10,35.7,31.49,1370,20,1280,20,33.17,-215,-13.74,1350,09/07 20:01
2026/09/08 08:51,2026-09-08T09:06:32+09:00,2026/09/08,2026/09/10,2026-09,PUT,65000,275,4465,104,32.91,31.49,410,39,380,11,33.78,130,47.27,405,09/08 08:45
2026/09/08 08:51,2026-09-08T09:06:32+09:00,2026/09/08,2026/09/10,2026-09,CALL,64875,1860,31,,45.28,23.38,1660,6,1210,5,,,,,
2026/09/08 08:51,2026-09-08T09:06:32+09:00,2026/09/08,2026/09/10,2026-09,PUT,64875,245,12,1,32.64,31.17,365,2,335,2,32.49,,,335,09/08 00:23
2026/09/08 08:51,2026-09-08T09:06:32+09:00,2026/09/08,2026/09/10,2026-09,CALL,64750,1970,212,,36.44,29.37,1555,3,1415,3,,,,,
2026/09/08 08:51,2026-09-08T09:06:32+09:00,2026/09/08,2026/09/10,2026-09,PUT,64750,245,499,1,32.46,31.7,325,3,310,1,33.14,80,32.65,325,09/07 20:52
2026/09/08 08:51,2026-09-08T09:06:32+09:00,2026/09/08,2026/09/10,2026-09,CALL,64625,2070,1,,45.06,26.27,1820,6,1455,1,,,,,
2026/09/08 08:51,2026-09-08T09:06:32+09:00,2026/09/08,2026/09/10,2026-09,PUT,64625,203,67,,32.92,31.38,300,2,271,11,,,,,
2026/09/08 08:51,2026-09-08T09:06:32+09:00,2026/09/08,2026/09/10,2026-09,CALL,64500,2180,146,1,36.99,27.5,1745,3,1575,5,34.62,-80,-3.94,1950,09/07 17:14
2026/09/08 08:51,2026-09-08T09:06:32+09:00,2026/09/08,2026/09/10,2026-09,PUT,64500,189,630,30,32.99,31.71,270,3,247,4,32.92,51,26.98,240,09/08 01:07
2026/09/08 08:51,2026-09-08T09:06:32+09:00,2026/09/08,2026/09/10,2026-09,CALL,64375,2280,,,46.88,21.85,2030,6,1600,5,,,,,
2026/09/08 08:51,2026-09-08T09:06:32+09:00,2026/09/08,2026/09/10,2026-09,PUT,64375,164,49,,33.5,31.76,250,1,220,8,,,,,
2026/09/08 08:51,2026-09-08T09:06:32+09:00,2026/09/08,2026/09/10,2026-09,CALL,64250,1570,104,,38.23,26.73,1955,3,1770,10,,,,,
2026/09/08 08:51,2026-09-08T09:06:32+09:00,2026/09/08,2026/09/10,2026-09,PUT,64250,153,46,4,33.31,32.46,220,3,206,1,34.28,26,14.13,210,09/07 21:59
2026/09/08 08:51,2026-09-08T09:06:32+09:00,2026/09/08,2026/09/10,2026-09,CALL,64125,2505,,,49.25,14.16,2255,6,1780,5,,,,,
2026/09/08 08:51,2026-09-08T09:06:32+09:00,2026/09/08,2026/09/10,2026-09,PUT,64125,137,27,,34.04,32.31,207,1,180,3,,,,,
2026/09/08 08:51,2026-09-08T09:06:32+09:00,2026/09/08,2026/09/10,2026-09,CALL,64000,2620,1701,,39.44,25.17,2170,6,1970,6,,,,,
2026/09/08 08:51,2026-09-08T09:06:32+09:00,2026/09/08,2026/09/10,2026-09,PUT,64000,129,2955,55,33.77,32.89,180,3,167,1,33.95,47,36.43,176,09/08 08:50
2026/09/08 08:51,2026-09-08T09:06:32+09:00,2026/09/08,2026/09/10,2026-09,CALL,63875,2735,,,51.71,,2485,6,1795,5,,,,,
2026/09/08 08:51,2026-09-08T09:06:32+09:00,2026/09/08,2026/09/10,2026-09,PUT,63875,116,51,2,34.46,33.17,169,16,151,10,34.74,15,11.28,148,09/07 22:20
2026/09/08 08:51,2026-09-08T09:06:32+09:00,2026/09/08,2026/09/10,2026-09,CALL,63750,2845,2,,40.35,23.44,2385,3,2185,3,,,,,
2026/09/08 08:51,2026-09-08T09:06:32+09:00,2026/09/08,2026/09/10,2026-09,PUT,63750,105,79,8,34.34,33.42,148,1,136,1,35.02,29,23.02,155,09/07 20:33
2026/09/08 08:51,2026-09-08T09:06:32+09:00,2026/09/08,2026/09/10,2026-09,CALL,63625,2960,,,53.77,,2710,6,2225,5,,,,,
2026/09/08 08:51,2026-09-08T09:06:32+09:00,2026/09/08,2026/09/10,2026-09,PUT,63625,95,41,,35.4,33.47,144,11,120,14,,,,,
2026/09/08 08:51,2026-09-08T09:06:32+09:00,2026/09/08,2026/09/10,2026-09,CALL,63500,3075,4,,54.88,22.95,2825,13,2420,1,,,,,
2026/09/08 08:51,2026-09-08T09:06:32+09:00,2026/09/08,2026/09/10,2026-09,PUT,63500,92,676,26,34.96,34.1,122,1,112,1,35.24,31,33.7,123,09/08 08:49
2026/09/08 08:51,2026-09-08T09:06:32+09:00,2026/09/08,2026/09/10,2026-09,CALL,63375,3195,,,56.25,33.81,2945,5,2620,1,,,,,
2026/09/08 08:51,2026-09-08T09:06:32+09:00,2026/09/08,2026/09/10,2026-09,PUT,63375,78,61,,36.87,34.38,129,1,101,14,,,,,
2026/09/08 08:51,2026-09-08T09:06:32+09:00,2026/09/08,2026/09/10,2026-09,CALL,63250,3310,1,,57.31,,3060,8,2600,2,,,,,
2026/09/08 08:51,2026-09-08T09:06:32+09:00,2026/09/08,2026/09/10,2026-09,PUT,63250,75,66,2,35.74,34.86,102,1,93,1,36.16,27,36,102,09/07 20:21
2026/09/08 08:51,2026-09-08T09:06:32+09:00,2026/09/08,2026/09/10,2026-09,CALL,63125,3430,,,58.64,,3180,6,2760,5,,,,,
2026/09/08 08:51,2026-09-08T09:06:32+09:00,2026/09/08,2026/09/10,2026-09,PUT,63125,66,109,,37.48,35.16,107,3,84,3,,,,,
2026/09/08 08:51,2026-09-08T09:06:32+09:00,2026/09/08,2026/09/10,2026-09,CALL,63000,3550,967,,59.94,,3300,22,2855,4,,,,,
2026/09/08 08:51,2026-09-08T09:06:32+09:00,2026/09/08,2026/09/10,2026-09,PUT,63000,60,2580,131,36.04,35.59,81,1,77,1,36.4,21,35,81,09/08 08:50
2026/09/08 08:51,2026-09-08T09:06:32+09:00,2026/09/08,2026/09/10,2026-09,CALL,62875,3670,,,61.23,,3420,6,2800,1,,,,,
2026/09/08 08:51,2026-09-08T09:06:32+09:00,2026/09/08,2026/09/10,2026-09,PUT,62875,55,41,1,36.9,35.83,78,14,69,3,37.12,,,75,09/07 20:42
2026/09/08 08:51,2026-09-08T09:06:32+09:00,2026/09/08,2026/09/10,2026-09,CALL,62750,3790,,,62.5,,3540,7,3080,8,,,,,
2026/09/08 08:51,2026-09-08T09:06:32+09:00,2026/09/08,2026/09/10,2026-09,PUT,62750,52,760,2,36.99,36.22,69,1,63,1,36.78,14,26.92,66,09/08 08:49
2026/09/08 08:51,2026-09-08T09:06:32+09:00,2026/09/08,2026/09/10,2026-09,CALL,62625,3915,,,64.07,,3665,5,3230,1,,,,,
2026/09/08 08:51,2026-09-08T09:06:32+09:00,2026/09/08,2026/09/10,2026-09,PUT,62625,46,92,,37.89,36.4,67,14,56,14,,,,,
2026/09/08 08:51,2026-09-08T09:06:32+09:00,2026/09/08,2026/09/10,2026-09,CALL,62500,4035,801,,65.31,,3785,13,3050,1,,,,,
2026/09/08 08:51,2026-09-08T09:06:32+09:00,2026/09/08,2026/09/10,2026-09,PUT,62500,44,1113,96,37.95,37.08,59,1,53,1,37.71,13,29.55,57,09/08 08:48
2026/09/08 08:51,2026-09-08T09:06:32+09:00,2026/09/08,2026/09/10,2026-09,CALL,62375,4155,,,66.54,0,3905,6,3525,1,,,,,
2026/09/08 08:51,2026-09-08T09:06:32+09:00,2026/09/08,2026/09/10,2026-09,PUT,62375,40,268,,38.64,37.25,56,21,47,16,,,,,
2026/09/08 08:51,2026-09-08T09:06:32+09:00,2026/09/08,2026/09/10,2026-09,CALL,62250,4275,1,,67.75,,4025,7,3560,7,,,,,
2026/09/08 08:51,2026-09-08T09:06:32+09:00,2026/09/08,2026/09/10,2026-09,PUT,62250,38,155,11,38.5,37.82,48,1,44,1,37.84,8,21.05,46,09/08 08:46
2026/09/08 08:51,2026-09-08T09:06:32+09:00,2026/09/08,2026/09/10,2026-09,CALL,62125,4400,,,69.28,,4150,6,3670,6,,,,,
2026/09/08 08:51,2026-09-08T09:06:32+09:00,2026/09/08,2026/09/10,2026-09,PUT,62125,34,32,1,39.58,37.8,48,23,38,16,41.03,-10,-22.22,35,09/07 17:03
2026/09/08 08:51,2026-09-08T09:06:32+09:00,2026/09/08,2026/09/10,2026-09,CALL,62000,4525,2002,,70.81,,4275,22,3800,4,,,,,
2026/09/08 08:51,2026-09-08T09:06:32+09:00,2026/09/08,2026/09/10,2026-09,PUT,62000,30,4338,129,39.61,39.04,42,1,39,1,39.39,10,33.33,40,09/08 08:49
2026/09/08 08:51,2026-09-08T09:06:32+09:00,2026/09/08,2026/09/10,2026-09,CALL,61875,4645,2,,71.98,,4395,6,3920,1,,,,,
2026/09/08 08:51,2026-09-08T09:06:32+09:00,2026/09/08,2026/09/10,2026-09,PUT,61875,30,88,,40.67,37.5,42,23,27,23,,,,,
2026/09/08 08:51,2026-09-08T09:06:32+09:00,2026/09/08,2026/09/10,2026-09,CALL,61750,4770,,,73.5,,4520,8,4035,7,,,,,
2026/09/08 08:51,2026-09-08T09:06:32+09:00,2026/09/08,2026/09/10,2026-09,PUT,61750,28,264,11,40.32,39.67,35,6,32,1,41.7,4,13.33,34,09/07 18:52
2026/09/08 08:51,2026-09-08T09:06:32+09:00,2026/09/08,2026/09/10,2026-09,CALL,61625,4890,,,74.65,,4640,6,4160,5,,,,,
2026/09/08 08:51,2026-09-08T09:06:32+09:00,2026/09/08,2026/09/10,2026-09,PUT,61625,26,16,,41.78,38.17,37,23,22,23,,,,,
2026/09/08 08:51,2026-09-08T09:06:32+09:00,2026/09/08,2026/09/10,2026-09,CALL,61500,5015,2,,76.15,,4765,13,4155,3,,,,,
2026/09/08 08:51,2026-09-08T09:06:32+09:00,2026/09/08,2026/09/10,2026-09,PUT,61500,24,1780,56,41.24,40.75,30,1,28,1,42.34,8,33.33,32,09/07 21:54
2026/09/08 08:51,2026-09-08T09:06:32+09:00,2026/09/08,2026/09/10,2026-09,CALL,61375,5140,,,77.64,,4890,6,4390,1,,,,,
2026/09/08 08:51,2026-09-08T09:06:32+09:00,2026/09/08,2026/09/10,2026-09,PUT,61375,21,11,,42.73,38.51,32,23,17,23,,,,,
2026/09/08 08:51,2026-09-08T09:06:32+09:00,2026/09/08,2026/09/10,2026-09,CALL,61250,5260,22,,78.77,,5010,1,4535,1,,,,,
2026/09/08 08:51,2026-09-08T09:06:32+09:00,2026/09/08,2026/09/10,2026-09,PUT,61250,21,90,3,43,41.07,29,27,22,1,42.44,0,0,25,09/07 20:16
2026/09/08 08:51,2026-09-08T09:06:32+09:00,2026/09/08,2026/09/10,2026-09,CALL,61125,5385,,,,,,,,,,,,,
2026/09/08 08:51,2026-09-08T09:06:32+09:00,2026/09/08,2026/09/10,2026-09,PUT,61125,20,44,,43.2,41.08,26,23,19,23,,,,,
2026/09/08 08:51,2026-09-08T09:06:32+09:00,2026/09/08,2026/09/10,2026-09,CALL,61000,5510,221,,86.83,,5330,4,4525,4,,,,,
2026/09/08 08:51,2026-09-08T09:06:32+09:00,2026/09/08,2026/09/10,2026-09,PUT,61000,19,2600,95,43.01,42.03,22,2,19,15,42.37,1,5.26,20,09/08 08:47
2026/09/08 08:51,2026-09-08T09:06:32+09:00,2026/09/08,2026/09/10,2026-09,CALL,60875,5630,,,,,,,,,,,,,
2026/09/08 08:51,2026-09-08T09:06:32+09:00,2026/09/08,2026/09/10,2026-09,PUT,60875,15,67,,43.97,41.88,22,24,16,24,,,,,
2026/09/08 08:51,2026-09-08T09:06:32+09:00,2026/09/08,2026/09/10,2026-09,CALL,60750,5755,120,,89.88,,5580,1,4770,1,,,,,
2026/09/08 08:51,2026-09-08T09:06:32+09:00,2026/09/08,2026/09/10,2026-09,PUT,60750,15,329,,43.93,41.55,19,26,13,32,,,,,
2026/09/08 08:51,2026-09-08T09:06:32+09:00,2026/09/08,2026/09/10,2026-09,CALL,60625,5880,,,,,,,,,,,,,
2026/09/08 08:51,2026-09-08T09:06:32+09:00,2026/09/08,2026/09/10,2026-09,PUT,60625,15,11,,44.88,42.46,19,24,13,24,,,,,
2026/09/08 08:51,2026-09-08T09:06:32+09:00,2026/09/08,2026/09/10,2026-09,CALL,60500,6005,750,,92.55,,5825,1,5020,1,,,,,
2026/09/08 08:51,2026-09-08T09:06:32+09:00,2026/09/08,2026/09/10,2026-09,PUT,60500,12,2909,14,44.67,43.36,16,5,13,42,44.98,2,16.67,14,09/08 04:08
2026/09/08 08:51,2026-09-08T09:06:32+09:00,2026/09/08,2026/09/10,2026-09,CALL,60375,6130,,,,,,,,,,,,,
2026/09/08 08:51,2026-09-08T09:06:32+09:00,2026/09/08,2026/09/10,2026-09,PUT,60375,12,2019,2,45.6,43.78,16,24,12,7,46.12,,,14,09/07 18:52
2026/09/08 08:51,2026-09-08T09:06:32+09:00,2026/09/08,2026/09/10,2026-09,CALL,60250,6255,,,,,,,3,10,,,,,
2026/09/08 08:51,2026-09-08T09:06:32+09:00,2026/09/08,2026/09/10,2026-09,PUT,60250,12,104,1,46.1,44.68,15,28,12,1,47.03,1,7.69,14,09/07 18:59
2026/09/08 08:51,2026-09-08T09:06:32+09:00,2026/09/08,2026/09/10,2026-09,CALL,60125,6375,,,,,,,1,10,,,,,
2026/09/08 08:51,2026-09-08T09:06:32+09:00,2026/09/08,2026/09/10,2026-09,PUT,60125,11,3,,46.56,44.49,14,24,10,24,,,,,
2026/09/08 08:51,2026-09-08T09:06:32+09:00,2026/09/08,2026/09/10,2026-09,CALL,60000,6500,786,,,,,,350,2,,,,,
2026/09/08 08:51,2026-09-08T09:06:32+09:00,2026/09/08,2026/09/10,2026-09,PUT,60000,11,6685,128,45.94,45.37,11,1,10,4,46.2,0,0,11,09/08 08:50
2026/09/08 08:51,2026-09-08T09:06:32+09:00,2026/09/08,2026/09/10,2026-09,CALL,59875,6625,,,,,,,,,,,,,
2026/09/08 08:51,2026-09-08T09:06:32+09:00,2026/09/08,2026/09/10,2026-09,PUT,59875,9,42,5,46.83,45.63,11,33,9,19,47.1,-1,-9.09,10,09/07 23:34
2026/09/08 08:51,2026-09-08T09:06:32+09:00,2026/09/08,2026/09/10,2026-09,CALL,59750,6750,,,,,,,3,10,,,,,
2026/09/08 08:51,2026-09-08T09:06:32+09:00,2026/09/08,2026/09/10,2026-09,PUT,59750,9,119,3,47.72,45.81,11,38,8,20,47.51,-1,-9.09,10,09/07 21:53
2026/09/08 08:51,2026-09-08T09:06:32+09:00,2026/09/08,2026/09/10,2026-09,CALL,59625,6875,,,,,,,,,,,,,
2026/09/08 08:51,2026-09-08T09:06:32+09:00,2026/09/08,2026/09/10,2026-09,PUT,59625,9,10,,47.37,45.92,9,19,7,33,,,,,
2026/09/08 08:51,2026-09-08T09:06:32+09:00,2026/09/08,2026/09/10,2026-09,CALL,59500,7000,,,,,,,3,10,,,,,
2026/09/08 08:51,2026-09-08T09:06:32+09:00,2026/09/08,2026/09/10,2026-09,PUT,59500,9,953,9,47.54,45.92,8,17,6,23,47.47,-2,-22.22,7,09/08 00:29
2026/09/08 08:51,2026-09-08T09:06:32+09:00,2026/09/08,2026/09/10,2026-09,CALL,59375,7125,,,,,,,,,,,,,
2026/09/08 08:51,2026-09-08T09:06:32+09:00,2026/09/08,2026/09/10,2026-09,PUT,59375,8,44,1,48.4,46.76,8,19,6,19,49.61,1,12.5,9,09/07 20:00
2026/09/08 08:51,2026-09-08T09:06:32+09:00,2026/09/08,2026/09/10,2026-09,CALL,59250,7250,,,,,,,,,,,,,
2026/09/08 08:51,2026-09-08T09:06:32+09:00,2026/09/08,2026/09/10,2026-09,PUT,59250,7,144,,49.27,46.61,8,15,5,15,,,,,
2026/09/08 08:51,2026-09-08T09:06:32+09:00,2026/09/08,2026/09/10,2026-09,CALL,59125,7375,,,,,,,,,,,,,
2026/09/08 08:51,2026-09-08T09:06:32+09:00,2026/09/08,2026/09/10,2026-09,PUT,59125,7,32,,49.33,47.44,7,19,5,19,,,,,
2026/09/08 08:51,2026-09-08T09:06:32+09:00,2026/09/08,2026/09/10,2026-09,CALL,59000,7500,1096,,,,,,,,,,,,
2026/09/08 08:51,2026-09-08T09:06:32+09:00,2026/09/08,2026/09/10,2026-09,PUT,59000,6,3275,43,49.28,48.26,6,23,5,15,48.7,-2,-28.57,5,09/08 08:45
2026/09/08 08:51,2026-09-08T09:06:32+09:00,2026/09/08,2026/09/10,2026-09,CALL,58875,7625,,,,,,,,,,,,,
2026/09/08 08:51,2026-09-08T09:06:32+09:00,2026/09/08,2026/09/10,2026-09,PUT,58875,6,26,1,50.12,47.9,6,19,4,33,50.11,-1,-16.67,5,09/08 02:32
2026/09/08 08:51,2026-09-08T09:06:32+09:00,2026/09/08,2026/09/10,2026-09,CALL,58750,7745,,,,,,,,,,,,,
2026/09/08 08:51,2026-09-08T09:06:32+09:00,2026/09/08,2026/09/10,2026-09,PUT,58750,6,113,1,50.96,48.71,6,37,4,20,52.96,0,0,6,09/07 18:13
2026/09/08 08:51,2026-09-08T09:06:32+09:00,2026/09/08,2026/09/10,2026-09,CALL,58625,7870,,,,,,,,,,,,,
2026/09/08 08:51,2026-09-08T09:06:32+09:00,2026/09/08,2026/09/10,2026-09,PUT,58625,6,8,,50.74,48.05,5,20,3,33,,,,,
2026/09/08 08:51,2026-09-08T09:06:32+09:00,2026/09/08,2026/09/10,2026-09,CALL,58500,7995,,,,,,,,,,,,,
2026/09/08 08:51,2026-09-08T09:06:32+09:00,2026/09/08,2026/09/10,2026-09,PUT,58500,6,2655,5,51.57,48.84,5,23,3,23,51.33,-2,-33.33,4,09/08 02:15
2026/09/08 08:51,2026-09-08T09:06:32+09:00,2026/09/08,2026/09/10,2026-09,CALL,58375,8120,,,,,,,,,,,,,
2026/09/08 08:51,2026-09-08T09:06:32+09:00,2026/09/08,2026/09/10,2026-09,PUT,58375,5,28,5,52.4,49.63,5,33,3,33,52.22,-1,-20,4,09/07 23:03
2026/09/08 08:51,2026-09-08T09:06:32+09:00,2026/09/08,2026/09/10,2026-09,CALL,58250,8245,,,,,,,,,,,,,
2026/09/08 08:51,2026-09-08T09:06:32+09:00,2026/09/08,2026/09/10,2026-09,PUT,58250,5,278,7,53.23,50.43,5,15,3,20,54.58,1,25,5,09/07 18:53
2026/09/08 08:51,2026-09-08T09:06:32+09:00,2026/09/08,2026/09/10,2026-09,CALL,58000,8495,1101,,,,,,,,,,,,
2026/09/08 08:51,2026-09-08T09:06:32+09:00,2026/09/08,2026/09/10,2026-09,PUT,58000,5,2550,45,53.59,49.98,4,154,2,60,52.23,-2,-40,3,09/08 08:50
2026/09/08 08:51,2026-09-08T09:06:32+09:00,2026/09/08,2026/09/10,2026-09,CALL,57750,8745,,,,,,,,,,,,,
2026/09/08 08:51,2026-09-08T09:06:32+09:00,2026/09/08,2026/09/10,2026-09,PUT,57750,4,153,1,55.22,51.52,4,2,2,22,54.59,-1,-25,3,09/07 22:29
2026/09/08 08:51,2026-09-08T09:06:32+09:00,2026/09/08,2026/09/10,2026-09,CALL,57500,8995,384,,,,,,,,,,,,
2026/09/08 08:51,2026-09-08T09:06:32+09:00,2026/09/08,2026/09/10,2026-09,PUT,57500,3,633,23,55.2,53.06,3,8,2,8,53.97,-2,-50,2,09/08 02:30
2026/09/08 08:51,2026-09-08T09:06:32+09:00,2026/09/08,2026/09/10,2026-09,CALL,57250,9245,,,,,,,,,,,,,
2026/09/08 08:51,2026-09-08T09:06:32+09:00,2026/09/08,2026/09/10,2026-09,PUT,57250,3,186,,66.34,51.33,12,5,1,32,,,,,
2026/09/08 08:51,2026-09-08T09:06:32+09:00,2026/09/08,2026/09/10,2026-09,CALL,57000,9495,850,,,,,,,,,,,,
2026/09/08 08:51,2026-09-08T09:06:32+09:00,2026/09/08,2026/09/10,2026-09,PUT,57000,3,3074,33,56.16,52.8,2,1,1,103,56.26,-1,-33.33,2,09/08 08:49
2026/09/08 08:51,2026-09-08T09:06:32+09:00,2026/09/08,2026/09/10,2026-09,CALL,56750,9745,,,,,,,,,,,,,
2026/09/08 08:51,2026-09-08T09:06:32+09:00,2026/09/08,2026/09/10,2026-09,PUT,56750,3,215,7,65.64,,7,5,,,71.85,9,300,12,09/07 17:18
2026/09/08 08:51,2026-09-08T09:06:32+09:00,2026/09/08,2026/09/10,2026-09,CALL,56500,9995,75,,,,,,,,,,,,
2026/09/08 08:51,2026-09-08T09:06:32+09:00,2026/09/08,2026/09/10,2026-09,PUT,56500,2,1183,1,59.27,55.75,2,16,1,14,62.91,1,50,3,09/07 18:54
2026/09/08 08:51,2026-09-08T09:06:32+09:00,2026/09/08,2026/09/10,2026-09,CALL,56250,10245,,,,,,,,,,,,,
2026/09/08 08:51,2026-09-08T09:06:32+09:00,2026/09/08,2026/09/10,2026-09,PUT,56250,2,41,,72.86,57.23,11,5,1,1,,,,,
2026/09/08 08:51,2026-09-08T09:06:32+09:00,2026/09/08,2026/09/10,2026-09,CALL,56000,10490,1250,,,,,,,,,,,,
2026/09/08 08:51,2026-09-08T09:06:32+09:00,2026/09/08,2026/09/10,2026-09,PUT,56000,2,2243,43,62.39,58.71,2,44,1,79,63.33,0,0,2,09/08 05:21
2026/09/08 08:51,2026-09-08T09:06:32+09:00,2026/09/08,2026/09/10,2026-09,CALL,55750,10740,,,,,,,,,,,,,
2026/09/08 08:51,2026-09-08T09:06:32+09:00,2026/09/08,2026/09/10,2026-09,PUT,55750,1,25,,63.96,,2,4,,,,,,,
2026/09/08 08:51,2026-09-08T09:06:32+09:00,2026/09/08,2026/09/10,2026-09,CALL,55500,10990,,,,,,,,,,,,,
2026/09/08 08:51,2026-09-08T09:06:32+09:00,2026/09/08,2026/09/10,2026-09,PUT,55500,1,762,,65.53,61.69,2,12,1,1,,,,,
2026/09/08 08:51,2026-09-08T09:06:32+09:00,2026/09/08,2026/09/10,2026-09,CALL,55250,11240,,,,,,,,,,,,,
2026/09/08 08:51,2026-09-08T09:06:32+09:00,2026/09/08,2026/09/10,2026-09,PUT,55250,1,21,,67.11,,2,10,,,,,,,
2026/09/08 08:51,2026-09-08T09:06:32+09:00,2026/09/08,2026/09/10,2026-09,CALL,55000,11490,660,,,,,,,,,,,,
2026/09/08 08:51,2026-09-08T09:06:32+09:00,2026/09/08,2026/09/10,2026-09,PUT,55000,1,5856,120,68.69,64.69,2,52,1,111,65.06,-1,-50,1,09/08 08:45
2026/09/08 08:51,2026-09-08T09:06:32+09:00,2026/09/08,2026/09/10,2026-09,CALL,54750,11740,90,,,,,,,,,,,,
2026/09/08 08:51,2026-09-08T09:06:32+09:00,2026/09/08,2026/09/10,2026-09,PUT,54750,1,273,,66.2,,1,4,,,,,,,
2026/09/08 08:51,2026-09-08T09:06:32+09:00,2026/09/08,2026/09/10,2026-09,CALL,54500,11990,200,,,,,,,,,,,,
2026/09/08 08:51,2026-09-08T09:06:32+09:00,2026/09/08,2026/09/10,2026-09,PUT,54500,1,698,8,67.71,,1,10,,,68.6,0,0,1,09/07 23:20
2026/09/08 08:51,2026-09-08T09:06:32+09:00,2026/09/08,2026/09/10,2026-09,CALL,54250,12240,50,,,,,,,,,,,,
2026/09/08 08:51,2026-09-08T09:06:32+09:00,2026/09/08,2026/09/10,2026-09,PUT,54250,1,129,,69.23,,1,5,,,,,,,
2026/09/08 08:51,2026-09-08T09:06:32+09:00,2026/09/08,2026/09/10,2026-09,CALL,54000,12490,1056,,,,,,,,,,,,
2026/09/08 08:51,2026-09-08T09:06:32+09:00,2026/09/08,2026/09/10,2026-09,PUT,54000,1,2829,49,70.75,,1,11,,,71.34,0,0,1,09/08 01:29
2026/09/08 08:51,2026-09-08T09:06:32+09:00,2026/09/08,2026/09/10,2026-09,CALL,53750,12740,150,,,,,,,,,,,,
2026/09/08 08:51,2026-09-08T09:06:32+09:00,2026/09/08,2026/09/10,2026-09,PUT,53750,1,89,10,72.28,,1,47,,,73.01,-8,-88.89,1,09/08 04:33
2026/09/08 08:51,2026-09-08T09:06:32+09:00,2026/09/08,2026/09/10,2026-09,CALL,53500,12990,400,,,,,,,,,,,,
2026/09/08 08:51,2026-09-08T09:06:32+09:00,2026/09/08,2026/09/10,2026-09,PUT,53500,1,991,15,73.81,,1,50,,,74.49,0,0,1,09/07 22:07
2026/09/08 08:51,2026-09-08T09:06:32+09:00,2026/09/08,2026/09/10,2026-09,CALL,53250,13240,,,,,,,,,,,,,
2026/09/08 08:51,2026-09-08T09:06:32+09:00,2026/09/08,2026/09/10,2026-09,PUT,53250,1,61,4,93.95,,10,17,,,76,0,0,1,09/07 22:10
2026/09/08 08:51,2026-09-08T09:06:32+09:00,2026/09/08,2026/09/10,2026-09,CALL,53000,13490,1100,,,,,,,,,,,,
2026/09/08 08:51,2026-09-08T09:06:32+09:00,2026/09/08,2026/09/10,2026-09,PUT,53000,1,2658,52,76.89,,1,124,,,77.98,0,0,1,09/07 22:57
2026/09/08 08:51,2026-09-08T09:06:32+09:00,2026/09/08,2026/09/10,2026-09,CALL,52750,13740,,,,,,,,,,,,,
2026/09/08 08:51,2026-09-08T09:06:32+09:00,2026/09/08,2026/09/10,2026-09,PUT,52750,1,37,2,78.44,,1,55,,,79.14,-4,-80,1,09/07 22:09
2026/09/08 08:51,2026-09-08T09:06:32+09:00,2026/09/08,2026/09/10,2026-09,CALL,52500,13990,,,,,,,,,,,,,
2026/09/08 08:51,2026-09-08T09:06:32+09:00,2026/09/08,2026/09/10,2026-09,PUT,52500,1,884,5,79.99,,1,90,,,80.38,0,0,1,09/07 19:58
2026/09/08 08:51,2026-09-08T09:06:32+09:00,2026/09/08,2026/09/10,2026-09,CALL,52250,14240,,,,,,,,,,,,,
2026/09/08 08:51,2026-09-08T09:06:32+09:00,2026/09/08,2026/09/10,2026-09,PUT,52250,1,66,3,81.55,,1,55,,,82.25,0,0,1,09/07 22:09
2026/09/08 08:51,2026-09-08T09:06:32+09:00,2026/09/08,2026/09/10,2026-09,CALL,52000,14490,350,,,,,,,,,,,,
2026/09/08 08:51,2026-09-08T09:06:32+09:00,2026/09/08,2026/09/10,2026-09,PUT,52000,1,2616,8,83.11,,1,260,,,83.74,0,0,1,09/08 01:33
2026/09/08 08:51,2026-09-08T09:06:32+09:00,2026/09/08,2026/09/10,2026-09,CALL,51750,14740,,,,,,,,,,,,,
2026/09/08 08:51,2026-09-08T09:06:32+09:00,2026/09/08,2026/09/10,2026-09,PUT,51750,1,54,1,84.69,,1,55,,,85.39,0,0,1,09/07 19:51
2026/09/08 08:51,2026-09-08T09:06:32+09:00,2026/09/08,2026/09/10,2026-09,CALL,51500,14990,,,,,,,,,,,,,
2026/09/08 08:51,2026-09-08T09:06:32+09:00,2026/09/08,2026/09/10,2026-09,PUT,51500,1,289,3,86.26,,1,102,,,87.49,0,0,1,09/07 18:36
2026/09/08 08:51,2026-09-08T09:06:32+09:00,2026/09/08,2026/09/10,2026-09,CALL,51250,15240,210,,,,,,,,,,,,
2026/09/08 08:51,2026-09-08T09:06:32+09:00,2026/09/08,2026/09/10,2026-09,PUT,51250,1,222,,87.85,,1,55,,,,,,,
2026/09/08 08:51,2026-09-08T09:06:32+09:00,2026/09/08,2026/09/10,2026-09,CALL,51000,15490,141,,,,,,,,,,,,
2026/09/08 08:51,2026-09-08T09:06:32+09:00,2026/09/08,2026/09/10,2026-09,PUT,51000,1,1451,7,89.44,,1,334,,,90.28,0,0,1,09/08 02:13
2026/09/08 08:51,2026-09-08T09:06:32+09:00,2026/09/08,2026/09/10,2026-09,CALL,50750,15740,,,,,,,,,,,,,
2026/09/08 08:51,2026-09-08T09:06:32+09:00,2026/09/08,2026/09/10,2026-09,PUT,50750,1,175,,91.03,,1,55,,,,,,,
2026/09/08 08:51,2026-09-08T09:06:32+09:00,2026/09/08,2026/09/10,2026-09,CALL,50500,15990,50,,,,,,,,,,,,
2026/09/08 08:51,2026-09-08T09:06:32+09:00,2026/09/08,2026/09/10,2026-09,PUT,50500,1,1578,1,92.63,,1,162,,,94.26,0,0,1,09/07 17:40
2026/09/08 08:51,2026-09-08T09:06:32+09:00,2026/09/08,2026/09/10,2026-09,CALL,50250,16240,,,,,,,,,,,,,
2026/09/08 08:51,2026-09-08T09:06:32+09:00,2026/09/08,2026/09/10,2026-09,PUT,50250,1,143,,94.24,,1,60,,,,,,,
2026/09/08 08:51,2026-09-08T09:06:32+09:00,2026/09/08,2026/09/10,2026-09,CALL,50000,16490,3450,,,,,,,,,,,,
2026/09/08 08:51,2026-09-08T09:06:32+09:00,2026/09/08,2026/09/10,2026-09,PUT,50000,1,8726,12,95.86,,1,481,,,96.7,0,0,1,09/07 22:45
2026/09/08 08:51,2026-09-08T09:06:32+09:00,2026/09/08,2026/09/10,2026-09,CALL,49750,16740,,,,,,,,,,,,,
2026/09/08 08:51,2026-09-08T09:06:32+09:00,2026/09/08,2026/09/10,2026-09,PUT,49750,1,173,7,97.48,,1,60,,,97.86,0,0,1,09/07 19:59
2026/09/08 08:51,2026-09-08T09:06:32+09:00,2026/09/08,2026/09/10,2026-09,CALL,49500,16990,,,,,,,,,,,,,
2026/09/08 08:51,2026-09-08T09:06:32+09:00,2026/09/08,2026/09/10,2026-09,PUT,49500,1,274,11,99.11,,1,68,,,100.04,0,0,1,09/07 22:52
2026/09/08 08:51,2026-09-08T09:06:32+09:00,2026/09/08,2026/09/10,2026-09,CALL,49250,17240,,,,,,,,,,,,,
2026/09/08 08:51,2026-09-08T09:06:32+09:00,2026/09/08,2026/09/10,2026-09,PUT,49250,1,216,,100.74,,1,60,,,,,,,
2026/09/08 08:51,2026-09-08T09:06:32+09:00,2026/09/08,2026/09/10,2026-09,CALL,49000,17490,200,,,,,,,,,,,,
2026/09/08 08:51,2026-09-08T09:06:32+09:00,2026/09/08,2026/09/10,2026-09,PUT,49000,1,2286,5,102.39,,1,121,,,103.34,0,0,1,09/07 19:09
2026/09/08 08:51,2026-09-08T09:06:32+09:00,2026/09/08,2026/09/10,2026-09,CALL,48750,17740,,,,,,,,,,,,,
2026/09/08 08:51,2026-09-08T09:06:32+09:00,2026/09/08,2026/09/10,2026-09,PUT,48750,1,153,,104.04,,1,60,,,,,,,
2026/09/08 08:51,2026-09-08T09:06:32+09:00,2026/09/08,2026/09/10,2026-09,CALL,48500,17990,240,,,,,,,,,,,,
2026/09/08 08:51,2026-09-08T09:06:32+09:00,2026/09/08,2026/09/10,2026-09,PUT,48500,1,770,3,105.69,,1,66,,,105.6,0,0,1,09/07 21:44
2026/09/08 08:51,2026-09-08T09:06:32+09:00,2026/09/08,2026/09/10,2026-09,CALL,48250,18240,,,,,,,,,,,,,
2026/09/08 08:51,2026-09-08T09:06:32+09:00,2026/09/08,2026/09/10,2026-09,PUT,48250,1,124,,107.36,,1,60,,,,,,,
2026/09/08 08:51,2026-09-08T09:06:32+09:00,2026/09/08,2026/09/10,2026-09,CALL,48000,18490,400,,,,,,,,,,,,
2026/09/08 08:51,2026-09-08T09:06:32+09:00,2026/09/08,2026/09/10,2026-09,PUT,48000,1,2994,6,109.03,,1,123,,,109.91,0,0,1,09/07 22:28
2026/09/08 08:51,2026-09-08T09:06:32+09:00,2026/09/08,2026/09/10,2026-09,CALL,47750,18740,,,,,,,,,,,,,
2026/09/08 08:51,2026-09-08T09:06:32+09:00,2026/09/08,2026/09/10,2026-09,PUT,47750,1,137,,110.71,,1,60,,,,,,,
2026/09/08 08:51,2026-09-08T09:06:32+09:00,2026/09/08,2026/09/10,2026-09,CALL,47500,18990,,,,,,,,,,,,,
2026/09/08 08:51,2026-09-08T09:06:32+09:00,2026/09/08,2026/09/10,2026-09,PUT,47500,1,1065,,112.39,,1,63,,,,,,,
2026/09/08 08:51,2026-09-08T09:06:32+09:00,2026/09/08,2026/09/10,2026-09,CALL,47250,19240,,,,,,,,,,,,,
2026/09/08 08:51,2026-09-08T09:06:32+09:00,2026/09/08,2026/09/10,2026-09,PUT,47250,1,225,,114.09,,1,60,,,,,,,
2026/09/08 08:51,2026-09-08T09:06:32+09:00,2026/09/08,2026/09/10,2026-09,CALL,47000,19490,,,,,,,,,,,,,
2026/09/08 08:51,2026-09-08T09:06:32+09:00,2026/09/08,2026/09/10,2026-09,PUT,47000,1,1234,7,115.79,,1,117,,,116.55,0,0,1,09/08 02:29
2026/09/08 08:51,2026-09-08T09:06:32+09:00,2026/09/08,2026/09/10,2026-09,CALL,46750,19740,,,,,,,,,,,,,
2026/09/08 08:51,2026-09-08T09:06:32+09:00,2026/09/08,2026/09/10,2026-09,PUT,46750,1,68,,117.5,,1,10,,,,,,,
2026/09/08 08:51,2026-09-08T09:06:32+09:00,2026/09/08,2026/09/10,2026-09,CALL,46500,19990,,,,,,,,,,,,,
2026/09/08 08:51,2026-09-08T09:06:32+09:00,2026/09/08,2026/09/10,2026-09,PUT,46500,1,439,,119.22,,1,13,,,,,,,
2026/09/08 08:51,2026-09-08T09:06:32+09:00,2026/09/08,2026/09/10,2026-09,CALL,46250,20240,,,,,,,,,,,,,
2026/09/08 08:51,2026-09-08T09:06:32+09:00,2026/09/08,2026/09/10,2026-09,PUT,46250,1,68,,120.94,,1,10,,,,,,,
2026/09/08 08:51,2026-09-08T09:06:32+09:00,2026/09/08,2026/09/10,2026-09,CALL,46000,20490,,,,,,,,,,,,,
2026/09/08 08:51,2026-09-08T09:06:32+09:00,2026/09/08,2026/09/10,2026-09,PUT,46000,1,1868,3,122.68,,1,82,,,122.56,0,0,1,09/07 21:35
2026/09/08 08:51,2026-09-08T09:06:32+09:00,2026/09/08,2026/09/10,2026-09,CALL,45750,20740,,,,,,,,,,,,,
2026/09/08 08:51,2026-09-08T09:06:32+09:00,2026/09/08,2026/09/10,2026-09,PUT,45750,1,60,,124.42,,1,10,,,,,,,
2026/09/08 08:51,2026-09-08T09:06:32+09:00,2026/09/08,2026/09/10,2026-09,CALL,45500,20990,,,,,,,,,,,,,
2026/09/08 08:51,2026-09-08T09:06:32+09:00,2026/09/08,2026/09/10,2026-09,PUT,45500,1,160,1,126.17,,1,13,,,127,0,0,1,09/07 19:42
2026/09/08 08:51,2026-09-08T09:06:32+09:00,2026/09/08,2026/09/10,2026-09,CALL,45250,21240,,,,,,,,,,,,,
2026/09/08 08:51,2026-09-08T09:06:32+09:00,2026/09/08,2026/09/10,2026-09,PUT,45250,1,108,,127.93,,1,10,,,,,,,
2026/09/08 08:51,2026-09-08T09:06:32+09:00,2026/09/08,2026/09/10,2026-09,CALL,45000,21490,42,,,,,,,,,,,,
2026/09/08 08:51,2026-09-08T09:06:32+09:00,2026/09/08,2026/09/10,2026-09,PUT,45000,1,2540,,129.7,,1,131,,,,,,,
2026/09/08 08:51,2026-09-08T09:06:32+09:00,2026/09/08,2026/09/10,2026-09,CALL,44750,21740,,,,,,,,,,,,,
2026/09/08 08:51,2026-09-08T09:06:32+09:00,2026/09/08,2026/09/10,2026-09,PUT,44750,1,36,,131.48,,1,10,,,,,,,
2026/09/08 08:51,2026-09-08T09:06:32+09:00,2026/09/08,2026/09/10,2026-09,CALL,44500,21990,,,,,,,,,,,,,
2026/09/08 08:51,2026-09-08T09:06:32+09:00,2026/09/08,2026/09/10,2026-09,PUT,44500,1,212,,133.27,,1,13,,,,,,,
2026/09/08 08:51,2026-09-08T09:06:32+09:00,2026/09/08,2026/09/10,2026-09,CALL,44250,22240,,,,,,,,,,,,,
2026/09/08 08:51,2026-09-08T09:06:32+09:00,2026/09/08,2026/09/10,2026-09,PUT,44250,1,33,,135.06,,1,10,,,,,,,
2026/09/08 08:51,2026-09-08T09:06:32+09:00,2026/09/08,2026/09/10,2026-09,CALL,44000,22490,,,,,,,,,,,,,
2026/09/08 08:51,2026-09-08T09:06:32+09:00,2026/09/08,2026/09/10,2026-09,PUT,44000,1,1479,2,136.87,,1,135,,,137.22,0,0,1,09/08 08:45
2026/09/08 08:51,2026-09-08T09:06:32+09:00,2026/09/08,2026/09/10,2026-09,CALL,43750,22740,,,,,,,,,,,,,
2026/09/08 08:51,2026-09-08T09:06:32+09:00,2026/09/08,2026/09/10,2026-09,PUT,43750,1,16,,138.68,,1,15,,,,,,,
2026/09/08 08:51,2026-09-08T09:06:32+09:00,2026/09/08,2026/09/10,2026-09,CALL,43500,22990,57,,,,,,,,,,,,
2026/09/08 08:51,2026-09-08T09:06:32+09:00,2026/09/08,2026/09/10,2026-09,PUT,43500,1,887,,140.51,,1,13,,,,,,,
2026/09/08 08:51,2026-09-08T09:06:32+09:00,2026/09/08,2026/09/10,2026-09,CALL,43250,23240,,,,,,,,,,,,,
2026/09/08 08:51,2026-09-08T09:06:32+09:00,2026/09/08,2026/09/10,2026-09,PUT,43250,1,110,,142.34,,1,10,,,,,,,
2026/09/08 08:51,2026-09-08T09:06:32+09:00,2026/09/08,2026/09/10,2026-09,CALL,43000,23490,100,,,,,,,,,,,,
2026/09/08 08:51,2026-09-08T09:06:32+09:00,2026/09/08,2026/09/10,2026-09,PUT,43000,1,1382,2,144.18,,1,133,,,144.53,0,0,1,09/08 08:45
2026/09/08 08:51,2026-09-08T09:06:32+09:00,2026/09/08,2026/09/10,2026-09,CALL,42750,23740,,,,,,,,,,,,,
2026/09/08 08:51,2026-09-08T09:06:32+09:00,2026/09/08,2026/09/10,2026-09,PUT,42750,1,23,,146.03,,1,15,,,,,,,
2026/09/08 08:51,2026-09-08T09:06:32+09:00,2026/09/08,2026/09/10,2026-09,CALL,42500,23990,10,,,,,,,,,,,,
2026/09/08 08:51,2026-09-08T09:06:32+09:00,2026/09/08,2026/09/10,2026-09,PUT,42500,1,81,,147.9,,1,18,,,,,,,
2026/09/08 08:51,2026-09-08T09:06:32+09:00,2026/09/08,2026/09/10,2026-09,CALL,42250,24240,,,,,,,,,,,,,
2026/09/08 08:51,2026-09-08T09:06:32+09:00,2026/09/08,2026/09/10,2026-09,PUT,42250,1,24,,149.77,,1,15,,,,,,,
2026/09/08 08:51,2026-09-08T09:06:32+09:00,2026/09/08,2026/09/10,2026-09,CALL,42000,24490,101,,,,,,,,,,,,
2026/09/08 08:51,2026-09-08T09:06:32+09:00,2026/09/08,2026/09/10,2026-09,PUT,42000,1,2526,,151.65,,1,176,,,,,,,
2026/09/08 08:51,2026-09-08T09:06:32+09:00,2026/09/08,2026/09/10,2026-09,CALL,41750,24740,,,,,,,,,,,,,
2026/09/08 08:51,2026-09-08T09:06:32+09:00,2026/09/08,2026/09/10,2026-09,PUT,41750,1,17,,153.55,,1,15,,,,,,,
2026/09/08 08:51,2026-09-08T09:06:32+09:00,2026/09/08,2026/09/10,2026-09,CALL,41500,24990,,,,,,,,,,,,,
2026/09/08 08:51,2026-09-08T09:06:32+09:00,2026/09/08,2026/09/10,2026-09,PUT,41500,1,65,,155.45,,1,20,,,,,,,
2026/09/08 08:51,2026-09-08T09:06:32+09:00,2026/09/08,2026/09/10,2026-09,CALL,41250,25240,,,,,,,,,,,,,
2026/09/08 08:51,2026-09-08T09:06:32+09:00,2026/09/08,2026/09/10,2026-09,PUT,41250,1,31,2,157.37,,1,16,,,158.52,0,0,1,09/07 18:26
2026/09/08 08:51,2026-09-08T09:06:32+09:00,2026/09/08,2026/10/08,2026-10,CALL,87500,2,114,5,32.01,30.31,2,43,1,38,30.11,0,0,1,09/07 22:45
2026/09/08 08:51,2026-09-08T09:06:32+09:00,2026/09/08,2026/10/08,2026-10,PUT,87500,21315,,,,,,,,,,,,,
2026/09/08 08:51,2026-09-08T09:06:32+09:00,2026/09/08,2026/10/08,2026-10,CALL,85000,2,160,2,29.08,27.5,2,14,1,18,28.54,0,0,2,09/07 17:53
2026/09/08 08:51,2026-09-08T09:06:32+09:00,2026/09/08,2026/10/08,2026-10,PUT,85000,18820,26,,,,,,,,,,,,
2026/09/08 08:51,2026-09-08T09:06:32+09:00,2026/09/08,2026/10/08,2026-10,CALL,84500,3,,,30.27,,4,1,,,,,,,
2026/09/08 08:51,2026-09-08T09:06:32+09:00,2026/09/08,2026/10/08,2026-10,PUT,84500,18320,,,,,,,,,,,,,
2026/09/08 08:51,2026-09-08T09:06:32+09:00,2026/09/08,2026/10/08,2026-10,CALL,84000,4,18,,29.63,26.35,4,41,1,24,,,,,
2026/09/08 08:51,2026-09-08T09:06:32+09:00,2026/09/08,2026/10/08,2026-10,PUT,84000,17820,,,,,,,,,,,,,
2026/09/08 08:51,2026-09-08T09:06:32+09:00,2026/09/08,2026/10/08,2026-10,CALL,83500,5,9,,32.11,25.77,11,1,1,2,,,,,
2026/09/08 08:51,2026-09-08T09:06:32+09:00,2026/09/08,2026/10/08,2026-10,PUT,83500,17325,,,,,,,,,,,,,
2026/09/08 08:51,2026-09-08T09:06:32+09:00,2026/09/08,2026/10/08,2026-10,CALL,83000,5,51,,28.95,25.18,5,68,1,48,,,,,
2026/09/08 08:51,2026-09-08T09:06:32+09:00,2026/09/08,2026/10/08,2026-10,PUT,83000,16825,,,,,,,,,,,,,
2026/09/08 08:51,2026-09-08T09:06:32+09:00,2026/09/08,2026/10/08,2026-10,CALL,82500,6,1,,28.29,24.59,5,17,1,44,,,,,
2026/09/08 08:51,2026-09-08T09:06:32+09:00,2026/09/08,2026/10/08,2026-10,PUT,82500,16325,,,,,,,,,,,,,
2026/09/08 08:51,2026-09-08T09:06:32+09:00,2026/09/08,2026/10/08,2026-10,CALL,82000,6,183,6,27.62,26.32,5,2,3,16,26.73,-2,-33.33,4,09/07 22:32
2026/09/08 08:51,2026-09-08T09:06:32+09:00,2026/09/08,2026/10/08,2026-10,PUT,82000,15825,,,,,,,,,,,,,
2026/09/08 08:51,2026-09-08T09:06:32+09:00,2026/09/08,2026/10/08,2026-10,CALL,81500,8,2,,28.95,24.76,10,15,2,15,,,,,
2026/09/08 08:51,2026-09-08T09:06:32+09:00,2026/09/08,2026/10/08,2026-10,PUT,81500,15330,,,,,,,,,,,,,
2026/09/08 08:51,2026-09-08T09:06:32+09:00,2026/09/08,2026/10/08,2026-10,CALL,81000,9,520,2,28.23,26.26,10,16,5,16,27.11,-1,-12.5,7,09/07 21:54
2026/09/08 08:51,2026-09-08T09:06:32+09:00,2026/09/08,2026/10/08,2026-10,PUT,81000,14830,,,,,,,,,,,,,
2026/09/08 08:51,2026-09-08T09:06:32+09:00,2026/09/08,2026/10/08,2026-10,CALL,80500,12,10,,28.07,25.57,12,20,5,17,,,,,
2026/09/08 08:51,2026-09-08T09:06:32+09:00,2026/09/08,2026/10/08,2026-10,PUT,80500,14335,,,,,,,,,,,,,
2026/09/08 08:51,2026-09-08T09:06:32+09:00,2026/09/08,2026/10/08,2026-10,CALL,80000,12,1861,14,26.76,25.34,10,1,6,16,26.54,-2,-16.67,10,09/08 04:57
2026/09/08 08:51,2026-09-08T09:06:32+09:00,2026/09/08,2026/10/08,2026-10,PUT,80000,13835,,,,,,,,,,,,,
2026/09/08 08:51,2026-09-08T09:06:32+09:00,2026/09/08,2026/10/08,2026-10,CALL,79500,17,4,,28.93,24.17,24,6,5,7,,,,,
2026/09/08 08:51,2026-09-08T09:06:32+09:00,2026/09/08,2026/10/08,2026-10,PUT,79500,13340,,,,,,,,,,,,,
2026/09/08 08:51,2026-09-08T09:06:32+09:00,2026/09/08,2026/10/08,2026-10,CALL,79000,18,107,1,28.12,24.65,24,33,8,7,26.83,1,6.25,17,09/07 21:54
2026/09/08 08:51,2026-09-08T09:06:32+09:00,2026/09/08,2026/10/08,2026-10,PUT,79000,12840,1,,,,,,,,,,,,
2026/09/08 08:51,2026-09-08T09:06:32+09:00,2026/09/08,2026/10/08,2026-10,CALL,78500,22,10,2,27.73,25.03,27,22,12,29,25.85,-4,-18.18,18,09/07 18:20
2026/09/08 08:51,2026-09-08T09:06:32+09:00,2026/09/08,2026/10/08,2026-10,PUT,78500,12345,,,,,,,,,,,,,
2026/09/08 08:51,2026-09-08T09:06:32+09:00,2026/09/08,2026/10/08,2026-10,CALL,78000,26,703,4,26.6,25.83,25,7,20,1,26.06,-5,-19.23,21,09/08 08:47
2026/09/08 08:51,2026-09-08T09:06:32+09:00,2026/09/08,2026/10/08,2026-10,PUT,78000,11850,,,,,,,,,,,,,
2026/09/08 08:51,2026-09-08T09:06:32+09:00,2026/09/08,2026/10/08,2026-10,CALL,77500,34,113,3,26.66,24.3,32,22,16,22,26.47,-3,-9.38,29,09/07 21:22
2026/09/08 08:51,2026-09-08T09:06:32+09:00,2026/09/08,2026/10/08,2026-10,PUT,77500,11360,,,,,,,,,,,,,
2026/09/08 08:51,2026-09-08T09:06:32+09:00,2026/09/08,2026/10/08,2026-10,CALL,77000,41,1249,2,26.84,24.62,42,27,23,30,25.74,-5,-13.51,32,09/08 08:45
2026/09/08 08:51,2026-09-08T09:06:32+09:00,2026/09/08,2026/10/08,2026-10,PUT,77000,10865,,,,,,,,,,,,,
2026/09/08 08:51,2026-09-08T09:06:32+09:00,2026/09/08,2026/10/08,2026-10,CALL,76500,50,13,,26.39,25.11,47,16,34,18,,,,,
2026/09/08 08:51,2026-09-08T09:06:32+09:00,2026/09/08,2026/10/08,2026-10,PUT,76500,10375,,,,,,,,,,,,,
2026/09/08 08:51,2026-09-08T09:06:32+09:00,2026/09/08,2026/10/08,2026-10,CALL,76250,57,8,,26.5,25.08,54,12,38,12,,,,,
2026/09/08 08:51,2026-09-08T09:06:32+09:00,2026/09/08,2026/10/08,2026-10,PUT,76250,10135,,,,,,,,,,,,,
2026/09/08 08:51,2026-09-08T09:06:32+09:00,2026/09/08,2026/10/08,2026-10,CALL,76000,61,1070,3,26.33,25.45,58,22,47,1,26.02,-4,-6.56,57,09/07 22:44
2026/09/08 08:51,2026-09-08T09:06:32+09:00,2026/09/08,2026/10/08,2026-10,PUT,76000,9890,,,,,,,,,,,,,
2026/09/08 08:51,2026-09-08T09:06:32+09:00,2026/09/08,2026/10/08,2026-10,CALL,75750,70,5,,26.28,25.14,64,11,49,11,,,,,
2026/09/08 08:51,2026-09-08T09:06:32+09:00,2026/09/08,2026/10/08,2026-10,PUT,75750,9645,,,,,,,,,,,,,
2026/09/08 08:51,2026-09-08T09:06:32+09:00,2026/09/08,2026/10/08,2026-10,CALL,75500,75,9,3,25.99,25.06,67,5,54,16,25.82,-8,-11.27,63,09/07 21:33
2026/09/08 08:51,2026-09-08T09:06:32+09:00,2026/09/08,2026/10/08,2026-10,PUT,75500,9400,,,,,,,,,,,,,
2026/09/08 08:51,2026-09-08T09:06:32+09:00,2026/09/08,2026/10/08,2026-10,CALL,75250,85,2,,26.2,25.15,78,11,62,11,,,,,
2026/09/08 08:51,2026-09-08T09:06:32+09:00,2026/09/08,2026/10/08,2026-10,PUT,75250,9160,,,,,,,,,,,,,
2026/09/08 08:51,2026-09-08T09:06:32+09:00,2026/09/08,2026/10/08,2026-10,CALL,75000,88,1645,32,25.8,25.44,80,1,74,4,25.66,-3,-3.41,85,09/07 22:33
2026/09/08 08:51,2026-09-08T09:06:32+09:00,2026/09/08,2026/10/08,2026-10,PUT,75000,8920,,,,,,,,,,,,,
2026/09/08 08:51,2026-09-08T09:06:32+09:00,2026/09/08,2026/10/08,2026-10,CALL,74750,105,2,,26.01,25.1,93,6,77,10,,,,,
2026/09/08 08:51,2026-09-08T09:06:32+09:00,2026/09/08,2026/10/08,2026-10,PUT,74750,8685,,,,,,,,,,,,,
2026/09/08 08:51,2026-09-08T09:06:32+09:00,2026/09/08,2026/10/08,2026-10,CALL,74500,112,68,2,25.68,25.47,97,1,93,2,25.15,-3,-2.86,102,09/07 17:19
2026/09/08 08:51,2026-09-08T09:06:32+09:00,2026/09/08,2026/10/08,2026-10,PUT,74500,8440,,,,,,,,,,,,,
2026/09/08 08:51,2026-09-08T09:06:32+09:00,2026/09/08,2026/10/08,2026-10,CALL,74250,123,10,1,25.88,25.14,112,7,97,11,25.49,,,120,09/07 17:37
2026/09/08 08:51,2026-09-08T09:06:32+09:00,2026/09/08,2026/10/08,2026-10,PUT,74250,8200,,,,,,,,,,,,,
2026/09/08 08:51,2026-09-08T09:06:32+09:00,2026/09/08,2026/10/08,2026-10,CALL,74000,138,525,23,25.6,25.46,118,1,115,1,25.7,-14,-10.77,116,09/08 08:50
2026/09/08 08:51,2026-09-08T09:06:32+09:00,2026/09/08,2026/10/08,2026-10,PUT,74000,7970,,,50.22,,9550,1,8220,18,,,,,
2026/09/08 08:51,2026-09-08T09:06:32+09:00,2026/09/08,2026/10/08,2026-10,CALL,73750,152,1,,25.84,25.3,137,22,124,2,,,,,
2026/09/08 08:51,2026-09-08T09:06:32+09:00,2026/09/08,2026/10/08,2026-10,PUT,73750,7730,,,,,,,7980,6,,,,,
2026/09/08 08:51,2026-09-08T09:06:32+09:00,2026/09/08,2026/10/08,2026-10,CALL,73500,168,20,5,25.62,25.42,146,1,141,3,25.46,-5,-3.23,150,09/07 23:42
2026/09/08 08:51,2026-09-08T09:06:32+09:00,2026/09/08,2026/10/08,2026-10,PUT,73500,7500,,,32.59,,8245,1,7750,12,,,,,
2026/09/08 08:51,2026-09-08T09:06:32+09:00,2026/09/08,2026/10/08,2026-10,CALL,73250,186,4,,25.78,25.18,166,18,150,9,,,,,
2026/09/08 08:51,2026-09-08T09:06:32+09:00,2026/09/08,2026/10/08,2026-10,PUT,73250,7265,,,31.4,,7975,6,7515,7,,,,,
2026/09/08 08:51,2026-09-08T09:06:32+09:00,2026/09/08,2026/10/08,2026-10,CALL,73000,197,1674,6,25.56,25.38,177,1,172,3,25.67,-23,-11.68,174,09/08 08:50
2026/09/08 08:51,2026-09-08T09:06:32+09:00,2026/09/08,2026/10/08,2026-10,PUT,73000,7035,10,,29.42,,7675,3,7285,18,,,,,
2026/09/08 08:51,2026-09-08T09:06:32+09:00,2026/09/08,2026/10/08,2026-10,CALL,72750,225,14,,25.67,25.24,199,5,186,2,,,,,
2026/09/08 08:51,2026-09-08T09:06:32+09:00,2026/09/08,2026/10/08,2026-10,PUT,72750,6805,,,44.57,,8210,1,7055,7,,,,,
2026/09/08 08:51,2026-09-08T09:06:32+09:00,2026/09/08,2026/10/08,2026-10,CALL,72500,248,180,4,25.56,25.35,216,1,209,3,25.51,-6,-2.61,224,09/08 00:37
2026/09/08 08:51,2026-09-08T09:06:32+09:00,2026/09/08,2026/10/08,2026-10,PUT,72500,6580,1,,34.24,,7445,1,6830,12,,,,,
2026/09/08 08:51,2026-09-08T09:06:32+09:00,2026/09/08,2026/10/08,2026-10,CALL,72250,274,87,2,25.62,25.21,240,5,226,2,25.39,-19,-7.2,245,09/07 23:24
2026/09/08 08:51,2026-09-08T09:06:32+09:00,2026/09/08,2026/10/08,2026-10,PUT,72250,6355,,,33.17,,7180,1,6605,6,,,,,
2026/09/08 08:51,2026-09-08T09:06:32+09:00,2026/09/08,2026/10/08,2026-10,CALL,72125,288,,,25.73,25.11,256,18,234,3,,,,,
2026/09/08 08:51,2026-09-08T09:06:32+09:00,2026/09/08,2026/10/08,2026-10,PUT,72125,6245,,,31.76,0,7005,1,6495,6,,,,,
2026/09/08 08:51,2026-09-08T09:06:32+09:00,2026/09/08,2026/10/08,2026-10,CALL,72000,305,1747,12,25.48,25.31,259,1,253,3,25.62,-19,-6.91,256,09/08 08:50
2026/09/08 08:51,2026-09-08T09:06:32+09:00,2026/09/08,2026/10/08,2026-10,PUT,72000,6130,,,31.9,13.8,6905,15,6380,15,,,,,
2026/09/08 08:51,2026-09-08T09:06:32+09:00,2026/09/08,2026/10/08,2026-10,CALL,71875,320,,,25.77,25.05,283,14,256,3,,,,,
2026/09/08 08:51,2026-09-08T09:06:32+09:00,2026/09/08,2026/10/08,2026-10,PUT,71875,6020,,,27.8,15.46,6610,1,6270,6,,,,,
2026/09/08 08:51,2026-09-08T09:06:32+09:00,2026/09/08,2026/10/08,2026-10,CALL,71750,335,,,25.61,25.17,290,5,273,2,,,,,
2026/09/08 08:51,2026-09-08T09:06:32+09:00,2026/09/08,2026/10/08,2026-10,PUT,71750,5910,,,28.47,16.43,6530,1,6160,7,,,,,
2026/09/08 08:51,2026-09-08T09:06:32+09:00,2026/09/08,2026/10/08,2026-10,CALL,71625,340,,,25.76,25.08,310,3,283,3,,,,,
2026/09/08 08:51,2026-09-08T09:06:32+09:00,2026/09/08,2026/10/08,2026-10,PUT,71625,5795,,,31.34,16.82,6560,1,6045,6,,,,,
2026/09/08 08:51,2026-09-08T09:06:32+09:00,2026/09/08,2026/10/08,2026-10,CALL,71500,365,261,2,25.53,25.28,315,1,305,2,25.28,-25,-7.58,305,09/07 20:46
2026/09/08 08:51,2026-09-08T09:06:32+09:00,2026/09/08,2026/10/08,2026-10,PUT,71500,5695,,,31.54,17.9,6465,1,5945,12,,,,,
2026/09/08 08:51,2026-09-08T09:06:32+09:00,2026/09/08,2026/10/08,2026-10,CALL,71375,375,,,25.65,24.73,335,2,297,2,,,,,
2026/09/08 08:51,2026-09-08T09:06:32+09:00,2026/09/08,2026/10/08,2026-10,PUT,71375,5580,,,32.46,18.07,6410,1,5830,6,,,,,
2026/09/08 08:51,2026-09-08T09:06:32+09:00,2026/09/08,2026/10/08,2026-10,CALL,71250,400,108,,25.52,25.16,345,2,330,4,,,,,
2026/09/08 08:51,2026-09-08T09:06:32+09:00,2026/09/08,2026/10/08,2026-10,PUT,71250,5480,,,30.74,18.81,6215,1,5730,7,,,,,
2026/09/08 08:51,2026-09-08T09:06:32+09:00,2026/09/08,2026/10/08,2026-10,CALL,71125,410,,,25.6,24.8,365,2,330,2,,,,,
2026/09/08 08:51,2026-09-08T09:06:32+09:00,2026/09/08,2026/10/08,2026-10,PUT,71125,5365,,,31.27,18.88,6140,5,5615,6,,,,,
2026/09/08 08:51,2026-09-08T09:06:32+09:00,2026/09/08,2026/10/08,2026-10,CALL,71000,435,163,6,25.45,25.23,375,7,365,6,25.51,-50,-11.9,370,09/08 08:48
2026/09/08 08:51,2026-09-08T09:06:32+09:00,2026/09/08,2026/10/08,2026-10,PUT,71000,5265,,,31.41,19.43,6045,1,5515,15,,,,,
2026/09/08 08:51,2026-09-08T09:06:32+09:00,2026/09/08,2026/10/08,2026-10,CALL,70875,450,1,,25.62,24.74,400,2,360,3,,,,,
2026/09/08 08:51,2026-09-08T09:06:32+09:00,2026/09/08,2026/10/08,2026-10,PUT,70875,5155,,,32.33,19.59,5995,5,5405,6,,,,,
2026/09/08 08:51,2026-09-08T09:06:32+09:00,2026/09/08,2026/10/08,2026-10,CALL,70750,480,3,,25.55,25.12,415,4,395,2,,,,,
2026/09/08 08:51,2026-09-08T09:06:32+09:00,2026/09/08,2026/10/08,2026-10,PUT,70750,5060,,,31.11,20.15,5825,1,5310,7,,,,,
2026/09/08 08:51,2026-09-08T09:06:32+09:00,2026/09/08,2026/10/08,2026-10,CALL,70625,490,,,25.57,24.84,435,2,400,2,,,,,
2026/09/08 08:51,2026-09-08T09:06:32+09:00,2026/09/08,2026/10/08,2026-10,PUT,70625,4945,,,31.21,20.09,5730,1,5195,6,,,,,
2026/09/08 08:51,2026-09-08T09:06:32+09:00,2026/09/08,2026/10/08,2026-10,CALL,70500,520,316,1,25.48,25.28,450,1,440,4,25.46,-55,-10.89,450,09/07 20:13
2026/09/08 08:51,2026-09-08T09:06:32+09:00,2026/09/08,2026/10/08,2026-10,PUT,70500,4850,,,28.82,20.54,5495,1,5100,13,,,,,
2026/09/08 08:51,2026-09-08T09:06:32+09:00,2026/09/08,2026/10/08,2026-10,CALL,70375,540,124,,25.58,24.78,475,2,435,3,,,,,
2026/09/08 08:51,2026-09-08T09:06:32+09:00,2026/09/08,2026/10/08,2026-10,PUT,70375,4745,,,28.4,20.68,5370,1,4995,6,,,,,
2026/09/08 08:51,2026-09-08T09:06:32+09:00,2026/09/08,2026/10/08,2026-10,CALL,70250,565,12,,25.56,25.17,495,4,475,4,,,,,
2026/09/08 08:51,2026-09-08T09:06:32+09:00,2026/09/08,2026/10/08,2026-10,PUT,70250,4645,,,29.21,20.92,5315,2,4895,8,,,,,
2026/09/08 08:51,2026-09-08T09:06:32+09:00,2026/09/08,2026/10/08,2026-10,CALL,70125,585,,,25.62,24.76,520,2,475,3,,,,,
2026/09/08 08:51,2026-09-08T09:06:32+09:00,2026/09/08,2026/10/08,2026-10,PUT,70125,4540,,,31.72,21.01,5365,5,4790,6,,,,,
2026/09/08 08:51,2026-09-08T09:06:32+09:00,2026/09/08,2026/10/08,2026-10,CALL,70000,620,1304,29,25.48,25.2,535,1,520,3,25.45,-10,-1.77,555,09/08 04:01
2026/09/08 08:51,2026-09-08T09:06:32+09:00,2026/09/08,2026/10/08,2026-10,PUT,70000,4450,105,,30.61,21.4,5200,7,4700,22,,,,,
2026/09/08 08:51,2026-09-08T09:06:32+09:00,2026/09/08,2026/10/08,2026-10,CALL,69875,640,107,,25.69,24.87,570,2,525,1,,,,,
2026/09/08 08:51,2026-09-08T09:06:32+09:00,2026/09/08,2026/10/08,2026-10,PUT,69875,4345,,,30.07,21.44,5070,1,4595,6,,,,,
2026/09/08 08:51,2026-09-08T09:06:32+09:00,2026/09/08,2026/10/08,2026-10,CALL,69750,670,1,,25.62,25.08,590,22,560,3,,,,,
2026/09/08 08:51,2026-09-08T09:06:32+09:00,2026/09/08,2026/10/08,2026-10,PUT,69750,4250,,,32.79,21.66,5145,1,4500,8,,,,,
2026/09/08 08:51,2026-09-08T09:06:32+09:00,2026/09/08,2026/10/08,2026-10,CALL,69625,695,94,,25.7,24.82,620,1,570,11,,,,,
2026/09/08 08:51,2026-09-08T09:06:32+09:00,2026/09/08,2026/10/08,2026-10,PUT,69625,4150,,,27.83,21.75,4740,1,4400,6,,,,,
2026/09/08 08:51,2026-09-08T09:06:32+09:00,2026/09/08,2026/10/08,2026-10,CALL,69500,735,292,1,25.52,25.17,635,1,615,3,25.28,-65,-9.42,625,09/07 20:52
2026/09/08 08:51,2026-09-08T09:06:32+09:00,2026/09/08,2026/10/08,2026-10,PUT,69500,4065,,,27.28,22.11,4610,3,4315,13,,,,,
2026/09/08 08:51,2026-09-08T09:06:32+09:00,2026/09/08,2026/10/08,2026-10,CALL,69375,760,,,25.66,25.06,670,1,635,1,,,,,
2026/09/08 08:51,2026-09-08T09:06:32+09:00,2026/09/08,2026/10/08,2026-10,PUT,69375,3965,,,29.63,22.15,4660,1,4215,6,,,,,
2026/09/08 08:51,2026-09-08T09:06:32+09:00,2026/09/08,2026/10/08,2026-10,CALL,69250,800,2,,25.53,25.03,690,1,660,3,,,,,
2026/09/08 08:51,2026-09-08T09:06:32+09:00,2026/09/08,2026/10/08,2026-10,PUT,69250,3885,,,27.32,22.53,4420,2,4135,8,,,,,
2026/09/08 08:51,2026-09-08T09:06:32+09:00,2026/09/08,2026/10/08,2026-10,CALL,69125,825,,,25.72,24.98,730,1,685,1,,,,,
2026/09/08 08:51,2026-09-08T09:06:32+09:00,2026/09/08,2026/10/08,2026-10,PUT,69125,3785,,,28.11,22.53,4375,1,4035,6,,,,,
2026/09/08 08:51,2026-09-08T09:06:32+09:00,2026/09/08,2026/10/08,2026-10,CALL,69000,860,2945,8,25.48,25.4,745,1,740,1,25.8,-55,-6.88,745,09/08 08:50
2026/09/08 08:51,2026-09-08T09:06:32+09:00,2026/09/08,2026/10/08,2026-10,PUT,69000,3705,210,,29.61,22.85,4380,5,3955,22,,,,,
2026/09/08 08:51,2026-09-08T09:06:32+09:00,2026/09/08,2026/10/08,2026-10,CALL,68875,895,,,25.72,25,790,1,745,10,,,,,
2026/09/08 08:51,2026-09-08T09:06:32+09:00,2026/09/08,2026/10/08,2026-10,PUT,68875,3600,,,29.48,22.72,4280,1,3850,6,,,,,
2026/09/08 08:51,2026-09-08T09:06:32+09:00,2026/09/08,2026/10/08,2026-10,CALL,68750,930,114,,25.7,25.07,820,3,780,25,,,,,
2026/09/08 08:51,2026-09-08T09:06:32+09:00,2026/09/08,2026/10/08,2026-10,PUT,68750,3510,,,29.04,22.83,4160,2,3760,8,,,,,
2026/09/08 08:51,2026-09-08T09:06:32+09:00,2026/09/08,2026/10/08,2026-10,CALL,68625,975,,,25.73,24.96,855,1,805,1,,,,,
2026/09/08 08:51,2026-09-08T09:06:32+09:00,2026/09/08,2026/10/08,2026-10,PUT,68625,3430,,,26.34,23.08,3890,1,3680,6,,,,,
2026/09/08 08:51,2026-09-08T09:06:32+09:00,2026/09/08,2026/10/08,2026-10,CALL,68500,995,1186,,25.53,25.3,875,1,860,2,,,,,
2026/09/08 08:51,2026-09-08T09:06:32+09:00,2026/09/08,2026/10/08,2026-10,PUT,68500,3340,3,,27.11,24.77,3850,7,3695,3,,,,,
2026/09/08 08:51,2026-09-08T09:06:32+09:00,2026/09/08,2026/10/08,2026-10,CALL,68375,1050,,,25.77,25.09,925,1,880,1,,,,,
2026/09/08 08:51,2026-09-08T09:06:32+09:00,2026/09/08,2026/10/08,2026-10,PUT,68375,3260,,,26.8,23.34,3740,5,3510,6,,,,,
2026/09/08 08:51,2026-09-08T09:06:32+09:00,2026/09/08,2026/10/08,2026-10,CALL,68250,1095,8,,25.69,25.09,955,3,915,13,,,,,
2026/09/08 08:51,2026-09-08T09:06:32+09:00,2026/09/08,2026/10/08,2026-10,PUT,68250,3180,,,26.93,24.8,3660,7,3515,3,,,,,
2026/09/08 08:51,2026-09-08T09:06:32+09:00,2026/09/08,2026/10/08,2026-10,CALL,68125,1125,6,,25.74,25.15,995,1,955,1,,,,,
2026/09/08 08:51,2026-09-08T09:06:32+09:00,2026/09/08,2026/10/08,2026-10,PUT,68125,3085,,,29.33,23.45,3740,5,3335,6,,,,,
2026/09/08 08:51,2026-09-08T09:06:32+09:00,2026/09/08,2026/10/08,2026-10,CALL,68000,1180,922,3,25.63,25.34,1025,1,1005,2,25.55,-55,-4.95,1055,09/08 03:58
2026/09/08 08:51,2026-09-08T09:06:32+09:00,2026/09/08,2026/10/08,2026-10,PUT,68000,3025,541,4,26.28,24.98,3440,5,3350,20,25.43,,,3190,09/07 17:38
2026/09/08 08:51,2026-09-08T09:06:32+09:00,2026/09/08,2026/10/08,2026-10,CALL,67875,1225,,,25.72,25.08,1070,1,1025,8,,,,,
2026/09/08 08:51,2026-09-08T09:06:32+09:00,2026/09/08,2026/10/08,2026-10,PUT,67875,2930,,,29.1,23.78,3555,5,3180,6,,,,,
2026/09/08 08:51,2026-09-08T09:06:32+09:00,2026/09/08,2026/10/08,2026-10,CALL,67750,1260,78,,25.86,25.16,1120,2,1070,2,,,,,
2026/09/08 08:51,2026-09-08T09:06:32+09:00,2026/09/08,2026/10/08,2026-10,PUT,67750,2840,9,,27.2,24.94,3335,6,3175,2,,,,,
2026/09/08 08:51,2026-09-08T09:06:32+09:00,2026/09/08,2026/10/08,2026-10,CALL,67625,1305,85,,25.78,25.08,1155,1,1105,8,,,,,
2026/09/08 08:51,2026-09-08T09:06:32+09:00,2026/09/08,2026/10/08,2026-10,PUT,67625,2785,6,,28.84,24.16,3370,5,3035,1,,,,,
2026/09/08 08:51,2026-09-08T09:06:32+09:00,2026/09/08,2026/10/08,2026-10,CALL,67500,1355,195,11,25.75,25.48,1195,1,1175,1,25.64,-25,-1.96,1250,09/07 18:50
2026/09/08 08:51,2026-09-08T09:06:32+09:00,2026/09/08,2026/10/08,2026-10,PUT,67500,2715,38,,27,25.27,3155,7,3030,1,,,,,
2026/09/08 08:51,2026-09-08T09:06:32+09:00,2026/09/08,2026/10/08,2026-10,CALL,67375,1420,74,,25.85,25.09,1245,1,1190,20,,,,,
2026/09/08 08:51,2026-09-08T09:06:32+09:00,2026/09/08,2026/10/08,2026-10,PUT,67375,2635,,,27.7,24.4,3125,5,2885,10,,,,,
2026/09/08 08:51,2026-09-08T09:06:32+09:00,2026/09/08,2026/10/08,2026-10,CALL,67250,1465,,,26,25.24,1300,21,1245,2,,,,,
2026/09/08 08:51,2026-09-08T09:06:32+09:00,2026/09/08,2026/10/08,2026-10,PUT,67250,2580,,,26.81,25.45,2980,1,2880,1,,,,,
2026/09/08 08:51,2026-09-08T09:06:32+09:00,2026/09/08,2026/10/08,2026-10,CALL,67125,1520,,,25.92,25.11,1340,1,1280,21,,,,,
2026/09/08 08:51,2026-09-08T09:06:32+09:00,2026/09/08,2026/10/08,2026-10,PUT,67125,2490,,,27.34,24.63,2940,4,2740,10,,,,,
2026/09/08 08:51,2026-09-08T09:06:32+09:00,2026/09/08,2026/10/08,2026-10,CALL,67000,1535,852,15,25.9,25.56,1385,1,1360,2,25.81,-55,-3.58,1480,09/07 17:13
2026/09/08 08:51,2026-09-08T09:06:32+09:00,2026/09/08,2026/10/08,2026-10,PUT,67000,2440,511,,26.98,25.56,2835,5,2730,1,,,,,
2026/09/08 08:51,2026-09-08T09:06:32+09:00,2026/09/08,2026/10/08,2026-10,CALL,66875,1635,6,,26,25.19,1440,1,1380,20,,,,,
2026/09/08 08:51,2026-09-08T09:06:32+09:00,2026/09/08,2026/10/08,2026-10,PUT,66875,2345,,,27,24.79,2760,5,2595,10,,,,,
2026/09/08 08:51,2026-09-08T09:06:32+09:00,2026/09/08,2026/10/08,2026-10,CALL,66750,1690,123,,26.14,25.41,1500,2,1445,2,,,,,
2026/09/08 08:51,2026-09-08T09:06:32+09:00,2026/09/08,2026/10/08,2026-10,PUT,66750,2305,,,26.94,25.61,2680,6,2580,1,,,,,
2026/09/08 08:51,2026-09-08T09:06:32+09:00,2026/09/08,2026/10/08,2026-10,CALL,66625,1750,,,26.14,25.41,1550,7,1495,20,,,,,
2026/09/08 08:51,2026-09-08T09:06:32+09:00,2026/09/08,2026/10/08,2026-10,PUT,66625,2215,,,27.27,24.94,2630,5,2455,10,,,,,
2026/09/08 08:51,2026-09-08T09:06:32+09:00,2026/09/08,2026/10/08,2026-10,CALL,66500,1810,9,6,26.05,25.72,1595,1,1570,4,26.28,505,46.54,1590,09/08 08:48
2026/09/08 08:51,2026-09-08T09:06:32+09:00,2026/09/08,2026/10/08,2026-10,PUT,66500,2205,94,,26.38,25.59,2490,1,2430,1,,,,,
2026/09/08 08:51,2026-09-08T09:06:32+09:00,2026/09/08,2026/10/08,2026-10,CALL,66375,1875,1,,26.41,25.42,1675,47,1600,40,,,,,
2026/09/08 08:51,2026-09-08T09:06:32+09:00,2026/09/08,2026/10/08,2026-10,PUT,66375,2100,,,26.48,25.49,2425,20,2350,27,,,,,
2026/09/08 08:51,2026-09-08T09:06:32+09:00,2026/09/08,2026/10/08,2026-10,CALL,66250,1935,4,,26.36,25.64,1725,22,1670,1,,,,,
2026/09/08 08:51,2026-09-08T09:06:32+09:00,2026/09/08,2026/10/08,2026-10,PUT,66250,2055,,,26.43,25.7,2350,1,2295,2,,,,,
2026/09/08 08:51,2026-09-08T09:06:32+09:00,2026/09/08,2026/10/08,2026-10,CALL,66125,2000,,1,26.36,25.64,1780,27,1725,7,26.48,,,1765,09/08 08:48
2026/09/08 08:51,2026-09-08T09:06:32+09:00,2026/09/08,2026/10/08,2026-10,PUT,66125,1980,,,26.56,25.57,2290,40,2215,40,,,,,
2026/09/08 08:51,2026-09-08T09:06:32+09:00,2026/09/08,2026/10/08,2026-10,CALL,66000,2070,1201,15,26.28,25.88,1830,1,1800,2,26.49,-190,-9.5,1810,09/08 08:50
2026/09/08 08:51,2026-09-08T09:06:32+09:00,2026/09/08,2026/10/08,2026-10,PUT,66000,1935,1097,23,26.41,26.02,2210,1,2180,2,25.81,165,8.15,2190,09/08 08:48
2026/09/08 08:51,2026-09-08T09:06:32+09:00,2026/09/08,2026/10/08,2026-10,CALL,65875,2130,1,1,26.44,25.65,1900,21,1840,27,26.63,,,1890,09/08 08:48
2026/09/08 08:51,2026-09-08T09:06:32+09:00,2026/09/08,2026/10/08,2026-10,PUT,65875,1860,,,26.7,25.72,2165,40,2090,40,,,,,
2026/09/08 08:51,2026-09-08T09:06:32+09:00,2026/09/08,2026/10/08,2026-10,CALL,65750,2195,52,4,26.52,25.8,1965,22,1910,2,26.66,,,1950,09/08 08:48
2026/09/08 08:51,2026-09-08T09:06:32+09:00,2026/09/08,2026/10/08,2026-10,PUT,65750,1815,116,,26.65,26.13,2095,1,2055,1,,,,,
2026/09/08 08:51,2026-09-08T09:06:32+09:00,2026/09/08,2026/10/08,2026-10,CALL,65625,2260,,,26.59,25.8,2030,1,1970,20,,,,,
2026/09/08 08:51,2026-09-08T09:06:32+09:00,2026/09/08,2026/10/08,2026-10,PUT,65625,1740,,,26.85,25.87,2045,40,1970,40,,,,,
2026/09/08 08:51,2026-09-08T09:06:32+09:00,2026/09/08,2026/10/08,2026-10,CALL,65500,2345,123,,26.57,25.92,2090,1,2040,1,,,,,
2026/09/08 08:51,2026-09-08T09:06:32+09:00,2026/09/08,2026/10/08,2026-10,PUT,65500,1720,142,5,26.64,26.24,1965,2,1935,4,26.09,160,8.99,1940,09/08 08:47
2026/09/08 08:51,2026-09-08T09:06:32+09:00,2026/09/08,2026/10/08,2026-10,CALL,65375,2415,,,26.74,24.83,2165,1,2020,9,,,,,
2026/09/08 08:51,2026-09-08T09:06:32+09:00,2026/09/08,2026/10/08,2026-10,PUT,65375,1635,231,,27,26.01,1930,40,1855,40,,,,,
2026/09/08 08:51,2026-09-08T09:06:32+09:00,2026/09/08,2026/10/08,2026-10,CALL,65250,2485,1,,27.08,25.37,2255,8,2125,5,,,,,
2026/09/08 08:51,2026-09-08T09:06:32+09:00,2026/09/08,2026/10/08,2026-10,PUT,65250,1600,9,,26.95,26.29,1865,32,1815,2,,,,,
2026/09/08 08:51,2026-09-08T09:06:32+09:00,2026/09/08,2026/10/08,2026-10,CALL,65125,2560,,,27.42,23.98,2345,6,2085,5,,,,,
2026/09/08 08:51,2026-09-08T09:06:32+09:00,2026/09/08,2026/10/08,2026-10,PUT,65125,1535,,,27.15,26.16,1820,40,1745,40,,,,,
2026/09/08 08:51,2026-09-08T09:06:32+09:00,2026/09/08,2026/10/08,2026-10,CALL,65000,2650,362,,26.94,25.74,2375,1,2285,1,,,,,
2026/09/08 08:51,2026-09-08T09:06:32+09:00,2026/09/08,2026/10/08,2026-10,PUT,65000,1525,1838,8,26.87,26.54,1740,1,1715,1,26.25,190,12.46,1715,09/08 08:48
2026/09/08 08:51,2026-09-08T09:06:32+09:00,2026/09/08,2026/10/08,2026-10,CALL,64875,2715,,,33.9,20.22,2965,6,1940,1,,,,,
2026/09/08 08:51,2026-09-08T09:06:32+09:00,2026/09/08,2026/10/08,2026-10,PUT,64875,1440,,,27.18,26.31,1705,40,1640,7,,,,,
2026/09/08 08:51,2026-09-08T09:06:32+09:00,2026/09/08,2026/10/08,2026-10,CALL,64750,2800,,,27.6,25.59,2560,8,2410,5,,,,,
2026/09/08 08:51,2026-09-08T09:06:32+09:00,2026/09/08,2026/10/08,2026-10,PUT,64750,1425,3,,27.27,26.6,1655,33,1605,1,,,,,
2026/09/08 08:51,2026-09-08T09:06:32+09:00,2026/09/08,2026/10/08,2026-10,CALL,64625,2875,,,34.25,25.11,3125,6,2445,1,,,,,
2026/09/08 08:51,2026-09-08T09:06:32+09:00,2026/09/08,2026/10/08,2026-10,PUT,64625,1335,,,27.34,26.39,1605,40,1535,8,,,,,
2026/09/08 08:51,2026-09-08T09:06:32+09:00,2026/09/08,2026/10/08,2026-10,CALL,64500,2965,22,,27.46,26.11,2690,1,2590,1,,,,,
2026/09/08 08:51,2026-09-08T09:06:32+09:00,2026/09/08,2026/10/08,2026-10,PUT,64500,1335,463,2,27.13,26.79,1535,3,1510,3,26.96,85,6.18,1460,09/07 22:35
2026/09/08 08:51,2026-09-08T09:06:32+09:00,2026/09/08,2026/10/08,2026-10,CALL,64375,3050,,,34.76,24.84,3300,6,2570,1,,,,,
2026/09/08 08:51,2026-09-08T09:06:32+09:00,2026/09/08,2026/10/08,2026-10,PUT,64375,1260,,,27.57,26.69,1515,40,1450,1,,,,,
2026/09/08 08:51,2026-09-08T09:06:32+09:00,2026/09/08,2026/10/08,2026-10,CALL,64250,3125,,,27.74,25.47,2855,2,2690,6,,,,,
2026/09/08 08:51,2026-09-08T09:06:32+09:00,2026/09/08,2026/10/08,2026-10,PUT,64250,1255,104,3,27.6,26.85,1465,51,1410,4,27.08,60,4.56,1375,09/07 22:36
2026/09/08 08:51,2026-09-08T09:06:32+09:00,2026/09/08,2026/10/08,2026-10,CALL,64125,3225,,,35.23,26.02,3475,6,2805,1,,,,,
2026/09/08 08:51,2026-09-08T09:06:32+09:00,2026/09/08,2026/10/08,2026-10,PUT,64125,1185,,,27.75,26.85,1425,40,1360,1,,,,,
2026/09/08 08:51,2026-09-08T09:06:32+09:00,2026/09/08,2026/10/08,2026-10,CALL,64000,3310,241,,27.89,25.72,3015,5,2860,9,,,,,
2026/09/08 08:51,2026-09-08T09:06:32+09:00,2026/09/08,2026/10/08,2026-10,PUT,64000,1175,1332,33,27.47,27.12,1355,3,1330,6,27.36,100,8.06,1340,09/08 08:45
2026/09/08 08:51,2026-09-08T09:06:32+09:00,2026/09/08,2026/10/08,2026-10,CALL,63875,3390,50,,35.51,25.18,3640,6,2900,1,,,,,
2026/09/08 08:51,2026-09-08T09:06:32+09:00,2026/09/08,2026/10/08,2026-10,PUT,63875,1110,55,,28.01,27.02,1345,41,1275,9,,,,,
2026/09/08 08:51,2026-09-08T09:06:32+09:00,2026/09/08,2026/10/08,2026-10,CALL,63750,3475,,,32.89,26.12,3525,2,3045,2,,,,,
2026/09/08 08:51,2026-09-08T09:06:32+09:00,2026/09/08,2026/10/08,2026-10,PUT,63750,1085,20,,27.83,27.19,1285,16,1240,3,,,,,
2026/09/08 08:51,2026-09-08T09:06:32+09:00,2026/09/08,2026/10/08,2026-10,CALL,63625,3570,,,35.96,24.96,3820,6,3045,1,,,,,
2026/09/08 08:51,2026-09-08T09:06:32+09:00,2026/09/08,2026/10/08,2026-10,PUT,63625,1030,,,27.71,27.21,1230,1,1195,9,,,,,
2026/09/08 08:51,2026-09-08T09:06:32+09:00,2026/09/08,2026/10/08,2026-10,CALL,63500,3660,1,,33.15,24.26,3695,3,3080,2,,,,,
2026/09/08 08:51,2026-09-08T09:06:32+09:00,2026/09/08,2026/10/08,2026-10,PUT,63500,1025,183,1,27.78,27.49,1190,3,1170,3,27.62,,,1090,09/07 17:42
2026/09/08 08:51,2026-09-08T09:06:32+09:00,2026/09/08,2026/10/08,2026-10,CALL,63375,3750,,,36.37,23.14,4000,6,3090,6,,,,,
2026/09/08 08:51,2026-09-08T09:06:32+09:00,2026/09/08,2026/10/08,2026-10,PUT,63375,965,237,,28.35,26.96,1185,1,1090,9,,,,,
2026/09/08 08:51,2026-09-08T09:06:32+09:00,2026/09/08,2026/10/08,2026-10,CALL,63250,3845,,,33.42,26.25,3870,2,3380,2,,,,,
2026/09/08 08:51,2026-09-08T09:06:32+09:00,2026/09/08,2026/10/08,2026-10,PUT,63250,955,110,,28.18,27.52,1130,4,1085,4,,,,,
2026/09/08 08:51,2026-09-08T09:06:32+09:00,2026/09/08,2026/10/08,2026-10,CALL,63125,3940,,,29.63,22.84,3690,1,3245,5,,,,,
2026/09/08 08:51,2026-09-08T09:06:32+09:00,2026/09/08,2026/10/08,2026-10,PUT,63125,900,,,28.59,27.31,1115,1,1030,1,,,,,
2026/09/08 08:51,2026-09-08T09:06:32+09:00,2026/09/08,2026/10/08,2026-10,CALL,63000,4035,4,,29.81,19.94,3785,22,3160,7,,,,,
2026/09/08 08:51,2026-09-08T09:06:32+09:00,2026/09/08,2026/10/08,2026-10,PUT,63000,905,808,14,28.15,27.85,1045,3,1025,3,27.74,30,3.16,980,09/07 19:44
2026/09/08 08:51,2026-09-08T09:06:32+09:00,2026/09/08,2026/10/08,2026-10,CALL,62875,4130,,,29.98,25.5,3880,1,3590,1,,,,,
2026/09/08 08:51,2026-09-08T09:06:32+09:00,2026/09/08,2026/10/08,2026-10,PUT,62875,850,6,,28.54,27.69,1030,1,975,1,,,,,
2026/09/08 08:51,2026-09-08T09:06:32+09:00,2026/09/08,2026/10/08,2026-10,CALL,62750,4230,,,30.22,24.14,3980,2,3595,2,,,,,
2026/09/08 08:51,2026-09-08T09:06:32+09:00,2026/09/08,2026/10/08,2026-10,PUT,62750,845,196,,28.6,27.98,995,18,955,2,,,,,
2026/09/08 08:51,2026-09-08T09:06:32+09:00,2026/09/08,2026/10/08,2026-10,CALL,62625,4325,,,30.37,24.37,4075,1,3700,1,,,,,
2026/09/08 08:51,2026-09-08T09:06:32+09:00,2026/09/08,2026/10/08,2026-10,PUT,62625,790,130,,28.73,27.7,965,1,900,1,,,,,
2026/09/08 08:51,2026-09-08T09:06:32+09:00,2026/09/08,2026/10/08,2026-10,CALL,62500,4425,,,30.58,15.37,4175,3,3330,1,,,,,
2026/09/08 08:51,2026-09-08T09:06:32+09:00,2026/09/08,2026/10/08,2026-10,PUT,62500,785,660,21,28.53,28.21,915,3,895,3,28.29,,,825,09/07 18:12
2026/09/08 08:51,2026-09-08T09:06:32+09:00,2026/09/08,2026/10/08,2026-10,CALL,62375,4525,,,30.78,25.3,4275,1,3940,1,,,,,
2026/09/08 08:51,2026-09-08T09:06:32+09:00,2026/09/08,2026/10/08,2026-10,PUT,62375,735,6,,28.95,28.05,905,1,850,1,,,,,
2026/09/08 08:51,2026-09-08T09:06:32+09:00,2026/09/08,2026/10/08,2026-10,CALL,62250,4625,,,30.98,22.54,4375,2,3880,2,,,,,
2026/09/08 08:51,2026-09-08T09:06:32+09:00,2026/09/08,2026/10/08,2026-10,PUT,62250,735,63,,28.79,28.46,860,3,840,2,,,,,
2026/09/08 08:51,2026-09-08T09:06:32+09:00,2026/09/08,2026/10/08,2026-10,CALL,62125,4725,,,31.16,26.31,4475,1,4185,5,,,,,
2026/09/08 08:51,2026-09-08T09:06:32+09:00,2026/09/08,2026/10/08,2026-10,PUT,62125,690,,,29.19,28.28,850,1,795,1,,,,,
2026/09/08 08:51,2026-09-08T09:06:32+09:00,2026/09/08,2026/10/08,2026-10,CALL,62000,4830,49,,31.42,24.78,4580,22,4195,5,,,,,
2026/09/08 08:51,2026-09-08T09:06:32+09:00,2026/09/08,2026/10/08,2026-10,PUT,62000,690,1141,27,28.92,28.66,800,1,785,5,28.7,60,8.05,805,09/08 08:50
2026/09/08 08:51,2026-09-08T09:06:32+09:00,2026/09/08,2026/10/08,2026-10,CALL,61875,4925,,,31.5,27.12,4675,1,4420,1,,,,,
2026/09/08 08:51,2026-09-08T09:06:32+09:00,2026/09/08,2026/10/08,2026-10,PUT,61875,655,22,,29.13,28.44,780,1,740,1,,,,,
2026/09/08 08:51,2026-09-08T09:06:32+09:00,2026/09/08,2026/10/08,2026-10,CALL,61750,5035,,,31.82,24.96,4785,2,4400,2,,,,,
2026/09/08 08:51,2026-09-08T09:06:32+09:00,2026/09/08,2026/10/08,2026-10,PUT,61750,645,63,1,29.16,28.9,750,2,735,2,28.85,70,10.45,740,09/07 20:11
2026/09/08 08:51,2026-09-08T09:06:32+09:00,2026/09/08,2026/10/08,2026-10,CALL,61625,5140,,,32.04,24.98,4890,6,4500,1,,,,,
2026/09/08 08:51,2026-09-08T09:06:32+09:00,2026/09/08,2026/10/08,2026-10,PUT,61625,605,104,,29.35,28.73,730,2,695,2,,,,,
2026/09/08 08:51,2026-09-08T09:06:32+09:00,2026/09/08,2026/10/08,2026-10,CALL,61500,5245,,,32.26,25.68,4995,3,4635,3,,,,,
2026/09/08 08:51,2026-09-08T09:06:32+09:00,2026/09/08,2026/10/08,2026-10,PUT,61500,605,19,,29.44,29.08,705,10,685,3,,,,,
2026/09/08 08:51,2026-09-08T09:06:32+09:00,2026/09/08,2026/10/08,2026-10,CALL,61375,5345,,,32.39,23.9,5095,6,4650,1,,,,,
2026/09/08 08:51,2026-09-08T09:06:32+09:00,2026/09/08,2026/10/08,2026-10,PUT,61375,565,109,,29.71,28.97,690,12,650,2,,,,,
2026/09/08 08:51,2026-09-08T09:06:32+09:00,2026/09/08,2026/10/08,2026-10,CALL,61250,5460,,,32.76,25.02,5210,8,4805,2,,,,,
2026/09/08 08:51,2026-09-08T09:06:32+09:00,2026/09/08,2026/10/08,2026-10,PUT,61250,565,106,,29.68,29.3,660,4,640,2,,,,,
2026/09/08 08:51,2026-09-08T09:06:32+09:00,2026/09/08,2026/10/08,2026-10,CALL,61125,5560,,,32.87,22.42,5310,6,4795,1,,,,,
2026/09/08 08:51,2026-09-08T09:06:32+09:00,2026/09/08,2026/10/08,2026-10,PUT,61125,525,91,,30.02,29.16,650,12,605,2,,,,,
2026/09/08 08:51,2026-09-08T09:06:32+09:00,2026/09/08,2026/10/08,2026-10,CALL,61000,5670,201,,33.14,23.83,5420,22,4960,5,,,,,
2026/09/08 08:51,2026-09-08T09:06:32+09:00,2026/09/08,2026/10/08,2026-10,PUT,61000,535,660,19,29.86,29.67,615,1,605,1,29.69,60,10.71,620,09/08 08:50
2026/09/08 08:51,2026-09-08T09:06:32+09:00,2026/09/08,2026/10/08,2026-10,CALL,60875,5780,,,33.41,26.79,5530,6,5195,1,,,,,
2026/09/08 08:51,2026-09-08T09:06:32+09:00,2026/09/08,2026/10/08,2026-10,PUT,60875,505,4,,30.48,29.39,620,3,565,2,,,,,
2026/09/08 08:51,2026-09-08T09:06:32+09:00,2026/09/08,2026/10/08,2026-10,CALL,60750,5890,,,33.66,26.15,5640,8,5270,2,,,,,
2026/09/08 08:51,2026-09-08T09:06:32+09:00,2026/09/08,2026/10/08,2026-10,PUT,60750,500,123,,30.2,29.79,580,2,560,2,,,,,
2026/09/08 08:51,2026-09-08T09:06:32+09:00,2026/09/08,2026/10/08,2026-10,CALL,60625,5995,,,33.82,22.58,5745,5,5235,1,,,,,
2026/09/08 08:51,2026-09-08T09:06:32+09:00,2026/09/08,2026/10/08,2026-10,PUT,60625,465,11,,30.4,29.68,565,12,530,2,,,,,
2026/09/08 08:51,2026-09-08T09:06:32+09:00,2026/09/08,2026/10/08,2026-10,CALL,60500,6110,100,,34.16,27.55,5860,10,5540,2,,,,,
2026/09/08 08:51,2026-09-08T09:06:32+09:00,2026/09/08,2026/10/08,2026-10,PUT,60500,465,301,,30.38,30.17,540,1,530,3,,,,,
2026/09/08 08:51,2026-09-08T09:06:32+09:00,2026/09/08,2026/10/08,2026-10,CALL,60375,6220,,,34.4,25.34,5970,6,5555,1,,,,,
2026/09/08 08:51,2026-09-08T09:06:32+09:00,2026/09/08,2026/10/08,2026-10,PUT,60375,435,778,,30.77,29.92,535,12,495,2,,,,,
2026/09/08 08:51,2026-09-08T09:06:32+09:00,2026/09/08,2026/10/08,2026-10,CALL,60250,6330,,,34.63,22.95,6080,7,5580,1,,,,,
2026/09/08 08:51,2026-09-08T09:06:32+09:00,2026/09/08,2026/10/08,2026-10,PUT,60250,430,21,,30.84,30.41,515,22,495,2,,,,,
2026/09/08 08:51,2026-09-08T09:06:32+09:00,2026/09/08,2026/10/08,2026-10,CALL,60125,6440,,,34.86,25.28,6190,6,5770,1,,,,,
2026/09/08 08:51,2026-09-08T09:06:32+09:00,2026/09/08,2026/10/08,2026-10,PUT,60125,410,5,,31.22,30.34,510,14,470,2,,,,,
2026/09/08 08:51,2026-09-08T09:06:32+09:00,2026/09/08,2026/10/08,2026-10,CALL,60000,6550,1,,35.07,19.87,6300,3,5725,3,,,,,
2026/09/08 08:51,2026-09-08T09:06:32+09:00,2026/09/08,2026/10/08,2026-10,PUT,60000,415,8429,17,31.04,30.7,480,25,465,3,30.69,35,8.43,450,09/07 23:31
2026/09/08 08:51,2026-09-08T09:06:32+09:00,2026/09/08,2026/10/08,2026-10,CALL,59875,6670,,,35.48,20.46,6420,6,5855,1,,,,,
2026/09/08 08:51,2026-09-08T09:06:32+09:00,2026/09/08,2026/10/08,2026-10,PUT,59875,385,41,,31.41,30.61,475,3,440,3,,,,,
2026/09/08 08:51,2026-09-08T09:06:32+09:00,2026/09/08,2026/10/08,2026-10,CALL,59750,6780,,,35.69,19.34,6530,7,5950,1,,,,,
2026/09/08 08:51,2026-09-08T09:06:32+09:00,2026/09/08,2026/10/08,2026-10,PUT,59750,385,58,,31.31,30.96,450,2,435,2,,,,,
2026/09/08 08:51,2026-09-08T09:06:32+09:00,2026/09/08,2026/10/08,2026-10,CALL,59625,6885,,,35.78,26.86,6635,6,6265,1,,,,,
2026/09/08 08:51,2026-09-08T09:06:32+09:00,2026/09/08,2026/10/08,2026-10,PUT,59625,355,20,,31.91,30.71,455,15,405,3,,,,,
2026/09/08 08:51,2026-09-08T09:06:32+09:00,2026/09/08,2026/10/08,2026-10,CALL,59500,7005,,,36.18,24.03,6755,12,6290,1,,,,,
2026/09/08 08:51,2026-09-08T09:06:32+09:00,2026/09/08,2026/10/08,2026-10,PUT,59500,360,86,2,31.54,31.3,420,1,410,3,31.18,45,12.16,415,09/08 08:50
2026/09/08 08:51,2026-09-08T09:06:32+09:00,2026/09/08,2026/10/08,2026-10,CALL,59375,7120,,,36.47,23.25,6870,6,6385,1,,,,,
2026/09/08 08:51,2026-09-08T09:06:32+09:00,2026/09/08,2026/10/08,2026-10,PUT,59375,340,2,,32.13,31.01,425,3,380,3,,,,,
2026/09/08 08:51,2026-09-08T09:06:32+09:00,2026/09/08,2026/10/08,2026-10,CALL,59250,7235,,,36.75,25,6985,7,6545,1,,,,,
2026/09/08 08:51,2026-09-08T09:06:32+09:00,2026/09/08,2026/10/08,2026-10,PUT,59250,340,159,,31.97,31.59,400,5,385,5,,,,,
2026/09/08 08:51,2026-09-08T09:06:32+09:00,2026/09/08,2026/10/08,2026-10,CALL,59125,7350,,,37.03,26.3,7100,5,6695,5,,,,,
2026/09/08 08:51,2026-09-08T09:06:32+09:00,2026/09/08,2026/10/08,2026-10,PUT,59125,320,63,,32.56,31.26,405,4,355,3,,,,,
2026/09/08 08:51,2026-09-08T09:06:32+09:00,2026/09/08,2026/10/08,2026-10,CALL,59000,7465,,,37.31,27.06,7215,15,6830,3,,,,,
2026/09/08 08:51,2026-09-08T09:06:32+09:00,2026/09/08,2026/10/08,2026-10,PUT,59000,320,800,4,32.25,31.85,375,24,360,3,32.05,45,14.06,365,09/08 08:45
2026/09/08 08:51,2026-09-08T09:06:32+09:00,2026/09/08,2026/10/08,2026-10,CALL,58875,7575,,,37.47,25.6,7325,6,6905,1,,,,,
2026/09/08 08:51,2026-09-08T09:06:32+09:00,2026/09/08,2026/10/08,2026-10,PUT,58875,293,2,,32.7,31.76,375,3,340,3,,,,,
2026/09/08 08:51,2026-09-08T09:06:32+09:00,2026/09/08,2026/10/08,2026-10,CALL,58750,7695,,,37.84,28.89,7445,7,7110,1,,,,,
2026/09/08 08:51,2026-09-08T09:06:32+09:00,2026/09/08,2026/10/08,2026-10,PUT,58750,298,32,,32.48,32.2,350,2,340,2,,,,,
2026/09/08 08:51,2026-09-08T09:06:32+09:00,2026/09/08,2026/10/08,2026-10,CALL,58625,7820,,,38.34,28.63,7570,6,7215,1,,,,,
2026/09/08 08:51,2026-09-08T09:06:32+09:00,2026/09/08,2026/10/08,2026-10,PUT,58625,288,60,,33.07,31.79,355,3,310,3,,,,,
2026/09/08 08:51,2026-09-08T09:06:32+09:00,2026/09/08,2026/10/08,2026-10,CALL,58500,7930,,,38.48,26.35,7680,12,7270,2,,,,,
2026/09/08 08:51,2026-09-08T09:06:32+09:00,2026/09/08,2026/10/08,2026-10,PUT,58500,285,291,,32.81,32.53,330,3,320,3,,,,,
2026/09/08 08:51,2026-09-08T09:06:32+09:00,2026/09/08,2026/10/08,2026-10,CALL,58375,8045,,,38.73,26.74,7795,6,7395,1,,,,,
2026/09/08 08:51,2026-09-08T09:06:32+09:00,2026/09/08,2026/10/08,2026-10,PUT,58375,273,483,,33.4,32.25,335,3,296,3,,,,,
2026/09/08 08:51,2026-09-08T09:06:32+09:00,2026/09/08,2026/10/08,2026-10,CALL,58250,8165,,,39.09,,7915,7,7365,1,,,,,
2026/09/08 08:51,2026-09-08T09:06:32+09:00,2026/09/08,2026/10/08,2026-10,PUT,58250,265,116,,33.26,32.81,315,5,300,2,,,,,
2026/09/08 08:51,2026-09-08T09:06:32+09:00,2026/09/08,2026/10/08,2026-10,CALL,58000,8400,,,39.69,29.36,8150,18,7805,3,,,,,
2026/09/08 08:51,2026-09-08T09:06:32+09:00,2026/09/08,2026/10/08,2026-10,PUT,58000,254,2249,5,33.47,33.28,293,1,287,1,33.04,12,4.51,278,09/07 20:05
2026/09/08 08:51,2026-09-08T09:06:32+09:00,2026/09/08,2026/10/08,2026-10,CALL,57750,8635,,,40.28,19.55,8385,7,7895,1,,,,,
2026/09/08 08:51,2026-09-08T09:06:32+09:00,2026/09/08,2026/10/08,2026-10,PUT,57750,234,74,,33.98,33.46,282,18,266,5,,,,,
2026/09/08 08:51,2026-09-08T09:06:32+09:00,2026/09/08,2026/10/08,2026-10,CALL,57500,8870,,,40.85,30.54,8620,12,8295,2,,,,,
2026/09/08 08:51,2026-09-08T09:06:32+09:00,2026/09/08,2026/10/08,2026-10,PUT,57500,224,333,1,34.14,33.97,261,1,256,1,33.87,6,2.54,242,09/07 22:51
2026/09/08 08:51,2026-09-08T09:06:32+09:00,2026/09/08,2026/10/08,2026-10,CALL,57250,9110,,,41.54,,8860,7,8255,1,,,,,
2026/09/08 08:51,2026-09-08T09:06:32+09:00,2026/09/08,2026/10/08,2026-10,PUT,57250,208,101,,34.65,34.15,251,5,237,18,,,,,
2026/09/08 08:51,2026-09-08T09:06:32+09:00,2026/09/08,2026/10/08,2026-10,CALL,57000,9350,1,,42.21,,9100,15,8045,3,,,,,
2026/09/08 08:51,2026-09-08T09:06:32+09:00,2026/09/08,2026/10/08,2026-10,PUT,57000,201,833,1,34.88,34.69,234,3,229,1,34.62,0,0,216,09/07 23:06
2026/09/08 08:51,2026-09-08T09:06:32+09:00,2026/09/08,2026/10/08,2026-10,CALL,56750,9590,,,,,,,,,,,,,
2026/09/08 08:51,2026-09-08T09:06:32+09:00,2026/09/08,2026/10/08,2026-10,PUT,56750,187,90,1,35.45,34.87,227,7,212,7,34.74,,,195,09/07 18:26
2026/09/08 08:51,2026-09-08T09:06:32+09:00,2026/09/08,2026/10/08,2026-10,CALL,56500,9830,,,,,,,,,,,,,
2026/09/08 08:51,2026-09-08T09:06:32+09:00,2026/09/08,2026/10/08,2026-10,PUT,56500,180,423,,35.61,35.37,210,3,204,1,,,,,
2026/09/08 08:51,2026-09-08T09:06:32+09:00,2026/09/08,2026/10/08,2026-10,CALL,56250,10070,,,,,,,,,,,,,
2026/09/08 08:51,2026-09-08T09:06:32+09:00,2026/09/08,2026/10/08,2026-10,PUT,56250,169,60,,36.23,35.56,205,12,189,23,,,,,
2026/09/08 08:51,2026-09-08T09:06:32+09:00,2026/09/08,2026/10/08,2026-10,CALL,56000,10310,,,,,,,,,,,,,
2026/09/08 08:51,2026-09-08T09:06:32+09:00,2026/09/08,2026/10/08,2026-10,PUT,56000,163,1165,2,36.37,36.19,189,3,185,1,35.97,13,7.65,183,09/07 20:38
2026/09/08 08:51,2026-09-08T09:06:32+09:00,2026/09/08,2026/10/08,2026-10,CALL,55750,10555,,,,,,,,,,,,,
2026/09/08 08:51,2026-09-08T09:06:32+09:00,2026/09/08,2026/10/08,2026-10,PUT,55750,152,40,,37,36.36,185,8,171,8,,,,,
2026/09/08 08:51,2026-09-08T09:06:32+09:00,2026/09/08,2026/10/08,2026-10,CALL,55500,10795,,,,,,,,,,,,,
2026/09/08 08:51,2026-09-08T09:06:32+09:00,2026/09/08,2026/10/08,2026-10,PUT,55500,147,253,4,37.16,36.92,171,3,166,1,37.19,,,165,09/07 23:16
2026/09/08 08:51,2026-09-08T09:06:32+09:00,2026/09/08,2026/10/08,2026-10,CALL,55250,11040,,,,,,,,,,,,,
2026/09/08 08:51,2026-09-08T09:06:32+09:00,2026/09/08,2026/10/08,2026-10,PUT,55250,137,61,4,37.76,37.07,167,13,153,26,37.19,10,6.76,158,09/07 20:38
2026/09/08 08:51,2026-09-08T09:06:32+09:00,2026/09/08,2026/10/08,2026-10,CALL,55000,11280,4,,,,,,,,,,,,
2026/09/08 08:51,2026-09-08T09:06:32+09:00,2026/09/08,2026/10/08,2026-10,PUT,55000,140,3108,2,37.96,37.7,155,3,150,1,37.68,2,1.43,142,09/07 18:46
2026/09/08 08:51,2026-09-08T09:06:32+09:00,2026/09/08,2026/10/08,2026-10,CALL,54750,11525,,,,,,,,,,,,,
2026/09/08 08:51,2026-09-08T09:06:32+09:00,2026/09/08,2026/10/08,2026-10,PUT,54750,133,60,,38.64,37.89,153,9,139,9,,,,,
2026/09/08 08:51,2026-09-08T09:06:32+09:00,2026/09/08,2026/10/08,2026-10,CALL,54500,11770,,,,,,,,,,,,,
2026/09/08 08:51,2026-09-08T09:06:32+09:00,2026/09/08,2026/10/08,2026-10,PUT,54500,121,598,32,39.06,38.44,146,14,135,14,38.88,19,15.08,145,09/07 20:38
2026/09/08 08:51,2026-09-08T09:06:32+09:00,2026/09/08,2026/10/08,2026-10,CALL,54250,12015,,,,,,,,,,,,,
2026/09/08 08:51,2026-09-08T09:06:32+09:00,2026/09/08,2026/10/08,2026-10,PUT,54250,120,59,,39.45,38.69,139,9,126,27,,,,,
2026/09/08 08:51,2026-09-08T09:06:32+09:00,2026/09/08,2026/10/08,2026-10,CALL,54000,12260,,,,,,,,,,,,,
2026/09/08 08:51,2026-09-08T09:06:32+09:00,2026/09/08,2026/10/08,2026-10,PUT,54000,115,728,3,39.7,39.34,130,4,124,1,39.45,10,8.7,125,09/08 08:45
2026/09/08 08:51,2026-09-08T09:06:32+09:00,2026/09/08,2026/10/08,2026-10,CALL,53750,12505,,,,,,,,,,,,,
2026/09/08 08:51,2026-09-08T09:06:32+09:00,2026/09/08,2026/10/08,2026-10,PUT,53750,104,16,1,40.29,39.47,127,10,114,30,39.83,,,116,09/07 22:08
2026/09/08 08:51,2026-09-08T09:06:32+09:00,2026/09/08,2026/10/08,2026-10,CALL,53500,12750,,,,,,,,,,,,,
2026/09/08 08:51,2026-09-08T09:06:32+09:00,2026/09/08,2026/10/08,2026-10,PUT,53500,101,335,1,40.75,39.96,122,20,110,16,39.8,,,110,09/07 20:36
2026/09/08 08:51,2026-09-08T09:06:32+09:00,2026/09/08,2026/10/08,2026-10,CALL,53250,12995,,,,,,,,,,,,,
2026/09/08 08:51,2026-09-08T09:06:32+09:00,2026/09/08,2026/10/08,2026-10,PUT,53250,94,68,,41.06,40.23,115,10,103,30,,,,,
2026/09/08 08:51,2026-09-08T09:06:32+09:00,2026/09/08,2026/10/08,2026-10,CALL,53000,13240,34,,,,,,,,,,,,
2026/09/08 08:51,2026-09-08T09:06:32+09:00,2026/09/08,2026/10/08,2026-10,PUT,53000,92,1298,14,41.21,40.92,106,1,102,23,40.82,3,3.09,100,09/08 08:45
2026/09/08 08:51,2026-09-08T09:06:32+09:00,2026/09/08,2026/10/08,2026-10,CALL,52750,13490,,,,,,,,,,,,,
2026/09/08 08:51,2026-09-08T09:06:32+09:00,2026/09/08,2026/10/08,2026-10,PUT,52750,86,120,1,42.04,41.15,107,13,95,9,41.34,,,99,09/07 20:38
2026/09/08 08:51,2026-09-08T09:06:32+09:00,2026/09/08,2026/10/08,2026-10,CALL,52500,13735,,,,,,,,,,,,,
2026/09/08 08:51,2026-09-08T09:06:32+09:00,2026/09/08,2026/10/08,2026-10,PUT,52500,82,314,,42.28,41.74,100,1,93,15,,,,,
2026/09/08 08:51,2026-09-08T09:06:32+09:00,2026/09/08,2026/10/08,2026-10,CALL,52250,13980,,,,,,,,,,,,,
2026/09/08 08:51,2026-09-08T09:06:32+09:00,2026/09/08,2026/10/08,2026-10,PUT,52250,80,46,,42.97,41.92,99,14,86,10,,,,,
2026/09/08 08:51,2026-09-08T09:06:32+09:00,2026/09/08,2026/10/08,2026-10,CALL,52000,14225,,,,,,,,,,,,,
2026/09/08 08:51,2026-09-08T09:06:32+09:00,2026/09/08,2026/10/08,2026-10,PUT,52000,76,1822,,43.33,42.41,94,24,83,28,,,,,
2026/09/08 08:51,2026-09-08T09:06:32+09:00,2026/09/08,2026/10/08,2026-10,CALL,51750,14475,,,,,,,,,,,,,
2026/09/08 08:51,2026-09-08T09:06:32+09:00,2026/09/08,2026/10/08,2026-10,PUT,51750,73,72,1,43.84,42.8,91,14,79,10,43.14,,,84,09/07 21:34
2026/09/08 08:51,2026-09-08T09:06:32+09:00,2026/09/08,2026/10/08,2026-10,CALL,51500,14720,,,,,,,,,,,,,
2026/09/08 08:51,2026-09-08T09:06:32+09:00,2026/09/08,2026/10/08,2026-10,PUT,51500,72,425,3,44.51,43.07,90,20,74,20,43.77,-2,-2.6,75,09/07 17:11
2026/09/08 08:51,2026-09-08T09:06:32+09:00,2026/09/08,2026/10/08,2026-10,CALL,51250,14970,,,,,,,,,,,,,
2026/09/08 08:51,2026-09-08T09:06:32+09:00,2026/09/08,2026/10/08,2026-10,PUT,51250,67,84,1,44.74,43.71,84,14,73,10,44.14,6,8.82,74,09/07 23:50
2026/09/08 08:51,2026-09-08T09:06:32+09:00,2026/09/08,2026/10/08,2026-10,CALL,51000,15215,,,,,,,,,,,,,
2026/09/08 08:51,2026-09-08T09:06:32+09:00,2026/09/08,2026/10/08,2026-10,PUT,51000,65,434,5,45.03,44.15,79,24,70,24,44.33,6,8.96,73,09/07 20:34
2026/09/08 08:51,2026-09-08T09:06:32+09:00,2026/09/08,2026/10/08,2026-10,CALL,50750,15460,,,,,,,,,,,,,
2026/09/08 08:51,2026-09-08T09:06:32+09:00,2026/09/08,2026/10/08,2026-10,PUT,50750,62,51,,45.69,44.47,78,14,66,35,,,,,
2026/09/08 08:51,2026-09-08T09:06:32+09:00,2026/09/08,2026/10/08,2026-10,CALL,50500,15710,,,,,,,,,,,,,
2026/09/08 08:51,2026-09-08T09:06:32+09:00,2026/09/08,2026/10/08,2026-10,PUT,50500,61,406,,46.44,44.87,78,20,63,20,,,,,
2026/09/08 08:51,2026-09-08T09:06:32+09:00,2026/09/08,2026/10/08,2026-10,CALL,50250,15960,,,,,,,,,,,,,
2026/09/08 08:51,2026-09-08T09:06:32+09:00,2026/09/08,2026/10/08,2026-10,PUT,50250,58,65,,46.69,45.38,73,14,61,14,,,,,
2026/09/08 08:51,2026-09-08T09:06:32+09:00,2026/09/08,2026/10/08,2026-10,CALL,50000,16205,,,,,,,,,,,,,
2026/09/08 08:51,2026-09-08T09:06:32+09:00,2026/09/08,2026/10/08,2026-10,PUT,50000,57,1002,3,46.9,45.99,68,24,60,1,46.55,5,8.77,62,09/07 23:51
2026/09/08 08:51,2026-09-08T09:06:32+09:00,2026/09/08,2026/10/08,2026-10,CALL,49750,16450,,,,,,,,,,,,,
2026/09/08 08:51,2026-09-08T09:06:32+09:00,2026/09/08,2026/10/08,2026-10,PUT,49750,54,63,,47.65,46.36,68,14,57,12,,,,,
2026/09/08 08:51,2026-09-08T09:06:32+09:00,2026/09/08,2026/10/08,2026-10,CALL,49500,16700,,,,,,,,,,,,,
2026/09/08 08:51,2026-09-08T09:06:32+09:00,2026/09/08,2026/10/08,2026-10,PUT,49500,52,204,,48.28,46.45,67,2,52,2,,,,,
2026/09/08 08:51,2026-09-08T09:06:32+09:00,2026/09/08,2026/10/08,2026-10,CALL,49250,16950,,,,,,,,,,,,,
2026/09/08 08:51,2026-09-08T09:06:32+09:00,2026/09/08,2026/10/08,2026-10,PUT,49250,51,75,,48.8,46.91,65,2,50,2,,,,,
2026/09/08 08:51,2026-09-08T09:06:32+09:00,2026/09/08,2026/10/08,2026-10,CALL,49000,17195,,,,,,,,,,,,,
2026/09/08 08:51,2026-09-08T09:06:32+09:00,2026/09/08,2026/10/08,2026-10,PUT,49000,49,246,4,48.82,47.77,59,24,51,24,48.07,1,1.89,54,09/07 20:38
2026/09/08 08:51,2026-09-08T09:06:32+09:00,2026/09/08,2026/10/08,2026-10,CALL,48750,17445,,,,,,,,,,,,,
2026/09/08 08:51,2026-09-08T09:06:32+09:00,2026/09/08,2026/10/08,2026-10,PUT,48750,47,24,,49.82,47.78,61,2,46,2,,,,,
2026/09/08 08:51,2026-09-08T09:06:32+09:00,2026/09/08,2026/10/08,2026-10,CALL,48500,17690,,,,,,,,,,,,,
2026/09/08 08:51,2026-09-08T09:06:32+09:00,2026/09/08,2026/10/08,2026-10,PUT,48500,44,198,,50.31,48.2,59,2,44,2,,,,,
2026/09/08 08:51,2026-09-08T09:06:32+09:00,2026/09/08,2026/10/08,2026-10,CALL,48250,17940,,,,,,,,,,,,,
2026/09/08 08:51,2026-09-08T09:06:32+09:00,2026/09/08,2026/10/08,2026-10,PUT,48250,43,52,,50.8,48.6,57,2,42,2,,,,,
2026/09/08 08:51,2026-09-08T09:06:32+09:00,2026/09/08,2026/10/08,2026-10,CALL,48000,18190,,,,,,,,,,,,,
2026/09/08 08:51,2026-09-08T09:06:32+09:00,2026/09/08,2026/10/08,2026-10,PUT,48000,42,747,,50.57,49.16,50,1,41,2,,,,,
2026/09/08 08:51,2026-09-08T09:06:32+09:00,2026/09/08,2026/10/08,2026-10,CALL,47750,18435,,,,,,,,,,,,,
2026/09/08 08:51,2026-09-08T09:06:32+09:00,2026/09/08,2026/10/08,2026-10,PUT,47750,40,40,,51.74,49.54,53,2,39,2,,,,,
2026/09/08 08:51,2026-09-08T09:06:32+09:00,2026/09/08,2026/10/08,2026-10,CALL,47500,18685,34,,,,,,,,,,,,
2026/09/08 08:51,2026-09-08T09:06:32+09:00,2026/09/08,2026/10/08,2026-10,PUT,47500,37,30,,52.35,50.09,52,2,38,2,,,,,
2026/09/08 08:51,2026-09-08T09:06:32+09:00,2026/09/08,2026/10/08,2026-10,CALL,47250,18930,,,,,,,,,,,,,
2026/09/08 08:51,2026-09-08T09:06:32+09:00,2026/09/08,2026/10/08,2026-10,PUT,47250,36,26,,52.8,50.44,50,2,36,2,,,,,
2026/09/08 08:51,2026-09-08T09:06:32+09:00,2026/09/08,2026/10/08,2026-10,CALL,47000,19180,,,,,,,,,,,,,
2026/09/08 08:51,2026-09-08T09:06:32+09:00,2026/09/08,2026/10/08,2026-10,PUT,47000,35,396,2,52.76,51.35,45,31,37,2,51.8,2,5.26,40,09/07 20:38
2026/09/08 08:51,2026-09-08T09:06:32+09:00,2026/09/08,2026/10/08,2026-10,CALL,46750,19430,,,,,,,,,,,,,
2026/09/08 08:51,2026-09-08T09:06:32+09:00,2026/09/08,2026/10/08,2026-10,PUT,46750,34,131,,54.61,48.44,52,7,21,7,,,,,
2026/09/08 08:51,2026-09-08T09:06:32+09:00,2026/09/08,2026/10/08,2026-10,CALL,46500,19680,,,,,,,,,,,,,
2026/09/08 08:51,2026-09-08T09:06:32+09:00,2026/09/08,2026/10/08,2026-10,PUT,46500,33,157,,55.06,48.85,50,6,20,7,,,,,
2026/09/08 08:51,2026-09-08T09:06:32+09:00,2026/09/08,2026/10/08,2026-10,CALL,46250,19915,,,,,,,,,,,,,
2026/09/08 08:51,2026-09-08T09:06:32+09:00,2026/09/08,2026/10/08,2026-10,PUT,46250,21,13,,55.66,49.23,49,6,19,6,,,,,
2026/09/08 08:51,2026-09-08T09:06:32+09:00,2026/09/08,2026/10/08,2026-10,CALL,46000,20165,,,,,,,,,,,,,
2026/09/08 08:51,2026-09-08T09:06:32+09:00,2026/09/08,2026/10/08,2026-10,PUT,46000,29,357,,56.09,51.86,47,6,26,7,,,,,
2026/09/08 08:51,2026-09-08T09:06:32+09:00,2026/09/08,2026/10/08,2026-10,CALL,45750,20415,,,,,,,,,,,,,
2026/09/08 08:51,2026-09-08T09:06:32+09:00,2026/09/08,2026/10/08,2026-10,PUT,45750,20,43,,56.68,49.61,46,6,16,7,,,,,
2026/09/08 08:51,2026-09-08T09:06:32+09:00,2026/09/08,2026/10/08,2026-10,CALL,45500,20665,,,,,,,,,,,,,
2026/09/08 08:51,2026-09-08T09:06:32+09:00,2026/09/08,2026/10/08,2026-10,PUT,45500,25,210,,57.27,50.29,45,6,16,20,,,,,
2026/09/08 08:51,2026-09-08T09:06:32+09:00,2026/09/08,2026/10/08,2026-10,CALL,45250,20910,,,,,,,,,,,,,
2026/09/08 08:51,2026-09-08T09:06:32+09:00,2026/09/08,2026/10/08,2026-10,PUT,45250,18,29,,57.86,50.22,44,7,14,6,,,,,
2026/09/08 08:51,2026-09-08T09:06:32+09:00,2026/09/08,2026/10/08,2026-10,CALL,45000,21160,2,,,,,,,,,,,,
2026/09/08 08:51,2026-09-08T09:06:32+09:00,2026/09/08,2026/10/08,2026-10,PUT,45000,27,1703,14,56.42,54.74,33,8,26,7,55.97,3,11.11,30,09/08 05:33
2026/09/08 08:51,2026-09-08T09:06:32+09:00,2026/09/08,2026/10/08,2026-10,CALL,44750,21410,,,,,,,,,,,,,
2026/09/08 08:51,2026-09-08T09:06:32+09:00,2026/09/08,2026/10/08,2026-10,PUT,44750,24,37,,59.02,50.24,42,7,11,7,,,,,
2026/09/08 08:51,2026-09-08T09:06:32+09:00,2026/09/08,2026/10/08,2026-10,CALL,44500,21660,,,,,,,,,,,,,
2026/09/08 08:51,2026-09-08T09:06:32+09:00,2026/09/08,2026/10/08,2026-10,PUT,44500,21,1,,58.36,52.67,35,6,15,6,,,,,
2026/09/08 08:51,2026-09-08T09:06:32+09:00,2026/09/08,2026/10/08,2026-10,CALL,44250,21905,,,,,,,,,,,,,
2026/09/08 08:51,2026-09-08T09:06:32+09:00,2026/09/08,2026/10/08,2026-10,PUT,44250,15,36,,58.89,53.37,34,7,15,7,,,,,
2026/09/08 08:51,2026-09-08T09:06:32+09:00,2026/09/08,2026/10/08,2026-10,CALL,44000,22155,,,,,,,,,,,,,
2026/09/08 08:51,2026-09-08T09:06:32+09:00,2026/09/08,2026/10/08,2026-10,PUT,44000,20,232,,59.42,53.65,33,7,14,7,,,,,
2026/09/08 08:51,2026-09-08T09:06:32+09:00,2026/09/08,2026/10/08,2026-10,CALL,43750,22405,,,,,,,,,,,,,
2026/09/08 08:51,2026-09-08T09:06:32+09:00,2026/09/08,2026/10/08,2026-10,PUT,43750,14,13,,59.94,53.91,32,7,13,7,,,,,
2026/09/08 08:51,2026-09-08T09:06:32+09:00,2026/09/08,2026/10/08,2026-10,CALL,43500,22655,,,,,,,,,,,,,
2026/09/08 08:51,2026-09-08T09:06:32+09:00,2026/09/08,2026/10/08,2026-10,PUT,43500,18,15,,60.46,54.13,31,7,12,7,,,,,
2026/09/08 08:51,2026-09-08T09:06:32+09:00,2026/09/08,2026/10/08,2026-10,CALL,43250,22900,,,,,,,,,,,,,
2026/09/08 08:51,2026-09-08T09:06:32+09:00,2026/09/08,2026/10/08,2026-10,PUT,43250,12,15,,60.97,54.32,30,7,11,7,,,,,
2026/09/08 08:51,2026-09-08T09:06:32+09:00,2026/09/08,2026/10/08,2026-10,CALL,43000,23150,,,,,,,,,,,,,
2026/09/08 08:51,2026-09-08T09:06:32+09:00,2026/09/08,2026/10/08,2026-10,PUT,43000,18,159,2,59.76,56.46,23,1,14,33,59.48,0,0,22,09/08 08:45
2026/09/08 08:51,2026-09-08T09:06:32+09:00,2026/09/08,2026/10/08,2026-10,CALL,42750,23400,,,,,,,,,,,,,
2026/09/08 08:51,2026-09-08T09:06:32+09:00,2026/09/08,2026/10/08,2026-10,PUT,42750,11,31,,61.97,55.16,28,6,10,7,,,,,
2026/09/08 08:51,2026-09-08T09:06:32+09:00,2026/09/08,2026/10/08,2026-10,CALL,42000,24145,,,,,,,,,,,,,
2026/09/08 08:51,2026-09-08T09:06:32+09:00,2026/09/08,2026/10/08,2026-10,PUT,42000,15,139,,62.1,57.25,21,1,10,8,,,,,
2026/09/08 08:51,2026-09-08T09:06:32+09:00,2026/09/08,2026/10/08,2026-10,CALL,41000,25140,,,,,,,,,,,,,
2026/09/08 08:51,2026-09-08T09:06:32+09:00,2026/09/08,2026/10/08,2026-10,PUT,41000,14,140,,65.85,56.17,23,6,5,7,,,,,
2026/09/08 08:51,2026-09-08T09:06:32+09:00,2026/09/08,2026/10/08,2026-10,CALL,40000,26140,,,,,,,,,,,,,
2026/09/08 08:51,2026-09-08T09:06:32+09:00,2026/09/08,2026/10/08,2026-10,PUT,40000,13,4194,6,65.74,64.2,15,1,12,7,64.95,0,0,13,09/08 04:49
2026/09/08 08:51,2026-09-08T09:06:32+09:00,2026/09/08,2026/10/08,2026-10,CALL,39000,27140,,,,,,,,,,,,,
2026/09/08 08:51,2026-09-08T09:06:32+09:00,2026/09/08,2026/10/08,2026-10,PUT,39000,11,104,,67.79,61.72,13,1,5,10,,,,,
2026/09/08 08:51,2026-09-08T09:06:32+09:00,2026/09/08,2026/10/08,2026-10,CALL,38000,28135,,,,,,,,,,,,,
2026/09/08 08:51,2026-09-08T09:06:32+09:00,2026/09/08,2026/10/08,2026-10,PUT,38000,8,15,,70.31,67.51,12,17,8,19,,,,,
2026/09/08 08:51,2026-09-08T09:06:32+09:00,2026/09/08,2026/10/08,2026-10,CALL,37000,29135,,,,,,,,,,,,,
2026/09/08 08:51,2026-09-08T09:06:32+09:00,2026/09/08,2026/10/08,2026-10,PUT,37000,5,170,3,73.49,66.2,12,60,4,60,70.49,,,8,09/07 21:47
2026/09/08 08:51,2026-09-08T09:06:32+09:00,2026/09/08,2026/10/08,2026-10,CALL,36000,30135,,,,,,,,,,,,,
2026/09/08 08:51,2026-09-08T09:06:32+09:00,2026/09/08,2026/10/08,2026-10,PUT,36000,6,37,,76.74,67.49,12,16,3,44,,,,,
2026/09/08 08:51,2026-09-08T09:06:32+09:00,2026/09/08,2026/10/08,2026-10,CALL,35000,31135,24,,,,,,,,,,,,
2026/09/08 08:51,2026-09-08T09:06:32+09:00,2026/09/08,2026/10/08,2026-10,PUT,35000,6,1997,8,75.97,74.88,7,1,6,1,77.39,2,33.33,8,09/07 17:17
2026/09/08 08:51,2026-09-08T09:06:32+09:00,2026/09/08,2026/10/08,2026-10,CALL,34000,32130,,,,,,,,,,,,,
2026/09/08 08:51,2026-09-08T09:06:32+09:00,2026/09/08,2026/10/08,2026-10,PUT,34000,5,22,3,78.12,73.54,6,1,3,60,76.97,0,0,5,09/07 22:19
2026/09/08 08:51,2026-09-08T09:06:32+09:00,2026/09/08,2026/10/08,2026-10,CALL,33000,33130,,,,,,,,,,,,,
2026/09/08 08:51,2026-09-08T09:06:32+09:00,2026/09/08,2026/10/08,2026-10,PUT,33000,4,1734,,80.13,78.58,5,3,4,22,,,,,
2026/09/08 08:51,2026-09-08T09:06:32+09:00,2026/09/08,2026/10/08,2026-10,CALL,32000,34130,,,,,,,,,,,,,
2026/09/08 08:51,2026-09-08T09:06:32+09:00,2026/09/08,2026/10/08,2026-10,PUT,32000,3,42,,88.17,79.94,9,16,3,16,,,,,
2026/09/08 08:51,2026-09-08T09:06:32+09:00,2026/09/08,2026/10/08,2026-10,CALL,31000,35130,,,,,,,,,,,,,
2026/09/08 08:51,2026-09-08T09:06:32+09:00,2026/09/08,2026/10/08,2026-10,PUT,31000,3,4,,91.83,80.62,9,16,2,44,,,,,
2026/09/08 08:51,2026-09-08T09:06:32+09:00,2026/09/08,2026/10/08,2026-10,CALL,30000,36130,,,,,,,,,,,,,
2026/09/08 08:51,2026-09-08T09:06:32+09:00,2026/09/08,2026/10/08,2026-10,PUT,30000,3,5009,2,88.85,86.74,4,10,3,26,86.9,-1,-25,3,09/07 22:07
2026/09/08 08:51,2026-09-08T09:06:32+09:00,2026/09/08,2026/10/08,2026-10,CALL,29000,37125,,,,,,,,,,,,,
2026/09/08 08:51,2026-09-08T09:06:32+09:00,2026/09/08,2026/10/08,2026-10,PUT,29000,1,11,,90.32,83.06,3,2,1,70,,,,,
2026/09/08 08:51,2026-09-08T09:06:32+09:00,2026/09/08,2026/10/08,2026-10,CALL,28000,38125,,,,,,,,,,,,,
2026/09/08 08:51,2026-09-08T09:06:32+09:00,2026/09/08,2026/10/08,2026-10,PUT,28000,2,19,,99.75,86.48,6,2,1,74,,,,,
2026/09/08 08:51,2026-09-08T09:06:32+09:00,2026/09/08,2026/10/08,2026-10,CALL,27000,39125,,,,,,,,,,,,,
2026/09/08 08:51,2026-09-08T09:06:32+09:00,2026/09/08,2026/10/08,2026-10,PUT,27000,2,28,,100.2,90.02,4,2,1,92,,,,,
2026/09/08 08:51,2026-09-08T09:06:32+09:00,2026/09/08,2026/10/08,2026-10,CALL,26000,40125,,,,,,,,,,,,,
2026/09/08 08:51,2026-09-08T09:06:32+09:00,2026/09/08,2026/10/08,2026-10,PUT,26000,1,27,,101.82,93.7,3,3,1,81,,,,,
2026/09/08 08:51,2026-09-08T09:06:32+09:00,2026/09/08,2026/10/08,2026-10,CALL,25000,41120,,,,,,,,,,,,,
2026/09/08 08:51,2026-09-08T09:06:32+09:00,2026/09/08,2026/10/08,2026-10,PUT,25000,1,1476,,105.95,97.52,3,4,1,197,,,,,
2026/09/08 08:51,2026-09-08T09:06:32+09:00,2026/09/08,2026/10/08,2026-10,CALL,22500,43620,,,,,,,,,,,,,
2026/09/08 08:51,2026-09-08T09:06:32+09:00,2026/09/08,2026/10/08,2026-10,PUT,22500,1,49,,113.4,107.8,2,3,1,58,,,,,
2026/09/08 08:51,2026-09-08T09:06:32+09:00,2026/09/08,2026/10/08,2026-10,CALL,20000,46115,,,,,,,,,,,,,
2026/09/08 08:51,2026-09-08T09:06:32+09:00,2026/09/08,2026/10/08,2026-10,PUT,20000,1,648,46,125.47,119.3,2,49,1,99,119.33,0,0,1,09/08 08:45
2026/09/08 08:51,2026-09-08T09:06:32+09:00,2026/09/08,2026/12/10,2026-12,CALL,68250,2395,,,24.62,24.08,2240,40,2170,20,,,,,
2026/09/08 08:51,2026-09-08T09:06:32+09:00,2026/09/08,2026/12/10,2026-12,PUT,68250,4315,,,,,,,,,,,,,
2026/09/08 08:51,2026-09-08T09:06:32+09:00,2026/09/08,2026/12/10,2026-12,CALL,68000,2500,3248,,24.69,24.15,2340,40,2270,20,,,,,
2026/09/08 08:51,2026-09-08T09:06:32+09:00,2026/09/08,2026/12/10,2026-12,PUT,68000,4170,1900,,,,,,1,1,,,,,
2026/09/08 08:51,2026-09-08T09:06:32+09:00,2026/09/08,2026/12/10,2026-12,CALL,67750,2605,,,24.73,24.2,2440,40,2370,20,,,,,
2026/09/08 08:51,2026-09-08T09:06:32+09:00,2026/09/08,2026/12/10,2026-12,PUT,67750,4020,,,,,,,,,,,,,
2026/09/08 08:51,2026-09-08T09:06:32+09:00,2026/09/08,2026/12/10,2026-12,CALL,67500,2710,25,,25.17,23.92,2595,1,2430,1,,,,,
2026/09/08 08:51,2026-09-08T09:06:32+09:00,2026/09/08,2026/12/10,2026-12,PUT,67500,3890,25,,,,,,,,,,,,
2026/09/08 08:51,2026-09-08T09:06:32+09:00,2026/09/08,2026/12/10,2026-12,CALL,67250,2825,25,,24.83,24.26,2650,20,2575,20,,,,,
2026/09/08 08:51,2026-09-08T09:06:32+09:00,2026/09/08,2026/12/10,2026-12,PUT,67250,3745,25,,,,,,,,,,,,
2026/09/08 08:51,2026-09-08T09:06:32+09:00,2026/09/08,2026/12/10,2026-12,CALL,67000,2945,1318,,25.3,24.06,2815,1,2650,1,,,,,
2026/09/08 08:51,2026-09-08T09:06:32+09:00,2026/09/08,2026/12/10,2026-12,PUT,67000,3615,1590,,,,,,,,,,,,
2026/09/08 08:51,2026-09-08T09:06:32+09:00,2026/09/08,2026/12/10,2026-12,CALL,66750,3065,,,25.37,24.13,2930,1,2765,1,,,,,
2026/09/08 08:51,2026-09-08T09:06:32+09:00,2026/09/08,2026/12/10,2026-12,PUT,66750,3490,,,,,,,,,,,,,
2026/09/08 08:51,2026-09-08T09:06:32+09:00,2026/09/08,2026/12/10,2026-12,CALL,66500,3185,2750,,25.46,24.22,3050,1,2885,1,,,,,
2026/09/08 08:51,2026-09-08T09:06:32+09:00,2026/09/08,2026/12/10,2026-12,PUT,66500,3355,750,,,,,,,,,,,,
2026/09/08 08:51,2026-09-08T09:06:32+09:00,2026/09/08,2026/12/10,2026-12,CALL,66250,3320,15,,26.2,23.64,3260,1,2920,1,,,,,
2026/09/08 08:51,2026-09-08T09:06:32+09:00,2026/09/08,2026/12/10,2026-12,PUT,66250,3235,,,34.28,14.21,4820,20,2150,20,,,,,
2026/09/08 08:51,2026-09-08T09:06:32+09:00,2026/09/08,2026/12/10,2026-12,CALL,66000,3450,1055,,35.12,14.59,4560,20,1830,20,,,,,
2026/09/08 08:51,2026-09-08T09:06:32+09:00,2026/09/08,2026/12/10,2026-12,PUT,66000,3120,1086,,34.22,14.44,4675,20,2045,20,,,,,
2026/09/08 08:51,2026-09-08T09:06:32+09:00,2026/09/08,2026/12/10,2026-12,CALL,65750,3580,,,35.34,14.52,4705,20,1940,20,,,,,
2026/09/08 08:51,2026-09-08T09:06:32+09:00,2026/09/08,2026/12/10,2026-12,PUT,65750,3000,,,34.18,14.64,4535,20,1940,20,,,,,
2026/09/08 08:51,2026-09-08T09:06:32+09:00,2026/09/08,2026/12/10,2026-12,CALL,65500,3720,734,,35.59,14.45,4855,20,2055,20,,,,,
2026/09/08 08:51,2026-09-08T09:06:32+09:00,2026/09/08,2026/12/10,2026-12,PUT,65500,2885,605,,24.98,24.45,3185,20,3115,40,,,,,
2026/09/08 08:51,2026-09-08T09:06:32+09:00,2026/09/08,2026/12/10,2026-12,CALL,65250,3860,,,,,,,,,,,,,
2026/09/08 08:51,2026-09-08T09:06:32+09:00,2026/09/08,2026/12/10,2026-12,PUT,65250,2780,,,25.07,24.5,3070,40,2995,60,,,,,
2026/09/08 08:51,2026-09-08T09:06:32+09:00,2026/09/08,2026/12/10,2026-12,CALL,65000,4015,2992,,,,,,,,,,,,
2026/09/08 08:51,2026-09-08T09:06:32+09:00,2026/09/08,2026/12/10,2026-12,PUT,65000,2670,4052,,25.17,24.64,2960,20,2890,40,,,,,
2026/09/08 08:51,2026-09-08T09:06:32+09:00,2026/09/08,2026/12/10,2026-12,CALL,64750,4165,,,,,,,,,,,,,
2026/09/08 08:51,2026-09-08T09:06:32+09:00,2026/09/08,2026/12/10,2026-12,PUT,64750,2575,,,25.25,24.72,2850,20,2780,40,,,,,
2026/09/08 08:51,2026-09-08T09:06:32+09:00,2026/09/08,2026/12/10,2026-12,CALL,64500,4315,96,,,,,,,,,,,,
2026/09/08 08:51,2026-09-08T09:06:32+09:00,2026/09/08,2026/12/10,2026-12,PUT,64500,2490,2,,25.35,24.81,2745,20,2675,40,,,,,
2026/09/08 08:51,2026-09-08T09:06:32+09:00,2026/09/08,2026/12/10,2026-12,CALL,64250,4465,,,,,,,,,,,,,
2026/09/08 08:51,2026-09-08T09:06:32+09:00,2026/09/08,2026/12/10,2026-12,PUT,64250,2380,,,25.47,24.89,2645,40,2570,60,,,,,
2026/09/08 08:51,2026-09-08T09:06:32+09:00,2026/09/08,2026/12/10,2026-12,CALL,64000,4620,2140,,,,,,,,,,,,
2026/09/08 08:51,2026-09-08T09:06:32+09:00,2026/09/08,2026/12/10,2026-12,PUT,64000,2290,1956,,25.56,25.01,2545,20,2475,20,,,,,
2026/09/08 08:51,2026-09-08T09:06:32+09:00,2026/09/08,2026/12/10,2026-12,CALL,63750,4780,,,,,,,,,,,,,
2026/09/08 08:51,2026-09-08T09:06:32+09:00,2026/09/08,2026/12/10,2026-12,PUT,63750,2200,23,,25.67,25.08,2450,40,2375,60,,,,,
2026/09/08 08:51,2026-09-08T09:06:32+09:00,2026/09/08,2026/12/10,2026-12,CALL,63500,4945,300,,,,,,,,,,,,
2026/09/08 08:51,2026-09-08T09:06:32+09:00,2026/09/08,2026/12/10,2026-12,PUT,63500,2110,600,,25.8,25.24,2360,20,2290,40,,,,,
2026/09/08 08:51,2026-09-08T09:06:32+09:00,2026/09/08,2026/12/10,2026-12,CALL,63250,5110,,,,,,,,,,,,,
2026/09/08 08:51,2026-09-08T09:06:32+09:00,2026/09/08,2026/12/10,2026-12,PUT,63250,2030,,,25.87,25.27,2265,40,2190,40,,,,,
2026/09/08 08:51,2026-09-08T09:06:32+09:00,2026/09/08,2026/12/10,2026-12,CALL,63000,5290,1615,,,,,,,,,,,,
2026/09/08 08:51,2026-09-08T09:06:32+09:00,2026/09/08,2026/12/10,2026-12,PUT,63000,1945,2493,,26,25.39,2180,40,2105,40,,,,,
2026/09/08 08:51,2026-09-08T09:06:32+09:00,2026/09/08,2026/12/10,2026-12,CALL,62750,5465,,,,,,,,,,,,,
2026/09/08 08:51,2026-09-08T09:06:32+09:00,2026/09/08,2026/12/10,2026-12,PUT,62750,1870,,,26.1,25.49,2095,40,2020,40,,,,,
2026/09/08 08:51,2026-09-08T09:06:32+09:00,2026/09/08,2026/12/10,2026-12,CALL,62500,5630,812,,,,,,,,,,,,
2026/09/08 08:51,2026-09-08T09:06:32+09:00,2026/09/08,2026/12/10,2026-12,PUT,62500,1785,1087,,26.23,25.6,2015,40,1940,40,,,,,
2026/09/08 08:51,2026-09-08T09:06:32+09:00,2026/09/08,2026/12/10,2026-12,CALL,62250,5810,,,,,,,,,,,,,
2026/09/08 08:51,2026-09-08T09:06:32+09:00,2026/09/08,2026/12/10,2026-12,PUT,62250,1720,250,,26.46,25.83,1950,40,1875,40,,,,,
2026/09/08 08:51,2026-09-08T09:06:32+09:00,2026/09/08,2026/12/10,2026-12,CALL,62000,5985,1450,,,,,,,,,,,,
2026/09/08 08:51,2026-09-08T09:06:32+09:00,2026/09/08,2026/12/10,2026-12,PUT,62000,1640,2461,,26.5,25.86,1865,20,1790,20,,,,,
2026/09/08 08:51,2026-09-08T09:06:32+09:00,2026/09/08,2026/12/10,2026-12,CALL,61750,6165,,,,,,,,,,,,,
2026/09/08 08:51,2026-09-08T09:06:32+09:00,2026/09/08,2026/12/10,2026-12,PUT,61750,1575,,,27.09,25.7,1845,1,1685,1,,,,,
2026/09/08 08:51,2026-09-08T09:06:32+09:00,2026/09/08,2026/12/10,2026-12,CALL,61500,6350,,,,,,,,,,,,,
2026/09/08 08:51,2026-09-08T09:06:32+09:00,2026/09/08,2026/12/10,2026-12,PUT,61500,1510,1,,27.23,25.81,1775,1,1615,1,,,,,
2026/09/08 08:51,2026-09-08T09:06:32+09:00,2026/09/08,2026/12/10,2026-12,CALL,61250,6535,,,,,,,,,,,,,
2026/09/08 08:51,2026-09-08T09:06:32+09:00,2026/09/08,2026/12/10,2026-12,PUT,61250,1445,32,,27.34,25.96,1705,1,1550,1,,,,,
2026/09/08 08:51,2026-09-08T09:06:32+09:00,2026/09/08,2026/12/10,2026-12,CALL,61000,6740,813,,,,,,1,10,,,,,
2026/09/08 08:51,2026-09-08T09:06:32+09:00,2026/09/08,2026/12/10,2026-12,PUT,61000,1405,1436,,27.49,26.03,1640,1,1480,1,,,,,
2026/09/08 08:51,2026-09-08T09:06:32+09:00,2026/09/08,2026/12/10,2026-12,CALL,60750,6915,,,,,,,1,10,,,,,
2026/09/08 08:51,2026-09-08T09:06:32+09:00,2026/09/08,2026/12/10,2026-12,PUT,60750,1330,,,27.61,26.17,1575,1,1420,1,,,,,
2026/09/08 08:51,2026-09-08T09:06:32+09:00,2026/09/08,2026/12/10,2026-12,CALL,60500,7110,102,,,,,,1,10,,,,,
2026/09/08 08:51,2026-09-08T09:06:32+09:00,2026/09/08,2026/12/10,2026-12,PUT,60500,1275,200,,27.76,26.3,1515,1,1360,1,,,,,
2026/09/08 08:51,2026-09-08T09:06:32+09:00,2026/09/08,2026/12/10,2026-12,CALL,60250,7310,,,,,,,,,,,,,
2026/09/08 08:51,2026-09-08T09:06:32+09:00,2026/09/08,2026/12/10,2026-12,PUT,60250,1225,36,,27.94,26.4,1460,1,1300,1,,,,,
2026/09/08 08:51,2026-09-08T09:06:32+09:00,2026/09/08,2026/12/10,2026-12,CALL,60000,7540,7264,,,,,,,,,,,,
2026/09/08 08:51,2026-09-08T09:06:32+09:00,2026/09/08,2026/12/10,2026-12,PUT,60000,1220,9824,,28.11,26.54,1405,1,1245,1,,,,,
2026/09/08 08:51,2026-09-08T09:06:32+09:00,2026/09/08,2026/12/10,2026-12,CALL,59750,7710,,,,,,,,,,,,,
2026/09/08 08:51,2026-09-08T09:06:32+09:00,2026/09/08,2026/12/10,2026-12,PUT,59750,1125,,,28.25,26.7,1350,1,1195,1,,,,,
2026/09/08 08:51,2026-09-08T09:06:32+09:00,2026/09/08,2026/12/10,2026-12,CALL,59500,7910,100,,,,,,,,,,,,
2026/09/08 08:51,2026-09-08T09:06:32+09:00,2026/09/08,2026/12/10,2026-12,PUT,59500,1075,250,,28.43,26.79,1300,1,1140,1,,,,,
2026/09/08 08:51,2026-09-08T09:06:32+09:00,2026/09/08,2026/12/10,2026-12,CALL,59250,8115,,,,,,,,,,,,,
2026/09/08 08:51,2026-09-08T09:06:32+09:00,2026/09/08,2026/12/10,2026-12,PUT,59250,1035,60,,28.59,26.97,1250,1,1095,1,,,,,
2026/09/08 08:51,2026-09-08T09:06:32+09:00,2026/09/08,2026/12/10,2026-12,CALL,59000,8320,1900,,,,,,,,,,,,
2026/09/08 08:51,2026-09-08T09:06:32+09:00,2026/09/08,2026/12/10,2026-12,PUT,59000,1005,2409,,28.78,27.08,1205,1,1045,1,,,,,
2026/09/08 08:51,2026-09-08T09:06:32+09:00,2026/09/08,2026/12/10,2026-12,CALL,58750,8530,,,,,,,,,,,,,
2026/09/08 08:51,2026-09-08T09:06:32+09:00,2026/09/08,2026/12/10,2026-12,PUT,58750,950,,,28.96,27.27,1160,1,1005,1,,,,,
2026/09/08 08:51,2026-09-08T09:06:32+09:00,2026/09/08,2026/12/10,2026-12,CALL,58500,8725,350,,,,,,,,,,,,
2026/09/08 08:51,2026-09-08T09:06:32+09:00,2026/09/08,2026/12/10,2026-12,PUT,58500,895,850,,29.13,27.4,1115,1,960,1,,,,,
2026/09/08 08:51,2026-09-08T09:06:32+09:00,2026/09/08,2026/12/10,2026-12,CALL,58250,8935,,,,,,,,,,,,,
2026/09/08 08:51,2026-09-08T09:06:32+09:00,2026/09/08,2026/12/10,2026-12,PUT,58250,855,65,,29.33,27.56,1075,1,920,1,,,,,
2026/09/08 08:51,2026-09-08T09:06:32+09:00,2026/09/08,2026/12/10,2026-12,CALL,58000,9150,2603,,,,,,,,,,,,
2026/09/08 08:51,2026-09-08T09:06:32+09:00,2026/09/08,2026/12/10,2026-12,PUT,58000,825,1907,,29.51,27.7,1035,1,880,1,,,,,
2026/09/08 08:51,2026-09-08T09:06:32+09:00,2026/09/08,2026/12/10,2026-12,CALL,57750,9385,,,,,,,,,,,,,
2026/09/08 08:51,2026-09-08T09:06:32+09:00,2026/09/08,2026/12/10,2026-12,PUT,57750,810,,,29.74,27.89,1000,1,845,1,,,,,
2026/09/08 08:51,2026-09-08T09:06:32+09:00,2026/09/08,2026/12/10,2026-12,CALL,57500,9600,80,,,,,,,,,,,,
2026/09/08 08:51,2026-09-08T09:06:32+09:00,2026/09/08,2026/12/10,2026-12,PUT,57500,775,850,,29.9,28.06,960,1,810,1,,,,,
2026/09/08 08:51,2026-09-08T09:06:32+09:00,2026/09/08,2026/12/10,2026-12,CALL,57250,9810,113,,,,,,,,,,,,
2026/09/08 08:51,2026-09-08T09:06:32+09:00,2026/09/08,2026/12/10,2026-12,PUT,57250,740,,,30.15,28.21,930,1,775,1,,,,,
2026/09/08 08:51,2026-09-08T09:06:32+09:00,2026/09/08,2026/12/10,2026-12,CALL,57000,10055,500,,,,,,,,,,,,
2026/09/08 08:51,2026-09-08T09:06:32+09:00,2026/09/08,2026/12/10,2026-12,PUT,57000,730,2381,,30.34,28.35,895,1,740,1,,,,,
2026/09/08 08:51,2026-09-08T09:06:32+09:00,2026/09/08,2026/12/10,2026-12,CALL,56750,10260,,,,,,,,,,,,,
2026/09/08 08:51,2026-09-08T09:06:32+09:00,2026/09/08,2026/12/10,2026-12,PUT,56750,690,,,30.19,28.94,835,1,740,1,,,,,
2026/09/08 08:51,2026-09-08T09:06:32+09:00,2026/09/08,2026/12/10,2026-12,CALL,56500,10475,283,,,,,,,,,,,,
2026/09/08 08:51,2026-09-08T09:06:32+09:00,2026/09/08,2026/12/10,2026-12,PUT,56500,655,171,,30.4,29.12,805,1,710,1,,,,,
2026/09/08 08:51,2026-09-08T09:06:32+09:00,2026/09/08,2026/12/10,2026-12,CALL,56250,10700,,,,,,,,,,,,,
2026/09/08 08:51,2026-09-08T09:06:32+09:00,2026/09/08,2026/12/10,2026-12,PUT,56250,630,2,,30.6,29.28,775,1,680,1,,,,,
2026/09/08 08:51,2026-09-08T09:06:32+09:00,2026/09/08,2026/12/10,2026-12,CALL,56000,10945,791,,,,,,,,,,,,
2026/09/08 08:51,2026-09-08T09:06:32+09:00,2026/09/08,2026/12/10,2026-12,PUT,56000,625,2528,,30.85,29.5,750,1,655,1,,,,,
2026/09/08 08:51,2026-09-08T09:06:32+09:00,2026/09/08,2026/12/10,2026-12,CALL,55750,11155,,,,,,,,,,,,,
2026/09/08 08:51,2026-09-08T09:06:32+09:00,2026/09/08,2026/12/10,2026-12,PUT,55750,590,,,31.02,29.71,720,1,630,1,,,,,
2026/09/08 08:51,2026-09-08T09:06:32+09:00,2026/09/08,2026/12/10,2026-12,CALL,55500,11400,300,,,,,,,,,,,,
2026/09/08 08:51,2026-09-08T09:06:32+09:00,2026/09/08,2026/12/10,2026-12,PUT,55500,585,100,,31.25,29.91,695,1,605,1,,,,,
2026/09/08 08:51,2026-09-08T09:06:32+09:00,2026/09/08,2026/12/10,2026-12,CALL,55250,11620,,,,,,,,,,,,,
2026/09/08 08:51,2026-09-08T09:06:32+09:00,2026/09/08,2026/12/10,2026-12,PUT,55250,555,,,31.54,30.08,675,1,580,1,,,,,
2026/09/08 08:51,2026-09-08T09:06:32+09:00,2026/09/08,2026/12/10,2026-12,CALL,55000,11850,1829,,,,,,,,,,,,
2026/09/08 08:51,2026-09-08T09:06:32+09:00,2026/09/08,2026/12/10,2026-12,PUT,55000,540,4826,,31.74,30.25,650,1,555,1,,,,,
2026/09/08 08:51,2026-09-08T09:06:32+09:00,2026/09/08,2026/12/10,2026-12,CALL,54750,12070,,,,,,,,,,,,,
2026/09/08 08:51,2026-09-08T09:06:32+09:00,2026/09/08,2026/12/10,2026-12,PUT,54750,510,32,,32.01,30.48,630,1,535,1,,,,,
2026/09/08 08:51,2026-09-08T09:06:32+09:00,2026/09/08,2026/12/10,2026-12,CALL,54500,12315,540,,,,,,,,,,,,
2026/09/08 08:51,2026-09-08T09:06:32+09:00,2026/09/08,2026/12/10,2026-12,PUT,54500,505,780,,32.19,30.7,605,1,515,1,,,,,
2026/09/08 08:51,2026-09-08T09:06:32+09:00,2026/09/08,2026/12/10,2026-12,CALL,54250,12545,,,,,,,,,,,,,
2026/09/08 08:51,2026-09-08T09:06:32+09:00,2026/09/08,2026/12/10,2026-12,PUT,54250,485,,,32.43,30.9,585,1,495,1,,,,,
2026/09/08 08:51,2026-09-08T09:06:32+09:00,2026/09/08,2026/12/10,2026-12,CALL,54000,12775,1941,,,,,,,,,,,,
2026/09/08 08:51,2026-09-08T09:06:32+09:00,2026/09/08,2026/12/10,2026-12,PUT,54000,470,2663,,32.75,31.09,570,1,475,1,,,,,
2026/09/08 08:51,2026-09-08T09:06:32+09:00,2026/09/08,2026/12/10,2026-12,CALL,53750,13010,,,,,,,,,,,,,
2026/09/08 08:51,2026-09-08T09:06:32+09:00,2026/09/08,2026/12/10,2026-12,PUT,53750,455,4,,32.98,31.37,550,1,460,1,,,,,
2026/09/08 08:51,2026-09-08T09:06:32+09:00,2026/09/08,2026/12/10,2026-12,CALL,53500,13250,106,,,,,,,,,,,,
2026/09/08 08:51,2026-09-08T09:06:32+09:00,2026/09/08,2026/12/10,2026-12,PUT,53500,440,205,,33.28,31.53,535,1,440,1,,,,,
2026/09/08 08:51,2026-09-08T09:06:32+09:00,2026/09/08,2026/12/10,2026-12,CALL,53250,13485,,,,,,,,,,,,,
2026/09/08 08:51,2026-09-08T09:06:32+09:00,2026/09/08,2026/12/10,2026-12,PUT,53250,425,187,,33.48,31.78,515,1,425,1,,,,,
2026/09/08 08:51,2026-09-08T09:06:32+09:00,2026/09/08,2026/12/10,2026-12,CALL,53000,13720,1135,,,,,,,,,,,,
2026/09/08 08:51,2026-09-08T09:06:32+09:00,2026/09/08,2026/12/10,2026-12,PUT,53000,420,1712,85,33.67,32.12,495,9,415,9,33.28,-45,-9.09,450,09/07 18:21
2026/09/08 08:51,2026-09-08T09:06:32+09:00,2026/09/08,2026/12/10,2026-12,CALL,52750,13955,,,,,,,,,,,,,
2026/09/08 08:51,2026-09-08T09:06:32+09:00,2026/09/08,2026/12/10,2026-12,PUT,52750,400,,,34.04,32.25,485,1,395,1,,,,,
2026/09/08 08:51,2026-09-08T09:06:32+09:00,2026/09/08,2026/12/10,2026-12,CALL,52500,14175,50,,,,,,,,,,,,
2026/09/08 08:51,2026-09-08T09:06:32+09:00,2026/09/08,2026/12/10,2026-12,PUT,52500,375,600,,34.31,32.47,470,1,380,1,,,,,
2026/09/08 08:51,2026-09-08T09:06:32+09:00,2026/09/08,2026/12/10,2026-12,CALL,52250,14420,250,,,,,,,,,,,,
2026/09/08 08:51,2026-09-08T09:06:32+09:00,2026/09/08,2026/12/10,2026-12,PUT,52250,370,525,,34.56,32.67,455,1,365,1,,,,,
2026/09/08 08:51,2026-09-08T09:06:32+09:00,2026/09/08,2026/12/10,2026-12,CALL,52000,14670,802,,,,,,,,,,,,
2026/09/08 08:51,2026-09-08T09:06:32+09:00,2026/09/08,2026/12/10,2026-12,PUT,52000,365,2766,,34.91,32.87,445,1,350,1,,,,,
2026/09/08 08:51,2026-09-08T09:06:32+09:00,2026/09/08,2026/12/10,2026-12,CALL,51750,14905,,,,,,,,,,,,,
2026/09/08 08:51,2026-09-08T09:06:32+09:00,2026/09/08,2026/12/10,2026-12,PUT,51750,355,,,35.15,33.16,430,1,340,1,,,,,
2026/09/08 08:51,2026-09-08T09:06:32+09:00,2026/09/08,2026/12/10,2026-12,CALL,51500,15145,,,,,,,,,,,,,
2026/09/08 08:51,2026-09-08T09:06:32+09:00,2026/09/08,2026/12/10,2026-12,PUT,51500,345,20,,35.49,33.33,420,1,325,1,,,,,
2026/09/08 08:51,2026-09-08T09:06:32+09:00,2026/09/08,2026/12/10,2026-12,CALL,51250,15385,,,,,,,,,,,,,
2026/09/08 08:51,2026-09-08T09:06:32+09:00,2026/09/08,2026/12/10,2026-12,PUT,51250,335,2,,35.71,33.61,405,1,315,1,,,,,
2026/09/08 08:51,2026-09-08T09:06:32+09:00,2026/09/08,2026/12/10,2026-12,CALL,51000,15600,731,,,,,,,,,,,,
2026/09/08 08:51,2026-09-08T09:06:32+09:00,2026/09/08,2026/12/10,2026-12,PUT,51000,305,1565,,36.04,33.88,395,1,305,1,,,,,
2026/09/08 08:51,2026-09-08T09:06:32+09:00,2026/09/08,2026/12/10,2026-12,CALL,50750,15845,45,,,,,,,,,,,,
2026/09/08 08:51,2026-09-08T09:06:32+09:00,2026/09/08,2026/12/10,2026-12,PUT,50750,296,47,,36.35,34.14,385,1,295,1,,,,,
2026/09/08 08:51,2026-09-08T09:06:32+09:00,2026/09/08,2026/12/10,2026-12,CALL,50500,16085,600,,,,,,,,,,,,
2026/09/08 08:51,2026-09-08T09:06:32+09:00,2026/09/08,2026/12/10,2026-12,PUT,50500,289,1175,,36.67,34.4,375,1,285,1,,,,,
2026/09/08 08:51,2026-09-08T09:06:32+09:00,2026/09/08,2026/12/10,2026-12,CALL,50250,16325,58,,,,,,,,,,,,
2026/09/08 08:51,2026-09-08T09:06:32+09:00,2026/09/08,2026/12/10,2026-12,PUT,50250,281,16,,36.97,34.64,365,1,275,1,,,,,
2026/09/08 08:51,2026-09-08T09:06:32+09:00,2026/09/08,2026/12/10,2026-12,CALL,50000,16555,4442,,,,,,,,,,,,
2026/09/08 08:51,2026-09-08T09:06:32+09:00,2026/09/08,2026/12/10,2026-12,PUT,50000,263,7597,,37.27,34.91,355,1,266,1,,,,,
2026/09/08 08:51,2026-09-08T09:06:32+09:00,2026/09/08,2026/12/10,2026-12,CALL,49750,16805,,,,,,,,,,,,,
2026/09/08 08:51,2026-09-08T09:06:32+09:00,2026/09/08,2026/12/10,2026-12,PUT,49750,263,73,,37.56,35.13,345,1,256,1,,,,,
2026/09/08 08:51,2026-09-08T09:06:32+09:00,2026/09/08,2026/12/10,2026-12,CALL,49500,17050,260,,,,,,,,,,,,
2026/09/08 08:51,2026-09-08T09:06:32+09:00,2026/09/08,2026/12/10,2026-12,PUT,49500,256,2719,,37.85,35.41,335,1,248,1,,,,,
2026/09/08 08:51,2026-09-08T09:06:32+09:00,2026/09/08,2026/12/10,2026-12,CALL,49250,17290,,,,,,,,,,,,,
2026/09/08 08:51,2026-09-08T09:06:32+09:00,2026/09/08,2026/12/10,2026-12,PUT,49250,248,202,,38.26,35.65,330,1,239,1,,,,,
2026/09/08 08:51,2026-09-08T09:06:32+09:00,2026/09/08,2026/12/10,2026-12,CALL,49000,17520,1000,,,,,,,,,,,,
2026/09/08 08:51,2026-09-08T09:06:32+09:00,2026/09/08,2026/12/10,2026-12,PUT,49000,228,3179,,38.53,35.91,320,1,231,1,,,,,
2026/09/08 08:51,2026-09-08T09:06:32+09:00,2026/09/08,2026/12/10,2026-12,CALL,48750,17765,,,,,,,,,,,,,
2026/09/08 08:51,2026-09-08T09:06:32+09:00,2026/09/08,2026/12/10,2026-12,PUT,48750,227,2,,38.79,36.16,310,1,223,1,,,,,
2026/09/08 08:51,2026-09-08T09:06:32+09:00,2026/09/08,2026/12/10,2026-12,CALL,48500,18015,,,,,,,,,,,,,
2026/09/08 08:51,2026-09-08T09:06:32+09:00,2026/09/08,2026/12/10,2026-12,PUT,48500,228,302,,39.19,36.43,305,1,216,1,,,,,
2026/09/08 08:51,2026-09-08T09:06:32+09:00,2026/09/08,2026/12/10,2026-12,CALL,48250,18260,,,,,,,,,,,,,
2026/09/08 08:51,2026-09-08T09:06:32+09:00,2026/09/08,2026/12/10,2026-12,PUT,48250,220,3,,39.44,36.7,295,1,209,1,,,,,
2026/09/08 08:51,2026-09-08T09:06:32+09:00,2026/09/08,2026/12/10,2026-12,CALL,48000,18500,750,,,,,,,,,,,,
2026/09/08 08:51,2026-09-08T09:06:32+09:00,2026/09/08,2026/12/10,2026-12,PUT,48000,215,4136,,39.54,36.96,280,1,202,1,,,,,
2026/09/08 08:51,2026-09-08T09:06:32+09:00,2026/09/08,2026/12/10,2026-12,CALL,47750,18745,,,,,,,,,,,,,
2026/09/08 08:51,2026-09-08T09:06:32+09:00,2026/09/08,2026/12/10,2026-12,PUT,47750,209,2,,40.1,37.22,281,1,195,1,,,,,
2026/09/08 08:51,2026-09-08T09:06:32+09:00,2026/09/08,2026/12/10,2026-12,CALL,47500,18985,200,,,,,,,,,,,,
2026/09/08 08:51,2026-09-08T09:06:32+09:00,2026/09/08,2026/12/10,2026-12,PUT,47500,199,1121,,40.46,37.46,275,1,188,1,,,,,
2026/09/08 08:51,2026-09-08T09:06:32+09:00,2026/09/08,2026/12/10,2026-12,CALL,47250,19230,,,,,,,,,,,,,
2026/09/08 08:51,2026-09-08T09:06:32+09:00,2026/09/08,2026/12/10,2026-12,PUT,47250,198,,,40.78,37.74,268,1,182,1,,,,,
2026/09/08 08:51,2026-09-08T09:06:32+09:00,2026/09/08,2026/12/10,2026-12,CALL,47000,19475,350,,,,,,,,,,,,
2026/09/08 08:51,2026-09-08T09:06:32+09:00,2026/09/08,2026/12/10,2026-12,PUT,47000,193,2846,,41.12,38,262,1,176,1,,,,,
2026/09/08 08:51,2026-09-08T09:06:32+09:00,2026/09/08,2026/12/10,2026-12,CALL,46750,19720,,,,,,,,,,,,,
2026/09/08 08:51,2026-09-08T09:06:32+09:00,2026/09/08,2026/12/10,2026-12,PUT,46750,188,,,41.46,38.26,256,1,170,1,,,,,
2026/09/08 08:51,2026-09-08T09:06:32+09:00,2026/09/08,2026/12/10,2026-12,CALL,46500,19965,,,,,,,,,,,,,
2026/09/08 08:51,2026-09-08T09:06:32+09:00,2026/09/08,2026/12/10,2026-12,PUT,46500,183,,,41.83,38.56,251,1,165,1,,,,,
2026/09/08 08:51,2026-09-08T09:06:32+09:00,2026/09/08,2026/12/10,2026-12,CALL,46250,20205,315,,,,,,,,,,,,
2026/09/08 08:51,2026-09-08T09:06:32+09:00,2026/09/08,2026/12/10,2026-12,PUT,46250,178,,,42.17,38.8,245,1,159,1,,,,,
2026/09/08 08:51,2026-09-08T09:06:32+09:00,2026/09/08,2026/12/10,2026-12,CALL,46000,20450,2300,,,,,,,,,,,,
2026/09/08 08:51,2026-09-08T09:06:32+09:00,2026/09/08,2026/12/10,2026-12,PUT,46000,173,3857,,42.53,39.08,240,1,154,1,,,,,
2026/09/08 08:51,2026-09-08T09:06:32+09:00,2026/09/08,2026/12/10,2026-12,CALL,45750,20695,,,,,,,,,,,,,
2026/09/08 08:51,2026-09-08T09:06:32+09:00,2026/09/08,2026/12/10,2026-12,PUT,45750,169,,,42.89,39.36,235,1,149,1,,,,,
2026/09/08 08:51,2026-09-08T09:06:32+09:00,2026/09/08,2026/12/10,2026-12,CALL,45500,20940,200,,,,,,,,,,,,
2026/09/08 08:51,2026-09-08T09:06:32+09:00,2026/09/08,2026/12/10,2026-12,PUT,45500,165,350,,43.25,39.62,230,1,144,1,,,,,
2026/09/08 08:51,2026-09-08T09:06:32+09:00,2026/09/08,2026/12/10,2026-12,CALL,45250,21185,413,,,,,,,,,,,,
2026/09/08 08:51,2026-09-08T09:06:32+09:00,2026/09/08,2026/12/10,2026-12,PUT,45250,160,51,,43.61,39.88,225,1,139,1,,,,,
2026/09/08 08:51,2026-09-08T09:06:32+09:00,2026/09/08,2026/12/10,2026-12,CALL,45000,21430,1842,,,,,,,,,,,,
2026/09/08 08:51,2026-09-08T09:06:32+09:00,2026/09/08,2026/12/10,2026-12,PUT,45000,156,2725,,43.96,40.13,220,1,134,1,,,,,
2026/09/08 08:51,2026-09-08T09:06:32+09:00,2026/09/08,2026/12/10,2026-12,CALL,44750,21675,,,,,,,,,,,,,
2026/09/08 08:51,2026-09-08T09:06:32+09:00,2026/09/08,2026/12/10,2026-12,PUT,44750,152,,,44.3,40.43,215,1,130,1,,,,,
2026/09/08 08:51,2026-09-08T09:06:32+09:00,2026/09/08,2026/12/10,2026-12,CALL,44500,21920,,,,,,,,,,,,,
2026/09/08 08:51,2026-09-08T09:06:32+09:00,2026/09/08,2026/12/10,2026-12,PUT,44500,148,,,44.69,40.67,211,1,125,1,,,,,
2026/09/08 08:51,2026-09-08T09:06:32+09:00,2026/09/08,2026/12/10,2026-12,CALL,44250,22165,,,,,,,,,,,,,
2026/09/08 08:51,2026-09-08T09:06:32+09:00,2026/09/08,2026/12/10,2026-12,PUT,44250,144,,,45.07,40.95,207,1,121,1,,,,,
2026/09/08 08:51,2026-09-08T09:06:32+09:00,2026/09/08,2026/12/10,2026-12,CALL,44000,22410,600,,,,,,,,,,,,
2026/09/08 08:51,2026-09-08T09:06:32+09:00,2026/09/08,2026/12/10,2026-12,PUT,44000,141,2800,,45.45,41.22,203,1,117,1,,,,,
2026/09/08 08:51,2026-09-08T09:06:32+09:00,2026/09/08,2026/12/10,2026-12,CALL,43750,22655,131,,,,,,,,,,,,
2026/09/08 08:51,2026-09-08T09:06:32+09:00,2026/09/08,2026/12/10,2026-12,PUT,43750,138,9,,45.78,41.49,198,1,113,1,,,,,
2026/09/08 08:51,2026-09-08T09:06:32+09:00,2026/09/08,2026/12/10,2026-12,CALL,43500,22900,,,,,,,,,,,,,
2026/09/08 08:51,2026-09-08T09:06:32+09:00,2026/09/08,2026/12/10,2026-12,PUT,43500,134,100,,46.2,41.75,195,1,109,1,,,,,
2026/09/08 08:51,2026-09-08T09:06:32+09:00,2026/09/08,2026/12/10,2026-12,CALL,43250,23145,,,,,,,,,,,,,
2026/09/08 08:51,2026-09-08T09:06:32+09:00,2026/09/08,2026/12/10,2026-12,PUT,43250,131,,,46.02,42.75,179,1,117,1,,,,,
2026/09/08 08:51,2026-09-08T09:06:32+09:00,2026/09/08,2026/12/10,2026-12,CALL,43000,23395,1400,,,,,,,,,,,,
2026/09/08 08:51,2026-09-08T09:06:32+09:00,2026/09/08,2026/12/10,2026-12,PUT,43000,127,1682,,46.38,43.02,175,1,113,1,,,,,
2026/09/08 08:51,2026-09-08T09:06:32+09:00,2026/09/08,2026/12/10,2026-12,CALL,42750,23640,,,,,,,,,,,,,
2026/09/08 08:51,2026-09-08T09:06:32+09:00,2026/09/08,2026/12/10,2026-12,PUT,42750,124,,,46.73,43.35,171,1,110,1,,,,,
2026/09/08 08:51,2026-09-08T09:06:32+09:00,2026/09/08,2026/12/10,2026-12,CALL,42500,23885,250,,,,,,,,,,,,
2026/09/08 08:51,2026-09-08T09:06:32+09:00,2026/09/08,2026/12/10,2026-12,PUT,42500,121,300,,47.13,43.6,168,1,106,1,,,,,
2026/09/08 08:51,2026-09-08T09:06:32+09:00,2026/09/08,2026/12/10,2026-12,CALL,42250,24130,,,,,,,,,,,,,
2026/09/08 08:51,2026-09-08T09:06:32+09:00,2026/09/08,2026/12/10,2026-12,PUT,42250,118,,,47.47,43.92,164,1,103,1,,,,,
2026/09/08 08:51,2026-09-08T09:06:32+09:00,2026/09/08,2026/12/10,2026-12,CALL,42000,24360,1071,,,,,,,,,,,,
2026/09/08 08:51,2026-09-08T09:06:32+09:00,2026/09/08,2026/12/10,2026-12,PUT,42000,110,3702,,47.87,44.23,161,1,100,1,,,,,
2026/09/08 08:51,2026-09-08T09:06:32+09:00,2026/09/08,2026/12/10,2026-12,CALL,41750,24610,,,,,,,,,,,,,
2026/09/08 08:51,2026-09-08T09:06:32+09:00,2026/09/08,2026/12/10,2026-12,PUT,41750,99,,,48.26,44.46,158,1,96,1,,,,,
2026/09/08 08:51,2026-09-08T09:06:32+09:00,2026/09/08,2026/12/10,2026-12,CALL,41500,24860,100,,,,,,,,,,,,
2026/09/08 08:51,2026-09-08T09:06:32+09:00,2026/09/08,2026/12/10,2026-12,PUT,41500,98,101,,48.65,44.76,155,1,93,1,,,,,
2026/09/08 08:51,2026-09-08T09:06:32+09:00,2026/09/08,2026/12/10,2026-12,CALL,41250,25105,,,,,,,,,,,,,
2026/09/08 08:51,2026-09-08T09:06:32+09:00,2026/09/08,2026/12/10,2026-12,PUT,41250,97,3,,49.04,45.05,152,1,90,1,,,,,
2026/09/08 08:51,2026-09-08T09:06:32+09:00,2026/09/08,2026/12/10,2026-12,CALL,41000,25355,1300,,,,,,,,,,,,
2026/09/08 08:51,2026-09-08T09:06:32+09:00,2026/09/08,2026/12/10,2026-12,PUT,41000,96,1827,,49.43,45.33,149,1,87,1,,,,,
2026/09/08 08:51,2026-09-08T09:06:32+09:00,2026/09/08,2026/12/10,2026-12,CALL,40750,25600,,,,,,,,,,,,,
2026/09/08 08:51,2026-09-08T09:06:32+09:00,2026/09/08,2026/12/10,2026-12,PUT,40750,96,,,49.82,45.61,146,1,84,1,,,,,
2026/09/08 08:51,2026-09-08T09:06:32+09:00,2026/09/08,2026/12/10,2026-12,CALL,40500,25850,400,,,,,,,,,,,,
2026/09/08 08:51,2026-09-08T09:06:32+09:00,2026/09/08,2026/12/10,2026-12,PUT,40500,95,1399,,50.2,45.88,143,1,81,1,,,,,
2026/09/08 08:51,2026-09-08T09:06:32+09:00,2026/09/08,2026/12/10,2026-12,CALL,40250,26100,,,,,,,,,,,,,
2026/09/08 08:51,2026-09-08T09:06:32+09:00,2026/09/08,2026/12/10,2026-12,PUT,40250,94,5,,50.58,46.23,140,1,79,1,,,,,
2026/09/08 08:51,2026-09-08T09:06:32+09:00,2026/09/08,2026/12/10,2026-12,CALL,40000,26345,1200,,,,,,,,,,,,
2026/09/08 08:51,2026-09-08T09:06:32+09:00,2026/09/08,2026/12/10,2026-12,PUT,40000,107,5302,,50.96,46.84,137,1,80,1,,,,,
2026/09/08 08:51,2026-09-08T09:06:32+09:00,2026/09/08,2026/12/10,2026-12,CALL,39750,26595,,,,,,,,,,,,,
2026/09/08 08:51,2026-09-08T09:06:32+09:00,2026/09/08,2026/12/10,2026-12,PUT,39750,92,,,51.4,46.73,135,1,73,1,,,,,
2026/09/08 08:51,2026-09-08T09:06:32+09:00,2026/09/08,2026/12/10,2026-12,CALL,39500,26840,500,,,,,,,,,,,,
2026/09/08 08:51,2026-09-08T09:06:32+09:00,2026/09/08,2026/12/10,2026-12,PUT,39500,90,1008,,51.77,47.07,132,1,71,1,,,,,
2026/09/08 08:51,2026-09-08T09:06:32+09:00,2026/09/08,2026/12/10,2026-12,CALL,39250,27060,,,,,,,,,,,,,
2026/09/08 08:51,2026-09-08T09:06:32+09:00,2026/09/08,2026/12/10,2026-12,PUT,39250,60,650,,52.14,47.3,129,1,68,1,,,,,
2026/09/08 08:51,2026-09-08T09:06:32+09:00,2026/09/08,2026/12/10,2026-12,CALL,39000,27305,750,,,,,,,,,,,,
2026/09/08 08:51,2026-09-08T09:06:32+09:00,2026/09/08,2026/12/10,2026-12,PUT,39000,58,2405,,52.58,47.62,127,1,66,1,,,,,
2026/09/08 08:51,2026-09-08T09:06:32+09:00,2026/09/08,2026/12/10,2026-12,CALL,38750,27555,50,,,,,,,,,,,,
2026/09/08 08:51,2026-09-08T09:06:32+09:00,2026/09/08,2026/12/10,2026-12,PUT,38750,56,50,,53.01,47.83,125,1,63,1,,,,,
2026/09/08 08:51,2026-09-08T09:06:32+09:00,2026/09/08,2026/12/10,2026-12,CALL,38500,27800,700,,,,,,,,,,,,
2026/09/08 08:51,2026-09-08T09:06:32+09:00,2026/09/08,2026/12/10,2026-12,PUT,38500,55,1150,,53.38,48.14,122,1,61,1,,,,,
2026/09/08 08:51,2026-09-08T09:06:32+09:00,2026/09/08,2026/12/10,2026-12,CALL,38250,28050,,,,,,,,,,,,,
2026/09/08 08:51,2026-09-08T09:06:32+09:00,2026/09/08,2026/12/10,2026-12,PUT,38250,53,,,53.81,48.44,120,1,59,1,,,,,
2026/09/08 08:51,2026-09-08T09:06:32+09:00,2026/09/08,2026/12/10,2026-12,CALL,38000,28295,1225,,,,,,,,,,,,
2026/09/08 08:51,2026-09-08T09:06:32+09:00,2026/09/08,2026/12/10,2026-12,PUT,38000,52,2686,,54.24,48.63,118,1,56,1,,,,,
2026/09/08 08:51,2026-09-08T09:06:32+09:00,2026/09/08,2026/12/10,2026-12,CALL,37750,28545,100,,,,,,,,,,,,
2026/09/08 08:51,2026-09-08T09:06:32+09:00,2026/09/08,2026/12/10,2026-12,PUT,37750,49,100,,54.6,48.91,115,1,54,1,,,,,
2026/09/08 08:51,2026-09-08T09:06:32+09:00,2026/09/08,2026/12/10,2026-12,CALL,37500,28790,88,,,,,,,,,,,,
2026/09/08 08:51,2026-09-08T09:06:32+09:00,2026/09/08,2026/12/10,2026-12,PUT,37500,48,188,,55.03,49.19,113,1,52,1,,,,,
2026/09/08 08:51,2026-09-08T09:06:32+09:00,2026/09/08,2026/12/10,2026-12,CALL,37250,29040,,,,,,,,,,,,,
2026/09/08 08:51,2026-09-08T09:06:32+09:00,2026/09/08,2026/12/10,2026-12,PUT,37250,46,,,55.45,49.46,111,1,50,1,,,,,
2026/09/08 08:51,2026-09-08T09:06:32+09:00,2026/09/08,2026/12/10,2026-12,CALL,37000,29285,450,,,,,,,,,,,,
2026/09/08 08:51,2026-09-08T09:06:32+09:00,2026/09/08,2026/12/10,2026-12,PUT,37000,45,2535,,55.64,50.13,106,1,51,1,,,,,
2026/09/08 08:51,2026-09-08T09:06:32+09:00,2026/09/08,2026/12/10,2026-12,CALL,36750,29535,,,,,,,,,,,,,
2026/09/08 08:51,2026-09-08T09:06:32+09:00,2026/09/08,2026/12/10,2026-12,PUT,36750,43,400,,56.06,50.4,104,1,49,1,,,,,
2026/09/08 08:51,2026-09-08T09:06:32+09:00,2026/09/08,2026/12/10,2026-12,CALL,36500,29780,252,,,,,,,,,,,,
2026/09/08 08:51,2026-09-08T09:06:32+09:00,2026/09/08,2026/12/10,2026-12,PUT,36500,42,225,,56.49,50.66,102,1,47,1,,,,,
2026/09/08 08:51,2026-09-08T09:06:32+09:00,2026/09/08,2026/12/10,2026-12,CALL,36250,30030,,,,,,,,,,,,,
2026/09/08 08:51,2026-09-08T09:06:32+09:00,2026/09/08,2026/12/10,2026-12,PUT,36250,40,,,56.9,50.91,100,1,45,1,,,,,
2026/09/08 08:51,2026-09-08T09:06:32+09:00,2026/09/08,2026/12/10,2026-12,CALL,36000,30275,975,,,,,,,,,,,,
2026/09/08 08:51,2026-09-08T09:06:32+09:00,2026/09/08,2026/12/10,2026-12,PUT,36000,39,2905,,57.32,51.15,98,1,43,1,,,,,
2026/09/08 08:51,2026-09-08T09:06:32+09:00,2026/09/08,2026/12/10,2026-12,CALL,35750,30525,,,,,,,,,,,,,
2026/09/08 08:51,2026-09-08T09:06:32+09:00,2026/09/08,2026/12/10,2026-12,PUT,35750,38,,,57.83,51.38,97,1,41,1,,,,,
2026/09/08 08:51,2026-09-08T09:06:32+09:00,2026/09/08,2026/12/10,2026-12,CALL,35500,30770,,,,,,,,,,,,,
2026/09/08 08:51,2026-09-08T09:06:32+09:00,2026/09/08,2026/12/10,2026-12,PUT,35500,36,,,58.25,51.75,95,1,40,1,,,,,
2026/09/08 08:51,2026-09-08T09:06:32+09:00,2026/09/08,2026/12/10,2026-12,CALL,35250,31020,,,,,,,,,,,,,
2026/09/08 08:51,2026-09-08T09:06:32+09:00,2026/09/08,2026/12/10,2026-12,PUT,35250,35,,,58.66,51.96,93,1,38,1,,,,,
2026/09/08 08:51,2026-09-08T09:06:32+09:00,2026/09/08,2026/12/10,2026-12,CALL,35000,31265,435,,,,,,,,,,,,
2026/09/08 08:51,2026-09-08T09:06:32+09:00,2026/09/08,2026/12/10,2026-12,PUT,35000,40,5037,,59.07,52.84,91,1,40,1,,,,,
2026/09/08 08:51,2026-09-08T09:06:32+09:00,2026/09/08,2026/12/10,2026-12,CALL,34750,31515,,,,,,,,,,,,,
2026/09/08 08:51,2026-09-08T09:06:32+09:00,2026/09/08,2026/12/10,2026-12,PUT,34750,32,1,,59.58,52.52,90,1,35,1,,,,,
2026/09/08 08:51,2026-09-08T09:06:32+09:00,2026/09/08,2026/12/10,2026-12,CALL,34500,31760,400,,,,,,,,,,,,
2026/09/08 08:51,2026-09-08T09:06:32+09:00,2026/09/08,2026/12/10,2026-12,PUT,34500,31,560,,60,52.69,88,1,33,1,,,,,
2026/09/08 08:51,2026-09-08T09:06:32+09:00,2026/09/08,2026/12/10,2026-12,CALL,34250,32010,,,,,,,,,,,,,
2026/09/08 08:51,2026-09-08T09:06:32+09:00,2026/09/08,2026/12/10,2026-12,PUT,34250,30,,,60.51,52.84,87,1,31,1,,,,,
2026/09/08 08:51,2026-09-08T09:06:32+09:00,2026/09/08,2026/12/10,2026-12,CALL,34000,32255,280,,,,,,,,,,,,
2026/09/08 08:51,2026-09-08T09:06:32+09:00,2026/09/08,2026/12/10,2026-12,PUT,34000,29,2820,,60.92,54.17,85,1,35,1,,,,,
2026/09/08 08:51,2026-09-08T09:06:32+09:00,2026/09/08,2026/12/10,2026-12,CALL,33750,32505,,,,,,,,,,,,,
2026/09/08 08:51,2026-09-08T09:06:32+09:00,2026/09/08,2026/12/10,2026-12,PUT,33750,28,,,61.32,53.29,83,1,28,1,,,,,
2026/09/08 08:51,2026-09-08T09:06:32+09:00,2026/09/08,2026/12/10,2026-12,CALL,33500,32755,,,,,,,,,,,,,
2026/09/08 08:51,2026-09-08T09:06:32+09:00,2026/09/08,2026/12/10,2026-12,PUT,33500,27,72,,61.84,53.61,82,1,27,1,,,,,
2026/09/08 08:51,2026-09-08T09:06:32+09:00,2026/09/08,2026/12/10,2026-12,CALL,33250,33000,,,,,,,,,,,,,
2026/09/08 08:51,2026-09-08T09:06:32+09:00,2026/09/08,2026/12/10,2026-12,PUT,33250,26,37,,62.24,53.69,80,1,25,1,,,,,
2026/09/08 08:51,2026-09-08T09:06:32+09:00,2026/09/08,2026/12/10,2026-12,CALL,33000,33250,1950,,,,,,,,,,,,
2026/09/08 08:51,2026-09-08T09:06:32+09:00,2026/09/08,2026/12/10,2026-12,PUT,33000,25,3362,,62.76,53.99,79,1,24,1,,,,,
2026/09/08 08:51,2026-09-08T09:06:32+09:00,2026/09/08,2026/12/10,2026-12,CALL,32750,33495,,,,,,,,,,,,,
2026/09/08 08:51,2026-09-08T09:06:32+09:00,2026/09/08,2026/12/10,2026-12,PUT,32750,24,,,63.27,54.28,78,1,23,1,,,,,
2026/09/08 08:51,2026-09-08T09:06:32+09:00,2026/09/08,2026/12/10,2026-12,CALL,32500,33745,250,,,,,,,,,,,,
2026/09/08 08:51,2026-09-08T09:06:32+09:00,2026/09/08,2026/12/10,2026-12,PUT,32500,23,900,,63.67,54.28,76,1,21,1,,,,,
2026/09/08 08:51,2026-09-08T09:06:32+09:00,2026/09/08,2026/12/10,2026-12,CALL,32250,33995,,,,,,,,,,,,,
2026/09/08 08:51,2026-09-08T09:06:32+09:00,2026/09/08,2026/12/10,2026-12,PUT,32250,22,600,,64.19,54.54,75,1,20,1,,,,,
2026/09/08 08:51,2026-09-08T09:06:32+09:00,2026/09/08,2026/12/10,2026-12,CALL,32000,34240,700,,,,,,,,,,,,
2026/09/08 08:51,2026-09-08T09:06:32+09:00,2026/09/08,2026/12/10,2026-12,PUT,32000,21,4655,,64.71,54.79,74,1,19,1,,,,,
2026/09/08 08:51,2026-09-08T09:06:32+09:00,2026/09/08,2026/12/10,2026-12,CALL,31750,34490,,,,,,,,,,,,,
2026/09/08 08:51,2026-09-08T09:06:32+09:00,2026/09/08,2026/12/10,2026-12,PUT,31750,20,,,65.11,54.68,72,1,17,1,,,,,
2026/09/08 08:51,2026-09-08T09:06:32+09:00,2026/09/08,2026/12/10,2026-12,CALL,31500,34735,50,,,,,,,,,,,,
2026/09/08 08:51,2026-09-08T09:06:32+09:00,2026/09/08,2026/12/10,2026-12,PUT,31500,19,350,,65.63,54.89,71,1,16,1,,,,,
2026/09/08 08:51,2026-09-08T09:06:32+09:00,2026/09/08,2026/12/10,2026-12,CALL,31250,34985,,,,,,,,,,,,,
2026/09/08 08:51,2026-09-08T09:06:32+09:00,2026/09/08,2026/12/10,2026-12,PUT,31250,18,,,66.15,55.07,70,1,15,1,,,,,
2026/09/08 08:51,2026-09-08T09:06:32+09:00,2026/09/08,2026/12/10,2026-12,CALL,31000,35235,241,,,,,,,,,,,,
2026/09/08 08:51,2026-09-08T09:06:32+09:00,2026/09/08,2026/12/10,2026-12,PUT,31000,18,2037,,66.68,55.23,69,1,14,1,,,,,
2026/09/08 08:51,2026-09-08T09:06:32+09:00,2026/09/08,2026/12/10,2026-12,CALL,30750,35480,,,,,,,,,,,,,
2026/09/08 08:51,2026-09-08T09:06:32+09:00,2026/09/08,2026/12/10,2026-12,PUT,30750,17,,,65.94,58.24,59,1,21,1,,,,,
2026/09/08 08:51,2026-09-08T09:06:32+09:00,2026/09/08,2026/12/10,2026-12,CALL,30500,35730,50,,,,,,,,,,,,
2026/09/08 08:51,2026-09-08T09:06:32+09:00,2026/09/08,2026/12/10,2026-12,PUT,30500,16,51,,66.29,58.51,57,1,20,1,,,,,
2026/09/08 08:51,2026-09-08T09:06:32+09:00,2026/09/08,2026/12/10,2026-12,CALL,30250,35980,,,,,,,,,,,,,
2026/09/08 08:51,2026-09-08T09:06:32+09:00,2026/09/08,2026/12/10,2026-12,PUT,30250,15,,,66.79,58.77,56,1,19,1,,,,,
2026/09/08 08:51,2026-09-08T09:06:32+09:00,2026/09/08,2026/12/10,2026-12,CALL,30000,36225,1303,,,,,,,,,,,,
2026/09/08 08:51,2026-09-08T09:06:32+09:00,2026/09/08,2026/12/10,2026-12,PUT,30000,21,6702,,65.41,59.69,44,1,20,3,,,,,
2026/09/08 08:51,2026-09-08T09:06:32+09:00,2026/09/08,2026/12/10,2026-12,CALL,29750,36475,,,,,,,,,,,,,
2026/09/08 08:51,2026-09-08T09:06:32+09:00,2026/09/08,2026/12/10,2026-12,PUT,29750,14,,,67.79,59.25,54,1,17,1,,,,,
2026/09/08 08:51,2026-09-08T09:06:32+09:00,2026/09/08,2026/12/10,2026-12,CALL,29500,36725,,,,,,,,,,,,,
2026/09/08 08:51,2026-09-08T09:06:32+09:00,2026/09/08,2026/12/10,2026-12,PUT,29500,13,,,68.3,59.46,53,1,16,1,,,,,
2026/09/08 08:51,2026-09-08T09:06:32+09:00,2026/09/08,2026/12/10,2026-12,CALL,29250,36970,,,,,,,,,,,,,
2026/09/08 08:51,2026-09-08T09:06:32+09:00,2026/09/08,2026/12/10,2026-12,PUT,29250,12,,,68.8,59.65,52,1,15,1,,,,,
2026/09/08 08:51,2026-09-08T09:06:32+09:00,2026/09/08,2026/12/10,2026-12,CALL,29000,37220,150,,,,,,,,,,,,
2026/09/08 08:51,2026-09-08T09:06:32+09:00,2026/09/08,2026/12/10,2026-12,PUT,29000,12,1450,,69.3,59.82,51,1,14,1,,,,,
2026/09/08 08:51,2026-09-08T09:06:32+09:00,2026/09/08,2026/12/10,2026-12,CALL,28750,37470,,,,,,,,,,,,,
2026/09/08 08:51,2026-09-08T09:06:32+09:00,2026/09/08,2026/12/10,2026-12,PUT,28750,11,,,69.81,59.96,50,1,13,1,,,,,
2026/09/08 08:51,2026-09-08T09:06:32+09:00,2026/09/08,2026/12/10,2026-12,CALL,28500,37715,125,,,,,,,,,,,,
2026/09/08 08:51,2026-09-08T09:06:32+09:00,2026/09/08,2026/12/10,2026-12,PUT,28500,11,400,,70.31,60.08,49,1,12,1,,,,,
2026/09/08 08:51,2026-09-08T09:06:32+09:00,2026/09/08,2026/12/10,2026-12,CALL,28250,37965,,,,,,,,,,,,,
2026/09/08 08:51,2026-09-08T09:06:32+09:00,2026/09/08,2026/12/10,2026-12,PUT,28250,10,,,70.82,60.16,48,1,11,1,,,,,
2026/09/08 08:51,2026-09-08T09:06:32+09:00,2026/09/08,2026/12/10,2026-12,CALL,28000,38215,75,,,,,,,,,,,,
2026/09/08 08:51,2026-09-08T09:06:32+09:00,2026/09/08,2026/12/10,2026-12,PUT,28000,10,1327,,71.32,60.75,47,1,11,1,,,,,
2026/09/08 08:51,2026-09-08T09:06:32+09:00,2026/09/08,2026/12/10,2026-12,CALL,27750,38460,,,,,,,,,,,,,
2026/09/08 08:51,2026-09-08T09:06:32+09:00,2026/09/08,2026/12/10,2026-12,PUT,27750,9,72,,71.83,60.18,46,1,9,1,,,,,
2026/09/08 08:51,2026-09-08T09:06:32+09:00,2026/09/08,2026/12/10,2026-12,CALL,27500,38710,,,,,,,,,,,,,
2026/09/08 08:51,2026-09-08T09:06:32+09:00,2026/09/08,2026/12/10,2026-12,PUT,27500,9,25,,72.53,60.78,46,1,9,1,,,,,
2026/09/08 08:51,2026-09-08T09:06:32+09:00,2026/09/08,2026/12/10,2026-12,CALL,27250,38960,,,,,,,,,,,,,
2026/09/08 08:51,2026-09-08T09:06:32+09:00,2026/09/08,2026/12/10,2026-12,PUT,27250,8,,,73.04,60.71,45,1,8,1,,,,,
2026/09/08 08:51,2026-09-08T09:06:32+09:00,2026/09/08,2026/12/10,2026-12,CALL,27000,39205,250,,,,,,,,,,,,
2026/09/08 08:51,2026-09-08T09:06:32+09:00,2026/09/08,2026/12/10,2026-12,PUT,27000,8,2630,,73.55,60.56,44,1,7,1,,,,,
2026/09/08 08:51,2026-09-08T09:06:32+09:00,2026/09/08,2026/12/10,2026-12,CALL,26750,39455,,,,,,,,,,,,,
2026/09/08 08:51,2026-09-08T09:06:32+09:00,2026/09/08,2026/12/10,2026-12,PUT,26750,7,,,72.73,64.38,37,1,12,1,,,,,
2026/09/08 08:51,2026-09-08T09:06:32+09:00,2026/09/08,2026/12/10,2026-12,CALL,26500,39705,,,,,,,,,,,,,
2026/09/08 08:51,2026-09-08T09:06:32+09:00,2026/09/08,2026/12/10,2026-12,PUT,26500,10,1,,73.21,64.46,36,1,11,1,,,,,
2026/09/08 08:51,2026-09-08T09:06:32+09:00,2026/09/08,2026/12/10,2026-12,CALL,26250,39955,,,,,,,,,,,,,
2026/09/08 08:51,2026-09-08T09:06:32+09:00,2026/09/08,2026/12/10,2026-12,PUT,26250,6,,,73.92,64.5,36,1,10,1,,,,,
2026/09/08 08:51,2026-09-08T09:06:32+09:00,2026/09/08,2026/12/10,2026-12,CALL,26000,40200,350,,,,,,,,,,,,
2026/09/08 08:51,2026-09-08T09:06:32+09:00,2026/09/08,2026/12/10,2026-12,PUT,26000,6,1425,,74.4,65.14,35,1,10,1,,,,,
2026/09/08 08:51,2026-09-08T09:06:32+09:00,2026/09/08,2026/12/10,2026-12,CALL,25750,40450,,,,,,,,,,,,,
2026/09/08 08:51,2026-09-08T09:06:32+09:00,2026/09/08,2026/12/10,2026-12,PUT,25750,6,,,74.87,65.13,34,1,9,1,,,,,
2026/09/08 08:51,2026-09-08T09:06:32+09:00,2026/09/08,2026/12/10,2026-12,CALL,25500,40700,,,,,,,,,,,,,
2026/09/08 08:51,2026-09-08T09:06:32+09:00,2026/09/08,2026/12/10,2026-12,PUT,25500,5,2,,75.34,65.05,33,1,8,1,,,,,
2026/09/08 08:51,2026-09-08T09:06:32+09:00,2026/09/08,2026/12/10,2026-12,CALL,25250,40945,,,,,,,,,,,,,
2026/09/08 08:51,2026-09-08T09:06:32+09:00,2026/09/08,2026/12/10,2026-12,PUT,25250,5,1,,76.08,65.7,33,1,8,1,,,,,
2026/09/08 08:51,2026-09-08T09:06:32+09:00,2026/09/08,2026/12/10,2026-12,CALL,25000,41195,300,,,,,,,,,,,,
2026/09/08 08:51,2026-09-08T09:06:32+09:00,2026/09/08,2026/12/10,2026-12,PUT,25000,6,2014,,75.99,65.54,30,1,7,1,,,,,
2026/09/08 08:51,2026-09-08T09:06:32+09:00,2026/09/08,2026/12/10,2026-12,CALL,24750,41445,,,,,,,,,,,,,
2026/09/08 08:51,2026-09-08T09:06:32+09:00,2026/09/08,2026/12/10,2026-12,PUT,24750,4,1,,77.02,65.29,31,1,6,1,,,,,
2026/09/08 08:51,2026-09-08T09:06:32+09:00,2026/09/08,2026/12/10,2026-12,CALL,24500,41695,,,,,,,,,,,,,
2026/09/08 08:51,2026-09-08T09:06:32+09:00,2026/09/08,2026/12/10,2026-12,PUT,24500,4,250,,77.78,65.93,31,1,6,1,,,,,
2026/09/08 08:51,2026-09-08T09:06:32+09:00,2026/09/08,2026/12/10,2026-12,CALL,24250,41940,,,,,,,,,,,,,
2026/09/08 08:51,2026-09-08T09:06:32+09:00,2026/09/08,2026/12/10,2026-12,PUT,24250,4,,,78.25,65.54,30,1,5,1,,,,,
2026/09/08 08:51,2026-09-08T09:06:32+09:00,2026/09/08,2026/12/10,2026-12,CALL,24000,42190,,,,,,,,,,,,,
2026/09/08 08:51,2026-09-08T09:06:32+09:00,2026/09/08,2026/12/10,2026-12,PUT,24000,3,405,,78.72,64.95,29,1,4,1,,,,,
2026/09/08 08:51,2026-09-08T09:06:32+09:00,2026/09/08,2026/12/10,2026-12,CALL,23750,42440,,,,,,,,,,,,,
2026/09/08 08:51,2026-09-08T09:06:32+09:00,2026/09/08,2026/12/10,2026-12,PUT,23750,3,,,79.49,65.59,29,1,4,1,,,,,
2026/09/08 08:51,2026-09-08T09:06:32+09:00,2026/09/08,2026/12/10,2026-12,CALL,23500,42690,,,,,,,,,,,,,
2026/09/08 08:51,2026-09-08T09:06:32+09:00,2026/09/08,2026/12/10,2026-12,PUT,23500,3,127,,79.96,64.7,28,1,3,1,,,,,
2026/09/08 08:51,2026-09-08T09:06:32+09:00,2026/09/08,2026/12/10,2026-12,CALL,23250,42935,,,,,,,,,,,,,
2026/09/08 08:51,2026-09-08T09:06:32+09:00,2026/09/08,2026/12/10,2026-12,PUT,23250,7,,,80.75,70.24,28,1,7,1,,,,,
2026/09/08 08:51,2026-09-08T09:06:32+09:00,2026/09/08,2026/12/10,2026-12,CALL,23000,43185,,,,,,,,,,,,,
2026/09/08 08:51,2026-09-08T09:06:32+09:00,2026/09/08,2026/12/10,2026-12,PUT,23000,3,2106,,81.22,63.94,27,1,2,2,,,,,
2026/09/08 08:51,2026-09-08T09:06:32+09:00,2026/09/08,2026/12/10,2026-12,CALL,22750,43435,,,,,,,,,,,,,
2026/09/08 08:51,2026-09-08T09:06:32+09:00,2026/09/08,2026/12/10,2026-12,PUT,22750,2,,,82.02,64.59,27,1,2,1,,,,,
2026/09/08 08:51,2026-09-08T09:06:32+09:00,2026/09/08,2026/12/10,2026-12,CALL,22500,43685,,,,,,,,,,,,,
2026/09/08 08:51,2026-09-08T09:06:32+09:00,2026/09/08,2026/12/10,2026-12,PUT,22500,2,150,,82.49,62.01,26,1,1,1,,,,,
2026/09/08 08:51,2026-09-08T09:06:32+09:00,2026/09/08,2026/12/10,2026-12,CALL,22250,43930,,,,,,,,,,,,,
2026/09/08 08:51,2026-09-08T09:06:32+09:00,2026/09/08,2026/12/10,2026-12,PUT,22250,2,,,83.3,62.64,26,1,1,1,,,,,
2026/09/08 08:51,2026-09-08T09:06:32+09:00,2026/09/08,2026/12/10,2026-12,CALL,22000,44180,100,,,,,,,,,,,,
2026/09/08 08:51,2026-09-08T09:06:32+09:00,2026/09/08,2026/12/10,2026-12,PUT,22000,2,1716,,83.77,63.27,25,1,1,2,,,,,
2026/09/08 08:51,2026-09-08T09:06:32+09:00,2026/09/08,2026/12/10,2026-12,CALL,21750,44430,,,,,,,,,,,,,
2026/09/08 08:51,2026-09-08T09:06:32+09:00,2026/09/08,2026/12/10,2026-12,PUT,21750,2,,,84.61,,25,1,,,,,,,
2026/09/08 08:51,2026-09-08T09:06:32+09:00,2026/09/08,2026/12/10,2026-12,CALL,21500,44680,,,,,,,,,,,,,
2026/09/08 08:51,2026-09-08T09:06:32+09:00,2026/09/08,2026/12/10,2026-12,PUT,21500,2,500,,85.07,,24,1,,,,,,,
2026/09/08 08:51,2026-09-08T09:06:32+09:00,2026/09/08,2026/12/10,2026-12,CALL,21250,44925,,,,,,,,,,,,,
2026/09/08 08:51,2026-09-08T09:06:32+09:00,2026/09/08,2026/12/10,2026-12,PUT,21250,2,,,85.92,,24,1,,,,,,,
2026/09/08 08:51,2026-09-08T09:06:32+09:00,2026/09/08,2026/12/10,2026-12,CALL,21000,45175,,,,,,,,,,,,,
2026/09/08 08:51,2026-09-08T09:06:32+09:00,2026/09/08,2026/12/10,2026-12,PUT,21000,1,350,,86.38,,23,1,,,,,,,
2026/09/08 08:51,2026-09-08T09:06:32+09:00,2026/09/08,2026/12/10,2026-12,CALL,20750,45425,,,,,,,,,,,,,
2026/09/08 08:51,2026-09-08T09:06:32+09:00,2026/09/08,2026/12/10,2026-12,PUT,20750,1,,,87.25,,23,1,,,,,,,
2026/09/08 08:51,2026-09-08T09:06:32+09:00,2026/09/08,2026/12/10,2026-12,CALL,20500,45675,,,,,,,,,,,,,
2026/09/08 08:51,2026-09-08T09:06:32+09:00,2026/09/08,2026/12/10,2026-12,PUT,20500,1,,,86.36,,19,1,,,,,,,
2026/09/08 08:51,2026-09-08T09:06:32+09:00,2026/09/08,2026/12/10,2026-12,CALL,20250,45925,,,,,,,,,,,,,
2026/09/08 08:51,2026-09-08T09:06:32+09:00,2026/09/08,2026/12/10,2026-12,PUT,20250,1,3,,87.24,,19,1,,,,,,,
2026/09/08 08:51,2026-09-08T09:06:32+09:00,2026/09/08,2026/12/10,2026-12,CALL,20000,46170,150,,,,,,,,,,,,
2026/09/08 08:51,2026-09-08T09:06:32+09:00,2026/09/08,2026/12/10,2026-12,PUT,20000,7,2418,,82.68,80.01,10,1,7,11,,,,,
2026/09/08 08:51,2026-09-08T09:06:32+09:00,2026/09/08,2026/12/10,2026-12,CALL,19750,46420,,,,,,,,,,,,,
2026/09/08 08:51,2026-09-08T09:06:32+09:00,2026/09/08,2026/12/10,2026-12,PUT,19750,1,,,88.52,,18,1,,,,,,,
2026/09/08 08:51,2026-09-08T09:06:32+09:00,2026/09/08,2026/12/10,2026-12,CALL,19500,46670,,,,,,,,,,,,,
2026/09/08 08:51,2026-09-08T09:06:32+09:00,2026/09/08,2026/12/10,2026-12,PUT,19500,1,,,89.42,,18,1,,,,,,,
2026/09/08 08:51,2026-09-08T09:06:32+09:00,2026/09/08,2026/12/10,2026-12,CALL,19250,46920,,,,,,,,,,,,,
2026/09/08 08:51,2026-09-08T09:06:32+09:00,2026/09/08,2026/12/10,2026-12,PUT,19250,1,,,89.81,,17,1,,,,,,,
2026/09/08 08:51,2026-09-08T09:06:32+09:00,2026/09/08,2026/12/10,2026-12,CALL,19000,47165,,,,,,,,,,,,,
2026/09/08 08:51,2026-09-08T09:06:32+09:00,2026/09/08,2026/12/10,2026-12,PUT,19000,1,650,,90.73,71.5,17,1,1,1,,,,,
2026/09/08 08:51,2026-09-08T09:06:32+09:00,2026/09/08,2026/12/10,2026-12,CALL,18750,47415,,,,,,,,,,,,,
2026/09/08 08:51,2026-09-08T09:06:32+09:00,2026/09/08,2026/12/10,2026-12,PUT,18750,1,,,91.67,,17,1,,,,,,,
2026/09/08 08:51,2026-09-08T09:06:32+09:00,2026/09/08,2026/12/10,2026-12,CALL,18500,47665,,,,,,,,,,,,,
2026/09/08 08:51,2026-09-08T09:06:32+09:00,2026/09/08,2026/12/10,2026-12,PUT,18500,1,,,92.04,,16,1,,,,,,,
2026/09/08 08:51,2026-09-08T09:06:32+09:00,2026/09/08,2026/12/10,2026-12,CALL,18250,47915,,,,,,,,,,,,,
2026/09/08 08:51,2026-09-08T09:06:32+09:00,2026/09/08,2026/12/10,2026-12,PUT,18250,1,,,93,,16,1,,,,,,,
2026/09/08 08:51,2026-09-08T09:06:32+09:00,2026/09/08,2026/12/10,2026-12,CALL,18000,48165,,,,,,,,,,,,,
2026/09/08 08:51,2026-09-08T09:06:32+09:00,2026/09/08,2026/12/10,2026-12,PUT,18000,2,153,,93.97,78.38,16,1,2,1,,,,,
2026/09/08 08:51,2026-09-08T09:06:32+09:00,2026/09/08,2026/12/10,2026-12,CALL,17750,48410,,,,,,,,,,,,,
2026/09/08 08:51,2026-09-08T09:06:32+09:00,2026/09/08,2026/12/10,2026-12,PUT,17750,1,,,94.95,,16,1,,,,,,,
2026/09/08 08:51,2026-09-08T09:06:32+09:00,2026/09/08,2026/12/10,2026-12,CALL,17500,48660,,,,,,,,,,,,,
2026/09/08 08:51,2026-09-08T09:06:32+09:00,2026/09/08,2026/12/10,2026-12,PUT,17500,1,,,95.33,,15,1,,,,,,,
2026/09/08 08:51,2026-09-08T09:06:32+09:00,2026/09/08,2026/12/10,2026-12,CALL,17250,48910,,,,,,,,,,,,,
2026/09/08 08:51,2026-09-08T09:06:32+09:00,2026/09/08,2026/12/10,2026-12,PUT,17250,1,,,96.34,,15,1,,,,,,,
2026/09/08 08:51,2026-09-08T09:06:32+09:00,2026/09/08,2026/12/10,2026-12,CALL,17000,49160,,,,,,,,,,,,,
2026/09/08 08:51,2026-09-08T09:06:32+09:00,2026/09/08,2026/12/10,2026-12,PUT,17000,1,3,,97.36,,15,1,,,,,,,
2026/09/08 08:51,2026-09-08T09:06:32+09:00,2026/09/08,2026/12/10,2026-12,CALL,16750,49410,,,,,,,,,,,,,
2026/09/08 08:51,2026-09-08T09:06:32+09:00,2026/09/08,2026/12/10,2026-12,PUT,16750,1,,,97.72,,14,1,,,,,,,
2026/09/08 08:51,2026-09-08T09:06:32+09:00,2026/09/08,2026/12/10,2026-12,CALL,16500,49655,,,,,,,,,,,,,
2026/09/08 08:51,2026-09-08T09:06:32+09:00,2026/09/08,2026/12/10,2026-12,PUT,16500,1,1,,98.77,,14,1,,,,,,,
2026/09/08 08:51,2026-09-08T09:06:32+09:00,2026/09/08,2026/12/10,2026-12,CALL,16250,49905,,,,,,,,,,,,,
2026/09/08 08:51,2026-09-08T09:06:32+09:00,2026/09/08,2026/12/10,2026-12,PUT,16250,1,,,99.83,,14,1,,,,,,,
2026/09/08 08:51,2026-09-08T09:06:32+09:00,2026/09/08,2026/12/10,2026-12,CALL,16000,50155,,,,,,,,,,,,,
2026/09/08 08:51,2026-09-08T09:06:32+09:00,2026/09/08,2026/12/10,2026-12,PUT,16000,1,3,,100.91,81.17,14,1,1,1,,,,,
2026/09/08 08:51,2026-09-08T09:06:32+09:00,2026/09/08,2026/12/10,2026-12,CALL,15750,50405,,,,,,,,,,,,,
2026/09/08 08:51,2026-09-08T09:06:32+09:00,2026/09/08,2026/12/10,2026-12,PUT,15750,1,,,102.01,,14,1,,,,,,,
2026/09/08 08:51,2026-09-08T09:06:32+09:00,2026/09/08,2026/12/10,2026-12,CALL,15500,50655,,,,,,,,,,,,,
2026/09/08 08:51,2026-09-08T09:06:32+09:00,2026/09/08,2026/12/10,2026-12,PUT,15500,1,,,102.38,,13,1,,,,,,,
2026/09/08 08:51,2026-09-08T09:06:32+09:00,2026/09/08,2026/12/10,2026-12,CALL,15250,50900,,,,,,,,,,,,,
2026/09/08 08:51,2026-09-08T09:06:32+09:00,2026/09/08,2026/12/10,2026-12,PUT,15250,1,,,103.51,,13,1,,,,,,,
2026/09/08 08:51,2026-09-08T09:06:32+09:00,2026/09/08,2026/12/10,2026-12,CALL,15000,51150,,,,,,,,,,,,,
2026/09/08 08:51,2026-09-08T09:06:32+09:00,2026/09/08,2026/12/10,2026-12,PUT,15000,2,5,,104.66,89.17,13,1,2,1,,,,,
2026/09/08 08:51,2026-09-08T09:06:32+09:00,2026/09/08,2026/12/10,2026-12,CALL,14750,51400,,,,,,,,,,,,,
2026/09/08 08:51,2026-09-08T09:06:32+09:00,2026/09/08,2026/12/10,2026-12,PUT,14750,1,1,,105.82,,13,1,,,,,,,
2026/09/08 08:51,2026-09-08T09:06:32+09:00,2026/09/08,2026/12/10,2026-12,CALL,14500,51650,,,,,,,,,,,,,
2026/09/08 08:51,2026-09-08T09:06:32+09:00,2026/09/08,2026/12/10,2026-12,PUT,14500,1,1,,107.01,,13,1,,,,,,,
2026/09/08 08:51,2026-09-08T09:06:32+09:00,2026/09/08,2026/12/10,2026-12,CALL,14250,51900,,,,,,,,,,,,,
2026/09/08 08:51,2026-09-08T09:06:32+09:00,2026/09/08,2026/12/10,2026-12,PUT,14250,1,,,111.8,,18,1,,,,,,,
2026/09/08 08:51,2026-09-08T09:06:32+09:00,2026/09/08,2026/12/10,2026-12,CALL,14000,52145,,,,,,,,,,,,,
2026/09/08 08:51,2026-09-08T09:06:32+09:00,2026/09/08,2026/12/10,2026-12,PUT,14000,2,11,,113.07,93.27,18,1,2,1,,,,,
2026/09/08 08:51,2026-09-08T09:06:32+09:00,2026/09/08,2026/12/10,2026-12,CALL,13750,52395,,,,,,,,,,,,,
2026/09/08 08:51,2026-09-08T09:06:32+09:00,2026/09/08,2026/12/10,2026-12,PUT,13750,1,,,114.37,,18,1,,,,,,,
2026/09/08 08:51,2026-09-08T09:06:32+09:00,2026/09/08,2026/12/10,2026-12,CALL,13500,52645,,,,,,,,,,,,,
2026/09/08 08:51,2026-09-08T09:06:32+09:00,2026/09/08,2026/12/10,2026-12,PUT,13500,1,100,,115.69,90.78,18,1,1,100,,,,,
2026/09/08 08:51,2026-09-08T09:06:32+09:00,2026/09/08,2026/12/10,2026-12,CALL,13250,52895,,,,,,,,,,,,,
2026/09/08 08:51,2026-09-08T09:06:32+09:00,2026/09/08,2026/12/10,2026-12,PUT,13250,1,,,117.04,,18,1,,,,,,,
2026/09/08 08:51,2026-09-08T09:06:32+09:00,2026/09/08,2026/12/10,2026-12,CALL,13000,53140,,,,,,,,,,,,,
2026/09/08 08:51,2026-09-08T09:06:32+09:00,2026/09/08,2026/12/10,2026-12,PUT,13000,3,5,,118.41,100.79,18,1,3,4,,,,,
2026/09/08 08:51,2026-09-08T09:06:32+09:00,2026/09/08,2026/12/10,2026-12,CALL,12750,53390,,,,,,,,,,,,,
2026/09/08 08:51,2026-09-08T09:06:32+09:00,2026/09/08,2026/12/10,2026-12,PUT,12750,1,,,119.82,94.02,18,1,1,1,,,,,
2026/09/08 08:51,2026-09-08T09:06:32+09:00,2026/09/08,2026/12/10,2026-12,CALL,12500,53640,84,,,,,,,,,,,,
2026/09/08 08:51,2026-09-08T09:06:32+09:00,2026/09/08,2026/12/10,2026-12,PUT,12500,2,821,4,103.2,100.02,3,2,2,356,103.32,0,0,3,09/08 03:21
2026/09/08 13:12,2026-09-08T13:27:09+09:00,2026/09/08,2026/09/10,2026-09,CALL,80500,1,18,3,66.6,,1,23,,,67.06,,,1,09/08 11:39
2026/09/08 13:12,2026-09-08T13:27:09+09:00,2026/09/08,2026/09/10,2026-09,PUT,80500,14010,,,,,,,,,,,,,
2026/09/08 13:12,2026-09-08T13:27:09+09:00,2026/09/08,2026/09/10,2026-09,CALL,80000,1,1826,2,64.6,,1,355,,,66.71,0,0,1,09/07 18:26
2026/09/08 13:12,2026-09-08T13:27:09+09:00,2026/09/08,2026/09/10,2026-09,PUT,80000,13510,1,,,,,,,,,,,,
2026/09/08 13:12,2026-09-08T13:27:09+09:00,2026/09/08,2026/09/10,2026-09,CALL,79500,1,233,,62.58,,1,67,,,,,,,
2026/09/08 13:12,2026-09-08T13:27:09+09:00,2026/09/08,2026/09/10,2026-09,PUT,79500,13010,,,,,,,,,,,,,
2026/09/08 13:12,2026-09-08T13:27:09+09:00,2026/09/08,2026/09/10,2026-09,CALL,79000,1,203,,60.55,,1,128,,,,,,,
2026/09/08 13:12,2026-09-08T13:27:09+09:00,2026/09/08,2026/09/10,2026-09,PUT,79000,12510,,,,,,,,,,,,,
2026/09/08 13:12,2026-09-08T13:27:09+09:00,2026/09/08,2026/09/10,2026-09,CALL,78500,1,112,,58.5,,1,316,,,,,,,
2026/09/08 13:12,2026-09-08T13:27:09+09:00,2026/09/08,2026/09/10,2026-09,PUT,78500,12010,,,,,,,,,,,,,
2026/09/08 13:12,2026-09-08T13:27:09+09:00,2026/09/08,2026/09/10,2026-09,CALL,78000,1,2299,,56.42,,1,317,,,,,,,
2026/09/08 13:12,2026-09-08T13:27:09+09:00,2026/09/08,2026/09/10,2026-09,PUT,78000,11510,1,,,,,,,,,,,,
2026/09/08 13:12,2026-09-08T13:27:09+09:00,2026/09/08,2026/09/10,2026-09,CALL,77500,1,977,,54.33,,1,347,,,,,,,
2026/09/08 13:12,2026-09-08T13:27:09+09:00,2026/09/08,2026/09/10,2026-09,PUT,77500,11010,4,,,,,,,,,,,,
2026/09/08 13:12,2026-09-08T13:27:09+09:00,2026/09/08,2026/09/10,2026-09,CALL,77000,1,877,4,52.22,,1,333,,,55.86,0,0,1,09/08 08:57
2026/09/08 13:12,2026-09-08T13:27:09+09:00,2026/09/08,2026/09/10,2026-09,PUT,77000,10510,,,,,,,,,,,,,
2026/09/08 13:12,2026-09-08T13:27:09+09:00,2026/09/08,2026/09/10,2026-09,CALL,76500,1,79,3,50.08,,1,299,,,53.11,0,0,1,09/08 08:45
2026/09/08 13:12,2026-09-08T13:27:09+09:00,2026/09/08,2026/09/10,2026-09,PUT,76500,10010,,,,,,,,,,,,,
2026/09/08 13:12,2026-09-08T13:27:09+09:00,2026/09/08,2026/09/10,2026-09,CALL,76000,1,733,7,47.92,,1,327,,,47.55,0,0,1,09/08 12:35
2026/09/08 13:12,2026-09-08T13:27:09+09:00,2026/09/08,2026/09/10,2026-09,PUT,76000,9510,,,,,,,,,,,,,
2026/09/08 13:12,2026-09-08T13:27:09+09:00,2026/09/08,2026/09/10,2026-09,CALL,75500,1,268,1,45.74,,1,311,,,45.9,0,0,1,09/08 10:58
2026/09/08 13:12,2026-09-08T13:27:09+09:00,2026/09/08,2026/09/10,2026-09,PUT,75500,9010,,,,,,,,,,,,,
2026/09/08 13:12,2026-09-08T13:27:09+09:00,2026/09/08,2026/09/10,2026-09,CALL,75375,1,6,1,45.2,,1,23,,,48.7,,,1,09/07 20:37
2026/09/08 13:12,2026-09-08T13:27:09+09:00,2026/09/08,2026/09/10,2026-09,PUT,75375,8885,,,,,,,,,,,,,
2026/09/08 13:12,2026-09-08T13:27:09+09:00,2026/09/08,2026/09/10,2026-09,CALL,75250,1,106,,44.64,,1,60,,,,,,,
2026/09/08 13:12,2026-09-08T13:27:09+09:00,2026/09/08,2026/09/10,2026-09,PUT,75250,8760,,,,,,,,,,,,,
2026/09/08 13:12,2026-09-08T13:27:09+09:00,2026/09/08,2026/09/10,2026-09,CALL,75125,1,,,44.09,,1,23,,,,,,,
2026/09/08 13:12,2026-09-08T13:27:09+09:00,2026/09/08,2026/09/10,2026-09,PUT,75125,8635,,,,,,,,,,,,,
2026/09/08 13:12,2026-09-08T13:27:09+09:00,2026/09/08,2026/09/10,2026-09,CALL,75000,1,3457,10,43.54,,1,292,,,43.16,0,0,1,09/08 10:02
2026/09/08 13:12,2026-09-08T13:27:09+09:00,2026/09/08,2026/09/10,2026-09,PUT,75000,8510,,,,,,,,,,,,,
2026/09/08 13:12,2026-09-08T13:27:09+09:00,2026/09/08,2026/09/10,2026-09,CALL,74875,1,1,,42.98,,1,9,,,,,,,
2026/09/08 13:12,2026-09-08T13:27:09+09:00,2026/09/08,2026/09/10,2026-09,PUT,74875,8385,,,,,,,,,,,,,
2026/09/08 13:12,2026-09-08T13:27:09+09:00,2026/09/08,2026/09/10,2026-09,CALL,74750,1,69,,42.43,,1,60,,,,,,,
2026/09/08 13:12,2026-09-08T13:27:09+09:00,2026/09/08,2026/09/10,2026-09,PUT,74750,8260,,,,,,,,,,,,,
2026/09/08 13:12,2026-09-08T13:27:09+09:00,2026/09/08,2026/09/10,2026-09,CALL,74625,1,56,,41.87,,1,23,,,,,,,
2026/09/08 13:12,2026-09-08T13:27:09+09:00,2026/09/08,2026/09/10,2026-09,PUT,74625,8135,,,,,,,,,,,,,
2026/09/08 13:12,2026-09-08T13:27:09+09:00,2026/09/08,2026/09/10,2026-09,CALL,74500,1,134,2,41.31,,1,139,,,43.01,,,1,09/07 17:38
2026/09/08 13:12,2026-09-08T13:27:09+09:00,2026/09/08,2026/09/10,2026-09,PUT,74500,8010,,,,,,,,,,,,,
2026/09/08 13:12,2026-09-08T13:27:09+09:00,2026/09/08,2026/09/10,2026-09,CALL,74375,1,1,,40.75,,1,23,,,,,,,
2026/09/08 13:12,2026-09-08T13:27:09+09:00,2026/09/08,2026/09/10,2026-09,PUT,74375,7885,,,,,,,,,,,,,
2026/09/08 13:12,2026-09-08T13:27:09+09:00,2026/09/08,2026/09/10,2026-09,CALL,74250,1,6,,40.19,,1,72,,,,,,,
2026/09/08 13:12,2026-09-08T13:27:09+09:00,2026/09/08,2026/09/10,2026-09,PUT,74250,7760,,,,,,,,,,,,,
2026/09/08 13:12,2026-09-08T13:27:09+09:00,2026/09/08,2026/09/10,2026-09,CALL,74125,1,4,,45.27,,4,14,,,,,,,
2026/09/08 13:12,2026-09-08T13:27:09+09:00,2026/09/08,2026/09/10,2026-09,PUT,74125,7635,,,,,,,,,,,,,
2026/09/08 13:12,2026-09-08T13:27:09+09:00,2026/09/08,2026/09/10,2026-09,CALL,74000,1,1386,9,39.05,,1,373,,,38.6,0,0,1,09/08 10:04
2026/09/08 13:12,2026-09-08T13:27:09+09:00,2026/09/08,2026/09/10,2026-09,PUT,74000,7510,,,,,,,,,,,,,
2026/09/08 13:12,2026-09-08T13:27:09+09:00,2026/09/08,2026/09/10,2026-09,CALL,73875,1,18,,45.09,,5,14,,,,,,,
2026/09/08 13:12,2026-09-08T13:27:09+09:00,2026/09/08,2026/09/10,2026-09,PUT,73875,7385,,,,,,,,,,,,,
2026/09/08 13:12,2026-09-08T13:27:09+09:00,2026/09/08,2026/09/10,2026-09,CALL,73750,1,53,,37.92,,1,72,,,,,,,
2026/09/08 13:12,2026-09-08T13:27:09+09:00,2026/09/08,2026/09/10,2026-09,PUT,73750,7260,,,,,,,,,,,,,
2026/09/08 13:12,2026-09-08T13:27:09+09:00,2026/09/08,2026/09/10,2026-09,CALL,73625,1,4,,43.79,,5,14,,,,,,,
2026/09/08 13:12,2026-09-08T13:27:09+09:00,2026/09/08,2026/09/10,2026-09,PUT,73625,7140,,,,,,,,,,,,,
2026/09/08 13:12,2026-09-08T13:27:09+09:00,2026/09/08,2026/09/10,2026-09,CALL,73500,1,600,271,36.77,,1,229,,,36.49,0,0,1,09/08 10:15
2026/09/08 13:12,2026-09-08T13:27:09+09:00,2026/09/08,2026/09/10,2026-09,PUT,73500,7015,,,,,,,,,,,,,
2026/09/08 13:12,2026-09-08T13:27:09+09:00,2026/09/08,2026/09/10,2026-09,CALL,73375,2,3,3,42.48,,5,14,,,38.76,,,1,09/07 22:38
2026/09/08 13:12,2026-09-08T13:27:09+09:00,2026/09/08,2026/09/10,2026-09,PUT,73375,6890,,,,,,,,,,,,,
2026/09/08 13:12,2026-09-08T13:27:09+09:00,2026/09/08,2026/09/10,2026-09,CALL,73250,2,16,1,35.62,,1,49,,,39.12,0,0,1,09/07 21:30
2026/09/08 13:12,2026-09-08T13:27:09+09:00,2026/09/08,2026/09/10,2026-09,PUT,73250,6765,,,,,,,,,,,,,
2026/09/08 13:12,2026-09-08T13:27:09+09:00,2026/09/08,2026/09/10,2026-09,CALL,73125,2,8,1,37.37,,2,4,,,38.49,0,0,1,09/07 21:24
2026/09/08 13:12,2026-09-08T13:27:09+09:00,2026/09/08,2026/09/10,2026-09,PUT,73125,6640,,,,,,,,,,,,,
2026/09/08 13:12,2026-09-08T13:27:09+09:00,2026/09/08,2026/09/10,2026-09,CALL,73000,2,1997,598,34.46,,1,218,,,34.23,-1,-50,1,09/08 12:59
2026/09/08 13:12,2026-09-08T13:27:09+09:00,2026/09/08,2026/09/10,2026-09,PUT,73000,6515,3,,,,,,,,,,,,
2026/09/08 13:12,2026-09-08T13:27:09+09:00,2026/09/08,2026/09/10,2026-09,CALL,72875,2,34,1,36.15,,2,23,,,36.38,,,1,09/07 19:17
2026/09/08 13:12,2026-09-08T13:27:09+09:00,2026/09/08,2026/09/10,2026-09,PUT,72875,6390,,,,,,,,,,,,,
2026/09/08 13:12,2026-09-08T13:27:09+09:00,2026/09/08,2026/09/10,2026-09,CALL,72750,2,304,57,35.53,33.29,2,60,1,27,36.7,-1,-50,1,09/08 09:11
2026/09/08 13:12,2026-09-08T13:27:09+09:00,2026/09/08,2026/09/10,2026-09,PUT,72750,6265,,,,,,,,,,,,,
2026/09/08 13:12,2026-09-08T13:27:09+09:00,2026/09/08,2026/09/10,2026-09,CALL,72625,3,5,2,40.06,32.71,7,14,1,18,35.5,-1,-50,1,09/08 09:14
2026/09/08 13:12,2026-09-08T13:27:09+09:00,2026/09/08,2026/09/10,2026-09,PUT,72625,6140,,,,,,,,,,,,,
2026/09/08 13:12,2026-09-08T13:27:09+09:00,2026/09/08,2026/09/10,2026-09,CALL,72500,2,1712,65,34.29,32.12,2,74,1,54,33.99,0,0,2,09/08 10:15
2026/09/08 13:12,2026-09-08T13:27:09+09:00,2026/09/08,2026/09/10,2026-09,PUT,72500,6015,,,,,,,,,,,,,
2026/09/08 13:12,2026-09-08T13:27:09+09:00,2026/09/08,2026/09/10,2026-09,CALL,72375,3,14,4,37.15,33.67,5,4,2,4,35.23,,,2,09/08 09:22
2026/09/08 13:12,2026-09-08T13:27:09+09:00,2026/09/08,2026/09/10,2026-09,PUT,72375,5890,,,,,,,,,,,,,
2026/09/08 13:12,2026-09-08T13:27:09+09:00,2026/09/08,2026/09/10,2026-09,CALL,72250,3,302,37,34.46,33.04,3,5,2,5,33.95,-1,-33.33,2,09/08 11:50
2026/09/08 13:12,2026-09-08T13:27:09+09:00,2026/09/08,2026/09/10,2026-09,PUT,72250,5765,,,,,,,,,,,,,
2026/09/08 13:12,2026-09-08T13:27:09+09:00,2026/09/08,2026/09/10,2026-09,CALL,72125,4,79,1,38.48,30.34,9,14,1,4,33.27,0,0,2,09/08 10:28
2026/09/08 13:12,2026-09-08T13:27:09+09:00,2026/09/08,2026/09/10,2026-09,PUT,72125,5640,,,,,,,,,,,,,
2026/09/08 13:12,2026-09-08T13:27:09+09:00,2026/09/08,2026/09/10,2026-09,CALL,72000,3,2556,387,34.22,33.15,4,67,3,14,33.5,0,0,3,09/08 12:10
2026/09/08 13:12,2026-09-08T13:27:09+09:00,2026/09/08,2026/09/10,2026-09,PUT,72000,5515,,,86.93,,5880,4,5095,4,,,,,
2026/09/08 13:12,2026-09-08T13:27:09+09:00,2026/09/08,2026/09/10,2026-09,CALL,71875,4,100,19,34.42,32.5,5,19,3,33,37.42,1,25,5,09/07 22:38
2026/09/08 13:12,2026-09-08T13:27:09+09:00,2026/09/08,2026/09/10,2026-09,PUT,71875,5390,,,,,,,,,,,,,
2026/09/08 13:12,2026-09-08T13:27:09+09:00,2026/09/08,2026/09/10,2026-09,CALL,71750,6,42,7,34.48,32.87,6,37,4,5,33.14,-1,-20,4,09/08 10:18
2026/09/08 13:12,2026-09-08T13:27:09+09:00,2026/09/08,2026/09/10,2026-09,PUT,71750,5265,,,76.66,,5515,1,4740,1,,,,,
2026/09/08 13:12,2026-09-08T13:27:09+09:00,2026/09/08,2026/09/10,2026-09,CALL,71625,6,4,,34.43,32.2,7,33,4,33,,,,,
2026/09/08 13:12,2026-09-08T13:27:09+09:00,2026/09/08,2026/09/10,2026-09,PUT,71625,5145,,,,,,,,,,,,,
2026/09/08 13:12,2026-09-08T13:27:09+09:00,2026/09/08,2026/09/10,2026-09,CALL,71500,6,528,62,33.07,32.35,6,10,5,107,33.04,0,0,6,09/08 13:01
2026/09/08 13:12,2026-09-08T13:27:09+09:00,2026/09/08,2026/09/10,2026-09,PUT,71500,5020,,,68.36,,5185,1,4400,1,,,,,
2026/09/08 13:12,2026-09-08T13:27:09+09:00,2026/09/08,2026/09/10,2026-09,CALL,71375,8,11,6,33,32.36,7,4,6,18,32.32,-1,-16.67,5,09/08 09:32
2026/09/08 13:12,2026-09-08T13:27:09+09:00,2026/09/08,2026/09/10,2026-09,PUT,71375,4895,,,,,,,,,,,,,
2026/09/08 13:12,2026-09-08T13:27:09+09:00,2026/09/08,2026/09/10,2026-09,CALL,71250,9,85,67,33.35,32.27,9,37,7,23,33.06,-2,-20,8,09/08 10:17
2026/09/08 13:12,2026-09-08T13:27:09+09:00,2026/09/08,2026/09/10,2026-09,PUT,71250,4770,1,,81.24,,5160,1,4390,1,,,,,
2026/09/08 13:12,2026-09-08T13:27:09+09:00,2026/09/08,2026/09/10,2026-09,CALL,71125,10,81,24,33.08,32.1,10,18,8,15,32.7,1,12.5,9,09/08 13:11
2026/09/08 13:12,2026-09-08T13:27:09+09:00,2026/09/08,2026/09/10,2026-09,PUT,71125,4645,,,,,,,,,,,,,
2026/09/08 13:12,2026-09-08T13:27:09+09:00,2026/09/08,2026/09/10,2026-09,CALL,71000,11,1635,828,32.75,32.32,11,1,10,16,32.42,0,0,11,09/08 13:03
2026/09/08 13:12,2026-09-08T13:27:09+09:00,2026/09/08,2026/09/10,2026-09,PUT,71000,4525,100,,72.36,,4810,4,3930,4,,,,,
2026/09/08 13:12,2026-09-08T13:27:09+09:00,2026/09/08,2026/09/10,2026-09,CALL,70875,12,72,6,32.76,31.98,13,1,11,1,32.22,0,0,12,09/08 12:18
2026/09/08 13:12,2026-09-08T13:27:09+09:00,2026/09/08,2026/09/10,2026-09,PUT,70875,4400,,,,,,,,,,,,,
2026/09/08 13:12,2026-09-08T13:27:09+09:00,2026/09/08,2026/09/10,2026-09,CALL,70750,14,60,40,32.33,31.98,14,6,13,1,32.91,-2,-14.29,12,09/08 12:02
2026/09/08 13:12,2026-09-08T13:27:09+09:00,2026/09/08,2026/09/10,2026-09,PUT,70750,4275,,,49.52,,4295,1,4025,1,,,,,
2026/09/08 13:12,2026-09-08T13:27:09+09:00,2026/09/08,2026/09/10,2026-09,CALL,70625,17,271,13,32.18,31.53,16,5,14,18,32.03,3,21.43,17,09/08 10:14
2026/09/08 13:12,2026-09-08T13:27:09+09:00,2026/09/08,2026/09/10,2026-09,PUT,70625,4155,,,,,,,,,,,,,
2026/09/08 13:12,2026-09-08T13:27:09+09:00,2026/09/08,2026/09/10,2026-09,CALL,70500,20,406,75,32.24,31.67,19,1,17,9,32.37,1,5,21,09/08 12:40
2026/09/08 13:12,2026-09-08T13:27:09+09:00,2026/09/08,2026/09/10,2026-09,PUT,70500,4030,2,,46.38,,4035,3,3790,3,,,,,
2026/09/08 13:12,2026-09-08T13:27:09+09:00,2026/09/08,2026/09/10,2026-09,CALL,70375,22,5,18,31.92,31.4,21,1,19,18,32.1,,,24,09/08 12:35
2026/09/08 13:12,2026-09-08T13:27:09+09:00,2026/09/08,2026/09/10,2026-09,PUT,70375,3910,,,48.17,,3940,5,3660,6,,,,,
2026/09/08 13:12,2026-09-08T13:27:09+09:00,2026/09/08,2026/09/10,2026-09,CALL,70250,26,651,45,32.02,31.32,25,1,22,22,31.83,2,9.09,24,09/08 13:00
2026/09/08 13:12,2026-09-08T13:27:09+09:00,2026/09/08,2026/09/10,2026-09,PUT,70250,3790,,,46.15,,3805,8,3540,8,,,,,
2026/09/08 13:12,2026-09-08T13:27:09+09:00,2026/09/08,2026/09/10,2026-09,CALL,70125,32,17,14,31.78,31.36,28,5,26,17,31.64,4,16,29,09/08 12:59
2026/09/08 13:12,2026-09-08T13:27:09+09:00,2026/09/08,2026/09/10,2026-09,PUT,70125,3670,,,45.49,,3685,5,3420,6,,,,,
2026/09/08 13:12,2026-09-08T13:27:09+09:00,2026/09/08,2026/09/10,2026-09,CALL,70000,35,3748,494,31.84,31.28,33,1,30,16,31.77,-3,-8.57,32,09/08 13:11
2026/09/08 13:12,2026-09-08T13:27:09+09:00,2026/09/08,2026/09/10,2026-09,PUT,70000,3550,1478,,46.48,,3585,22,3300,22,,,,,
2026/09/08 13:12,2026-09-08T13:27:09+09:00,2026/09/08,2026/09/10,2026-09,CALL,69875,42,52,9,31.62,31.28,37,1,35,1,31.35,3,9.38,35,09/08 10:40
2026/09/08 13:12,2026-09-08T13:27:09+09:00,2026/09/08,2026/09/10,2026-09,PUT,69875,3430,,,43.66,,3440,5,3180,6,,,,,
2026/09/08 13:12,2026-09-08T13:27:09+09:00,2026/09/08,2026/09/10,2026-09,CALL,69750,46,1477,17,31.62,31.16,43,1,40,6,31.47,-12,-26.09,34,09/08 12:03
2026/09/08 13:12,2026-09-08T13:27:09+09:00,2026/09/08,2026/09/10,2026-09,PUT,69750,3310,,,43.33,,3325,8,3060,8,,,,,
2026/09/08 13:12,2026-09-08T13:27:09+09:00,2026/09/08,2026/09/10,2026-09,CALL,69625,55,73,4,31.52,31.24,49,4,47,1,31.67,28,140,48,09/08 10:17
2026/09/08 13:12,2026-09-08T13:27:09+09:00,2026/09/08,2026/09/10,2026-09,PUT,69625,3190,,,42.56,,3205,5,2940,6,,,,,
2026/09/08 13:12,2026-09-08T13:27:09+09:00,2026/09/08,2026/09/10,2026-09,CALL,69500,60,839,111,31.57,31.06,57,7,53,1,31.48,-2,-3.33,58,09/08 13:07
2026/09/08 13:12,2026-09-08T13:27:09+09:00,2026/09/08,2026/09/10,2026-09,PUT,69500,3075,5,,42.9,,3100,11,2835,3,,,,,
2026/09/08 13:12,2026-09-08T13:27:09+09:00,2026/09/08,2026/09/10,2026-09,CALL,69375,73,29,1,31.5,31.03,65,4,61,1,31.07,20,62.5,52,09/08 09:31
2026/09/08 13:12,2026-09-08T13:27:09+09:00,2026/09/08,2026/09/10,2026-09,PUT,69375,2960,,,42.04,,2980,5,2710,6,,,,,
2026/09/08 13:12,2026-09-08T13:27:09+09:00,2026/09/08,2026/09/10,2026-09,CALL,69250,79,192,26,31.53,31.11,75,1,71,1,31.74,16,24.24,82,09/08 12:40
2026/09/08 13:12,2026-09-08T13:27:09+09:00,2026/09/08,2026/09/10,2026-09,PUT,69250,2845,1,,40.79,,2855,7,2595,7,,,,,
2026/09/08 13:12,2026-09-08T13:27:09+09:00,2026/09/08,2026/09/10,2026-09,CALL,69125,101,129,1,31.54,31.05,86,1,81,4,30.81,23,52.27,67,09/08 09:31
2026/09/08 13:12,2026-09-08T13:27:09+09:00,2026/09/08,2026/09/10,2026-09,PUT,69125,2740,,,43.55,,2790,4,2490,6,,,,,
2026/09/08 13:12,2026-09-08T13:27:09+09:00,2026/09/08,2026/09/10,2026-09,CALL,69000,102,2143,397,31.52,31.07,98,1,93,1,31.53,0,0,102,09/08 12:50
2026/09/08 13:12,2026-09-08T13:27:09+09:00,2026/09/08,2026/09/10,2026-09,PUT,69000,2620,1119,4,39.96,,2630,22,2380,22,28.47,20,0.77,2620,09/08 09:26
2026/09/08 13:12,2026-09-08T13:27:09+09:00,2026/09/08,2026/09/10,2026-09,CALL,68875,116,84,2,33.3,29.2,134,1,85,1,32.07,-76,-56.3,59,09/08 09:09
2026/09/08 13:12,2026-09-08T13:27:09+09:00,2026/09/08,2026/09/10,2026-09,PUT,68875,2505,,,41.79,,2555,4,2255,6,,,,,
2026/09/08 13:12,2026-09-08T13:27:09+09:00,2026/09/08,2026/09/10,2026-09,CALL,68750,131,333,23,31.38,31,125,1,120,3,31.46,-5,-3.82,126,09/08 12:56
2026/09/08 13:12,2026-09-08T13:27:09+09:00,2026/09/08,2026/09/10,2026-09,PUT,68750,2395,57,,37.95,16.17,2390,7,2175,2,,,,,
2026/09/08 13:12,2026-09-08T13:27:09+09:00,2026/09/08,2026/09/10,2026-09,CALL,68625,148,24,4,31.48,31.04,143,1,137,13,31.61,,,162,09/08 12:30
2026/09/08 13:12,2026-09-08T13:27:09+09:00,2026/09/08,2026/09/10,2026-09,PUT,68625,2285,,,38.41,,2295,5,2035,6,,,,,
2026/09/08 13:12,2026-09-08T13:27:09+09:00,2026/09/08,2026/09/10,2026-09,CALL,68500,165,356,199,31.44,31.03,161,1,155,1,31.83,1,0.61,166,09/08 13:00
2026/09/08 13:12,2026-09-08T13:27:09+09:00,2026/09/08,2026/09/10,2026-09,PUT,68500,2185,169,,37.87,23.42,2185,15,1980,5,,,,,
2026/09/08 13:12,2026-09-08T13:27:09+09:00,2026/09/08,2026/09/10,2026-09,CALL,68375,185,32,5,31.41,30.96,181,1,174,1,31.68,11,6.25,187,09/08 12:46
2026/09/08 13:12,2026-09-08T13:27:09+09:00,2026/09/08,2026/09/10,2026-09,PUT,68375,2075,1,,40.54,18.9,2135,5,1825,6,,,,,
2026/09/08 13:12,2026-09-08T13:27:09+09:00,2026/09/08,2026/09/10,2026-09,CALL,68250,206,38,3,31.32,30.96,202,1,196,1,30.63,24,16,174,09/08 10:25
2026/09/08 13:12,2026-09-08T13:27:09+09:00,2026/09/08,2026/09/10,2026-09,PUT,68250,1975,109,,36.88,26.36,1970,10,1795,4,,,,,
2026/09/08 13:12,2026-09-08T13:27:09+09:00,2026/09/08,2026/09/10,2026-09,CALL,68125,228,68,2,31.35,30.83,227,1,218,1,31.62,126,116.67,234,09/08 12:46
2026/09/08 13:12,2026-09-08T13:27:09+09:00,2026/09/08,2026/09/10,2026-09,PUT,68125,1870,,,36.67,25.06,1870,5,1670,6,,,,,
2026/09/08 13:12,2026-09-08T13:27:09+09:00,2026/09/08,2026/09/10,2026-09,CALL,68000,255,3523,426,31.19,30.81,251,3,244,1,31.3,5,1.96,260,09/08 13:06
2026/09/08 13:12,2026-09-08T13:27:09+09:00,2026/09/08,2026/09/10,2026-09,PUT,68000,1780,2132,1,32.75,28.63,1700,3,1625,24,31.62,,,1675,09/08 09:48
2026/09/08 13:12,2026-09-08T13:27:09+09:00,2026/09/08,2026/09/10,2026-09,CALL,67875,279,59,4,31.18,30.77,280,1,272,1,31.7,89,39.38,315,09/08 09:51
2026/09/08 13:12,2026-09-08T13:27:09+09:00,2026/09/08,2026/09/10,2026-09,PUT,67875,1675,,,35.97,25.73,1670,5,1475,6,,,,,
2026/09/08 13:12,2026-09-08T13:27:09+09:00,2026/09/08,2026/09/10,2026-09,CALL,67750,310,501,49,31.1,30.6,310,1,300,13,31.28,63,25,315,09/08 12:51
2026/09/08 13:12,2026-09-08T13:27:09+09:00,2026/09/08,2026/09/10,2026-09,PUT,67750,1580,260,,32.58,29.08,1510,6,1440,9,,,,,
2026/09/08 13:12,2026-09-08T13:27:09+09:00,2026/09/08,2026/09/10,2026-09,CALL,67625,345,15,9,31.37,30.41,350,10,330,11,30.52,50,16.67,350,09/08 13:05
2026/09/08 13:12,2026-09-08T13:27:09+09:00,2026/09/08,2026/09/10,2026-09,PUT,67625,1490,1,,33.74,26.19,1445,5,1290,6,,,,,
2026/09/08 13:12,2026-09-08T13:27:09+09:00,2026/09/08,2026/09/10,2026-09,CALL,67500,400,1763,48,31.03,30.34,380,2,365,19,31.37,5,1.25,405,09/08 12:40
2026/09/08 13:12,2026-09-08T13:27:09+09:00,2026/09/08,2026/09/10,2026-09,PUT,67500,1405,553,,32.65,27.01,1335,10,1215,5,,,,,
2026/09/08 13:12,2026-09-08T13:27:09+09:00,2026/09/08,2026/09/10,2026-09,CALL,67375,420,43,1,31.71,30.36,435,1,405,1,32.99,-67,-20,268,09/07 20:22
2026/09/08 13:12,2026-09-08T13:27:09+09:00,2026/09/08,2026/09/10,2026-09,PUT,67375,1315,,,34.39,26.45,1290,5,1115,6,,,,,
2026/09/08 13:12,2026-09-08T13:27:09+09:00,2026/09/08,2026/09/10,2026-09,CALL,67250,450,24,15,31.13,30.25,465,10,445,10,30.94,80,19.75,485,09/08 12:34
2026/09/08 13:12,2026-09-08T13:27:09+09:00,2026/09/08,2026/09/10,2026-09,PUT,67250,1235,15,,35.06,28.92,1225,9,1085,9,,,,,
2026/09/08 13:12,2026-09-08T13:27:09+09:00,2026/09/08,2026/09/10,2026-09,CALL,67125,515,7,3,31.73,30.22,525,1,490,1,31.87,,,289,09/08 08:58
2026/09/08 13:12,2026-09-08T13:27:09+09:00,2026/09/08,2026/09/10,2026-09,PUT,67125,1155,2,,37.72,26.96,1210,5,960,6,,,,,
2026/09/08 13:12,2026-09-08T13:27:09+09:00,2026/09/08,2026/09/10,2026-09,CALL,67000,550,3337,357,31.12,30.27,560,3,540,1,31.29,10,1.82,560,09/08 12:52
2026/09/08 13:12,2026-09-08T13:27:09+09:00,2026/09/08,2026/09/10,2026-09,PUT,67000,1075,2321,34,31.75,29.2,995,3,935,20,31.49,-290,-23.2,960,09/08 13:03
2026/09/08 13:12,2026-09-08T13:27:09+09:00,2026/09/08,2026/09/10,2026-09,CALL,66875,595,3,7,30.81,29.97,605,1,585,9,31.23,95,18.27,615,09/08 12:22
2026/09/08 13:12,2026-09-08T13:27:09+09:00,2026/09/08,2026/09/10,2026-09,PUT,66875,1000,,,31.65,29.34,920,6,865,8,,,,,
2026/09/08 13:12,2026-09-08T13:27:09+09:00,2026/09/08,2026/09/10,2026-09,CALL,66750,625,1617,64,30.78,29.95,660,8,640,2,31.42,55,8.8,680,09/08 12:46
2026/09/08 13:12,2026-09-08T13:27:09+09:00,2026/09/08,2026/09/10,2026-09,PUT,66750,925,152,,31.61,29.74,850,8,805,3,,,,,
2026/09/08 13:12,2026-09-08T13:27:09+09:00,2026/09/08,2026/09/10,2026-09,CALL,66625,715,162,4,30.83,30,720,1,700,2,30.93,,,735,09/08 12:44
2026/09/08 13:12,2026-09-08T13:27:09+09:00,2026/09/08,2026/09/10,2026-09,PUT,66625,870,9,1,31.45,30.62,780,1,760,8,29.89,-125,-14.37,745,09/08 13:00
2026/09/08 13:12,2026-09-08T13:27:09+09:00,2026/09/08,2026/09/10,2026-09,CALL,66500,735,3340,83,30.94,29.9,785,2,760,17,30.85,40,5.44,775,09/08 13:11
2026/09/08 13:12,2026-09-08T13:27:09+09:00,2026/09/08,2026/09/10,2026-09,PUT,66500,805,2164,43,31.56,30.73,720,3,700,14,30.01,-185,-21.26,685,09/08 13:00
2026/09/08 13:12,2026-09-08T13:27:09+09:00,2026/09/08,2026/09/10,2026-09,CALL,66375,850,10,,31.75,29.87,870,2,825,7,,,,,
2026/09/08 13:12,2026-09-08T13:27:09+09:00,2026/09/08,2026/09/10,2026-09,PUT,66375,735,5,1,31.54,30.7,660,2,640,2,30.31,,,760,09/08 09:20
2026/09/08 13:12,2026-09-08T13:27:09+09:00,2026/09/08,2026/09/10,2026-09,CALL,66250,900,89,7,32.65,29.9,960,9,895,7,30.87,150,18.75,950,09/08 12:40
2026/09/08 13:12,2026-09-08T13:27:09+09:00,2026/09/08,2026/09/10,2026-09,PUT,66250,720,210,13,31.59,30.75,605,2,585,9,30.54,-140,-19.44,580,09/08 12:22
2026/09/08 13:12,2026-09-08T13:27:09+09:00,2026/09/08,2026/09/10,2026-09,CALL,66125,990,41,,32.79,30,1035,8,970,6,,,,,
2026/09/08 13:12,2026-09-08T13:27:09+09:00,2026/09/08,2026/09/10,2026-09,PUT,66125,625,6,1,31.72,30.86,555,2,535,2,32.14,,,545,09/08 10:13
2026/09/08 13:12,2026-09-08T13:27:09+09:00,2026/09/08,2026/09/10,2026-09,CALL,66000,1050,2043,53,31.71,30.18,1085,3,1050,3,30.66,145,15.51,1080,09/08 13:08
2026/09/08 13:12,2026-09-08T13:27:09+09:00,2026/09/08,2026/09/10,2026-09,PUT,66000,610,2522,177,31.71,31.06,505,1,490,4,30.8,-135,-22.13,475,09/08 13:07
2026/09/08 13:12,2026-09-08T13:27:09+09:00,2026/09/08,2026/09/10,2026-09,CALL,65875,1140,1,1,33.35,28.18,1200,8,1085,8,31.89,380,46.34,1200,09/08 10:05
2026/09/08 13:12,2026-09-08T13:27:09+09:00,2026/09/08,2026/09/10,2026-09,PUT,65875,525,1,1,31.79,31.12,460,1,445,2,31,,,460,09/08 10:33
2026/09/08 13:12,2026-09-08T13:27:09+09:00,2026/09/08,2026/09/10,2026-09,CALL,65750,1215,104,1,33.33,30.34,1280,9,1215,1,30.6,0,0,1095,09/08 09:28
2026/09/08 13:12,2026-09-08T13:27:09+09:00,2026/09/08,2026/09/10,2026-09,PUT,65750,480,702,32,31.95,31.49,420,1,410,1,31.25,-130,-24.76,395,09/08 13:08
2026/09/08 13:12,2026-09-08T13:27:09+09:00,2026/09/08,2026/09/10,2026-09,CALL,65625,1300,6,3,37.8,25.38,1460,5,1200,6,32.56,,,1000,09/07 22:07
2026/09/08 13:12,2026-09-08T13:27:09+09:00,2026/09/08,2026/09/10,2026-09,PUT,65625,435,26,2,32.23,31.51,385,2,370,1,31.37,-150,-27.78,390,09/08 11:04
2026/09/08 13:12,2026-09-08T13:27:09+09:00,2026/09/08,2026/09/10,2026-09,CALL,65500,1390,406,9,33.83,30.4,1460,14,1390,2,31.54,245,19.92,1475,09/08 10:03
2026/09/08 13:12,2026-09-08T13:27:09+09:00,2026/09/08,2026/09/10,2026-09,PUT,65500,405,552,25,32.37,31.64,350,19,335,1,31.61,-65,-16.05,340,09/08 12:23
2026/09/08 13:12,2026-09-08T13:27:09+09:00,2026/09/08,2026/09/10,2026-09,CALL,65375,1470,1,,39.75,26.83,1670,6,1415,5,,,,,
2026/09/08 13:12,2026-09-08T13:27:09+09:00,2026/09/08,2026/09/10,2026-09,PUT,65375,370,33,3,32.39,31.88,315,1,305,1,31.51,-71,-19.19,299,09/08 13:00
2026/09/08 13:12,2026-09-08T13:27:09+09:00,2026/09/08,2026/09/10,2026-09,CALL,65250,1565,19,1,35.39,30.37,1670,3,1575,9,34.02,680,66.67,1700,09/08 10:02
2026/09/08 13:12,2026-09-08T13:27:09+09:00,2026/09/08,2026/09/10,2026-09,PUT,65250,325,100,24,32.58,32.16,286,1,278,1,31.88,,,274,09/08 13:00
2026/09/08 13:12,2026-09-08T13:27:09+09:00,2026/09/08,2026/09/10,2026-09,CALL,65125,1665,9,,40.69,22.86,1865,6,1555,5,,,,,
2026/09/08 13:12,2026-09-08T13:27:09+09:00,2026/09/08,2026/09/10,2026-09,PUT,65125,300,34,8,32.76,32.37,259,1,252,1,32.42,-46,-13.33,299,09/08 12:00
2026/09/08 13:12,2026-09-08T13:27:09+09:00,2026/09/08,2026/09/10,2026-09,CALL,65000,1755,4738,15,35.54,30.61,1860,20,1775,5,33.37,155,9.9,1720,09/08 11:25
2026/09/08 13:12,2026-09-08T13:27:09+09:00,2026/09/08,2026/09/10,2026-09,PUT,65000,275,4465,570,34.7,32.7,265,5,230,1,32.76,-50,-18.18,225,09/08 13:08
2026/09/08 13:12,2026-09-08T13:27:09+09:00,2026/09/08,2026/09/10,2026-09,CALL,64875,1860,31,,41.27,21.03,2060,6,1755,5,,,,,
2026/09/08 13:12,2026-09-08T13:27:09+09:00,2026/09/08,2026/09/10,2026-09,PUT,64875,245,12,10,33.22,32.66,213,3,204,1,32.69,,,232,09/08 12:05
2026/09/08 13:12,2026-09-08T13:27:09+09:00,2026/09/08,2026/09/10,2026-09,CALL,64750,1970,212,,40.16,30.93,2135,9,1985,9,,,,,
2026/09/08 13:12,2026-09-08T13:27:09+09:00,2026/09/08,2026/09/10,2026-09,PUT,64750,245,499,11,33.46,33.07,193,3,187,1,33.5,-46,-18.78,199,09/08 11:02
2026/09/08 13:12,2026-09-08T13:27:09+09:00,2026/09/08,2026/09/10,2026-09,CALL,64625,2070,1,,45.13,24.95,2320,6,2020,4,,,,,
2026/09/08 13:12,2026-09-08T13:27:09+09:00,2026/09/08,2026/09/10,2026-09,PUT,64625,203,67,10,33.72,33.31,175,13,169,1,33.55,-63,-27.39,167,09/08 12:20
2026/09/08 13:12,2026-09-08T13:27:09+09:00,2026/09/08,2026/09/10,2026-09,CALL,64500,2180,146,1,41.56,27.15,2355,3,2155,3,34.62,-80,-3.94,1950,09/07 17:14
2026/09/08 13:12,2026-09-08T13:27:09+09:00,2026/09/08,2026/09/10,2026-09,PUT,64500,189,630,67,33.87,33.21,157,1,148,4,33.23,-40,-21.16,149,09/08 13:00
2026/09/08 13:12,2026-09-08T13:27:09+09:00,2026/09/08,2026/09/10,2026-09,CALL,64375,2280,,,46.09,25.02,2530,6,2250,5,,,,,
2026/09/08 13:12,2026-09-08T13:27:09+09:00,2026/09/08,2026/09/10,2026-09,PUT,64375,164,49,,34.2,33.82,143,1,138,1,,,,,
2026/09/08 13:12,2026-09-08T13:27:09+09:00,2026/09/08,2026/09/10,2026-09,CALL,64250,1570,104,,39.02,29.05,2520,3,2400,2,,,,,
2026/09/08 13:12,2026-09-08T13:27:09+09:00,2026/09/08,2026/09/10,2026-09,PUT,64250,153,46,13,34.52,34.11,130,1,125,1,34.36,-59,-32.07,125,09/08 12:18
2026/09/08 13:12,2026-09-08T13:27:09+09:00,2026/09/08,2026/09/10,2026-09,CALL,64125,2505,,,47.69,22,2755,6,2470,5,,,,,
2026/09/08 13:12,2026-09-08T13:27:09+09:00,2026/09/08,2026/09/10,2026-09,PUT,64125,137,27,1,34.74,34.3,117,1,112,1,34.18,-38,-23.75,122,09/08 11:24
2026/09/08 13:12,2026-09-08T13:27:09+09:00,2026/09/08,2026/09/10,2026-09,CALL,64000,2620,1701,,37.98,31.42,2720,20,2650,5,,,,,
2026/09/08 13:12,2026-09-08T13:27:09+09:00,2026/09/08,2026/09/10,2026-09,PUT,64000,129,2955,252,35.13,34.66,107,15,102,1,34.85,-31,-24.03,98,09/08 13:05
2026/09/08 13:12,2026-09-08T13:27:09+09:00,2026/09/08,2026/09/10,2026-09,CALL,63875,2735,,,49.45,,2985,6,2690,5,,,,,
2026/09/08 13:12,2026-09-08T13:27:09+09:00,2026/09/08,2026/09/10,2026-09,PUT,63875,116,51,4,35.43,35.03,97,1,93,1,35.34,-34,-25.56,99,09/08 11:02
2026/09/08 13:12,2026-09-08T13:27:09+09:00,2026/09/08,2026/09/10,2026-09,CALL,63750,2845,2,,49.6,,3090,2,2810,8,,,,,
2026/09/08 13:12,2026-09-08T13:27:09+09:00,2026/09/08,2026/09/10,2026-09,PUT,63750,105,79,31,35.64,35.32,87,1,84,4,35.24,-33,-26.19,93,09/08 11:34
2026/09/08 13:12,2026-09-08T13:27:09+09:00,2026/09/08,2026/09/10,2026-09,CALL,63625,2960,,,50.71,,3210,6,2925,5,,,,,
2026/09/08 13:12,2026-09-08T13:27:09+09:00,2026/09/08,2026/09/10,2026-09,PUT,63625,95,41,,35.96,35.62,79,1,76,1,,,,,
2026/09/08 13:12,2026-09-08T13:27:09+09:00,2026/09/08,2026/09/10,2026-09,CALL,63500,3075,4,,50.73,,3315,3,3055,11,,,,,
2026/09/08 13:12,2026-09-08T13:27:09+09:00,2026/09/08,2026/09/10,2026-09,PUT,63500,92,676,90,36.32,35.96,72,1,69,7,35.72,-27,-29.35,65,09/08 13:06
2026/09/08 13:12,2026-09-08T13:27:09+09:00,2026/09/08,2026/09/10,2026-09,CALL,63375,3195,,,52.51,,3445,6,3155,5,,,,,
2026/09/08 13:12,2026-09-08T13:27:09+09:00,2026/09/08,2026/09/10,2026-09,PUT,63375,78,61,,36.6,36.21,65,1,62,4,,,,,
2026/09/08 13:12,2026-09-08T13:27:09+09:00,2026/09/08,2026/09/10,2026-09,CALL,63250,3310,1,,53.18,,3560,8,3275,7,,,,,
2026/09/08 13:12,2026-09-08T13:27:09+09:00,2026/09/08,2026/09/10,2026-09,PUT,63250,75,66,3,37.07,36.65,60,1,57,4,38.1,-12,-16,63,09/08 10:10
2026/09/08 13:12,2026-09-08T13:27:09+09:00,2026/09/08,2026/09/10,2026-09,CALL,63125,3430,,,54.19,,3680,6,3390,5,,,,,
2026/09/08 13:12,2026-09-08T13:27:09+09:00,2026/09/08,2026/09/10,2026-09,PUT,63125,66,109,,37.47,36.87,55,1,51,1,,,,,
2026/09/08 13:12,2026-09-08T13:27:09+09:00,2026/09/08,2026/09/10,2026-09,CALL,63000,3550,967,,55.19,,3800,22,3475,22,,,,,
2026/09/08 13:12,2026-09-08T13:27:09+09:00,2026/09/08,2026/09/10,2026-09,PUT,63000,60,2580,358,37.65,37.16,49,14,46,1,37.31,-16,-26.67,44,09/08 13:05
2026/09/08 13:12,2026-09-08T13:27:09+09:00,2026/09/08,2026/09/10,2026-09,CALL,62875,3670,,,56.16,,3920,6,3640,5,,,,,
2026/09/08 13:12,2026-09-08T13:27:09+09:00,2026/09/08,2026/09/10,2026-09,PUT,62875,55,41,1,38.73,36.64,49,1,37,1,37.12,,,75,09/07 20:42
2026/09/08 13:12,2026-09-08T13:27:09+09:00,2026/09/08,2026/09/10,2026-09,CALL,62750,3790,,,57.11,,4040,8,3760,8,,,,,
2026/09/08 13:12,2026-09-08T13:27:09+09:00,2026/09/08,2026/09/10,2026-09,PUT,62750,52,760,5,38.42,38.05,41,1,39,1,38.48,-13,-25,39,09/08 09:49
2026/09/08 13:12,2026-09-08T13:27:09+09:00,2026/09/08,2026/09/10,2026-09,CALL,62625,3915,,,58.47,,4165,6,3885,5,,,,,
2026/09/08 13:12,2026-09-08T13:27:09+09:00,2026/09/08,2026/09/10,2026-09,PUT,62625,46,92,3,38.7,38.3,37,1,35,5,38.52,,,44,09/08 12:01
2026/09/08 13:12,2026-09-08T13:27:09+09:00,2026/09/08,2026/09/10,2026-09,CALL,62500,4035,801,,58.53,,4275,3,4020,3,,,,,
2026/09/08 13:12,2026-09-08T13:27:09+09:00,2026/09/08,2026/09/10,2026-09,PUT,62500,44,1113,154,39.12,38.69,34,1,32,9,39.03,-13,-29.55,31,09/08 12:39
2026/09/08 13:12,2026-09-08T13:27:09+09:00,2026/09/08,2026/09/10,2026-09,CALL,62375,4155,,,60.29,,4405,6,4125,5,,,,,
2026/09/08 13:12,2026-09-08T13:27:09+09:00,2026/09/08,2026/09/10,2026-09,PUT,62375,40,268,8,39.47,39.01,31,5,29,5,39.21,,,31,09/08 12:25
2026/09/08 13:12,2026-09-08T13:27:09+09:00,2026/09/08,2026/09/10,2026-09,CALL,62250,4275,1,,60.73,,4520,2,4245,8,,,,,
2026/09/08 13:12,2026-09-08T13:27:09+09:00,2026/09/08,2026/09/10,2026-09,PUT,62250,38,155,19,39.76,39.52,28,1,27,6,40.06,-12,-31.58,26,09/08 12:30
2026/09/08 13:12,2026-09-08T13:27:09+09:00,2026/09/08,2026/09/10,2026-09,CALL,62125,4400,,,62.5,,4650,6,4330,5,,,,,
2026/09/08 13:12,2026-09-08T13:27:09+09:00,2026/09/08,2026/09/10,2026-09,PUT,62125,34,32,2,40.24,39.71,26,5,24,5,40.1,-22,-48.89,23,09/08 12:32
2026/09/08 13:12,2026-09-08T13:27:09+09:00,2026/09/08,2026/09/10,2026-09,CALL,62000,4525,2002,,59.95,,4735,22,4520,22,,,,,
2026/09/08 13:12,2026-09-08T13:27:09+09:00,2026/09/08,2026/09/10,2026-09,PUT,62000,30,4338,309,40.95,40.39,25,54,23,3,40.39,-7,-23.33,23,09/08 13:09
2026/09/08 13:12,2026-09-08T13:27:09+09:00,2026/09/08,2026/09/10,2026-09,CALL,61875,4645,2,,64.66,,4895,6,4500,5,,,,,
2026/09/08 13:12,2026-09-08T13:27:09+09:00,2026/09/08,2026/09/10,2026-09,PUT,61875,30,88,6,41.06,40.44,22,18,20,5,40.65,,,21,09/08 12:53
2026/09/08 13:12,2026-09-08T13:27:09+09:00,2026/09/08,2026/09/10,2026-09,CALL,61750,4770,,,88.47,,5310,1,4565,1,,,,,
2026/09/08 13:12,2026-09-08T13:27:09+09:00,2026/09/08,2026/09/10,2026-09,PUT,61750,28,264,25,41.39,40.72,20,9,18,1,41.13,-11,-36.67,19,09/08 12:27
2026/09/08 13:12,2026-09-08T13:27:09+09:00,2026/09/08,2026/09/10,2026-09,CALL,61625,4890,,,,,,,1,1,,,,,
2026/09/08 13:12,2026-09-08T13:27:09+09:00,2026/09/08,2026/09/10,2026-09,PUT,61625,26,16,4,41.65,41.29,18,1,17,1,42.21,,,17,09/08 10:00
2026/09/08 13:12,2026-09-08T13:27:09+09:00,2026/09/08,2026/09/10,2026-09,CALL,61500,5015,2,,85.19,,5470,1,4515,1,,,,,
2026/09/08 13:12,2026-09-08T13:27:09+09:00,2026/09/08,2026/09/10,2026-09,PUT,61500,24,1780,114,42.22,41.45,17,11,15,1,41.94,-8,-33.33,16,09/08 12:58
2026/09/08 13:12,2026-09-08T13:27:09+09:00,2026/09/08,2026/09/10,2026-09,CALL,61375,5140,,,,,,,1,1,,,,,
2026/09/08 13:12,2026-09-08T13:27:09+09:00,2026/09/08,2026/09/10,2026-09,PUT,61375,21,11,3,42.36,40.55,15,1,11,24,41.96,,,16,09/08 10:24
2026/09/08 13:12,2026-09-08T13:27:09+09:00,2026/09/08,2026/09/10,2026-09,CALL,61250,5260,22,,72.64,,5535,1,4755,1,,,,,
2026/09/08 13:12,2026-09-08T13:27:09+09:00,2026/09/08,2026/09/10,2026-09,PUT,61250,21,90,18,42.85,41.43,14,6,11,28,43.11,-12,-48,13,09/08 12:30
2026/09/08 13:12,2026-09-08T13:27:09+09:00,2026/09/08,2026/09/10,2026-09,CALL,61125,5385,,,,,,,1,1,,,,,
2026/09/08 13:12,2026-09-08T13:27:09+09:00,2026/09/08,2026/09/10,2026-09,PUT,61125,20,44,6,43.3,42.31,13,19,11,4,43.53,-12,-50,12,09/08 12:30
2026/09/08 13:12,2026-09-08T13:27:09+09:00,2026/09/08,2026/09/10,2026-09,CALL,61000,5510,221,,,,,,3,10,,,,,
2026/09/08 13:12,2026-09-08T13:27:09+09:00,2026/09/08,2026/09/10,2026-09,PUT,61000,19,2600,235,43.71,42.65,12,16,10,60,43.51,-8,-42.11,11,09/08 13:03
2026/09/08 13:12,2026-09-08T13:27:09+09:00,2026/09/08,2026/09/10,2026-09,CALL,60875,5630,,,,,,,1,1,,,,,
2026/09/08 13:12,2026-09-08T13:27:09+09:00,2026/09/08,2026/09/10,2026-09,PUT,60875,15,67,6,44.08,42.93,11,1,9,40,43.65,,,10,09/08 13:02
2026/09/08 13:12,2026-09-08T13:27:09+09:00,2026/09/08,2026/09/10,2026-09,CALL,60750,5755,120,,,,,,3,10,,,,,
2026/09/08 13:12,2026-09-08T13:27:09+09:00,2026/09/08,2026/09/10,2026-09,PUT,60750,15,329,12,44.39,43.14,10,28,8,27,44.01,-9,-50,9,09/08 12:43
2026/09/08 13:12,2026-09-08T13:27:09+09:00,2026/09/08,2026/09/10,2026-09,CALL,60625,5880,,,,,,,1,1,,,,,
2026/09/08 13:12,2026-09-08T13:27:09+09:00,2026/09/08,2026/09/10,2026-09,PUT,60625,15,11,25,44.65,43.27,9,5,7,36,44.11,,,8,09/08 10:46
2026/09/08 13:12,2026-09-08T13:27:09+09:00,2026/09/08,2026/09/10,2026-09,CALL,60500,6005,750,,,,,,3,10,,,,,
2026/09/08 13:12,2026-09-08T13:27:09+09:00,2026/09/08,2026/09/10,2026-09,PUT,60500,12,2909,49,45.52,44.11,9,23,7,80,44.85,-4,-33.33,8,09/08 12:56
2026/09/08 13:12,2026-09-08T13:27:09+09:00,2026/09/08,2026/09/10,2026-09,CALL,60375,6130,,,,,,,1,1,,,,,
2026/09/08 13:12,2026-09-08T13:27:09+09:00,2026/09/08,2026/09/10,2026-09,PUT,60375,12,2019,4,45.7,44.13,8,18,6,19,44.3,,,12,09/08 09:13
2026/09/08 13:12,2026-09-08T13:27:09+09:00,2026/09/08,2026/09/10,2026-09,CALL,60250,6255,,,,,,,3,10,,,,,
2026/09/08 13:12,2026-09-08T13:27:09+09:00,2026/09/08,2026/09/10,2026-09,PUT,60250,12,104,12,45.8,44.96,7,5,6,37,45.01,-6,-46.15,7,09/08 11:25
2026/09/08 13:12,2026-09-08T13:27:09+09:00,2026/09/08,2026/09/10,2026-09,CALL,60125,6375,,,,,,,1,10,,,,,
2026/09/08 13:12,2026-09-08T13:27:09+09:00,2026/09/08,2026/09/10,2026-09,PUT,60125,11,3,10,47.4,44.84,8,40,5,52,46.17,-13,-68.42,6,09/08 12:34
2026/09/08 13:12,2026-09-08T13:27:09+09:00,2026/09/08,2026/09/10,2026-09,CALL,60000,6500,786,,,,,,350,2,,,,,
2026/09/08 13:12,2026-09-08T13:27:09+09:00,2026/09/08,2026/09/10,2026-09,PUT,60000,11,6685,378,46.62,45.65,6,11,5,137,46.09,-6,-54.55,5,09/08 12:39
2026/09/08 13:12,2026-09-08T13:27:09+09:00,2026/09/08,2026/09/10,2026-09,CALL,59875,6625,,,,,,,,,,,,,
2026/09/08 13:12,2026-09-08T13:27:09+09:00,2026/09/08,2026/09/10,2026-09,PUT,59875,9,42,11,48.32,46.47,7,33,5,4,46.5,-6,-54.55,5,09/08 12:54
2026/09/08 13:12,2026-09-08T13:27:09+09:00,2026/09/08,2026/09/10,2026-09,CALL,59750,6750,,,,,,,3,10,,,,,
2026/09/08 13:12,2026-09-08T13:27:09+09:00,2026/09/08,2026/09/10,2026-09,PUT,59750,9,119,26,47.28,46.13,5,6,4,48,47.37,-6,-54.55,5,09/08 12:57
2026/09/08 13:12,2026-09-08T13:27:09+09:00,2026/09/08,2026/09/10,2026-09,CALL,59625,6875,,,,,,,,,,,,,
2026/09/08 13:12,2026-09-08T13:27:09+09:00,2026/09/08,2026/09/10,2026-09,PUT,59625,9,10,13,48.1,46.93,5,18,4,3,46.94,-5,-50,5,09/08 11:53
2026/09/08 13:12,2026-09-08T13:27:09+09:00,2026/09/08,2026/09/10,2026-09,CALL,59500,7000,,,,,,,3,10,,,,,
2026/09/08 13:12,2026-09-08T13:27:09+09:00,2026/09/08,2026/09/10,2026-09,PUT,59500,9,953,56,48.92,46.31,5,84,3,108,47.2,-5,-55.56,4,09/08 11:05
2026/09/08 13:12,2026-09-08T13:27:09+09:00,2026/09/08,2026/09/10,2026-09,CALL,59375,7125,,,,,,,,,,,,,
2026/09/08 13:12,2026-09-08T13:27:09+09:00,2026/09/08,2026/09/10,2026-09,PUT,59375,8,44,24,49.74,47.09,5,36,3,41,48.56,-4,-50,4,09/08 10:21
2026/09/08 13:12,2026-09-08T13:27:09+09:00,2026/09/08,2026/09/10,2026-09,CALL,59250,7250,,,,,,,,,,,,,
2026/09/08 13:12,2026-09-08T13:27:09+09:00,2026/09/08,2026/09/10,2026-09,PUT,59250,7,144,12,49.34,47.87,4,18,3,52,49.14,-4,-50,4,09/08 10:17
2026/09/08 13:12,2026-09-08T13:27:09+09:00,2026/09/08,2026/09/10,2026-09,CALL,59125,7375,,,,,,,,,,,,,
2026/09/08 13:12,2026-09-08T13:27:09+09:00,2026/09/08,2026/09/10,2026-09,PUT,59125,7,32,29,50.14,48.66,4,33,3,4,48.55,-4,-57.14,3,09/08 10:54
2026/09/08 13:12,2026-09-08T13:27:09+09:00,2026/09/08,2026/09/10,2026-09,CALL,59000,7500,1096,,,,,,,,,,,,
2026/09/08 13:12,2026-09-08T13:27:09+09:00,2026/09/08,2026/09/10,2026-09,PUT,59000,6,3275,194,49.44,47.5,3,11,2,244,49.52,-4,-57.14,3,09/08 12:57
2026/09/08 13:12,2026-09-08T13:27:09+09:00,2026/09/08,2026/09/10,2026-09,CALL,58875,7625,,,,,,,,,,,,,
2026/09/08 13:12,2026-09-08T13:27:09+09:00,2026/09/08,2026/09/10,2026-09,PUT,58875,6,26,1,51.75,48.26,4,33,2,40,50.11,-1,-16.67,5,09/08 02:32
2026/09/08 13:12,2026-09-08T13:27:09+09:00,2026/09/08,2026/09/10,2026-09,CALL,58750,7745,,,,,,,,,,,,,
2026/09/08 13:12,2026-09-08T13:27:09+09:00,2026/09/08,2026/09/10,2026-09,PUT,58750,6,113,2,51.01,49.02,3,3,2,22,50.09,-1,-16.67,5,09/08 09:04
2026/09/08 13:12,2026-09-08T13:27:09+09:00,2026/09/08,2026/09/10,2026-09,CALL,58625,7870,,,,,,,,,,,,,
2026/09/08 13:12,2026-09-08T13:27:09+09:00,2026/09/08,2026/09/10,2026-09,PUT,58625,6,8,,55.78,,6,4,,,,,,,
2026/09/08 13:12,2026-09-08T13:27:09+09:00,2026/09/08,2026/09/10,2026-09,CALL,58500,7995,,,,,,,,,,,,,
2026/09/08 13:12,2026-09-08T13:27:09+09:00,2026/09/08,2026/09/10,2026-09,PUT,58500,6,2655,9,52.58,50.53,3,38,2,8,50.43,-4,-66.67,2,09/08 10:54
2026/09/08 13:12,2026-09-08T13:27:09+09:00,2026/09/08,2026/09/10,2026-09,CALL,58375,8120,,,,,,,,,,,,,
2026/09/08 13:12,2026-09-08T13:27:09+09:00,2026/09/08,2026/09/10,2026-09,PUT,58375,5,28,5,53.37,48.19,3,4,1,48,52.22,-1,-20,4,09/07 23:03
2026/09/08 13:12,2026-09-08T13:27:09+09:00,2026/09/08,2026/09/10,2026-09,CALL,58250,8245,,,,,,,,,,,,,
2026/09/08 13:12,2026-09-08T13:27:09+09:00,2026/09/08,2026/09/10,2026-09,PUT,58250,5,278,20,54.15,48.91,3,23,1,45,52.08,-2,-50,2,09/08 13:01
2026/09/08 13:12,2026-09-08T13:27:09+09:00,2026/09/08,2026/09/10,2026-09,CALL,58000,8495,1101,,,,,,,,,,,,
2026/09/08 13:12,2026-09-08T13:27:09+09:00,2026/09/08,2026/09/10,2026-09,PUT,58000,5,2550,159,53.58,50.36,2,10,1,190,53.58,-3,-60,2,09/08 13:09
2026/09/08 13:12,2026-09-08T13:27:09+09:00,2026/09/08,2026/09/10,2026-09,CALL,57750,8745,,,,,,,,,,,,,
2026/09/08 13:12,2026-09-08T13:27:09+09:00,2026/09/08,2026/09/10,2026-09,PUT,57750,4,153,2,55.11,51.81,2,6,1,67,55.06,-2,-50,2,09/08 12:15
2026/09/08 13:12,2026-09-08T13:27:09+09:00,2026/09/08,2026/09/10,2026-09,CALL,57500,8995,384,,,,,,,,,,,,
2026/09/08 13:12,2026-09-08T13:27:09+09:00,2026/09/08,2026/09/10,2026-09,PUT,57500,3,633,30,56.65,53.27,2,23,1,16,55.02,-2,-50,2,09/08 09:18
2026/09/08 13:12,2026-09-08T13:27:09+09:00,2026/09/08,2026/09/10,2026-09,CALL,57250,9245,,,,,,,,,,,,,
2026/09/08 13:12,2026-09-08T13:27:09+09:00,2026/09/08,2026/09/10,2026-09,PUT,57250,3,186,3,58.18,54.72,2,21,1,10,55.14,-2,-66.67,1,09/08 10:03
2026/09/08 13:12,2026-09-08T13:27:09+09:00,2026/09/08,2026/09/10,2026-09,CALL,57000,9495,850,,,,,,,,,,,,
2026/09/08 13:12,2026-09-08T13:27:09+09:00,2026/09/08,2026/09/10,2026-09,PUT,57000,3,3074,48,59.72,56.19,2,99,1,65,56.43,-2,-66.67,1,09/08 10:48
2026/09/08 13:12,2026-09-08T13:27:09+09:00,2026/09/08,2026/09/10,2026-09,CALL,56750,9745,,,,,,,,,,,,,
2026/09/08 13:12,2026-09-08T13:27:09+09:00,2026/09/08,2026/09/10,2026-09,PUT,56750,3,215,7,65.53,,4,5,,,71.85,9,300,12,09/07 17:18
2026/09/08 13:12,2026-09-08T13:27:09+09:00,2026/09/08,2026/09/10,2026-09,CALL,56500,9995,75,,,,,,,,,,,,
2026/09/08 13:12,2026-09-08T13:27:09+09:00,2026/09/08,2026/09/10,2026-09,PUT,56500,2,1183,174,62.82,59.12,2,68,1,10,59.12,-1,-50,1,09/08 12:56
2026/09/08 13:12,2026-09-08T13:27:09+09:00,2026/09/08,2026/09/10,2026-09,CALL,56250,10245,,,,,,,,,,,,,
2026/09/08 13:12,2026-09-08T13:27:09+09:00,2026/09/08,2026/09/10,2026-09,PUT,56250,2,41,1,64.37,,2,22,,,61.06,-2,-66.67,1,09/08 09:53
2026/09/08 13:12,2026-09-08T13:27:09+09:00,2026/09/08,2026/09/10,2026-09,CALL,56000,10490,1250,,,,,,,,,,,,
2026/09/08 13:12,2026-09-08T13:27:09+09:00,2026/09/08,2026/09/10,2026-09,PUT,56000,2,2243,197,65.93,62.07,2,172,1,61,62.1,-1,-50,1,09/08 13:01
2026/09/08 13:12,2026-09-08T13:27:09+09:00,2026/09/08,2026/09/10,2026-09,CALL,55750,10740,,,,,,,,,,,,,
2026/09/08 13:12,2026-09-08T13:27:09+09:00,2026/09/08,2026/09/10,2026-09,PUT,55750,1,25,1,70.1,,3,22,,,63.26,-1,-50,1,09/08 11:06
2026/09/08 13:12,2026-09-08T13:27:09+09:00,2026/09/08,2026/09/10,2026-09,CALL,55500,10990,,,,,,,,,,,,,
2026/09/08 13:12,2026-09-08T13:27:09+09:00,2026/09/08,2026/09/10,2026-09,PUT,55500,1,762,39,65.04,,1,36,,,64.97,-1,-50,1,09/08 13:11
2026/09/08 13:12,2026-09-08T13:27:09+09:00,2026/09/08,2026/09/10,2026-09,CALL,55250,11240,,,,,,,,,,,,,
2026/09/08 13:12,2026-09-08T13:27:09+09:00,2026/09/08,2026/09/10,2026-09,PUT,55250,1,21,,73.34,,3,17,,,,,,,
2026/09/08 13:12,2026-09-08T13:27:09+09:00,2026/09/08,2026/09/10,2026-09,CALL,55000,11490,660,,,,,,,,,,,,
2026/09/08 13:12,2026-09-08T13:27:09+09:00,2026/09/08,2026/09/10,2026-09,PUT,55000,1,5856,562,68.03,,1,274,,,68.15,-1,-50,1,09/08 13:07
2026/09/08 13:12,2026-09-08T13:27:09+09:00,2026/09/08,2026/09/10,2026-09,CALL,54750,11740,90,,,,,,,,,,,,
2026/09/08 13:12,2026-09-08T13:27:09+09:00,2026/09/08,2026/09/10,2026-09,PUT,54750,1,273,6,69.53,,1,2,,,66.42,-1,-50,1,09/08 09:08
2026/09/08 13:12,2026-09-08T13:27:09+09:00,2026/09/08,2026/09/10,2026-09,CALL,54500,11990,200,,,,,,,,,,,,
2026/09/08 13:12,2026-09-08T13:27:09+09:00,2026/09/08,2026/09/10,2026-09,PUT,54500,1,698,9,71.04,,1,39,,,71.09,0,0,1,09/08 12:26
2026/09/08 13:12,2026-09-08T13:27:09+09:00,2026/09/08,2026/09/10,2026-09,CALL,54250,12240,50,,,,,,,,,,,,
2026/09/08 13:12,2026-09-08T13:27:09+09:00,2026/09/08,2026/09/10,2026-09,PUT,54250,1,129,,79.88,,3,17,,,,,,,
2026/09/08 13:12,2026-09-08T13:27:09+09:00,2026/09/08,2026/09/10,2026-09,CALL,54000,12490,1056,,,,,,,,,,,,
2026/09/08 13:12,2026-09-08T13:27:09+09:00,2026/09/08,2026/09/10,2026-09,PUT,54000,1,2829,82,74.06,,1,348,,,74.09,0,0,1,09/08 12:16
2026/09/08 13:12,2026-09-08T13:27:09+09:00,2026/09/08,2026/09/10,2026-09,CALL,53750,12740,150,,,,,,,,,,,,
2026/09/08 13:12,2026-09-08T13:27:09+09:00,2026/09/08,2026/09/10,2026-09,PUT,53750,1,89,12,75.59,,1,45,,,72.89,-8,-88.89,1,09/08 09:07
2026/09/08 13:12,2026-09-08T13:27:09+09:00,2026/09/08,2026/09/10,2026-09,CALL,53500,12990,400,,,,,,,,,,,,
2026/09/08 13:12,2026-09-08T13:27:09+09:00,2026/09/08,2026/09/10,2026-09,PUT,53500,1,991,15,77.11,,1,50,,,74.49,0,0,1,09/07 22:07
2026/09/08 13:12,2026-09-08T13:27:09+09:00,2026/09/08,2026/09/10,2026-09,CALL,53250,13240,,,,,,,,,,,,,
2026/09/08 13:12,2026-09-08T13:27:09+09:00,2026/09/08,2026/09/10,2026-09,PUT,53250,1,61,4,78.64,,1,2,,,76,0,0,1,09/07 22:10
2026/09/08 13:12,2026-09-08T13:27:09+09:00,2026/09/08,2026/09/10,2026-09,CALL,53000,13490,1100,,,,,,,,,,,,
2026/09/08 13:12,2026-09-08T13:27:09+09:00,2026/09/08,2026/09/10,2026-09,PUT,53000,1,2658,57,80.18,,1,169,,,79.51,0,0,1,09/08 10:26
2026/09/08 13:12,2026-09-08T13:27:09+09:00,2026/09/08,2026/09/10,2026-09,CALL,52750,13740,,,,,,,,,,,,,
2026/09/08 13:12,2026-09-08T13:27:09+09:00,2026/09/08,2026/09/10,2026-09,PUT,52750,1,37,2,81.72,,1,55,,,79.14,-4,-80,1,09/07 22:09
2026/09/08 13:12,2026-09-08T13:27:09+09:00,2026/09/08,2026/09/10,2026-09,CALL,52500,13990,,,,,,,,,,,,,
2026/09/08 13:12,2026-09-08T13:27:09+09:00,2026/09/08,2026/09/10,2026-09,PUT,52500,1,884,5,83.27,,1,90,,,80.38,0,0,1,09/07 19:58
2026/09/08 13:12,2026-09-08T13:27:09+09:00,2026/09/08,2026/09/10,2026-09,CALL,52250,14240,,,,,,,,,,,,,
2026/09/08 13:12,2026-09-08T13:27:09+09:00,2026/09/08,2026/09/10,2026-09,PUT,52250,1,66,3,84.83,,1,55,,,82.25,0,0,1,09/07 22:09
2026/09/08 13:12,2026-09-08T13:27:09+09:00,2026/09/08,2026/09/10,2026-09,CALL,52000,14490,350,,,,,,,,,,,,
2026/09/08 13:12,2026-09-08T13:27:09+09:00,2026/09/08,2026/09/10,2026-09,PUT,52000,1,2616,9,86.39,,1,189,,,86.8,0,0,1,09/08 10:08
2026/09/08 13:12,2026-09-08T13:27:09+09:00,2026/09/08,2026/09/10,2026-09,CALL,51750,14740,,,,,,,,,,,,,
2026/09/08 13:12,2026-09-08T13:27:09+09:00,2026/09/08,2026/09/10,2026-09,PUT,51750,1,54,2,87.96,,1,54,,,87.67,0,0,1,09/08 11:09
2026/09/08 13:12,2026-09-08T13:27:09+09:00,2026/09/08,2026/09/10,2026-09,CALL,51500,14990,,,,,,,,,,,,,
2026/09/08 13:12,2026-09-08T13:27:09+09:00,2026/09/08,2026/09/10,2026-09,PUT,51500,1,289,3,89.53,,1,102,,,87.49,0,0,1,09/07 18:36
2026/09/08 13:12,2026-09-08T13:27:09+09:00,2026/09/08,2026/09/10,2026-09,CALL,51250,15240,210,,,,,,,,,,,,
2026/09/08 13:12,2026-09-08T13:27:09+09:00,2026/09/08,2026/09/10,2026-09,PUT,51250,1,222,,91.11,,1,55,,,,,,,
2026/09/08 13:12,2026-09-08T13:27:09+09:00,2026/09/08,2026/09/10,2026-09,CALL,51000,15490,141,,,,,,,,,,,,
2026/09/08 13:12,2026-09-08T13:27:09+09:00,2026/09/08,2026/09/10,2026-09,PUT,51000,1,1451,8,92.69,,1,248,,,93.14,0,0,1,09/08 09:51
2026/09/08 13:12,2026-09-08T13:27:09+09:00,2026/09/08,2026/09/10,2026-09,CALL,50750,15740,,,,,,,,,,,,,
2026/09/08 13:12,2026-09-08T13:27:09+09:00,2026/09/08,2026/09/10,2026-09,PUT,50750,1,175,,94.28,,1,55,,,,,,,
2026/09/08 13:12,2026-09-08T13:27:09+09:00,2026/09/08,2026/09/10,2026-09,CALL,50500,15990,50,,,,,,,,,,,,
2026/09/08 13:12,2026-09-08T13:27:09+09:00,2026/09/08,2026/09/10,2026-09,PUT,50500,1,1578,1,95.88,,1,162,,,94.26,0,0,1,09/07 17:40
2026/09/08 13:12,2026-09-08T13:27:09+09:00,2026/09/08,2026/09/10,2026-09,CALL,50250,16240,,,,,,,,,,,,,
2026/09/08 13:12,2026-09-08T13:27:09+09:00,2026/09/08,2026/09/10,2026-09,PUT,50250,1,143,,97.49,,1,60,,,,,,,
2026/09/08 13:12,2026-09-08T13:27:09+09:00,2026/09/08,2026/09/10,2026-09,CALL,50000,16490,3450,,,,,,,,,,,,
2026/09/08 13:12,2026-09-08T13:27:09+09:00,2026/09/08,2026/09/10,2026-09,PUT,50000,1,8726,17,99.1,,1,416,,,99.5,0,0,1,09/08 10:03
2026/09/08 13:12,2026-09-08T13:27:09+09:00,2026/09/08,2026/09/10,2026-09,CALL,49750,16740,,,,,,,,,,,,,
2026/09/08 13:12,2026-09-08T13:27:09+09:00,2026/09/08,2026/09/10,2026-09,PUT,49750,1,173,7,100.72,,1,60,,,97.86,0,0,1,09/07 19:59
2026/09/08 13:12,2026-09-08T13:27:09+09:00,2026/09/08,2026/09/10,2026-09,CALL,49500,16990,,,,,,,,,,,,,
2026/09/08 13:12,2026-09-08T13:27:09+09:00,2026/09/08,2026/09/10,2026-09,PUT,49500,1,274,12,102.34,,1,167,,,102.6,0,0,1,09/08 09:49
2026/09/08 13:12,2026-09-08T13:27:09+09:00,2026/09/08,2026/09/10,2026-09,CALL,49250,17240,,,,,,,,,,,,,
2026/09/08 13:12,2026-09-08T13:27:09+09:00,2026/09/08,2026/09/10,2026-09,PUT,49250,1,216,,103.97,,1,160,,,,,,,
2026/09/08 13:12,2026-09-08T13:27:09+09:00,2026/09/08,2026/09/10,2026-09,CALL,49000,17490,200,,,,,,,,,,,,
2026/09/08 13:12,2026-09-08T13:27:09+09:00,2026/09/08,2026/09/10,2026-09,PUT,49000,1,2286,7,105.61,,1,219,,,105.33,0,0,1,09/08 11:10
2026/09/08 13:12,2026-09-08T13:27:09+09:00,2026/09/08,2026/09/10,2026-09,CALL,48750,17740,,,,,,,,,,,,,
2026/09/08 13:12,2026-09-08T13:27:09+09:00,2026/09/08,2026/09/10,2026-09,PUT,48750,1,153,1,107.26,,1,159,,,106.03,0,0,1,09/08 09:24
2026/09/08 13:12,2026-09-08T13:27:09+09:00,2026/09/08,2026/09/10,2026-09,CALL,48500,17990,240,,,,,,,,,,,,
2026/09/08 13:12,2026-09-08T13:27:09+09:00,2026/09/08,2026/09/10,2026-09,PUT,48500,1,770,3,108.91,,1,166,,,105.6,0,0,1,09/07 21:44
2026/09/08 13:12,2026-09-08T13:27:09+09:00,2026/09/08,2026/09/10,2026-09,CALL,48250,18240,,,,,,,,,,,,,
2026/09/08 13:12,2026-09-08T13:27:09+09:00,2026/09/08,2026/09/10,2026-09,PUT,48250,1,124,,110.57,,1,160,,,,,,,
2026/09/08 13:12,2026-09-08T13:27:09+09:00,2026/09/08,2026/09/10,2026-09,CALL,48000,18490,400,,,,,,,,,,,,
2026/09/08 13:12,2026-09-08T13:27:09+09:00,2026/09/08,2026/09/10,2026-09,PUT,48000,1,2994,7,112.24,,1,225,,,110.97,0,0,1,09/08 09:20
2026/09/08 13:12,2026-09-08T13:27:09+09:00,2026/09/08,2026/09/10,2026-09,CALL,47750,18740,,,,,,,,,,,,,
2026/09/08 13:12,2026-09-08T13:27:09+09:00,2026/09/08,2026/09/10,2026-09,PUT,47750,1,137,,113.91,,1,160,,,,,,,
2026/09/08 13:12,2026-09-08T13:27:09+09:00,2026/09/08,2026/09/10,2026-09,CALL,47500,18990,,,,,,,,,,,,,
2026/09/08 13:12,2026-09-08T13:27:09+09:00,2026/09/08,2026/09/10,2026-09,PUT,47500,1,1065,,115.6,,1,163,,,,,,,
2026/09/08 13:12,2026-09-08T13:27:09+09:00,2026/09/08,2026/09/10,2026-09,CALL,47250,19240,,,,,,,,,,,,,
2026/09/08 13:12,2026-09-08T13:27:09+09:00,2026/09/08,2026/09/10,2026-09,PUT,47250,1,225,,117.29,,1,160,,,,,,,
2026/09/08 13:12,2026-09-08T13:27:09+09:00,2026/09/08,2026/09/10,2026-09,CALL,47000,19490,,,,,,,,,,,,,
2026/09/08 13:12,2026-09-08T13:27:09+09:00,2026/09/08,2026/09/10,2026-09,PUT,47000,1,1234,29,118.99,,1,249,,,118.87,0,0,1,09/08 12:14
2026/09/08 13:12,2026-09-08T13:27:09+09:00,2026/09/08,2026/09/10,2026-09,CALL,46750,19740,,,,,,,,,,,,,
2026/09/08 13:12,2026-09-08T13:27:09+09:00,2026/09/08,2026/09/10,2026-09,PUT,46750,1,68,,120.69,,1,110,,,,,,,
2026/09/08 13:12,2026-09-08T13:27:09+09:00,2026/09/08,2026/09/10,2026-09,CALL,46500,19990,,,,,,,,,,,,,
2026/09/08 13:12,2026-09-08T13:27:09+09:00,2026/09/08,2026/09/10,2026-09,PUT,46500,1,439,3,122.41,,1,138,,,121.61,0,0,1,09/08 09:42
2026/09/08 13:12,2026-09-08T13:27:09+09:00,2026/09/08,2026/09/10,2026-09,CALL,46250,20240,,,,,,,,,,,,,
2026/09/08 13:12,2026-09-08T13:27:09+09:00,2026/09/08,2026/09/10,2026-09,PUT,46250,1,68,,124.13,,1,110,,,,,,,
2026/09/08 13:12,2026-09-08T13:27:09+09:00,2026/09/08,2026/09/10,2026-09,CALL,46000,20490,,,,,,,,,,,,,
2026/09/08 13:12,2026-09-08T13:27:09+09:00,2026/09/08,2026/09/10,2026-09,PUT,46000,1,1868,15,125.86,,1,182,,,125.82,0,0,1,09/08 12:15
2026/09/08 13:12,2026-09-08T13:27:09+09:00,2026/09/08,2026/09/10,2026-09,CALL,45750,20740,,,,,,,,,,,,,
2026/09/08 13:12,2026-09-08T13:27:09+09:00,2026/09/08,2026/09/10,2026-09,PUT,45750,1,60,,127.6,,1,110,,,,,,,
2026/09/08 13:12,2026-09-08T13:27:09+09:00,2026/09/08,2026/09/10,2026-09,CALL,45500,20990,,,,,,,,,,,,,
2026/09/08 13:12,2026-09-08T13:27:09+09:00,2026/09/08,2026/09/10,2026-09,PUT,45500,1,160,1,129.35,,1,113,,,127,0,0,1,09/07 19:42
2026/09/08 13:12,2026-09-08T13:27:09+09:00,2026/09/08,2026/09/10,2026-09,CALL,45250,21240,,,,,,,,,,,,,
2026/09/08 13:12,2026-09-08T13:27:09+09:00,2026/09/08,2026/09/10,2026-09,PUT,45250,1,108,,131.11,,1,110,,,,,,,
2026/09/08 13:12,2026-09-08T13:27:09+09:00,2026/09/08,2026/09/10,2026-09,CALL,45000,21490,42,,,,,,,,,,,,
2026/09/08 13:12,2026-09-08T13:27:09+09:00,2026/09/08,2026/09/10,2026-09,PUT,45000,1,2540,20,132.87,,1,222,,,132.83,0,0,1,09/08 12:15
2026/09/08 13:12,2026-09-08T13:27:09+09:00,2026/09/08,2026/09/10,2026-09,CALL,44750,21740,,,,,,,,,,,,,
2026/09/08 13:12,2026-09-08T13:27:09+09:00,2026/09/08,2026/09/10,2026-09,PUT,44750,1,36,,134.65,,1,110,,,,,,,
2026/09/08 13:12,2026-09-08T13:27:09+09:00,2026/09/08,2026/09/10,2026-09,CALL,44500,21990,,,,,,,,,,,,,
2026/09/08 13:12,2026-09-08T13:27:09+09:00,2026/09/08,2026/09/10,2026-09,PUT,44500,1,212,,136.43,,1,113,,,,,,,
2026/09/08 13:12,2026-09-08T13:27:09+09:00,2026/09/08,2026/09/10,2026-09,CALL,44250,22240,,,,,,,,,,,,,
2026/09/08 13:12,2026-09-08T13:27:09+09:00,2026/09/08,2026/09/10,2026-09,PUT,44250,1,33,,138.23,,1,110,,,,,,,
2026/09/08 13:12,2026-09-08T13:27:09+09:00,2026/09/08,2026/09/10,2026-09,CALL,44000,22490,,,,,,,,,,,,,
2026/09/08 13:12,2026-09-08T13:27:09+09:00,2026/09/08,2026/09/10,2026-09,PUT,44000,1,1479,11,140.03,,1,227,,,139.15,0,0,1,09/08 12:01
2026/09/08 13:12,2026-09-08T13:27:09+09:00,2026/09/08,2026/09/10,2026-09,CALL,43750,22740,,,,,,,,,,,,,
2026/09/08 13:12,2026-09-08T13:27:09+09:00,2026/09/08,2026/09/10,2026-09,PUT,43750,1,16,,141.84,,1,115,,,,,,,
2026/09/08 13:12,2026-09-08T13:27:09+09:00,2026/09/08,2026/09/10,2026-09,CALL,43500,22990,57,,,,,,,,,,,,
2026/09/08 13:12,2026-09-08T13:27:09+09:00,2026/09/08,2026/09/10,2026-09,PUT,43500,1,887,,143.66,,1,113,,,,,,,
2026/09/08 13:12,2026-09-08T13:27:09+09:00,2026/09/08,2026/09/10,2026-09,CALL,43250,23240,,,,,,,,,,,,,
2026/09/08 13:12,2026-09-08T13:27:09+09:00,2026/09/08,2026/09/10,2026-09,PUT,43250,1,110,,145.49,,1,110,,,,,,,
2026/09/08 13:12,2026-09-08T13:27:09+09:00,2026/09/08,2026/09/10,2026-09,CALL,43000,23490,100,,,,,,,,,,,,
2026/09/08 13:12,2026-09-08T13:27:09+09:00,2026/09/08,2026/09/10,2026-09,PUT,43000,1,1382,14,147.33,,1,431,,,146.45,0,0,1,09/08 12:01
2026/09/08 13:12,2026-09-08T13:27:09+09:00,2026/09/08,2026/09/10,2026-09,CALL,42750,23740,,,,,,,,,,,,,
2026/09/08 13:12,2026-09-08T13:27:09+09:00,2026/09/08,2026/09/10,2026-09,PUT,42750,1,23,,149.18,,1,15,,,,,,,
2026/09/08 13:12,2026-09-08T13:27:09+09:00,2026/09/08,2026/09/10,2026-09,CALL,42500,23990,10,,,,,,,,,,,,
2026/09/08 13:12,2026-09-08T13:27:09+09:00,2026/09/08,2026/09/10,2026-09,PUT,42500,1,81,,151.04,,1,18,,,,,,,
2026/09/08 13:12,2026-09-08T13:27:09+09:00,2026/09/08,2026/09/10,2026-09,CALL,42250,24240,,,,,,,,,,,,,
2026/09/08 13:12,2026-09-08T13:27:09+09:00,2026/09/08,2026/09/10,2026-09,PUT,42250,1,24,,152.91,,1,15,,,,,,,
2026/09/08 13:12,2026-09-08T13:27:09+09:00,2026/09/08,2026/09/10,2026-09,CALL,42000,24490,101,,,,,,,,,,,,
2026/09/08 13:12,2026-09-08T13:27:09+09:00,2026/09/08,2026/09/10,2026-09,PUT,42000,1,2526,2,154.79,,1,174,,,154.22,0,0,1,09/08 11:41
2026/09/08 13:12,2026-09-08T13:27:09+09:00,2026/09/08,2026/09/10,2026-09,CALL,41750,24740,,,,,,,,,,,,,
2026/09/08 13:12,2026-09-08T13:27:09+09:00,2026/09/08,2026/09/10,2026-09,PUT,41750,1,17,,156.68,,1,15,,,,,,,
2026/09/08 13:12,2026-09-08T13:27:09+09:00,2026/09/08,2026/09/10,2026-09,CALL,41500,24990,,,,,,,,,,,,,
2026/09/08 13:12,2026-09-08T13:27:09+09:00,2026/09/08,2026/09/10,2026-09,PUT,41500,1,65,,158.58,,1,20,,,,,,,
2026/09/08 13:12,2026-09-08T13:27:09+09:00,2026/09/08,2026/09/10,2026-09,CALL,41250,25240,,,,,,,,,,,,,
2026/09/08 13:12,2026-09-08T13:27:09+09:00,2026/09/08,2026/09/10,2026-09,PUT,41250,1,31,2,160.5,,1,16,,,158.52,0,0,1,09/07 18:26
2026/09/08 13:12,2026-09-08T13:27:09+09:00,2026/09/08,2026/09/10,2026-09,CALL,41000,25490,,,,,,,,,,,,,
2026/09/08 13:12,2026-09-08T13:27:09+09:00,2026/09/08,2026/09/10,2026-09,PUT,41000,1,1012,,162.42,,1,66,,,,,,,
2026/09/08 13:12,2026-09-08T13:27:09+09:00,2026/09/08,2026/09/10,2026-09,CALL,40750,25740,,,,,,,,,,,,,
2026/09/08 13:12,2026-09-08T13:27:09+09:00,2026/09/08,2026/09/10,2026-09,PUT,40750,1,49,,164.35,,1,18,,,,,,,
2026/09/08 13:12,2026-09-08T13:27:09+09:00,2026/09/08,2026/09/10,2026-09,CALL,40500,25990,,,,,,,,,,,,,
2026/09/08 13:12,2026-09-08T13:27:09+09:00,2026/09/08,2026/09/10,2026-09,PUT,40500,1,181,,166.3,,1,20,,,,,,,
2026/09/08 13:12,2026-09-08T13:27:09+09:00,2026/09/08,2026/09/10,2026-09,CALL,40250,26240,,,,,,,,,,,,,
2026/09/08 13:12,2026-09-08T13:27:09+09:00,2026/09/08,2026/09/10,2026-09,PUT,40250,1,30,,168.26,,1,18,,,,,,,
2026/09/08 13:12,2026-09-08T13:27:09+09:00,2026/09/08,2026/09/10,2026-09,CALL,40000,26490,5,,,,,,,,,,,,
2026/09/08 13:12,2026-09-08T13:27:09+09:00,2026/09/08,2026/09/10,2026-09,PUT,40000,1,5021,,170.22,,1,152,,,,,,,
2026/09/08 13:12,2026-09-08T13:27:09+09:00,2026/09/08,2026/09/10,2026-09,CALL,39750,26740,,,,,,,,,,,,,
2026/09/08 13:12,2026-09-08T13:27:09+09:00,2026/09/08,2026/09/10,2026-09,PUT,39750,1,11,,172.2,,1,18,,,,,,,
2026/09/08 13:12,2026-09-08T13:27:09+09:00,2026/09/08,2026/09/10,2026-09,CALL,39500,26990,,,,,,,,,,,,,
2026/09/08 13:12,2026-09-08T13:27:09+09:00,2026/09/08,2026/09/10,2026-09,PUT,39500,1,310,1,174.2,,1,20,,,173.38,0,0,1,09/08 09:37
2026/09/08 13:12,2026-09-08T13:27:09+09:00,2026/09/08,2026/09/10,2026-09,CALL,39250,27240,,,,,,,,,,,,,
2026/09/08 13:12,2026-09-08T13:27:09+09:00,2026/09/08,2026/09/10,2026-09,PUT,39250,1,166,,176.2,,1,18,,,,,,,
2026/09/08 13:12,2026-09-08T13:27:09+09:00,2026/09/08,2026/09/10,2026-09,CALL,39000,27490,,,,,,,,,,,,,
2026/09/08 13:12,2026-09-08T13:27:09+09:00,2026/09/08,2026/09/10,2026-09,PUT,39000,1,201,,178.22,,1,41,,,,,,,
2026/09/08 13:12,2026-09-08T13:27:09+09:00,2026/09/08,2026/09/10,2026-09,CALL,38750,27740,,,,,,,,,,,,,
2026/09/08 13:12,2026-09-08T13:27:09+09:00,2026/09/08,2026/09/10,2026-09,PUT,38750,1,14,,180.24,,1,20,,,,,,,
2026/09/08 13:12,2026-09-08T13:27:09+09:00,2026/09/08,2026/09/10,2026-09,CALL,38500,27990,,,,,,,,,,,,,
2026/09/08 13:12,2026-09-08T13:27:09+09:00,2026/09/08,2026/09/10,2026-09,PUT,38500,1,157,,182.28,,1,20,,,,,,,
2026/09/08 13:12,2026-09-08T13:27:09+09:00,2026/09/08,2026/09/10,2026-09,CALL,38250,28240,,,,,,,,,,,,,
2026/09/08 13:12,2026-09-08T13:27:09+09:00,2026/09/08,2026/09/10,2026-09,PUT,38250,1,21,1,184.34,,1,19,,,184.56,,,1,09/08 10:05
2026/09/08 13:12,2026-09-08T13:27:09+09:00,2026/09/08,2026/09/10,2026-09,CALL,38000,28490,,,,,,,,,,,,,
2026/09/08 13:12,2026-09-08T13:27:09+09:00,2026/09/08,2026/09/10,2026-09,PUT,38000,1,980,,186.4,,1,29,,,,,,,
2026/09/08 13:12,2026-09-08T13:27:09+09:00,2026/09/08,2026/09/10,2026-09,CALL,37750,28740,,,,,,,,,,,,,
2026/09/08 13:12,2026-09-08T13:27:09+09:00,2026/09/08,2026/09/10,2026-09,PUT,37750,1,6,,188.48,,1,20,,,,,,,
2026/09/08 13:12,2026-09-08T13:27:09+09:00,2026/09/08,2026/09/10,2026-09,CALL,37500,28990,,,,,,,,,,,,,
2026/09/08 13:12,2026-09-08T13:27:09+09:00,2026/09/08,2026/09/10,2026-09,PUT,37500,1,11,,190.57,,1,23,,,,,,,
2026/09/08 13:12,2026-09-08T13:27:09+09:00,2026/09/08,2026/09/10,2026-09,CALL,37250,29240,,,,,,,,,,,,,
2026/09/08 13:12,2026-09-08T13:27:09+09:00,2026/09/08,2026/09/10,2026-09,PUT,37250,1,1,,192.68,,1,20,,,,,,,
2026/09/08 13:12,2026-09-08T13:27:09+09:00,2026/09/08,2026/09/10,2026-09,CALL,37000,29490,1,,,,,,,,,,,,
2026/09/08 13:12,2026-09-08T13:27:09+09:00,2026/09/08,2026/09/10,2026-09,PUT,37000,1,603,,194.8,,1,31,,,,,,,
2026/09/08 13:12,2026-09-08T13:27:09+09:00,2026/09/08,2026/09/10,2026-09,CALL,36750,29740,,,,,,,,,,,,,
2026/09/08 13:12,2026-09-08T13:27:09+09:00,2026/09/08,2026/09/10,2026-09,PUT,36750,1,69,,196.93,,1,20,,,,,,,
2026/09/08 13:12,2026-09-08T13:27:09+09:00,2026/09/08,2026/09/10,2026-09,CALL,36500,29990,,,,,,,,,,,,,
2026/09/08 13:12,2026-09-08T13:27:09+09:00,2026/09/08,2026/09/10,2026-09,PUT,36500,1,39,,199.08,,1,23,,,,,,,
2026/09/08 13:12,2026-09-08T13:27:09+09:00,2026/09/08,2026/09/10,2026-09,CALL,36250,30240,,,,,,,,,,,,,
2026/09/08 13:12,2026-09-08T13:27:09+09:00,2026/09/08,2026/09/10,2026-09,PUT,36250,1,5,,201.24,,1,20,,,,,,,
2026/09/08 13:12,2026-09-08T13:27:09+09:00,2026/09/08,2026/09/10,2026-09,CALL,36000,30490,,,,,,,,,,,,,
2026/09/08 13:12,2026-09-08T13:27:09+09:00,2026/09/08,2026/09/10,2026-09,PUT,36000,1,286,,203.42,,1,53,,,,,,,
2026/09/08 13:12,2026-09-08T13:27:09+09:00,2026/09/08,2026/09/10,2026-09,CALL,35750,30740,,,,,,,,,,,,,
2026/09/08 13:12,2026-09-08T13:27:09+09:00,2026/09/08,2026/09/10,2026-09,PUT,35750,1,52,,205.61,,1,30,,,,,,,
2026/09/08 13:12,2026-09-08T13:27:09+09:00,2026/09/08,2026/09/10,2026-09,CALL,35500,30990,,,,,,,,,,,,,
2026/09/08 13:12,2026-09-08T13:27:09+09:00,2026/09/08,2026/09/10,2026-09,PUT,35500,1,20,,207.81,,1,36,,,,,,,
2026/09/08 13:12,2026-09-08T13:27:09+09:00,2026/09/08,2026/09/10,2026-09,CALL,35250,31240,,,,,,,,,,,,,
2026/09/08 13:12,2026-09-08T13:27:09+09:00,2026/09/08,2026/09/10,2026-09,PUT,35250,1,8,,210.03,,1,30,,,,,,,
2026/09/08 13:12,2026-09-08T13:27:09+09:00,2026/09/08,2026/09/10,2026-09,CALL,35000,31490,,,,,,,,,,,,,
2026/09/08 13:12,2026-09-08T13:27:09+09:00,2026/09/08,2026/09/10,2026-09,PUT,35000,1,3893,,212.27,,1,145,,,,,,,
2026/09/08 13:12,2026-09-08T13:27:09+09:00,2026/09/08,2026/09/10,2026-09,CALL,34750,31740,,,,,,,,,,,,,
2026/09/08 13:12,2026-09-08T13:27:09+09:00,2026/09/08,2026/09/10,2026-09,PUT,34750,1,69,,214.52,,1,10,,,,,,,
2026/09/08 13:12,2026-09-08T13:27:09+09:00,2026/09/08,2026/09/10,2026-09,CALL,34500,31990,,,,,,,,,,,,,
2026/09/08 13:12,2026-09-08T13:27:09+09:00,2026/09/08,2026/09/10,2026-09,PUT,34500,1,35,,216.79,,1,33,,,,,,,
2026/09/08 13:12,2026-09-08T13:27:09+09:00,2026/09/08,2026/09/10,2026-09,CALL,34250,32240,,,,,,,,,,,,,
2026/09/08 13:12,2026-09-08T13:27:09+09:00,2026/09/08,2026/09/10,2026-09,PUT,34250,1,2,,219.07,,1,30,,,,,,,
2026/09/08 13:12,2026-09-08T13:27:09+09:00,2026/09/08,2026/09/10,2026-09,CALL,34000,32490,,,,,,,,,,,,,
2026/09/08 13:12,2026-09-08T13:27:09+09:00,2026/09/08,2026/09/10,2026-09,PUT,34000,1,180,,221.37,,1,39,,,,,,,
2026/09/08 13:12,2026-09-08T13:27:09+09:00,2026/09/08,2026/09/10,2026-09,CALL,33750,32740,,,,,,,,,,,,,
2026/09/08 13:12,2026-09-08T13:27:09+09:00,2026/09/08,2026/09/10,2026-09,PUT,33750,1,4,,223.68,,1,26,,,,,,,
2026/09/08 13:12,2026-09-08T13:27:09+09:00,2026/09/08,2026/09/10,2026-09,CALL,33500,32990,,,,,,,,,,,,,
2026/09/08 13:12,2026-09-08T13:27:09+09:00,2026/09/08,2026/09/10,2026-09,PUT,33500,1,31,,226.02,,1,32,,,,,,,
2026/09/08 13:12,2026-09-08T13:27:09+09:00,2026/09/08,2026/09/10,2026-09,CALL,33250,33240,,,,,,,,,,,,,
2026/09/08 13:12,2026-09-08T13:27:09+09:00,2026/09/08,2026/09/10,2026-09,PUT,33250,1,1,,228.37,,1,29,,,,,,,
2026/09/08 13:12,2026-09-08T13:27:09+09:00,2026/09/08,2026/09/10,2026-09,CALL,33000,33490,,,,,,,,,,,,,
2026/09/08 13:12,2026-09-08T13:27:09+09:00,2026/09/08,2026/09/10,2026-09,PUT,33000,1,502,,230.73,,1,63,,,,,,,
2026/09/08 13:12,2026-09-08T13:27:09+09:00,2026/09/08,2026/09/10,2026-09,CALL,32750,33740,,,,,,,,,,,,,
2026/09/08 13:12,2026-09-08T13:27:09+09:00,2026/09/08,2026/09/10,2026-09,PUT,32750,1,9,,233.12,,1,30,,,,,,,
2026/09/08 13:12,2026-09-08T13:27:09+09:00,2026/09/08,2026/09/10,2026-09,CALL,32500,33990,,,,,,,,,,,,,
2026/09/08 13:12,2026-09-08T13:27:09+09:00,2026/09/08,2026/09/10,2026-09,PUT,32500,1,34,,235.52,,1,33,,,,,,,
2026/09/08 13:12,2026-09-08T13:27:09+09:00,2026/09/08,2026/09/10,2026-09,CALL,32250,34240,,,,,,,,,,,,,
2026/09/08 13:12,2026-09-08T13:27:09+09:00,2026/09/08,2026/09/10,2026-09,PUT,32250,1,4,1,237.94,,1,29,,,237.27,,,1,09/08 09:33
2026/09/08 13:12,2026-09-08T13:27:09+09:00,2026/09/08,2026/10/08,2026-10,CALL,90000,1,100,10,33.83,32.04,2,91,1,1,31.95,,,1,09/08 12:40
2026/09/08 13:12,2026-09-08T13:27:09+09:00,2026/09/08,2026/10/08,2026-10,PUT,90000,23810,,,,,,,,,,,,,
2026/09/08 13:12,2026-09-08T13:27:09+09:00,2026/09/08,2026/10/08,2026-10,CALL,87500,2,114,12,30.99,29.34,2,36,1,73,30.91,1,100,2,09/08 10:09
2026/09/08 13:12,2026-09-08T13:27:09+09:00,2026/09/08,2026/10/08,2026-10,PUT,87500,21315,,,,,,,,,,,,,
2026/09/08 13:12,2026-09-08T13:27:09+09:00,2026/09/08,2026/10/08,2026-10,CALL,85000,2,160,63,30.45,28.05,5,1,2,61,29.79,2,100,4,09/08 13:08
2026/09/08 13:12,2026-09-08T13:27:09+09:00,2026/09/08,2026/10/08,2026-10,PUT,85000,18820,26,,,,,,,,,,,,
2026/09/08 13:12,2026-09-08T13:27:09+09:00,2026/09/08,2026/10/08,2026-10,CALL,84500,3,,2,29.81,27.44,5,1,2,33,29.31,,,4,09/08 12:10
2026/09/08 13:12,2026-09-08T13:27:09+09:00,2026/09/08,2026/10/08,2026-10,PUT,84500,18320,,,,,,,,,,,,,
2026/09/08 13:12,2026-09-08T13:27:09+09:00,2026/09/08,2026/10/08,2026-10,CALL,84000,4,18,42,29.69,28.55,6,1,4,60,29.06,2,66.67,5,09/08 12:39
2026/09/08 13:12,2026-09-08T13:27:09+09:00,2026/09/08,2026/10/08,2026-10,PUT,84000,17820,,,,,,,,,,,,,
2026/09/08 13:12,2026-09-08T13:27:09+09:00,2026/09/08,2026/10/08,2026-10,CALL,83500,5,9,,30.92,27.17,11,15,3,15,,,,,
2026/09/08 13:12,2026-09-08T13:27:09+09:00,2026/09/08,2026/10/08,2026-10,PUT,83500,17325,,,,,,,,,,,,,
2026/09/08 13:12,2026-09-08T13:27:09+09:00,2026/09/08,2026/10/08,2026-10,CALL,83000,5,51,35,29.56,28.8,9,2,7,1,28.98,3,75,7,09/08 11:41
2026/09/08 13:12,2026-09-08T13:27:09+09:00,2026/09/08,2026/10/08,2026-10,PUT,83000,16825,,,,,,,,,,,,,
2026/09/08 13:12,2026-09-08T13:27:09+09:00,2026/09/08,2026/10/08,2026-10,CALL,82500,6,1,5,29.5,28.11,11,18,7,15,28.49,,,8,09/08 12:44
2026/09/08 13:12,2026-09-08T13:27:09+09:00,2026/09/08,2026/10/08,2026-10,PUT,82500,16325,,,,,,,,,,,,,
2026/09/08 13:12,2026-09-08T13:27:09+09:00,2026/09/08,2026/10/08,2026-10,CALL,82000,6,183,23,29.34,27.8,13,27,8,60,28.58,4,66.67,10,09/08 12:12
2026/09/08 13:12,2026-09-08T13:27:09+09:00,2026/09/08,2026/10/08,2026-10,PUT,82000,15825,,,,,,,,,,,,,
2026/09/08 13:12,2026-09-08T13:27:09+09:00,2026/09/08,2026/10/08,2026-10,CALL,81500,8,2,,29.31,27.44,16,12,9,6,,,,,
2026/09/08 13:12,2026-09-08T13:27:09+09:00,2026/09/08,2026/10/08,2026-10,PUT,81500,15330,,,,,,,,,,,,,
2026/09/08 13:12,2026-09-08T13:27:09+09:00,2026/09/08,2026/10/08,2026-10,CALL,81000,9,520,22,28.55,27.6,16,2,12,33,28.33,7,87.5,15,09/08 13:09
2026/09/08 13:12,2026-09-08T13:27:09+09:00,2026/09/08,2026/10/08,2026-10,PUT,81000,14830,,,,,,,,,,,,,
2026/09/08 13:12,2026-09-08T13:27:09+09:00,2026/09/08,2026/10/08,2026-10,CALL,80500,12,10,5,28.38,27.34,19,18,14,24,26.91,0,0,12,09/08 09:48
2026/09/08 13:12,2026-09-08T13:27:09+09:00,2026/09/08,2026/10/08,2026-10,PUT,80500,14335,,,,,,,,,,,,,
2026/09/08 13:12,2026-09-08T13:27:09+09:00,2026/09/08,2026/10/08,2026-10,CALL,80000,12,1861,683,28.11,27.77,22,10,20,100,27.9,9,75,21,09/08 13:04
2026/09/08 13:12,2026-09-08T13:27:09+09:00,2026/09/08,2026/10/08,2026-10,PUT,80000,13835,,,,,,,,,,,,,
2026/09/08 13:12,2026-09-08T13:27:09+09:00,2026/09/08,2026/10/08,2026-10,CALL,79500,17,4,,28.2,27.14,28,4,21,6,,,,,
2026/09/08 13:12,2026-09-08T13:27:09+09:00,2026/09/08,2026/10/08,2026-10,PUT,79500,13340,,,,,,,,,,,,,
2026/09/08 13:12,2026-09-08T13:27:09+09:00,2026/09/08,2026/10/08,2026-10,CALL,79000,18,107,2,27.63,26.95,30,24,25,30,27.56,11,68.75,27,09/08 11:43
2026/09/08 13:12,2026-09-08T13:27:09+09:00,2026/09/08,2026/10/08,2026-10,PUT,79000,12840,1,,,,,,,,,,,,
2026/09/08 13:12,2026-09-08T13:27:09+09:00,2026/09/08,2026/10/08,2026-10,CALL,78500,22,10,6,27.7,26.78,38,21,30,22,27.37,13,59.09,35,09/08 13:09
2026/09/08 13:12,2026-09-08T13:27:09+09:00,2026/09/08,2026/10/08,2026-10,PUT,78500,12345,,,,,,,,,,,,,
2026/09/08 13:12,2026-09-08T13:27:09+09:00,2026/09/08,2026/10/08,2026-10,CALL,78000,26,703,19,27.23,26.82,42,1,38,21,27.11,15,57.69,41,09/08 12:53
2026/09/08 13:12,2026-09-08T13:27:09+09:00,2026/09/08,2026/10/08,2026-10,PUT,78000,11850,,,,,,,,,,,,,
2026/09/08 13:12,2026-09-08T13:27:09+09:00,2026/09/08,2026/10/08,2026-10,CALL,77500,34,113,5,27.14,26.52,51,14,44,14,25.88,8,25,40,09/08 09:56
2026/09/08 13:12,2026-09-08T13:27:09+09:00,2026/09/08,2026/10/08,2026-10,PUT,77500,11360,,,,,,,,,,,,,
2026/09/08 13:12,2026-09-08T13:27:09+09:00,2026/09/08,2026/10/08,2026-10,CALL,77000,41,1249,21,26.92,26.45,60,1,54,21,26.72,21,56.76,58,09/08 12:43
2026/09/08 13:12,2026-09-08T13:27:09+09:00,2026/09/08,2026/10/08,2026-10,PUT,77000,10865,,,,,,,,,,,,,
2026/09/08 13:12,2026-09-08T13:27:09+09:00,2026/09/08,2026/10/08,2026-10,CALL,76500,50,13,,26.98,26.45,75,42,67,12,,,,,
2026/09/08 13:12,2026-09-08T13:27:09+09:00,2026/09/08,2026/10/08,2026-10,PUT,76500,10375,,,,,,,,,,,,,
2026/09/08 13:12,2026-09-08T13:27:09+09:00,2026/09/08,2026/10/08,2026-10,CALL,76250,57,8,,26.91,26.28,82,24,72,7,,,,,
2026/09/08 13:12,2026-09-08T13:27:09+09:00,2026/09/08,2026/10/08,2026-10,PUT,76250,10135,,,,,,,,,,,,,
2026/09/08 13:12,2026-09-08T13:27:09+09:00,2026/09/08,2026/10/08,2026-10,CALL,76000,61,1070,28,26.74,26.28,88,1,80,15,26.6,27,44.26,88,09/08 12:39
2026/09/08 13:12,2026-09-08T13:27:09+09:00,2026/09/08,2026/10/08,2026-10,PUT,76000,9890,,,,,,,,,,,,,
2026/09/08 13:12,2026-09-08T13:27:09+09:00,2026/09/08,2026/10/08,2026-10,CALL,75750,70,5,2,27.28,26.17,108,22,87,6,26.55,,,91,09/08 10:33
2026/09/08 13:12,2026-09-08T13:27:09+09:00,2026/09/08,2026/10/08,2026-10,PUT,75750,9645,,,,,,,,,,,,,
2026/09/08 13:12,2026-09-08T13:27:09+09:00,2026/09/08,2026/10/08,2026-10,CALL,75500,75,9,17,26.7,26.14,107,26,96,11,26.09,25,35.21,96,09/08 12:20
2026/09/08 13:12,2026-09-08T13:27:09+09:00,2026/09/08,2026/10/08,2026-10,PUT,75500,9400,,,,,,,,,,,,,
2026/09/08 13:12,2026-09-08T13:27:09+09:00,2026/09/08,2026/10/08,2026-10,CALL,75250,85,2,,26.87,26.11,122,2,106,22,,,,,
2026/09/08 13:12,2026-09-08T13:27:09+09:00,2026/09/08,2026/10/08,2026-10,PUT,75250,9160,,,,,,,,,,,,,
2026/09/08 13:12,2026-09-08T13:27:09+09:00,2026/09/08,2026/10/08,2026-10,CALL,75000,88,1645,199,26.32,26.23,122,1,120,10,26.27,33,37.5,121,09/08 13:10
2026/09/08 13:12,2026-09-08T13:27:09+09:00,2026/09/08,2026/10/08,2026-10,PUT,75000,8920,,,36.41,,9170,18,8670,18,,,,,
2026/09/08 13:12,2026-09-08T13:27:09+09:00,2026/09/08,2026/10/08,2026-10,CALL,74750,105,2,3,26.89,25.98,149,2,127,2,25.49,34,52.31,99,09/08 09:23
2026/09/08 13:12,2026-09-08T13:27:09+09:00,2026/09/08,2026/10/08,2026-10,PUT,74750,8685,,,36.09,,8935,7,8435,7,,,,,
2026/09/08 13:12,2026-09-08T13:27:09+09:00,2026/09/08,2026/10/08,2026-10,CALL,74500,112,68,11,26.31,26.12,149,1,144,7,25.92,34,32.38,139,09/08 13:01
2026/09/08 13:12,2026-09-08T13:27:09+09:00,2026/09/08,2026/10/08,2026-10,PUT,74500,8440,,,35.52,,8690,12,8190,12,,,,,
2026/09/08 13:12,2026-09-08T13:27:09+09:00,2026/09/08,2026/10/08,2026-10,CALL,74250,123,10,1,26.48,26,169,13,156,16,25.49,,,120,09/07 17:37
2026/09/08 13:12,2026-09-08T13:27:09+09:00,2026/09/08,2026/10/08,2026-10,PUT,74250,8200,,,34.6,,8430,6,7950,7,,,,,
2026/09/08 13:12,2026-09-08T13:27:09+09:00,2026/09/08,2026/10/08,2026-10,CALL,74000,138,525,78,26.24,26.06,179,1,174,10,25.92,41,31.54,171,09/08 13:07
2026/09/08 13:12,2026-09-08T13:27:09+09:00,2026/09/08,2026/10/08,2026-10,PUT,74000,7970,,,34.81,0,8220,18,7720,18,,,,,
2026/09/08 13:12,2026-09-08T13:27:09+09:00,2026/09/08,2026/10/08,2026-10,CALL,73750,152,1,,26.36,25.87,201,3,186,18,,,,,
2026/09/08 13:12,2026-09-08T13:27:09+09:00,2026/09/08,2026/10/08,2026-10,PUT,73750,7730,,,33.87,15.59,7960,6,7480,7,,,,,
2026/09/08 13:12,2026-09-08T13:27:09+09:00,2026/09/08,2026/10/08,2026-10,CALL,73500,168,20,13,26.21,26.03,216,1,210,1,25.86,51,32.9,206,09/08 13:07
2026/09/08 13:12,2026-09-08T13:27:09+09:00,2026/09/08,2026/10/08,2026-10,PUT,73500,7500,,,34.02,17.69,7750,12,7250,12,,,,,
2026/09/08 13:12,2026-09-08T13:27:09+09:00,2026/09/08,2026/10/08,2026-10,CALL,73250,186,4,2,26.35,25.82,242,3,224,18,25.99,41,24.26,210,09/08 12:00
2026/09/08 13:12,2026-09-08T13:27:09+09:00,2026/09/08,2026/10/08,2026-10,PUT,73250,7265,,,33.29,18.39,7500,6,7015,7,,,,,
2026/09/08 13:12,2026-09-08T13:27:09+09:00,2026/09/08,2026/10/08,2026-10,CALL,73000,197,1674,52,26.17,25.98,259,1,252,9,25.98,55,27.92,252,09/08 13:11
2026/09/08 13:12,2026-09-08T13:27:09+09:00,2026/09/08,2026/10/08,2026-10,PUT,73000,7035,10,,33.27,19.11,7285,18,6785,18,,,,,
2026/09/08 13:12,2026-09-08T13:27:09+09:00,2026/09/08,2026/10/08,2026-10,CALL,72750,225,14,2,26.33,25.88,290,3,273,16,26.18,56,26.67,266,09/08 11:43
2026/09/08 13:12,2026-09-08T13:27:09+09:00,2026/09/08,2026/10/08,2026-10,PUT,72750,6805,,,32.51,19.57,7035,6,6555,7,,,,,
2026/09/08 13:12,2026-09-08T13:27:09+09:00,2026/09/08,2026/10/08,2026-10,CALL,72500,248,180,21,26.15,25.9,310,1,300,7,25.8,68,29.57,298,09/08 13:06
2026/09/08 13:12,2026-09-08T13:27:09+09:00,2026/09/08,2026/10/08,2026-10,PUT,72500,6580,1,,32.63,20.08,6830,12,6330,12,,,,,
2026/09/08 13:12,2026-09-08T13:27:09+09:00,2026/09/08,2026/10/08,2026-10,CALL,72250,274,87,5,26.17,25.93,340,2,330,2,25.83,36,13.64,300,09/08 12:02
2026/09/08 13:12,2026-09-08T13:27:09+09:00,2026/09/08,2026/10/08,2026-10,PUT,72250,6355,,,32.13,20.42,6595,6,6105,7,,,,,
2026/09/08 13:12,2026-09-08T13:27:09+09:00,2026/09/08,2026/10/08,2026-10,CALL,72125,288,,,26.39,24.83,365,3,299,2,,,,,
2026/09/08 13:12,2026-09-08T13:27:09+09:00,2026/09/08,2026/10/08,2026-10,PUT,72125,6245,,,31.54,20.62,6460,5,5995,6,,,,,
2026/09/08 13:12,2026-09-08T13:27:09+09:00,2026/09/08,2026/10/08,2026-10,CALL,72000,305,1747,30,26.14,25.91,370,7,360,1,25.75,80,29.09,355,09/08 13:07
2026/09/08 13:12,2026-09-08T13:27:09+09:00,2026/09/08,2026/10/08,2026-10,PUT,72000,6130,,,31.99,20.63,6380,18,5880,18,,,,,
2026/09/08 13:12,2026-09-08T13:27:09+09:00,2026/09/08,2026/10/08,2026-10,CALL,71875,320,,,26.64,24.86,410,2,330,2,,,,,
2026/09/08 13:12,2026-09-08T13:27:09+09:00,2026/09/08,2026/10/08,2026-10,PUT,71875,6020,,,31.3,20.78,6240,5,5770,6,,,,,
2026/09/08 13:12,2026-09-08T13:27:09+09:00,2026/09/08,2026/10/08,2026-10,CALL,71750,335,,3,26.27,25.95,410,2,395,2,25.84,,,360,09/08 12:02
2026/09/08 13:12,2026-09-08T13:27:09+09:00,2026/09/08,2026/10/08,2026-10,PUT,71750,5910,,,31.35,20.9,6140,6,5660,7,,,,,
2026/09/08 13:12,2026-09-08T13:27:09+09:00,2026/09/08,2026/10/08,2026-10,CALL,71625,340,,,26.21,25.46,425,2,390,2,,,,,
2026/09/08 13:12,2026-09-08T13:27:09+09:00,2026/09/08,2026/10/08,2026-10,PUT,71625,5795,,,31.12,20.85,6025,5,5545,6,,,,,
2026/09/08 13:12,2026-09-08T13:27:09+09:00,2026/09/08,2026/10/08,2026-10,CALL,71500,365,261,5,26.13,25.82,440,1,425,25,25.79,95,28.79,425,09/08 10:06
2026/09/08 13:12,2026-09-08T13:27:09+09:00,2026/09/08,2026/10/08,2026-10,PUT,71500,5695,,,31.42,21.19,5940,10,5445,12,,,,,
2026/09/08 13:12,2026-09-08T13:27:09+09:00,2026/09/08,2026/10/08,2026-10,CALL,71375,375,,,26.15,25.54,460,2,430,1,,,,,
2026/09/08 13:12,2026-09-08T13:27:09+09:00,2026/09/08,2026/10/08,2026-10,PUT,71375,5580,,,31,21.11,5815,5,5330,6,,,,,
2026/09/08 13:12,2026-09-08T13:27:09+09:00,2026/09/08,2026/10/08,2026-10,CALL,71250,400,108,25,26.15,25.86,480,2,465,14,25.79,115,31.94,475,09/08 12:36
2026/09/08 13:12,2026-09-08T13:27:09+09:00,2026/09/08,2026/10/08,2026-10,PUT,71250,5480,,,30.74,21.75,5700,8,5245,2,,,,,
2026/09/08 13:12,2026-09-08T13:27:09+09:00,2026/09/08,2026/10/08,2026-10,CALL,71125,410,,,26.33,25.66,510,12,475,2,,,,,
2026/09/08 13:12,2026-09-08T13:27:09+09:00,2026/09/08,2026/10/08,2026-10,PUT,71125,5365,,,30.57,21.26,5590,5,5115,6,,,,,
2026/09/08 13:12,2026-09-08T13:27:09+09:00,2026/09/08,2026/10/08,2026-10,CALL,71000,435,163,60,26.12,25.93,520,1,510,7,25.76,85,20.24,505,09/08 13:04
2026/09/08 13:12,2026-09-08T13:27:09+09:00,2026/09/08,2026/10/08,2026-10,PUT,71000,5265,,,30.9,21.6,5510,22,5020,22,,,,,
2026/09/08 13:12,2026-09-08T13:27:09+09:00,2026/09/08,2026/10/08,2026-10,CALL,70875,450,1,,26.26,25.42,550,11,505,11,,,,,
2026/09/08 13:12,2026-09-08T13:27:09+09:00,2026/09/08,2026/10/08,2026-10,PUT,70875,5155,,,30.29,21.45,5375,5,4905,6,,,,,
2026/09/08 13:12,2026-09-08T13:27:09+09:00,2026/09/08,2026/10/08,2026-10,CALL,70750,480,3,1,26.39,25.94,580,14,555,2,25.62,281,102.55,555,09/08 09:51
2026/09/08 13:12,2026-09-08T13:27:09+09:00,2026/09/08,2026/10/08,2026-10,PUT,70750,5060,,,30.84,21.94,5310,8,4820,2,,,,,
2026/09/08 13:12,2026-09-08T13:27:09+09:00,2026/09/08,2026/10/08,2026-10,CALL,70625,490,,,26.15,25.52,590,1,555,1,,,,,
2026/09/08 13:12,2026-09-08T13:27:09+09:00,2026/09/08,2026/10/08,2026-10,PUT,70625,4945,,,30.14,21.55,5170,5,4695,6,,,,,
2026/09/08 13:12,2026-09-08T13:27:09+09:00,2026/09/08,2026/10/08,2026-10,CALL,70500,520,316,27,26.16,25.89,615,1,600,21,25.64,85,16.83,590,09/08 12:49
2026/09/08 13:12,2026-09-08T13:27:09+09:00,2026/09/08,2026/10/08,2026-10,PUT,70500,4850,,,30.42,22.17,5090,3,4620,3,,,,,
2026/09/08 13:12,2026-09-08T13:27:09+09:00,2026/09/08,2026/10/08,2026-10,CALL,70375,540,124,,26.33,25.64,650,9,610,1,,,,,
2026/09/08 13:12,2026-09-08T13:27:09+09:00,2026/09/08,2026/10/08,2026-10,PUT,70375,4745,,,30.43,21.77,4995,6,4495,6,,,,,
2026/09/08 13:12,2026-09-08T13:27:09+09:00,2026/09/08,2026/10/08,2026-10,CALL,70250,565,12,4,26.39,25.97,680,12,655,1,26.16,,,670,09/08 10:42
2026/09/08 13:12,2026-09-08T13:27:09+09:00,2026/09/08,2026/10/08,2026-10,PUT,70250,4645,,,30.36,22.6,4895,8,4435,2,,,,,
2026/09/08 13:12,2026-09-08T13:27:09+09:00,2026/09/08,2026/10/08,2026-10,CALL,70125,585,,,26.27,25.61,700,1,660,1,,,,,
2026/09/08 13:12,2026-09-08T13:27:09+09:00,2026/09/08,2026/10/08,2026-10,PUT,70125,4540,,,30.19,21.81,4790,6,4290,6,,,,,
2026/09/08 13:12,2026-09-08T13:27:09+09:00,2026/09/08,2026/10/08,2026-10,CALL,70000,620,1304,91,26.23,25.98,725,4,710,4,26.06,150,26.55,715,09/08 13:11
2026/09/08 13:12,2026-09-08T13:27:09+09:00,2026/09/08,2026/10/08,2026-10,PUT,70000,4450,105,,30.25,23.45,4700,22,4280,22,,,,,
2026/09/08 13:12,2026-09-08T13:27:09+09:00,2026/09/08,2026/10/08,2026-10,CALL,69875,640,107,1,26.25,25.68,755,1,720,1,26.19,,,755,09/08 10:42
2026/09/08 13:12,2026-09-08T13:27:09+09:00,2026/09/08,2026/10/08,2026-10,PUT,69875,4345,,,28.15,21.96,4470,5,4095,6,,,,,
2026/09/08 13:12,2026-09-08T13:27:09+09:00,2026/09/08,2026/10/08,2026-10,CALL,69750,670,1,85,26.49,26.02,800,14,770,1,25.82,160,26.89,755,09/08 12:48
2026/09/08 13:12,2026-09-08T13:27:09+09:00,2026/09/08,2026/10/08,2026-10,PUT,69750,4250,,,28.2,22.39,4380,8,4020,2,,,,,
2026/09/08 13:12,2026-09-08T13:27:09+09:00,2026/09/08,2026/10/08,2026-10,CALL,69625,695,94,,26.33,25.78,820,9,785,1,,,,,
2026/09/08 13:12,2026-09-08T13:27:09+09:00,2026/09/08,2026/10/08,2026-10,PUT,69625,4150,,,28.17,22.03,4285,5,3900,6,,,,,
2026/09/08 13:12,2026-09-08T13:27:09+09:00,2026/09/08,2026/10/08,2026-10,CALL,69500,735,292,37,26.3,25.99,850,3,830,3,25.88,130,18.84,820,09/08 12:54
2026/09/08 13:12,2026-09-08T13:27:09+09:00,2026/09/08,2026/10/08,2026-10,PUT,69500,4065,,,29.83,22.41,4305,3,3825,3,,,,,
2026/09/08 13:12,2026-09-08T13:27:09+09:00,2026/09/08,2026/10/08,2026-10,CALL,69375,760,,1,26.34,25.73,885,1,845,1,25.98,,,850,09/08 12:47
2026/09/08 13:12,2026-09-08T13:27:09+09:00,2026/09/08,2026/10/08,2026-10,PUT,69375,3965,,,28.14,22.19,4100,5,3715,6,,,,,
2026/09/08 13:12,2026-09-08T13:27:09+09:00,2026/09/08,2026/10/08,2026-10,CALL,69250,800,2,1,26.81,25.77,950,2,880,2,25.53,,,685,09/08 09:04
2026/09/08 13:12,2026-09-08T13:27:09+09:00,2026/09/08,2026/10/08,2026-10,PUT,69250,3885,,,28.22,24.01,4015,8,3735,2,,,,,
2026/09/08 13:12,2026-09-08T13:27:09+09:00,2026/09/08,2026/10/08,2026-10,CALL,69125,825,,,26.52,25.78,965,1,915,1,,,,,
2026/09/08 13:12,2026-09-08T13:27:09+09:00,2026/09/08,2026/10/08,2026-10,PUT,69125,3785,,,28.13,22.35,3920,5,3535,6,,,,,
2026/09/08 13:12,2026-09-08T13:27:09+09:00,2026/09/08,2026/10/08,2026-10,CALL,69000,860,2945,45,26.37,26.15,990,1,975,3,26.11,160,20,960,09/08 12:58
2026/09/08 13:12,2026-09-08T13:27:09+09:00,2026/09/08,2026/10/08,2026-10,PUT,69000,3705,210,,27.82,22.87,3810,18,3475,22,,,,,
2026/09/08 13:12,2026-09-08T13:27:09+09:00,2026/09/08,2026/10/08,2026-10,CALL,68875,895,,1,26.93,25.99,1065,1,1000,29,26.19,,,990,09/08 10:59
2026/09/08 13:12,2026-09-08T13:27:09+09:00,2026/09/08,2026/10/08,2026-10,PUT,68875,3600,,,28,22.36,3735,5,3350,6,,,,,
2026/09/08 13:12,2026-09-08T13:27:09+09:00,2026/09/08,2026/10/08,2026-10,CALL,68750,930,114,,26.6,26.17,1080,11,1050,1,,,,,
2026/09/08 13:12,2026-09-08T13:27:09+09:00,2026/09/08,2026/10/08,2026-10,PUT,68750,3510,,,27.81,25.38,3635,1,3465,2,,,,,
2026/09/08 13:12,2026-09-08T13:27:09+09:00,2026/09/08,2026/10/08,2026-10,CALL,68625,975,,,26.55,25.91,1115,7,1070,8,,,,,
2026/09/08 13:12,2026-09-08T13:27:09+09:00,2026/09/08,2026/10/08,2026-10,PUT,68625,3430,,,28.16,24.34,3575,5,3305,5,,,,,
2026/09/08 13:12,2026-09-08T13:27:09+09:00,2026/09/08,2026/10/08,2026-10,CALL,68500,995,1186,8,26.56,26.2,1155,3,1130,17,26.19,120,12.06,1115,09/08 12:47
2026/09/08 13:12,2026-09-08T13:27:09+09:00,2026/09/08,2026/10/08,2026-10,PUT,68500,3340,3,,27.39,25.92,3435,14,3330,14,,,,,
2026/09/08 13:12,2026-09-08T13:27:09+09:00,2026/09/08,2026/10/08,2026-10,CALL,68375,1050,,1,26.62,25.99,1200,7,1155,8,26.18,,,1125,09/08 10:24
2026/09/08 13:12,2026-09-08T13:27:09+09:00,2026/09/08,2026/10/08,2026-10,PUT,68375,3260,,,28.06,24.38,3400,5,3135,5,,,,,
2026/09/08 13:12,2026-09-08T13:27:09+09:00,2026/09/08,2026/10/08,2026-10,CALL,68250,1095,8,,26.73,26.25,1250,9,1215,9,,,,,
2026/09/08 13:12,2026-09-08T13:27:09+09:00,2026/09/08,2026/10/08,2026-10,PUT,68250,3180,,,27.07,25.35,3245,6,3120,13,,,,,
2026/09/08 13:12,2026-09-08T13:27:09+09:00,2026/09/08,2026/10/08,2026-10,CALL,68125,1125,6,,26.69,26.01,1290,7,1240,28,,,,,
2026/09/08 13:12,2026-09-08T13:27:09+09:00,2026/09/08,2026/10/08,2026-10,PUT,68125,3085,,,27.91,24.43,3225,5,2970,5,,,,,
2026/09/08 13:12,2026-09-08T13:27:09+09:00,2026/09/08,2026/10/08,2026-10,CALL,68000,1180,922,200,26.43,26.36,1315,10,1310,3,26.43,205,18.47,1315,09/08 13:12
2026/09/08 13:12,2026-09-08T13:27:09+09:00,2026/09/08,2026/10/08,2026-10,PUT,68000,3025,541,4,27.11,26.02,3085,3,3005,19,25.43,,,3190,09/07 17:38
2026/09/08 13:12,2026-09-08T13:27:09+09:00,2026/09/08,2026/10/08,2026-10,CALL,67875,1225,,,26.84,26.23,1390,7,1345,7,,,,,
2026/09/08 13:12,2026-09-08T13:27:09+09:00,2026/09/08,2026/10/08,2026-10,PUT,67875,2930,,,28.44,24.61,3105,5,2820,5,,,,,
2026/09/08 13:12,2026-09-08T13:27:09+09:00,2026/09/08,2026/10/08,2026-10,CALL,67750,1260,78,3,26.89,26.35,1440,9,1400,1,26.24,220,19.3,1360,09/08 10:31
2026/09/08 13:12,2026-09-08T13:27:09+09:00,2026/09/08,2026/10/08,2026-10,PUT,67750,2840,9,,27.22,25.75,2935,7,2825,12,,,,,
2026/09/08 13:12,2026-09-08T13:27:09+09:00,2026/09/08,2026/10/08,2026-10,CALL,67625,1305,85,1,26.85,26.12,1485,7,1430,7,26.07,,,1455,09/08 10:02
2026/09/08 13:12,2026-09-08T13:27:09+09:00,2026/09/08,2026/10/08,2026-10,PUT,67625,2785,6,,28.71,25.59,2970,5,2735,6,,,,,
2026/09/08 13:12,2026-09-08T13:27:09+09:00,2026/09/08,2026/10/08,2026-10,CALL,67500,1355,195,31,26.74,26.48,1525,2,1505,3,26.49,150,11.76,1425,09/08 11:56
2026/09/08 13:12,2026-09-08T13:27:09+09:00,2026/09/08,2026/10/08,2026-10,PUT,67500,2715,38,,27.34,26.81,2790,2,2750,2,,,,,
2026/09/08 13:12,2026-09-08T13:27:09+09:00,2026/09/08,2026/10/08,2026-10,CALL,67375,1420,74,,26.94,26.22,1590,7,1535,7,,,,,
2026/09/08 13:12,2026-09-08T13:27:09+09:00,2026/09/08,2026/10/08,2026-10,PUT,67375,2635,,,28.13,25.95,2775,6,2610,5,,,,,
2026/09/08 13:12,2026-09-08T13:27:09+09:00,2026/09/08,2026/10/08,2026-10,CALL,67250,1465,,1,27,26.34,1645,8,1595,9,26.47,,,1550,09/08 10:24
2026/09/08 13:12,2026-09-08T13:27:09+09:00,2026/09/08,2026/10/08,2026-10,PUT,67250,2580,,,27.33,26.47,2640,8,2575,9,,,,,
2026/09/08 13:12,2026-09-08T13:27:09+09:00,2026/09/08,2026/10/08,2026-10,CALL,67125,1520,,,27.04,26.51,1700,1,1660,7,,,,,
2026/09/08 13:12,2026-09-08T13:27:09+09:00,2026/09/08,2026/10/08,2026-10,PUT,67125,2490,,,27.36,26.58,2570,6,2510,7,,,,,
2026/09/08 13:12,2026-09-08T13:27:09+09:00,2026/09/08,2026/10/08,2026-10,CALL,67000,1535,852,66,27,26.67,1750,3,1725,3,26.7,220,14.33,1755,09/08 12:38
2026/09/08 13:12,2026-09-08T13:27:09+09:00,2026/09/08,2026/10/08,2026-10,PUT,67000,2440,511,3,27.45,27.06,2505,21,2475,3,26.48,,,2390,09/08 12:32
2026/09/08 13:12,2026-09-08T13:27:09+09:00,2026/09/08,2026/10/08,2026-10,CALL,66875,1635,6,2,27.2,26.48,1820,7,1765,7,26.59,,,1785,09/08 12:59
2026/09/08 13:12,2026-09-08T13:27:09+09:00,2026/09/08,2026/10/08,2026-10,PUT,66875,2345,,,27.53,26.68,2440,7,2375,7,,,,,
2026/09/08 13:12,2026-09-08T13:27:09+09:00,2026/09/08,2026/10/08,2026-10,CALL,66750,1690,123,,27.26,26.54,1880,9,1825,9,,,,,
2026/09/08 13:12,2026-09-08T13:27:09+09:00,2026/09/08,2026/10/08,2026-10,PUT,66750,2305,,1,27.52,26.8,2370,8,2315,9,26.68,,,2345,09/08 10:59
2026/09/08 13:12,2026-09-08T13:27:09+09:00,2026/09/08,2026/10/08,2026-10,CALL,66625,1750,,,27.3,26.59,1940,7,1885,7,,,,,
2026/09/08 13:12,2026-09-08T13:27:09+09:00,2026/09/08,2026/10/08,2026-10,PUT,66625,2215,,,27.56,26.98,2305,7,2260,7,,,,,
2026/09/08 13:12,2026-09-08T13:27:09+09:00,2026/09/08,2026/10/08,2026-10,CALL,66500,1810,9,8,27.2,26.87,1990,2,1965,2,27.06,850,78.34,1935,09/08 11:21
2026/09/08 13:12,2026-09-08T13:27:09+09:00,2026/09/08,2026/10/08,2026-10,PUT,66500,2205,94,4,27.59,27.26,2240,2,2215,2,26.91,-25,-1.13,2180,09/08 13:08
2026/09/08 13:12,2026-09-08T13:27:09+09:00,2026/09/08,2026/10/08,2026-10,CALL,66375,1875,1,,27.41,26.89,2065,7,2025,7,,,,,
2026/09/08 13:12,2026-09-08T13:27:09+09:00,2026/09/08,2026/10/08,2026-10,PUT,66375,2100,,3,27.67,26.95,2180,6,2125,27,26.88,,,2110,09/08 12:21
2026/09/08 13:12,2026-09-08T13:27:09+09:00,2026/09/08,2026/10/08,2026-10,CALL,66250,1935,4,,27.4,26.95,2125,8,2090,1,,,,,
2026/09/08 13:12,2026-09-08T13:27:09+09:00,2026/09/08,2026/10/08,2026-10,PUT,66250,2055,,5,27.73,27.01,2120,8,2065,29,26.9,-100,-4.72,2020,09/08 12:32
2026/09/08 13:12,2026-09-08T13:27:09+09:00,2026/09/08,2026/10/08,2026-10,CALL,66125,2000,,1,27.65,26.67,2205,40,2130,40,26.48,,,1765,09/08 08:48
2026/09/08 13:12,2026-09-08T13:27:09+09:00,2026/09/08,2026/10/08,2026-10,PUT,66125,1980,,1,27.84,27.06,2065,7,2005,47,27.06,,,1965,09/08 10:08
2026/09/08 13:12,2026-09-08T13:27:09+09:00,2026/09/08,2026/10/08,2026-10,CALL,66000,2070,1201,28,27.55,27.09,2260,41,2225,3,27.05,190,9.5,2190,09/08 10:57
2026/09/08 13:12,2026-09-08T13:27:09+09:00,2026/09/08,2026/10/08,2026-10,PUT,66000,1935,1097,52,27.81,27.55,2000,3,1980,3,27.08,-90,-4.44,1935,09/08 12:49
2026/09/08 13:12,2026-09-08T13:27:09+09:00,2026/09/08,2026/10/08,2026-10,CALL,65875,2130,1,1,28.41,25.87,2390,6,2195,4,26.63,,,1890,09/08 08:48
2026/09/08 13:12,2026-09-08T13:27:09+09:00,2026/09/08,2026/10/08,2026-10,PUT,65875,1860,,,27.96,27.3,1950,6,1900,7,,,,,
2026/09/08 13:12,2026-09-08T13:27:09+09:00,2026/09/08,2026/10/08,2026-10,CALL,65750,2195,52,4,27.89,27.04,2415,21,2350,1,26.66,,,1950,09/08 08:48
2026/09/08 13:12,2026-09-08T13:27:09+09:00,2026/09/08,2026/10/08,2026-10,PUT,65750,1815,116,,27.96,27.37,1890,8,1845,2,,,,,
2026/09/08 13:12,2026-09-08T13:27:09+09:00,2026/09/08,2026/10/08,2026-10,CALL,65625,2260,,,28.28,26.57,2510,6,2380,10,,,,,
2026/09/08 13:12,2026-09-08T13:27:09+09:00,2026/09/08,2026/10/08,2026-10,PUT,65625,1740,,,28.08,27.35,1840,6,1785,27,,,,,
2026/09/08 13:12,2026-09-08T13:27:09+09:00,2026/09/08,2026/10/08,2026-10,CALL,65500,2345,123,,28.38,27.06,2585,3,2485,3,,,,,
2026/09/08 13:12,2026-09-08T13:27:09+09:00,2026/09/08,2026/10/08,2026-10,PUT,65500,1720,142,10,28.12,27.79,1785,2,1760,3,27.48,-75,-4.21,1705,09/08 12:36
2026/09/08 13:12,2026-09-08T13:27:09+09:00,2026/09/08,2026/10/08,2026-10,CALL,65375,2415,,,28.54,26.88,2665,6,2540,1,,,,,
2026/09/08 13:12,2026-09-08T13:27:09+09:00,2026/09/08,2026/10/08,2026-10,PUT,65375,1635,231,,28.14,27.48,1730,1,1680,7,,,,,
2026/09/08 13:12,2026-09-08T13:27:09+09:00,2026/09/08,2026/10/08,2026-10,CALL,65250,2485,1,,28.42,26.88,2725,2,2610,8,,,,,
2026/09/08 13:12,2026-09-08T13:27:09+09:00,2026/09/08,2026/10/08,2026-10,PUT,65250,1600,9,2,28.35,27.61,1690,9,1635,21,27.28,,,1610,09/08 13:00
2026/09/08 13:12,2026-09-08T13:27:09+09:00,2026/09/08,2026/10/08,2026-10,CALL,65125,2560,,,28.61,26.93,2810,6,2685,6,,,,,
2026/09/08 13:12,2026-09-08T13:27:09+09:00,2026/09/08,2026/10/08,2026-10,PUT,65125,1535,,,28.34,27.67,1635,1,1585,8,,,,,
2026/09/08 13:12,2026-09-08T13:27:09+09:00,2026/09/08,2026/10/08,2026-10,CALL,65000,2650,362,,28.32,27.04,2860,4,2765,19,,,,,
2026/09/08 13:12,2026-09-08T13:27:09+09:00,2026/09/08,2026/10/08,2026-10,PUT,65000,1525,1838,41,28.39,28.12,1585,3,1565,4,28.19,45,2.95,1570,09/08 13:11
2026/09/08 13:12,2026-09-08T13:27:09+09:00,2026/09/08,2026/10/08,2026-10,CALL,64875,2715,,,28.76,26.45,2965,6,2795,10,,,,,
2026/09/08 13:12,2026-09-08T13:27:09+09:00,2026/09/08,2026/10/08,2026-10,PUT,64875,1440,,,28.56,27.74,1545,1,1485,28,,,,,
2026/09/08 13:12,2026-09-08T13:27:09+09:00,2026/09/08,2026/10/08,2026-10,CALL,64750,2800,,,28.71,27.07,3035,8,2915,8,,,,,
2026/09/08 13:12,2026-09-08T13:27:09+09:00,2026/09/08,2026/10/08,2026-10,PUT,64750,1425,3,,28.57,27.89,1495,1,1445,2,,,,,
2026/09/08 13:12,2026-09-08T13:27:09+09:00,2026/09/08,2026/10/08,2026-10,CALL,64625,2875,,,28.92,26.01,3125,6,2915,5,,,,,
2026/09/08 13:12,2026-09-08T13:27:09+09:00,2026/09/08,2026/10/08,2026-10,PUT,64625,1335,,,28.64,28.09,1450,1,1410,8,,,,,
2026/09/08 13:12,2026-09-08T13:27:09+09:00,2026/09/08,2026/10/08,2026-10,CALL,64500,2965,22,1,28.98,27.45,3205,1,3095,13,27.29,,,2880,09/08 09:23
2026/09/08 13:12,2026-09-08T13:27:09+09:00,2026/09/08,2026/10/08,2026-10,PUT,64500,1335,463,10,28.7,28.42,1405,2,1385,3,28.15,-15,-1.09,1360,09/08 13:07
2026/09/08 13:12,2026-09-08T13:27:09+09:00,2026/09/08,2026/10/08,2026-10,CALL,64375,3050,,,29.23,24.57,3300,6,2970,5,,,,,
2026/09/08 13:12,2026-09-08T13:27:09+09:00,2026/09/08,2026/10/08,2026-10,PUT,64375,1260,,,28.95,28.04,1375,9,1310,29,,,,,
2026/09/08 13:12,2026-09-08T13:27:09+09:00,2026/09/08,2026/10/08,2026-10,CALL,64250,3125,,,28.84,27.99,3350,3,3290,3,,,,,
2026/09/08 13:12,2026-09-08T13:27:09+09:00,2026/09/08,2026/10/08,2026-10,PUT,64250,1255,104,5,28.91,27.99,1325,1,1260,52,28.13,-45,-3.42,1270,09/08 13:00
2026/09/08 13:12,2026-09-08T13:27:09+09:00,2026/09/08,2026/10/08,2026-10,CALL,64125,3225,,,29.49,26.05,3475,6,3235,5,,,,,
2026/09/08 13:12,2026-09-08T13:27:09+09:00,2026/09/08,2026/10/08,2026-10,PUT,64125,1185,,,29.56,27.49,1325,9,1180,24,,,,,
2026/09/08 13:12,2026-09-08T13:27:09+09:00,2026/09/08,2026/10/08,2026-10,CALL,64000,3310,241,,28.78,28.13,3505,3,3460,20,,,,,
2026/09/08 13:12,2026-09-08T13:27:09+09:00,2026/09/08,2026/10/08,2026-10,PUT,64000,1175,1332,46,29.06,28.78,1245,4,1225,28,28.18,-45,-3.63,1195,09/08 10:52
2026/09/08 13:12,2026-09-08T13:27:09+09:00,2026/09/08,2026/10/08,2026-10,CALL,63875,3390,50,,29.56,24.38,3640,6,3290,5,,,,,
2026/09/08 13:12,2026-09-08T13:27:09+09:00,2026/09/08,2026/10/08,2026-10,PUT,63875,1110,55,,29.63,27.29,1240,9,1080,24,,,,,
2026/09/08 13:12,2026-09-08T13:27:09+09:00,2026/09/08,2026/10/08,2026-10,CALL,63750,3475,,,29.02,28.28,3685,7,3635,3,,,,,
2026/09/08 13:12,2026-09-08T13:27:09+09:00,2026/09/08,2026/10/08,2026-10,PUT,63750,1085,20,2,29.38,28.72,1180,11,1135,13,28.34,,,1085,09/08 10:03
2026/09/08 13:12,2026-09-08T13:27:09+09:00,2026/09/08,2026/10/08,2026-10,CALL,63625,3570,,,29.78,24.24,3820,6,3455,5,,,,,
2026/09/08 13:12,2026-09-08T13:27:09+09:00,2026/09/08,2026/10/08,2026-10,PUT,63625,1030,,,29.71,27.69,1160,9,1025,24,,,,,
2026/09/08 13:12,2026-09-08T13:27:09+09:00,2026/09/08,2026/10/08,2026-10,CALL,63500,3660,1,,29.58,28.22,3890,14,3800,14,,,,,
2026/09/08 13:12,2026-09-08T13:27:09+09:00,2026/09/08,2026/10/08,2026-10,PUT,63500,1025,183,20,29.43,29.2,1100,3,1085,2,28.89,,,1060,09/08 13:07
2026/09/08 13:12,2026-09-08T13:27:09+09:00,2026/09/08,2026/10/08,2026-10,CALL,63375,3750,,,29.96,26.17,4000,6,3755,5,,,,,
2026/09/08 13:12,2026-09-08T13:27:09+09:00,2026/09/08,2026/10/08,2026-10,PUT,63375,965,237,5,30.04,27.66,1100,10,945,25,27.73,,,1035,09/08 09:22
2026/09/08 13:12,2026-09-08T13:27:09+09:00,2026/09/08,2026/10/08,2026-10,CALL,63250,3845,,,30.1,24.81,4095,7,3760,2,,,,,
2026/09/08 13:12,2026-09-08T13:27:09+09:00,2026/09/08,2026/10/08,2026-10,PUT,63250,955,110,5,29.72,29.02,1040,12,995,20,28.91,,,975,09/08 12:42
2026/09/08 13:12,2026-09-08T13:27:09+09:00,2026/09/08,2026/10/08,2026-10,CALL,63125,3940,,,30.24,24.11,4190,6,3810,5,,,,,
2026/09/08 13:12,2026-09-08T13:27:09+09:00,2026/09/08,2026/10/08,2026-10,PUT,63125,900,,,30.24,27.72,1035,10,875,16,,,,,
2026/09/08 13:12,2026-09-08T13:27:09+09:00,2026/09/08,2026/10/08,2026-10,CALL,63000,4035,4,,30.04,23.87,4265,18,3890,22,,,,,
2026/09/08 13:12,2026-09-08T13:27:09+09:00,2026/09/08,2026/10/08,2026-10,PUT,63000,905,808,53,29.81,29.65,970,1,960,3,29.09,-25,-2.63,925,09/08 13:00
2026/09/08 13:12,2026-09-08T13:27:09+09:00,2026/09/08,2026/10/08,2026-10,CALL,62875,4130,,,30.46,24.05,4380,6,3995,5,,,,,
2026/09/08 13:12,2026-09-08T13:27:09+09:00,2026/09/08,2026/10/08,2026-10,PUT,62875,850,6,81,30.46,28.94,975,1,880,1,29.1,,,900,09/08 12:47
2026/09/08 13:12,2026-09-08T13:27:09+09:00,2026/09/08,2026/10/08,2026-10,CALL,62750,4230,,,30.64,25.19,4480,7,4155,2,,,,,
2026/09/08 13:12,2026-09-08T13:27:09+09:00,2026/09/08,2026/10/08,2026-10,PUT,62750,845,196,14,30.24,29.5,925,1,880,24,29.34,-20,-2.29,855,09/08 12:40
2026/09/08 13:12,2026-09-08T13:27:09+09:00,2026/09/08,2026/10/08,2026-10,CALL,62625,4325,,,30.73,26.16,4575,6,4305,5,,,,,
2026/09/08 13:12,2026-09-08T13:27:09+09:00,2026/09/08,2026/10/08,2026-10,PUT,62625,790,130,,30.15,28.57,885,2,790,25,,,,,
2026/09/08 13:12,2026-09-08T13:27:09+09:00,2026/09/08,2026/10/08,2026-10,CALL,62500,4425,,,30.71,25.51,4665,2,4365,3,,,,,
2026/09/08 13:12,2026-09-08T13:27:09+09:00,2026/09/08,2026/10/08,2026-10,PUT,62500,785,660,40,30.3,30.05,860,3,845,2,29.6,,,815,09/08 12:45
2026/09/08 13:12,2026-09-08T13:27:09+09:00,2026/09/08,2026/10/08,2026-10,CALL,62375,4525,,,31.02,26.3,4775,6,4505,5,,,,,
2026/09/08 13:12,2026-09-08T13:27:09+09:00,2026/09/08,2026/10/08,2026-10,PUT,62375,735,6,,30.52,28.71,840,12,735,27,,,,,
2026/09/08 13:12,2026-09-08T13:27:09+09:00,2026/09/08,2026/10/08,2026-10,CALL,62250,4625,,,31.15,25.31,4875,8,4550,2,,,,,
2026/09/08 13:12,2026-09-08T13:27:09+09:00,2026/09/08,2026/10/08,2026-10,PUT,62250,735,63,9,30.64,30.21,815,12,790,12,30.21,,,790,09/08 13:10
2026/09/08 13:12,2026-09-08T13:27:09+09:00,2026/09/08,2026/10/08,2026-10,CALL,62125,4725,,,31.27,26.29,4975,6,4700,5,,,,,
2026/09/08 13:12,2026-09-08T13:27:09+09:00,2026/09/08,2026/10/08,2026-10,PUT,62125,690,,,30.75,29.25,790,12,705,12,,,,,
2026/09/08 13:12,2026-09-08T13:27:09+09:00,2026/09/08,2026/10/08,2026-10,CALL,62000,4830,49,,30.94,24.39,5050,18,4705,22,,,,,
2026/09/08 13:12,2026-09-08T13:27:09+09:00,2026/09/08,2026/10/08,2026-10,PUT,62000,690,1141,60,30.77,30.5,760,37,745,6,30.68,10,1.34,755,09/08 13:11
2026/09/08 13:12,2026-09-08T13:27:09+09:00,2026/09/08,2026/10/08,2026-10,CALL,61875,4925,,,31.48,26.2,5175,6,4895,5,,,,,
2026/09/08 13:12,2026-09-08T13:27:09+09:00,2026/09/08,2026/10/08,2026-10,PUT,61875,655,22,,31.12,28.83,750,12,625,27,,,,,
2026/09/08 13:12,2026-09-08T13:27:09+09:00,2026/09/08,2026/10/08,2026-10,CALL,61750,5035,,,31.74,25.55,5285,7,4965,2,,,,,
2026/09/08 13:12,2026-09-08T13:27:09+09:00,2026/09/08,2026/10/08,2026-10,PUT,61750,645,63,9,31.02,30.65,715,14,695,4,30.19,0,0,670,09/08 13:00
2026/09/08 13:12,2026-09-08T13:27:09+09:00,2026/09/08,2026/10/08,2026-10,CALL,61625,5140,,,31.91,26.24,5390,6,5100,4,,,,,
2026/09/08 13:12,2026-09-08T13:27:09+09:00,2026/09/08,2026/10/08,2026-10,PUT,61625,605,104,,31.64,29.47,720,12,605,27,,,,,
2026/09/08 13:12,2026-09-08T13:27:09+09:00,2026/09/08,2026/10/08,2026-10,CALL,61500,5245,,,31.88,25.96,5485,2,5190,11,,,,,
2026/09/08 13:12,2026-09-08T13:27:09+09:00,2026/09/08,2026/10/08,2026-10,PUT,61500,605,19,34,31.22,30.94,670,5,655,5,30.54,15,2.48,620,09/08 12:32
2026/09/08 13:12,2026-09-08T13:27:09+09:00,2026/09/08,2026/10/08,2026-10,CALL,61375,5345,,,32.12,26.2,5595,6,5305,5,,,,,
2026/09/08 13:12,2026-09-08T13:27:09+09:00,2026/09/08,2026/10/08,2026-10,PUT,61375,565,109,,31.55,29.59,660,12,560,27,,,,,
2026/09/08 13:12,2026-09-08T13:27:09+09:00,2026/09/08,2026/10/08,2026-10,CALL,61250,5460,,,32.45,26.21,5710,7,5410,5,,,,,
2026/09/08 13:12,2026-09-08T13:27:09+09:00,2026/09/08,2026/10/08,2026-10,PUT,61250,565,106,6,31.67,31.18,640,2,615,2,30.83,15,2.56,600,09/08 12:26
2026/09/08 13:12,2026-09-08T13:27:09+09:00,2026/09/08,2026/10/08,2026-10,CALL,61125,5560,,,32.48,26.32,5810,6,5520,4,,,,,
2026/09/08 13:12,2026-09-08T13:27:09+09:00,2026/09/08,2026/10/08,2026-10,PUT,61125,525,91,,32.18,29.54,640,12,510,27,,,,,
2026/09/08 13:12,2026-09-08T13:27:09+09:00,2026/09/08,2026/10/08,2026-10,CALL,61000,5670,201,,32.69,25.8,5920,18,5605,12,,,,,
2026/09/08 13:12,2026-09-08T13:27:09+09:00,2026/09/08,2026/10/08,2026-10,PUT,61000,535,660,24,31.69,31.49,590,6,580,1,31,30,5.36,590,09/08 11:54
2026/09/08 13:12,2026-09-08T13:27:09+09:00,2026/09/08,2026/10/08,2026-10,CALL,60875,5780,,,32.9,22.01,6030,6,5580,5,,,,,
2026/09/08 13:12,2026-09-08T13:27:09+09:00,2026/09/08,2026/10/08,2026-10,PUT,60875,505,4,,32.29,30.08,595,12,490,12,,,,,
2026/09/08 13:12,2026-09-08T13:27:09+09:00,2026/09/08,2026/10/08,2026-10,CALL,60750,5890,,,33.1,21.37,6140,7,5675,6,,,,,
2026/09/08 13:12,2026-09-08T13:27:09+09:00,2026/09/08,2026/10/08,2026-10,PUT,60750,500,123,1,32.17,31.75,565,2,545,2,31.37,30,5.77,550,09/08 11:29
2026/09/08 13:12,2026-09-08T13:27:09+09:00,2026/09/08,2026/10/08,2026-10,CALL,60625,5995,,,33.18,21.38,6245,6,5790,5,,,,,
2026/09/08 13:12,2026-09-08T13:27:09+09:00,2026/09/08,2026/10/08,2026-10,PUT,60625,465,11,,32.55,29.92,560,14,440,28,,,,,
2026/09/08 13:12,2026-09-08T13:27:09+09:00,2026/09/08,2026/10/08,2026-10,CALL,60500,6110,100,,33.47,25.68,6360,12,6035,8,,,,,
2026/09/08 13:12,2026-09-08T13:27:09+09:00,2026/09/08,2026/10/08,2026-10,PUT,60500,465,301,10,32.29,32.07,525,25,515,1,31.64,55,11.83,520,09/08 11:43
2026/09/08 13:12,2026-09-08T13:27:09+09:00,2026/09/08,2026/10/08,2026-10,CALL,60375,6220,,,33.64,26.24,6470,5,6165,4,,,,,
2026/09/08 13:12,2026-09-08T13:27:09+09:00,2026/09/08,2026/10/08,2026-10,PUT,60375,435,778,,32.66,30.02,520,14,405,29,,,,,
2026/09/08 13:12,2026-09-08T13:27:09+09:00,2026/09/08,2026/10/08,2026-10,CALL,60250,6330,,,33.81,19.82,6580,7,6105,6,,,,,
2026/09/08 13:12,2026-09-08T13:27:09+09:00,2026/09/08,2026/10/08,2026-10,PUT,60250,430,21,6,32.7,32.13,500,16,475,18,32.08,-210,-30.88,470,09/08 12:20
2026/09/08 13:12,2026-09-08T13:27:09+09:00,2026/09/08,2026/10/08,2026-10,CALL,60125,6440,,,33.96,20.17,6690,6,6230,5,,,,,
2026/09/08 13:12,2026-09-08T13:27:09+09:00,2026/09/08,2026/10/08,2026-10,PUT,60125,410,5,,33.29,30.57,505,1,390,29,,,,,
2026/09/08 13:12,2026-09-08T13:27:09+09:00,2026/09/08,2026/10/08,2026-10,CALL,60000,6550,1,,34.11,17.41,6800,18,6310,15,,,,,
2026/09/08 13:12,2026-09-08T13:27:09+09:00,2026/09/08,2026/10/08,2026-10,PUT,60000,415,8429,56,32.85,32.61,465,10,455,1,32.14,45,10.84,460,09/08 12:03
2026/09/08 13:12,2026-09-08T13:27:09+09:00,2026/09/08,2026/10/08,2026-10,CALL,59875,6670,,,34.48,26.05,6920,6,6605,4,,,,,
2026/09/08 13:12,2026-09-08T13:27:09+09:00,2026/09/08,2026/10/08,2026-10,PUT,59875,385,41,,33.55,30.58,475,14,355,29,,,,,
2026/09/08 13:12,2026-09-08T13:27:09+09:00,2026/09/08,2026/10/08,2026-10,CALL,59750,6780,,,34.61,16.26,7030,7,6545,6,,,,,
2026/09/08 13:12,2026-09-08T13:27:09+09:00,2026/09/08,2026/10/08,2026-10,PUT,59750,385,58,,33.18,32.82,440,3,425,5,,,,,
2026/09/08 13:12,2026-09-08T13:27:09+09:00,2026/09/08,2026/10/08,2026-10,CALL,59625,6885,,,34.61,17.24,7135,6,6675,5,,,,,
2026/09/08 13:12,2026-09-08T13:27:09+09:00,2026/09/08,2026/10/08,2026-10,PUT,59625,355,20,,34.01,31.07,455,14,340,14,,,,,
2026/09/08 13:12,2026-09-08T13:27:09+09:00,2026/09/08,2026/10/08,2026-10,CALL,59500,7005,,,34.97,,7255,12,6765,10,,,,,
2026/09/08 13:12,2026-09-08T13:27:09+09:00,2026/09/08,2026/10/08,2026-10,PUT,59500,360,86,2,33.36,33.23,410,6,405,1,31.18,45,12.16,415,09/08 08:50
2026/09/08 13:12,2026-09-08T13:27:09+09:00,2026/09/08,2026/10/08,2026-10,CALL,59375,7120,,,35.19,0,7370,6,6905,5,,,,,
2026/09/08 13:12,2026-09-08T13:27:09+09:00,2026/09/08,2026/10/08,2026-10,PUT,59375,340,2,,34.2,31.4,425,14,320,14,,,,,
2026/09/08 13:12,2026-09-08T13:27:09+09:00,2026/09/08,2026/10/08,2026-10,CALL,59250,7235,,,35.41,,7485,7,7005,6,,,,,
2026/09/08 13:12,2026-09-08T13:27:09+09:00,2026/09/08,2026/10/08,2026-10,PUT,59250,340,159,,33.75,33.49,390,3,380,3,,,,,
2026/09/08 13:12,2026-09-08T13:27:09+09:00,2026/09/08,2026/10/08,2026-10,CALL,59125,7350,,,35.63,,7600,6,7125,5,,,,,
2026/09/08 13:12,2026-09-08T13:27:09+09:00,2026/09/08,2026/10/08,2026-10,PUT,59125,320,63,,34.73,31.66,410,14,299,29,,,,,
2026/09/08 13:12,2026-09-08T13:27:09+09:00,2026/09/08,2026/10/08,2026-10,CALL,59000,7465,,,35.84,,7715,18,7215,18,,,,,
2026/09/08 13:12,2026-09-08T13:27:09+09:00,2026/09/08,2026/10/08,2026-10,PUT,59000,320,800,30,33.98,33.84,365,10,360,1,33.47,25,7.81,345,09/08 13:07
2026/09/08 13:12,2026-09-08T13:27:09+09:00,2026/09/08,2026/10/08,2026-10,CALL,58875,7575,,,35.91,,7825,6,7355,5,,,,,
2026/09/08 13:12,2026-09-08T13:27:09+09:00,2026/09/08,2026/10/08,2026-10,PUT,58875,293,2,,34.98,32.01,385,14,282,11,,,,,
2026/09/08 13:12,2026-09-08T13:27:09+09:00,2026/09/08,2026/10/08,2026-10,CALL,58750,7695,,,36.23,,7945,7,7470,6,,,,,
2026/09/08 13:12,2026-09-08T13:27:09+09:00,2026/09/08,2026/10/08,2026-10,PUT,58750,298,32,,34.31,34.02,345,3,335,18,,,,,
2026/09/08 13:12,2026-09-08T13:27:09+09:00,2026/09/08,2026/10/08,2026-10,CALL,58625,7820,,,36.69,,8070,6,7580,5,,,,,
2026/09/08 13:12,2026-09-08T13:27:09+09:00,2026/09/08,2026/10/08,2026-10,PUT,58625,288,60,,35.32,32.45,365,14,269,3,,,,,
2026/09/08 13:12,2026-09-08T13:27:09+09:00,2026/09/08,2026/10/08,2026-10,CALL,58500,7930,,,36.74,,8180,12,7680,12,,,,,
2026/09/08 13:12,2026-09-08T13:27:09+09:00,2026/09/08,2026/10/08,2026-10,PUT,58500,285,291,7,34.61,34.46,325,6,320,1,34.2,10,3.33,310,09/08 13:07
2026/09/08 13:12,2026-09-08T13:27:09+09:00,2026/09/08,2026/10/08,2026-10,CALL,58375,8045,,,36.92,,8295,6,7820,5,,,,,
2026/09/08 13:12,2026-09-08T13:27:09+09:00,2026/09/08,2026/10/08,2026-10,PUT,58375,273,483,,35.49,34.25,340,3,299,14,,,,,
2026/09/08 13:12,2026-09-08T13:27:09+09:00,2026/09/08,2026/10/08,2026-10,CALL,58250,8165,,,37.23,,8415,7,7935,6,,,,,
2026/09/08 13:12,2026-09-08T13:27:09+09:00,2026/09/08,2026/10/08,2026-10,PUT,58250,265,116,,35.02,34.49,310,16,293,18,,,,,
2026/09/08 13:12,2026-09-08T13:27:09+09:00,2026/09/08,2026/10/08,2026-10,CALL,58000,8400,,,37.7,,8650,18,8150,18,,,,,
2026/09/08 13:12,2026-09-08T13:27:09+09:00,2026/09/08,2026/10/08,2026-10,PUT,58000,254,2249,49,35.28,35.12,291,9,286,1,34.81,7,2.63,273,09/08 13:03
2026/09/08 13:12,2026-09-08T13:27:09+09:00,2026/09/08,2026/10/08,2026-10,CALL,57750,8635,,,38.15,,8885,6,8510,6,,,,,
2026/09/08 13:12,2026-09-08T13:27:09+09:00,2026/09/08,2026/10/08,2026-10,PUT,57750,234,74,,35.74,35.2,279,13,263,18,,,,,
2026/09/08 13:12,2026-09-08T13:27:09+09:00,2026/09/08,2026/10/08,2026-10,CALL,57500,8870,,,38.57,,9120,12,8660,10,,,,,
2026/09/08 13:12,2026-09-08T13:27:09+09:00,2026/09/08,2026/10/08,2026-10,PUT,57500,224,333,9,35.97,35.83,261,6,257,1,35.47,10,4.24,246,09/08 12:52
2026/09/08 13:12,2026-09-08T13:27:09+09:00,2026/09/08,2026/10/08,2026-10,CALL,57250,9110,,,39.14,,9360,7,8930,6,,,,,
2026/09/08 13:12,2026-09-08T13:27:09+09:00,2026/09/08,2026/10/08,2026-10,PUT,57250,208,101,,36.35,35.83,248,3,234,22,,,,,
2026/09/08 13:12,2026-09-08T13:27:09+09:00,2026/09/08,2026/10/08,2026-10,CALL,57000,9350,1,,39.69,,9600,18,9120,15,,,,,
2026/09/08 13:12,2026-09-08T13:27:09+09:00,2026/09/08,2026/10/08,2026-10,PUT,57000,201,833,20,36.7,36.51,235,12,230,1,36.35,9,4.17,225,09/08 13:08
2026/09/08 13:12,2026-09-08T13:27:09+09:00,2026/09/08,2026/10/08,2026-10,CALL,56750,9590,,,,,,,,,,,,,
2026/09/08 13:12,2026-09-08T13:27:09+09:00,2026/09/08,2026/10/08,2026-10,PUT,56750,187,90,1,37.06,36.62,223,5,212,22,34.74,,,195,09/07 18:26
2026/09/08 13:12,2026-09-08T13:27:09+09:00,2026/09/08,2026/10/08,2026-10,CALL,56500,9830,,,,,,,,,,,,,
2026/09/08 13:12,2026-09-08T13:27:09+09:00,2026/09/08,2026/10/08,2026-10,PUT,56500,180,423,1,37.39,37.23,211,8,207,1,36.86,10,5.18,203,09/08 12:10
2026/09/08 13:12,2026-09-08T13:27:09+09:00,2026/09/08,2026/10/08,2026-10,CALL,56250,10070,,,,,,,,,,,,,
2026/09/08 13:12,2026-09-08T13:27:09+09:00,2026/09/08,2026/10/08,2026-10,PUT,56250,169,60,,37.83,37.31,202,6,190,24,,,,,
2026/09/08 13:12,2026-09-08T13:27:09+09:00,2026/09/08,2026/10/08,2026-10,CALL,56000,10310,,,,,,,,,,,,,
2026/09/08 13:12,2026-09-08T13:27:09+09:00,2026/09/08,2026/10/08,2026-10,PUT,56000,163,1165,14,38.2,37.97,192,1,187,1,37.51,9,5.29,179,09/08 12:47
2026/09/08 13:12,2026-09-08T13:27:09+09:00,2026/09/08,2026/10/08,2026-10,CALL,55750,10555,,,,,,,,,,,,,
2026/09/08 13:12,2026-09-08T13:27:09+09:00,2026/09/08,2026/10/08,2026-10,PUT,55750,152,40,,38.64,38.07,184,17,172,25,,,,,
2026/09/08 13:12,2026-09-08T13:27:09+09:00,2026/09/08,2026/10/08,2026-10,CALL,55500,10795,,,,,,,,,,,,,
2026/09/08 13:12,2026-09-08T13:27:09+09:00,2026/09/08,2026/10/08,2026-10,PUT,55500,147,253,5,38.96,38.67,174,11,168,1,38.02,,,151,09/08 09:51
2026/09/08 13:12,2026-09-08T13:27:09+09:00,2026/09/08,2026/10/08,2026-10,CALL,55250,11040,,,,,,,,,,,,,
2026/09/08 13:12,2026-09-08T13:27:09+09:00,2026/09/08,2026/10/08,2026-10,PUT,55250,137,61,4,39.36,38.85,166,7,156,26,37.19,10,6.76,158,09/07 20:38
2026/09/08 13:12,2026-09-08T13:27:09+09:00,2026/09/08,2026/10/08,2026-10,CALL,55000,11280,4,,,,,,,,,,,,
2026/09/08 13:12,2026-09-08T13:27:09+09:00,2026/09/08,2026/10/08,2026-10,PUT,55000,140,3108,16,39.74,39.48,158,19,153,1,39.33,5,3.57,145,09/08 12:31
2026/09/08 13:12,2026-09-08T13:27:09+09:00,2026/09/08,2026/10/08,2026-10,CALL,54750,11525,,,,,,,,,,,,,
2026/09/08 13:12,2026-09-08T13:27:09+09:00,2026/09/08,2026/10/08,2026-10,PUT,54750,133,60,,40.32,39.66,154,18,142,27,,,,,
2026/09/08 13:12,2026-09-08T13:27:09+09:00,2026/09/08,2026/10/08,2026-10,CALL,54500,11770,,,,,,,,,,,,,
2026/09/08 13:12,2026-09-08T13:27:09+09:00,2026/09/08,2026/10/08,2026-10,PUT,54500,121,598,32,40.55,40.14,144,12,137,14,38.88,19,15.08,145,09/07 20:38
2026/09/08 13:12,2026-09-08T13:27:09+09:00,2026/09/08,2026/10/08,2026-10,CALL,54250,12015,,,,,,,,,,,,,
2026/09/08 13:12,2026-09-08T13:27:09+09:00,2026/09/08,2026/10/08,2026-10,PUT,54250,120,59,,40.98,40.44,138,25,129,27,,,,,
2026/09/08 13:12,2026-09-08T13:27:09+09:00,2026/09/08,2026/10/08,2026-10,CALL,54000,12260,,,,,,,,,,,,,
2026/09/08 13:12,2026-09-08T13:27:09+09:00,2026/09/08,2026/10/08,2026-10,PUT,54000,115,728,10,41.33,40.77,131,21,122,71,40.67,6,5.22,121,09/08 12:27
2026/09/08 13:12,2026-09-08T13:27:09+09:00,2026/09/08,2026/10/08,2026-10,CALL,53750,12505,,,,,,,,,,,,,
2026/09/08 13:12,2026-09-08T13:27:09+09:00,2026/09/08,2026/10/08,2026-10,PUT,53750,104,16,1,41.79,41.14,126,8,116,30,39.83,,,116,09/07 22:08
2026/09/08 13:12,2026-09-08T13:27:09+09:00,2026/09/08,2026/10/08,2026-10,CALL,53500,12750,,,,,,,,,,,,,
2026/09/08 13:12,2026-09-08T13:27:09+09:00,2026/09/08,2026/10/08,2026-10,PUT,53500,101,335,1,42.23,41.56,121,14,111,48,39.8,,,110,09/07 20:36
2026/09/08 13:12,2026-09-08T13:27:09+09:00,2026/09/08,2026/10/08,2026-10,CALL,53250,12995,,,,,,,,,,,,,
2026/09/08 13:12,2026-09-08T13:27:09+09:00,2026/09/08,2026/10/08,2026-10,PUT,53250,94,68,,42.66,41.96,116,20,106,30,,,,,
2026/09/08 13:12,2026-09-08T13:27:09+09:00,2026/09/08,2026/10/08,2026-10,CALL,53000,13240,34,,,,,,,,,,,,
2026/09/08 13:12,2026-09-08T13:27:09+09:00,2026/09/08,2026/10/08,2026-10,PUT,53000,92,1298,24,43.29,42.42,114,71,102,71,42.67,6,6.19,103,09/08 12:37
2026/09/08 13:12,2026-09-08T13:27:09+09:00,2026/09/08,2026/10/08,2026-10,CALL,52750,13490,,,,,,,,,,,,,
2026/09/08 13:12,2026-09-08T13:27:09+09:00,2026/09/08,2026/10/08,2026-10,PUT,52750,86,120,2,43.62,42.87,108,28,98,9,42.56,,,95,09/08 11:17
2026/09/08 13:12,2026-09-08T13:27:09+09:00,2026/09/08,2026/10/08,2026-10,CALL,52500,13735,,,,,,,,,,,,,
2026/09/08 13:12,2026-09-08T13:27:09+09:00,2026/09/08,2026/10/08,2026-10,PUT,52500,82,314,,43.78,43.46,100,1,96,15,,,,,
2026/09/08 13:12,2026-09-08T13:27:09+09:00,2026/09/08,2026/10/08,2026-10,CALL,52250,13980,,,,,,,,,,,,,
2026/09/08 13:12,2026-09-08T13:27:09+09:00,2026/09/08,2026/10/08,2026-10,PUT,52250,80,46,,44.76,43.64,103,29,89,8,,,,,
2026/09/08 13:12,2026-09-08T13:27:09+09:00,2026/09/08,2026/10/08,2026-10,CALL,52000,14225,,,,,,,,,,,,,
2026/09/08 13:12,2026-09-08T13:27:09+09:00,2026/09/08,2026/10/08,2026-10,PUT,52000,76,1822,11,44.72,44.04,93,24,85,24,43.96,7,8.86,86,09/08 10:59
2026/09/08 13:12,2026-09-08T13:27:09+09:00,2026/09/08,2026/10/08,2026-10,CALL,51750,14475,,,,,,,,,,,,,
2026/09/08 13:12,2026-09-08T13:27:09+09:00,2026/09/08,2026/10/08,2026-10,PUT,51750,73,72,1,45.22,44.51,90,21,82,10,43.14,,,84,09/07 21:34
2026/09/08 13:12,2026-09-08T13:27:09+09:00,2026/09/08,2026/10/08,2026-10,CALL,51500,14720,,,,,,,,,,,,,
2026/09/08 13:12,2026-09-08T13:27:09+09:00,2026/09/08,2026/10/08,2026-10,PUT,51500,72,425,7,45.62,44.97,86,16,79,16,44.55,-5,-6.49,72,09/08 09:59
2026/09/08 13:12,2026-09-08T13:27:09+09:00,2026/09/08,2026/10/08,2026-10,CALL,51250,14970,,,,,,,,,,,,,
2026/09/08 13:12,2026-09-08T13:27:09+09:00,2026/09/08,2026/10/08,2026-10,PUT,51250,67,84,3,46.46,45.43,87,10,76,10,45.01,2,2.94,70,09/08 10:04
2026/09/08 13:12,2026-09-08T13:27:09+09:00,2026/09/08,2026/10/08,2026-10,CALL,51000,15215,,,,,,,,,,,,,
2026/09/08 13:12,2026-09-08T13:27:09+09:00,2026/09/08,2026/10/08,2026-10,PUT,51000,65,434,9,46.56,45.76,80,24,72,75,45.65,3,4.48,70,09/08 12:42
2026/09/08 13:12,2026-09-08T13:27:09+09:00,2026/09/08,2026/10/08,2026-10,CALL,50750,15460,,,,,,,,,,,,,
2026/09/08 13:12,2026-09-08T13:27:09+09:00,2026/09/08,2026/10/08,2026-10,PUT,50750,62,51,,47.01,46.19,77,22,69,10,,,,,
2026/09/08 13:12,2026-09-08T13:27:09+09:00,2026/09/08,2026/10/08,2026-10,CALL,50500,15710,,,,,,,,,,,,,
2026/09/08 13:12,2026-09-08T13:27:09+09:00,2026/09/08,2026/10/08,2026-10,PUT,50500,61,406,,47.65,46.48,76,52,65,56,,,,,
2026/09/08 13:12,2026-09-08T13:27:09+09:00,2026/09/08,2026/10/08,2026-10,CALL,50250,15960,,,,,,,,,,,,,
2026/09/08 13:12,2026-09-08T13:27:09+09:00,2026/09/08,2026/10/08,2026-10,PUT,50250,58,65,,48.2,46.99,74,10,63,35,,,,,
2026/09/08 13:12,2026-09-08T13:27:09+09:00,2026/09/08,2026/10/08,2026-10,CALL,50000,16205,,,,,,,,,,,,,
2026/09/08 13:12,2026-09-08T13:27:09+09:00,2026/09/08,2026/10/08,2026-10,PUT,50000,57,1002,56,48.18,47.48,67,24,61,24,47.95,8,14.04,65,09/08 13:10
2026/09/08 13:12,2026-09-08T13:27:09+09:00,2026/09/08,2026/10/08,2026-10,CALL,49750,16450,,,,,,,,,,,,,
2026/09/08 13:12,2026-09-08T13:27:09+09:00,2026/09/08,2026/10/08,2026-10,PUT,49750,54,63,,48.81,47.85,66,22,58,36,,,,,
2026/09/08 13:12,2026-09-08T13:27:09+09:00,2026/09/08,2026/10/08,2026-10,CALL,49500,16700,,,,,,,,,,,,,
2026/09/08 13:12,2026-09-08T13:27:09+09:00,2026/09/08,2026/10/08,2026-10,PUT,49500,52,204,,49.32,48.2,64,16,55,56,,,,,
2026/09/08 13:12,2026-09-08T13:27:09+09:00,2026/09/08,2026/10/08,2026-10,CALL,49250,16950,,,,,,,,,,,,,
2026/09/08 13:12,2026-09-08T13:27:09+09:00,2026/09/08,2026/10/08,2026-10,PUT,49250,51,75,,50.76,48.24,70,2,50,4,,,,,
2026/09/08 13:12,2026-09-08T13:27:09+09:00,2026/09/08,2026/10/08,2026-10,CALL,49000,17195,,,,,,,,,,,,,
2026/09/08 13:12,2026-09-08T13:27:09+09:00,2026/09/08,2026/10/08,2026-10,PUT,49000,49,246,7,50.18,49.11,59,24,51,85,49.61,1,1.89,54,09/08 12:41
2026/09/08 13:12,2026-09-08T13:27:09+09:00,2026/09/08,2026/10/08,2026-10,CALL,48750,17445,,,,,,,,,,,,,
2026/09/08 13:12,2026-09-08T13:27:09+09:00,2026/09/08,2026/10/08,2026-10,PUT,48750,47,24,1,51.05,49.69,60,32,50,10,50.01,,,52,09/08 13:08
2026/09/08 13:12,2026-09-08T13:27:09+09:00,2026/09/08,2026/10/08,2026-10,CALL,48500,17690,,,,,,,,,,,,,
2026/09/08 13:12,2026-09-08T13:27:09+09:00,2026/09/08,2026/10/08,2026-10,PUT,48500,44,198,,51.4,49.51,57,11,44,13,,,,,
2026/09/08 13:12,2026-09-08T13:27:09+09:00,2026/09/08,2026/10/08,2026-10,CALL,48250,17940,,,,,,,,,,,,,
2026/09/08 13:12,2026-09-08T13:27:09+09:00,2026/09/08,2026/10/08,2026-10,PUT,48250,43,52,,52.68,49.91,61,2,42,4,,,,,
2026/09/08 13:12,2026-09-08T13:27:09+09:00,2026/09/08,2026/10/08,2026-10,CALL,48000,18190,,,,,,,,,,,,,
2026/09/08 13:12,2026-09-08T13:27:09+09:00,2026/09/08,2026/10/08,2026-10,PUT,48000,42,747,4,51.89,51.12,50,1,45,1,51.43,4,9.3,47,09/08 13:09
2026/09/08 13:12,2026-09-08T13:27:09+09:00,2026/09/08,2026/10/08,2026-10,CALL,47750,18435,,,,,,,,,,,,,
2026/09/08 13:12,2026-09-08T13:27:09+09:00,2026/09/08,2026/10/08,2026-10,PUT,47750,40,40,,53.64,50.83,57,2,39,4,,,,,
2026/09/08 13:12,2026-09-08T13:27:09+09:00,2026/09/08,2026/10/08,2026-10,CALL,47500,18685,34,,,,,,,,,,,,
2026/09/08 13:12,2026-09-08T13:27:09+09:00,2026/09/08,2026/10/08,2026-10,PUT,47500,37,30,,53.06,51.37,48,12,38,16,,,,,
2026/09/08 13:12,2026-09-08T13:27:09+09:00,2026/09/08,2026/10/08,2026-10,CALL,47250,18930,,,,,,,,,,,,,
2026/09/08 13:12,2026-09-08T13:27:09+09:00,2026/09/08,2026/10/08,2026-10,PUT,47250,36,26,,54.57,51.71,53,2,36,4,,,,,
2026/09/08 13:12,2026-09-08T13:27:09+09:00,2026/09/08,2026/10/08,2026-10,CALL,47000,19180,,,,,,,,,,,,,
2026/09/08 13:12,2026-09-08T13:27:09+09:00,2026/09/08,2026/10/08,2026-10,PUT,47000,35,396,13,53.54,52.82,42,1,38,27,53.22,2,5.26,40,09/08 13:08
2026/09/08 13:12,2026-09-08T13:27:09+09:00,2026/09/08,2026/10/08,2026-10,CALL,46750,19430,,,,,,,,,,,,,
2026/09/08 13:12,2026-09-08T13:27:09+09:00,2026/09/08,2026/10/08,2026-10,PUT,46750,34,131,,55.93,53.16,52,6,36,6,,,,,
2026/09/08 13:12,2026-09-08T13:27:09+09:00,2026/09/08,2026/10/08,2026-10,CALL,46500,19680,,,,,,,,,,,,,
2026/09/08 13:12,2026-09-08T13:27:09+09:00,2026/09/08,2026/10/08,2026-10,PUT,46500,33,157,,55.02,53.27,42,25,33,7,,,,,
2026/09/08 13:12,2026-09-08T13:27:09+09:00,2026/09/08,2026/10/08,2026-10,CALL,46250,19915,,,,,,,,,,,,,
2026/09/08 13:12,2026-09-08T13:27:09+09:00,2026/09/08,2026/10/08,2026-10,PUT,46250,21,13,,56.63,51.03,47,6,21,6,,,,,
2026/09/08 13:12,2026-09-08T13:27:09+09:00,2026/09/08,2026/10/08,2026-10,CALL,46000,20165,,,,,,,,,,,,,
2026/09/08 13:12,2026-09-08T13:27:09+09:00,2026/09/08,2026/10/08,2026-10,PUT,46000,29,357,1,55.55,54.5,37,27,32,33,55.02,1,3.03,34,09/08 12:41
2026/09/08 13:12,2026-09-08T13:27:09+09:00,2026/09/08,2026/10/08,2026-10,CALL,45750,20415,,,,,,,,,,,,,
2026/09/08 13:12,2026-09-08T13:27:09+09:00,2026/09/08,2026/10/08,2026-10,PUT,45750,20,43,,57.8,51.47,45,6,18,7,,,,,
2026/09/08 13:12,2026-09-08T13:27:09+09:00,2026/09/08,2026/10/08,2026-10,CALL,45500,20665,,,,,,,,,,,,,
2026/09/08 13:12,2026-09-08T13:27:09+09:00,2026/09/08,2026/10/08,2026-10,PUT,45500,25,210,,56.62,54.77,35,14,27,26,,,,,
2026/09/08 13:12,2026-09-08T13:27:09+09:00,2026/09/08,2026/10/08,2026-10,CALL,45250,20910,,,,,,,,,,,,,
2026/09/08 13:12,2026-09-08T13:27:09+09:00,2026/09/08,2026/10/08,2026-10,PUT,45250,18,29,,60.85,51.37,54,6,14,6,,,,,
2026/09/08 13:12,2026-09-08T13:27:09+09:00,2026/09/08,2026/10/08,2026-10,CALL,45000,21160,2,,,,,,,,,,,,
2026/09/08 13:12,2026-09-08T13:27:09+09:00,2026/09/08,2026/10/08,2026-10,PUT,45000,27,1703,47,57.43,56.22,32,27,27,33,56.58,2,7.41,29,09/08 12:10
2026/09/08 13:12,2026-09-08T13:27:09+09:00,2026/09/08,2026/10/08,2026-10,CALL,44750,21410,,,,,,,,,,,,,
2026/09/08 13:12,2026-09-08T13:27:09+09:00,2026/09/08,2026/10/08,2026-10,PUT,44750,24,37,,58.63,56.41,34,6,25,12,,,,,
2026/09/08 13:12,2026-09-08T13:27:09+09:00,2026/09/08,2026/10/08,2026-10,CALL,44500,21660,,,,,,,,,,,,,
2026/09/08 13:12,2026-09-08T13:27:09+09:00,2026/09/08,2026/10/08,2026-10,PUT,44500,21,1,,58.68,57.13,31,21,25,7,,,,,
2026/09/08 13:12,2026-09-08T13:27:09+09:00,2026/09/08,2026/10/08,2026-10,CALL,44250,21905,,,,,,,,,,,,,
2026/09/08 13:12,2026-09-08T13:27:09+09:00,2026/09/08,2026/10/08,2026-10,PUT,44250,15,36,,59.67,54.92,32,6,16,6,,,,,
2026/09/08 13:12,2026-09-08T13:27:09+09:00,2026/09/08,2026/10/08,2026-10,CALL,44000,22155,,,,,,,,,,,,,
2026/09/08 13:12,2026-09-08T13:27:09+09:00,2026/09/08,2026/10/08,2026-10,PUT,44000,20,232,,59.68,57.38,29,25,21,28,,,,,
2026/09/08 13:12,2026-09-08T13:27:09+09:00,2026/09/08,2026/10/08,2026-10,CALL,43750,22405,,,,,,,,,,,,,
2026/09/08 13:12,2026-09-08T13:27:09+09:00,2026/09/08,2026/10/08,2026-10,PUT,43750,14,13,,60.93,55.92,31,6,15,7,,,,,
2026/09/08 13:12,2026-09-08T13:27:09+09:00,2026/09/08,2026/10/08,2026-10,CALL,43500,22655,,,,,,,,,,,,,
2026/09/08 13:12,2026-09-08T13:27:09+09:00,2026/09/08,2026/10/08,2026-10,PUT,43500,18,15,,60.64,58.15,27,28,19,28,,,,,
2026/09/08 13:12,2026-09-08T13:27:09+09:00,2026/09/08,2026/10/08,2026-10,CALL,43250,22900,,,,,,,,,,,,,
2026/09/08 13:12,2026-09-08T13:27:09+09:00,2026/09/08,2026/10/08,2026-10,PUT,43250,12,15,,62.19,56.44,30,6,13,7,,,,,
2026/09/08 13:12,2026-09-08T13:27:09+09:00,2026/09/08,2026/10/08,2026-10,CALL,43000,23150,,,,,,,,,,,,,
2026/09/08 13:12,2026-09-08T13:27:09+09:00,2026/09/08,2026/10/08,2026-10,PUT,43000,18,159,36,60.95,59.96,23,1,20,1,60.43,0,0,22,09/08 11:32
2026/09/08 13:12,2026-09-08T13:27:09+09:00,2026/09/08,2026/10/08,2026-10,CALL,42750,23400,,,,,,,,,,,,,
2026/09/08 13:12,2026-09-08T13:27:09+09:00,2026/09/08,2026/10/08,2026-10,PUT,42750,11,31,,63.18,55.01,28,6,8,12,,,,,
2026/09/08 13:12,2026-09-08T13:27:09+09:00,2026/09/08,2026/10/08,2026-10,CALL,42000,24145,,,,,,,,,,,,,
2026/09/08 13:12,2026-09-08T13:27:09+09:00,2026/09/08,2026/10/08,2026-10,PUT,42000,15,139,1,63.28,61.77,21,1,17,33,62.58,1,5.56,19,09/08 13:08
2026/09/08 13:12,2026-09-08T13:27:09+09:00,2026/09/08,2026/10/08,2026-10,CALL,41000,25140,,,,,,,,,,,,,
2026/09/08 13:12,2026-09-08T13:27:09+09:00,2026/09/08,2026/10/08,2026-10,PUT,41000,14,140,,65.57,62.89,19,6,13,7,,,,,
2026/09/08 13:12,2026-09-08T13:27:09+09:00,2026/09/08,2026/10/08,2026-10,CALL,40000,26140,,,,,,,,,,,,,
2026/09/08 13:12,2026-09-08T13:27:09+09:00,2026/09/08,2026/10/08,2026-10,PUT,40000,13,4194,20,66.88,65.31,15,4,12,13,65.86,0,0,13,09/08 13:11
2026/09/08 13:12,2026-09-08T13:27:09+09:00,2026/09/08,2026/10/08,2026-10,CALL,39000,27140,,,,,,,,,,,,,
2026/09/08 13:12,2026-09-08T13:27:09+09:00,2026/09/08,2026/10/08,2026-10,PUT,39000,11,104,,68.9,67.06,13,1,10,26,,,,,
2026/09/08 13:12,2026-09-08T13:27:09+09:00,2026/09/08,2026/10/08,2026-10,CALL,38000,28135,,,,,,,,,,,,,
2026/09/08 13:12,2026-09-08T13:27:09+09:00,2026/09/08,2026/10/08,2026-10,PUT,38000,8,15,,71.42,68.57,12,17,8,19,,,,,
2026/09/08 13:12,2026-09-08T13:27:09+09:00,2026/09/08,2026/10/08,2026-10,CALL,37000,29135,,,,,,,,,,,,,
2026/09/08 13:12,2026-09-08T13:27:09+09:00,2026/09/08,2026/10/08,2026-10,PUT,37000,5,170,3,73.22,71.63,10,27,8,1,70.49,,,8,09/07 21:47
2026/09/08 13:12,2026-09-08T13:27:09+09:00,2026/09/08,2026/10/08,2026-10,CALL,36000,30135,,,,,,,,,,,,,
2026/09/08 13:12,2026-09-08T13:27:09+09:00,2026/09/08,2026/10/08,2026-10,PUT,36000,6,37,,75.63,73.82,9,16,7,2,,,,,
2026/09/08 13:12,2026-09-08T13:27:09+09:00,2026/09/08,2026/10/08,2026-10,CALL,35000,31135,24,,,,,,,,,,,,
2026/09/08 13:12,2026-09-08T13:27:09+09:00,2026/09/08,2026/10/08,2026-10,PUT,35000,6,1997,10,77.01,74.67,7,2,5,395,75.98,0,0,6,09/08 09:49
2026/09/08 13:12,2026-09-08T13:27:09+09:00,2026/09/08,2026/10/08,2026-10,CALL,34000,32130,,,,,,,,,,,,,
2026/09/08 13:12,2026-09-08T13:27:09+09:00,2026/09/08,2026/10/08,2026-10,PUT,34000,5,22,6,79.15,76.35,6,1,4,206,77.75,0,0,5,09/08 10:18
2026/09/08 13:12,2026-09-08T13:27:09+09:00,2026/09/08,2026/10/08,2026-10,CALL,33000,33130,,,,,,,,,,,,,
2026/09/08 13:12,2026-09-08T13:27:09+09:00,2026/09/08,2026/10/08,2026-10,PUT,33000,4,1734,1000,81.14,79.57,5,3,4,26,79.66,-1,-20,4,09/08 10:09
2026/09/08 13:12,2026-09-08T13:27:09+09:00,2026/09/08,2026/10/08,2026-10,CALL,32000,34130,,,,,,,,,,,,,
2026/09/08 13:12,2026-09-08T13:27:09+09:00,2026/09/08,2026/10/08,2026-10,PUT,32000,3,42,2,82.89,80.91,4,1,3,403,82.57,-1,-20,4,09/08 09:41
2026/09/08 13:12,2026-09-08T13:27:09+09:00,2026/09/08,2026/10/08,2026-10,CALL,31000,35130,,,,,,,,,,,,,
2026/09/08 13:12,2026-09-08T13:27:09+09:00,2026/09/08,2026/10/08,2026-10,PUT,31000,3,4,,90.7,84.26,7,15,3,15,,,,,
2026/09/08 13:12,2026-09-08T13:27:09+09:00,2026/09/08,2026/10/08,2026-10,CALL,30000,36130,,,,,,,,,,,,,
2026/09/08 13:12,2026-09-08T13:27:09+09:00,2026/09/08,2026/10/08,2026-10,PUT,30000,3,5009,91,89.84,84.92,4,5,2,367,87.65,-1,-25,3,09/08 12:47
2026/09/08 13:12,2026-09-08T13:27:09+09:00,2026/09/08,2026/10/08,2026-10,CALL,29000,37125,,,,,,,,,,,,,
2026/09/08 13:12,2026-09-08T13:27:09+09:00,2026/09/08,2026/10/08,2026-10,PUT,29000,1,11,,91.28,83.96,3,2,1,173,,,,,
2026/09/08 13:12,2026-09-08T13:27:09+09:00,2026/09/08,2026/10/08,2026-10,CALL,28000,38125,,,,,,,,,,,,,
2026/09/08 13:12,2026-09-08T13:27:09+09:00,2026/09/08,2026/10/08,2026-10,PUT,28000,2,19,1,94.98,91.97,3,84,2,13,91.54,0,0,2,09/08 09:22
2026/09/08 13:12,2026-09-08T13:27:09+09:00,2026/09/08,2026/10/08,2026-10,CALL,27000,39125,,,,,,,,,,,,,
2026/09/08 13:12,2026-09-08T13:27:09+09:00,2026/09/08,2026/10/08,2026-10,PUT,27000,2,28,11,98.8,90.92,3,27,1,118,95.8,0,0,2,09/08 12:34
2026/09/08 13:12,2026-09-08T13:27:09+09:00,2026/09/08,2026/10/08,2026-10,CALL,26000,40125,,,,,,,,,,,,,
2026/09/08 13:12,2026-09-08T13:27:09+09:00,2026/09/08,2026/10/08,2026-10,PUT,26000,1,27,,102.78,94.6,3,3,1,81,,,,,
2026/09/08 13:12,2026-09-08T13:27:09+09:00,2026/09/08,2026/10/08,2026-10,CALL,25000,41120,,,,,,,,,,,,,
2026/09/08 13:12,2026-09-08T13:27:09+09:00,2026/09/08,2026/10/08,2026-10,PUT,25000,1,1476,,106.91,98.42,3,4,1,197,,,,,
2026/09/08 13:12,2026-09-08T13:27:09+09:00,2026/09/08,2026/10/08,2026-10,CALL,22500,43620,,,,,,,,,,,,,
2026/09/08 13:12,2026-09-08T13:27:09+09:00,2026/09/08,2026/10/08,2026-10,PUT,22500,1,49,,114.33,108.69,2,3,1,58,,,,,
2026/09/08 13:12,2026-09-08T13:27:09+09:00,2026/09/08,2026/10/08,2026-10,CALL,20000,46115,,,,,,,,,,,,,
2026/09/08 13:12,2026-09-08T13:27:09+09:00,2026/09/08,2026/10/08,2026-10,PUT,20000,1,648,47,126.39,120.18,2,60,1,98,120.28,0,0,1,09/08 09:53
2026/09/08 13:12,2026-09-08T13:27:09+09:00,2026/09/08,2026/12/10,2026-12,CALL,75000,650,3775,1,25.21,24.32,830,37,750,6,23.68,,,710,09/08 09:50
2026/09/08 13:12,2026-09-08T13:27:09+09:00,2026/09/08,2026/12/10,2026-12,PUT,75000,9255,,,,,,,,,,,,,
2026/09/08 13:12,2026-09-08T13:27:09+09:00,2026/09/08,2026/12/10,2026-12,CALL,74750,685,,,25.21,24.12,870,1,770,1,,,,,
2026/09/08 13:12,2026-09-08T13:27:09+09:00,2026/09/08,2026/12/10,2026-12,PUT,74750,9040,,,,,,,,,,,,,
2026/09/08 13:12,2026-09-08T13:27:09+09:00,2026/09/08,2026/12/10,2026-12,CALL,74500,725,1,,25.2,24.13,910,1,810,1,,,,,
2026/09/08 13:12,2026-09-08T13:27:09+09:00,2026/09/08,2026/12/10,2026-12,PUT,74500,8830,,,,,,,,,,,,,
2026/09/08 13:12,2026-09-08T13:27:09+09:00,2026/09/08,2026/12/10,2026-12,CALL,74250,740,,,25.16,24.12,950,1,850,1,,,,,
2026/09/08 13:12,2026-09-08T13:27:09+09:00,2026/09/08,2026/12/10,2026-12,PUT,74250,8595,,,,,,,,,,,,,
2026/09/08 13:12,2026-09-08T13:27:09+09:00,2026/09/08,2026/12/10,2026-12,CALL,74000,780,1050,,25.17,24.15,995,1,895,1,,,,,
2026/09/08 13:12,2026-09-08T13:27:09+09:00,2026/09/08,2026/12/10,2026-12,PUT,74000,8390,100,,,,,,,,,,,,
2026/09/08 13:12,2026-09-08T13:27:09+09:00,2026/09/08,2026/12/10,2026-12,CALL,73750,820,,,25.15,24.15,1040,1,940,1,,,,,
2026/09/08 13:12,2026-09-08T13:27:09+09:00,2026/09/08,2026/12/10,2026-12,PUT,73750,8180,,,,,,,,,,,,,
2026/09/08 13:12,2026-09-08T13:27:09+09:00,2026/09/08,2026/12/10,2026-12,CALL,73500,870,400,,25.17,24.14,1090,1,985,1,,,,,
2026/09/08 13:12,2026-09-08T13:27:09+09:00,2026/09/08,2026/12/10,2026-12,PUT,73500,7980,,,,,,,,,,,,,
2026/09/08 13:12,2026-09-08T13:27:09+09:00,2026/09/08,2026/12/10,2026-12,CALL,73250,915,,,25.17,24.16,1140,1,1035,1,,,,,
2026/09/08 13:12,2026-09-08T13:27:09+09:00,2026/09/08,2026/12/10,2026-12,PUT,73250,7775,,,,,,,,,,,,,
2026/09/08 13:12,2026-09-08T13:27:09+09:00,2026/09/08,2026/12/10,2026-12,CALL,73000,965,802,,25.15,24.21,1190,1,1090,1,,,,,
2026/09/08 13:12,2026-09-08T13:27:09+09:00,2026/09/08,2026/12/10,2026-12,PUT,73000,7580,,,,,,,,,,,,,
2026/09/08 13:12,2026-09-08T13:27:09+09:00,2026/09/08,2026/12/10,2026-12,CALL,72750,1015,,,25.16,24.19,1245,1,1140,1,,,,,
2026/09/08 13:12,2026-09-08T13:27:09+09:00,2026/09/08,2026/12/10,2026-12,PUT,72750,7375,,,,,,,,,,,,,
2026/09/08 13:12,2026-09-08T13:27:09+09:00,2026/09/08,2026/12/10,2026-12,CALL,72500,1070,2312,,25.16,24.25,1300,1,1200,1,,,,,
2026/09/08 13:12,2026-09-08T13:27:09+09:00,2026/09/08,2026/12/10,2026-12,PUT,72500,7185,420,,,,,,,,,,,,
2026/09/08 13:12,2026-09-08T13:27:09+09:00,2026/09/08,2026/12/10,2026-12,CALL,72250,1120,2,,25.17,24.24,1360,1,1255,1,,,,,
2026/09/08 13:12,2026-09-08T13:27:09+09:00,2026/09/08,2026/12/10,2026-12,PUT,72250,6990,,,,,,,,,,,,,
2026/09/08 13:12,2026-09-08T13:27:09+09:00,2026/09/08,2026/12/10,2026-12,CALL,72000,1185,3185,,25.22,23.81,1425,1,1265,1,,,,,
2026/09/08 13:12,2026-09-08T13:27:09+09:00,2026/09/08,2026/12/10,2026-12,PUT,72000,6800,120,,,,,,,,,,,,
2026/09/08 13:12,2026-09-08T13:27:09+09:00,2026/09/08,2026/12/10,2026-12,CALL,71750,1245,,,24.94,24.29,1455,20,1380,20,,,,,
2026/09/08 13:12,2026-09-08T13:27:09+09:00,2026/09/08,2026/12/10,2026-12,PUT,71750,6615,,,,,,,,,,,,,
2026/09/08 13:12,2026-09-08T13:27:09+09:00,2026/09/08,2026/12/10,2026-12,CALL,71500,1320,1,,24.95,24.31,1520,20,1445,20,,,,,
2026/09/08 13:12,2026-09-08T13:27:09+09:00,2026/09/08,2026/12/10,2026-12,PUT,71500,6435,,,,,,,,,,,,,
2026/09/08 13:12,2026-09-08T13:27:09+09:00,2026/09/08,2026/12/10,2026-12,CALL,71250,1390,,,24.98,24.35,1590,20,1515,20,,,,,
2026/09/08 13:12,2026-09-08T13:27:09+09:00,2026/09/08,2026/12/10,2026-12,PUT,71250,6260,,,,,,,,,,,,,
2026/09/08 13:12,2026-09-08T13:27:09+09:00,2026/09/08,2026/12/10,2026-12,CALL,71000,1450,2249,,24.99,24.37,1660,20,1585,20,,,,,
2026/09/08 13:12,2026-09-08T13:27:09+09:00,2026/09/08,2026/12/10,2026-12,PUT,71000,6075,31,,,,,,,,,,,,
2026/09/08 13:12,2026-09-08T13:27:09+09:00,2026/09/08,2026/12/10,2026-12,CALL,70750,1525,,,25.03,24.54,1735,20,1675,20,,,,,
2026/09/08 13:12,2026-09-08T13:27:09+09:00,2026/09/08,2026/12/10,2026-12,PUT,70750,5895,,,,,,,,,,,,,
2026/09/08 13:12,2026-09-08T13:27:09+09:00,2026/09/08,2026/12/10,2026-12,CALL,70500,1605,,,25.08,24.56,1815,40,1750,20,,,,,
2026/09/08 13:12,2026-09-08T13:27:09+09:00,2026/09/08,2026/12/10,2026-12,PUT,70500,5730,,,,,,,,,,,,,
2026/09/08 13:12,2026-09-08T13:27:09+09:00,2026/09/08,2026/12/10,2026-12,CALL,70250,1675,,,25.11,24.6,1895,40,1830,20,,,,,
2026/09/08 13:12,2026-09-08T13:27:09+09:00,2026/09/08,2026/12/10,2026-12,PUT,70250,5545,,,,,,,,,,,,,
2026/09/08 13:12,2026-09-08T13:27:09+09:00,2026/09/08,2026/12/10,2026-12,CALL,70000,1750,5478,13,25.09,24.77,1970,44,1930,24,24.77,210,12.54,1885,09/08 11:28
2026/09/08 13:12,2026-09-08T13:27:09+09:00,2026/09/08,2026/12/10,2026-12,PUT,70000,5375,1653,,,,,,,,,,,,
2026/09/08 13:12,2026-09-08T13:27:09+09:00,2026/09/08,2026/12/10,2026-12,CALL,69750,1835,158,,25.2,24.69,2065,20,2000,20,,,,,
2026/09/08 13:12,2026-09-08T13:27:09+09:00,2026/09/08,2026/12/10,2026-12,PUT,69750,5210,,,,,,,,,,,,,
2026/09/08 13:12,2026-09-08T13:27:09+09:00,2026/09/08,2026/12/10,2026-12,CALL,69500,1915,,,25.17,24.71,2145,20,2085,20,,,,,
2026/09/08 13:12,2026-09-08T13:27:09+09:00,2026/09/08,2026/12/10,2026-12,PUT,69500,5045,,,,,,,,,,,,,
2026/09/08 13:12,2026-09-08T13:27:09+09:00,2026/09/08,2026/12/10,2026-12,CALL,69250,2005,50,,25.28,24.74,2245,60,2175,40,,,,,
2026/09/08 13:12,2026-09-08T13:27:09+09:00,2026/09/08,2026/12/10,2026-12,PUT,69250,4885,,,,,,,,,,,,,
2026/09/08 13:12,2026-09-08T13:27:09+09:00,2026/09/08,2026/12/10,2026-12,CALL,69000,2100,1620,,25.33,24.79,2340,60,2270,40,,,,,
2026/09/08 13:12,2026-09-08T13:27:09+09:00,2026/09/08,2026/12/10,2026-12,PUT,69000,4730,1570,,,,,,,,,,,,
2026/09/08 13:12,2026-09-08T13:27:09+09:00,2026/09/08,2026/12/10,2026-12,CALL,68750,2190,,,25.36,24.82,2435,60,2365,40,,,,,
2026/09/08 13:12,2026-09-08T13:27:09+09:00,2026/09/08,2026/12/10,2026-12,PUT,68750,4570,100,,,,,,,,,,,,
2026/09/08 13:12,2026-09-08T13:27:09+09:00,2026/09/08,2026/12/10,2026-12,CALL,68500,2295,424,,25.33,24.87,2525,20,2465,20,,,,,
2026/09/08 13:12,2026-09-08T13:27:09+09:00,2026/09/08,2026/12/10,2026-12,PUT,68500,4455,203,,,,,,,,,,,,
2026/09/08 13:12,2026-09-08T13:27:09+09:00,2026/09/08,2026/12/10,2026-12,CALL,68250,2395,,,25.43,24.94,2635,40,2570,20,,,,,
2026/09/08 13:12,2026-09-08T13:27:09+09:00,2026/09/08,2026/12/10,2026-12,PUT,68250,4315,,,25.58,25.01,4460,20,4385,20,,,,,
2026/09/08 13:12,2026-09-08T13:27:09+09:00,2026/09/08,2026/12/10,2026-12,CALL,68000,2500,3248,,25.5,24.98,2745,40,2675,60,,,,,
2026/09/08 13:12,2026-09-08T13:27:09+09:00,2026/09/08,2026/12/10,2026-12,PUT,68000,4170,1900,,25.5,24.94,4300,20,4225,20,,,,,
2026/09/08 13:12,2026-09-08T13:27:09+09:00,2026/09/08,2026/12/10,2026-12,CALL,67750,2605,,,25.56,25.04,2855,40,2785,40,,,,,
2026/09/08 13:12,2026-09-08T13:27:09+09:00,2026/09/08,2026/12/10,2026-12,PUT,67750,4020,,,25.56,25,4160,20,4085,20,,,,,
2026/09/08 13:12,2026-09-08T13:27:09+09:00,2026/09/08,2026/12/10,2026-12,CALL,67500,2710,25,,25.56,25.11,2960,40,2900,20,,,,,
2026/09/08 13:12,2026-09-08T13:27:09+09:00,2026/09/08,2026/12/10,2026-12,PUT,67500,3890,25,,25.63,25.08,4025,40,3950,40,,,,,
2026/09/08 13:12,2026-09-08T13:27:09+09:00,2026/09/08,2026/12/10,2026-12,CALL,67250,2825,25,,25.65,25.2,3080,40,3020,20,,,,,
2026/09/08 13:12,2026-09-08T13:27:09+09:00,2026/09/08,2026/12/10,2026-12,PUT,67250,3745,25,,25.69,25.13,3890,40,3815,40,,,,,
2026/09/08 13:12,2026-09-08T13:27:09+09:00,2026/09/08,2026/12/10,2026-12,CALL,67000,2945,1318,,25.72,25.31,3200,40,3145,1,,,,,
2026/09/08 13:12,2026-09-08T13:27:09+09:00,2026/09/08,2026/12/10,2026-12,PUT,67000,3615,1590,,25.76,25.31,3760,20,3700,20,,,,,
2026/09/08 13:12,2026-09-08T13:27:09+09:00,2026/09/08,2026/12/10,2026-12,CALL,66750,3065,,,25.77,25.36,3320,40,3265,1,,,,,
2026/09/08 13:12,2026-09-08T13:27:09+09:00,2026/09/08,2026/12/10,2026-12,PUT,66750,3490,,,25.88,25.39,3640,20,3575,20,,,,,
2026/09/08 13:12,2026-09-08T13:27:09+09:00,2026/09/08,2026/12/10,2026-12,CALL,66500,3185,2750,,25.83,25.35,3445,20,3380,40,,,,,
2026/09/08 13:12,2026-09-08T13:27:09+09:00,2026/09/08,2026/12/10,2026-12,PUT,66500,3355,750,,25.94,25.46,3515,20,3450,60,,,,,
2026/09/08 13:12,2026-09-08T13:27:09+09:00,2026/09/08,2026/12/10,2026-12,CALL,66250,3320,15,,25.91,25.46,3575,60,3515,1,,,,,
2026/09/08 13:12,2026-09-08T13:27:09+09:00,2026/09/08,2026/12/10,2026-12,PUT,66250,3235,,,26.02,25.54,3395,20,3330,60,,,,,
2026/09/08 13:12,2026-09-08T13:27:09+09:00,2026/09/08,2026/12/10,2026-12,CALL,66000,3450,1055,,26.01,25.44,3710,40,3635,40,,,,,
2026/09/08 13:12,2026-09-08T13:27:09+09:00,2026/09/08,2026/12/10,2026-12,PUT,66000,3120,1086,,26.16,25.63,3285,80,3215,20,,,,,
2026/09/08 13:12,2026-09-08T13:27:09+09:00,2026/09/08,2026/12/10,2026-12,CALL,65750,3580,,,,,,,,,,,,,
2026/09/08 13:12,2026-09-08T13:27:09+09:00,2026/09/08,2026/12/10,2026-12,PUT,65750,3000,,,26.23,25.71,3170,60,3100,40,,,,,
2026/09/08 13:12,2026-09-08T13:27:09+09:00,2026/09/08,2026/12/10,2026-12,CALL,65500,3720,734,,,,,,,,,,,,
2026/09/08 13:12,2026-09-08T13:27:09+09:00,2026/09/08,2026/12/10,2026-12,PUT,65500,2885,605,,26.21,25.76,3045,20,2985,40,,,,,
2026/09/08 13:12,2026-09-08T13:27:09+09:00,2026/09/08,2026/12/10,2026-12,CALL,65250,3860,,,,,,,,,,,,,
2026/09/08 13:12,2026-09-08T13:27:09+09:00,2026/09/08,2026/12/10,2026-12,PUT,65250,2780,,,26.32,25.87,2940,20,2880,20,,,,,
2026/09/08 13:12,2026-09-08T13:27:09+09:00,2026/09/08,2026/12/10,2026-12,CALL,65000,4015,2992,,,,,,,,,,,,
2026/09/08 13:12,2026-09-08T13:27:09+09:00,2026/09/08,2026/12/10,2026-12,PUT,65000,2670,4052,,26.41,25.95,2835,20,2775,20,,,,,
2026/09/08 13:12,2026-09-08T13:27:09+09:00,2026/09/08,2026/12/10,2026-12,CALL,64750,4165,,,,,,,,,,,,,
2026/09/08 13:12,2026-09-08T13:27:09+09:00,2026/09/08,2026/12/10,2026-12,PUT,64750,2575,,,26.52,26.06,2735,20,2675,20,,,,,
2026/09/08 13:12,2026-09-08T13:27:09+09:00,2026/09/08,2026/12/10,2026-12,CALL,64500,4315,96,,,,,,,,,,,,
2026/09/08 13:12,2026-09-08T13:27:09+09:00,2026/09/08,2026/12/10,2026-12,PUT,64500,2490,2,,26.64,26.14,2640,20,2575,60,,,,,
2026/09/08 13:12,2026-09-08T13:27:09+09:00,2026/09/08,2026/12/10,2026-12,CALL,64250,4465,,,,,,,,,,,,,
2026/09/08 13:12,2026-09-08T13:27:09+09:00,2026/09/08,2026/12/10,2026-12,PUT,64250,2380,,,26.75,26.24,2545,20,2480,60,,,,,
2026/09/08 13:12,2026-09-08T13:27:09+09:00,2026/09/08,2026/12/10,2026-12,CALL,64000,4620,2140,,,,,,,,,,,,
2026/09/08 13:12,2026-09-08T13:27:09+09:00,2026/09/08,2026/12/10,2026-12,PUT,64000,2290,1956,,26.87,26.32,2455,40,2385,40,,,,,
2026/09/08 13:12,2026-09-08T13:27:09+09:00,2026/09/08,2026/12/10,2026-12,CALL,63750,4780,,,,,,,,,,,,,
2026/09/08 13:12,2026-09-08T13:27:09+09:00,2026/09/08,2026/12/10,2026-12,PUT,63750,2200,23,,26.98,26.42,2365,20,2295,60,,,,,
2026/09/08 13:12,2026-09-08T13:27:09+09:00,2026/09/08,2026/12/10,2026-12,CALL,63500,4945,300,,,,,,,,,,,,
2026/09/08 13:12,2026-09-08T13:27:09+09:00,2026/09/08,2026/12/10,2026-12,PUT,63500,2110,600,,27.1,26.54,2280,40,2210,40,,,,,
2026/09/08 13:12,2026-09-08T13:27:09+09:00,2026/09/08,2026/12/10,2026-12,CALL,63250,5110,,,,,,,,,,,,,
2026/09/08 13:12,2026-09-08T13:27:09+09:00,2026/09/08,2026/12/10,2026-12,PUT,63250,2030,,,27.25,26.64,2200,60,2125,80,,,,,
2026/09/08 13:12,2026-09-08T13:27:09+09:00,2026/09/08,2026/12/10,2026-12,CALL,63000,5290,1615,,,,,,,,,,,,
2026/09/08 13:12,2026-09-08T13:27:09+09:00,2026/09/08,2026/12/10,2026-12,PUT,63000,1945,2493,,27.37,26.76,2120,60,2045,80,,,,,
2026/09/08 13:12,2026-09-08T13:27:09+09:00,2026/09/08,2026/12/10,2026-12,CALL,62750,5465,,,,,,,,,,,,,
2026/09/08 13:12,2026-09-08T13:27:09+09:00,2026/09/08,2026/12/10,2026-12,PUT,62750,1870,,,27.36,26.85,2025,20,1965,40,,,,,
2026/09/08 13:12,2026-09-08T13:27:09+09:00,2026/09/08,2026/12/10,2026-12,CALL,62500,5630,812,,,,,,,,,,,,
2026/09/08 13:12,2026-09-08T13:27:09+09:00,2026/09/08,2026/12/10,2026-12,PUT,62500,1785,1087,,27.61,26.98,1965,60,1890,60,,,,,
2026/09/08 13:12,2026-09-08T13:27:09+09:00,2026/09/08,2026/12/10,2026-12,CALL,62250,5810,,,,,,,,,,,,,
2026/09/08 13:12,2026-09-08T13:27:09+09:00,2026/09/08,2026/12/10,2026-12,PUT,62250,1720,250,,28.66,26.13,2000,1,1705,1,,,,,
2026/09/08 13:12,2026-09-08T13:27:09+09:00,2026/09/08,2026/12/10,2026-12,CALL,62000,5985,1450,,,,,,,,,,,,
2026/09/08 13:12,2026-09-08T13:27:09+09:00,2026/09/08,2026/12/10,2026-12,PUT,62000,1640,2461,,28.81,26.23,1930,1,1635,1,,,,,
2026/09/08 13:12,2026-09-08T13:27:09+09:00,2026/09/08,2026/12/10,2026-12,CALL,61750,6165,,,,,,,,,,,,,
2026/09/08 13:12,2026-09-08T13:27:09+09:00,2026/09/08,2026/12/10,2026-12,PUT,61750,1575,,,28.94,26.37,1860,1,1570,1,,,,,
2026/09/08 13:12,2026-09-08T13:27:09+09:00,2026/09/08,2026/12/10,2026-12,CALL,61500,6350,,,,,,,,,,,,,
2026/09/08 13:12,2026-09-08T13:27:09+09:00,2026/09/08,2026/12/10,2026-12,PUT,61500,1510,1,,29.1,26.48,1795,1,1505,1,,,,,
2026/09/08 13:12,2026-09-08T13:27:09+09:00,2026/09/08,2026/12/10,2026-12,CALL,61250,6535,,,,,,,,,,,,,
2026/09/08 13:12,2026-09-08T13:27:09+09:00,2026/09/08,2026/12/10,2026-12,PUT,61250,1445,32,,29.28,26.58,1735,1,1440,1,,,,,
2026/09/08 13:12,2026-09-08T13:27:09+09:00,2026/09/08,2026/12/10,2026-12,CALL,61000,6740,813,,,,,,1,10,,,,,
2026/09/08 13:12,2026-09-08T13:27:09+09:00,2026/09/08,2026/12/10,2026-12,PUT,61000,1405,1436,,29.4,26.7,1670,1,1380,1,,,,,
2026/09/08 13:12,2026-09-08T13:27:09+09:00,2026/09/08,2026/12/10,2026-12,CALL,60750,6915,,,,,,,1,10,,,,,
2026/09/08 13:12,2026-09-08T13:27:09+09:00,2026/09/08,2026/12/10,2026-12,PUT,60750,1330,,,29.6,26.8,1615,1,1320,1,,,,,
2026/09/08 13:12,2026-09-08T13:27:09+09:00,2026/09/08,2026/12/10,2026-12,CALL,60500,7110,102,,,,,,1,10,,,,,
2026/09/08 13:12,2026-09-08T13:27:09+09:00,2026/09/08,2026/12/10,2026-12,PUT,60500,1275,200,,29.73,26.93,1555,1,1265,1,,,,,
2026/09/08 13:12,2026-09-08T13:27:09+09:00,2026/09/08,2026/12/10,2026-12,CALL,60250,7310,,,,,,,,,,,,,
2026/09/08 13:12,2026-09-08T13:27:09+09:00,2026/09/08,2026/12/10,2026-12,PUT,60250,1225,36,,29.94,27.04,1505,1,1210,1,,,,,
2026/09/08 13:12,2026-09-08T13:27:09+09:00,2026/09/08,2026/12/10,2026-12,CALL,60000,7540,7264,,,,,,,,,,,,
2026/09/08 13:12,2026-09-08T13:27:09+09:00,2026/09/08,2026/12/10,2026-12,PUT,60000,1220,9824,1,28.85,28.1,1325,6,1250,6,27.58,-60,-4.65,1230,09/08 09:26
2026/09/08 13:12,2026-09-08T13:27:09+09:00,2026/09/08,2026/12/10,2026-12,CALL,59750,7710,,,,,,,,,,,,,
2026/09/08 13:12,2026-09-08T13:27:09+09:00,2026/09/08,2026/12/10,2026-12,PUT,59750,1125,,,30.27,27.3,1400,1,1110,1,,,,,
2026/09/08 13:12,2026-09-08T13:27:09+09:00,2026/09/08,2026/12/10,2026-12,CALL,59500,7910,100,,,,,,,,,,,,
2026/09/08 13:12,2026-09-08T13:27:09+09:00,2026/09/08,2026/12/10,2026-12,PUT,59500,1075,250,,30.44,27.4,1350,1,1060,1,,,,,
2026/09/08 13:12,2026-09-08T13:27:09+09:00,2026/09/08,2026/12/10,2026-12,CALL,59250,8115,,,,,,,,,,,,,
2026/09/08 13:12,2026-09-08T13:27:09+09:00,2026/09/08,2026/12/10,2026-12,PUT,59250,1035,60,,30.53,27.65,1295,1,1025,1,,,,,
2026/09/08 13:12,2026-09-08T13:27:09+09:00,2026/09/08,2026/12/10,2026-12,CALL,59000,8320,1900,,,,,,,,,,,,
2026/09/08 13:12,2026-09-08T13:27:09+09:00,2026/09/08,2026/12/10,2026-12,PUT,59000,1005,2409,,30.72,27.77,1250,1,980,1,,,,,
2026/09/08 13:12,2026-09-08T13:27:09+09:00,2026/09/08,2026/12/10,2026-12,CALL,58750,8530,,,,,,,,,,,,,
2026/09/08 13:12,2026-09-08T13:27:09+09:00,2026/09/08,2026/12/10,2026-12,PUT,58750,950,,,30.94,27.93,1210,1,940,1,,,,,
2026/09/08 13:12,2026-09-08T13:27:09+09:00,2026/09/08,2026/12/10,2026-12,CALL,58500,8725,350,,,,,,,,,,,,
2026/09/08 13:12,2026-09-08T13:27:09+09:00,2026/09/08,2026/12/10,2026-12,PUT,58500,895,850,,31.15,28.07,1170,1,900,1,,,,,
2026/09/08 13:12,2026-09-08T13:27:09+09:00,2026/09/08,2026/12/10,2026-12,CALL,58250,8935,,,,,,,,,,,,,
2026/09/08 13:12,2026-09-08T13:27:09+09:00,2026/09/08,2026/12/10,2026-12,PUT,58250,855,65,,31.35,28.2,1130,1,860,1,,,,,
2026/09/08 13:12,2026-09-08T13:27:09+09:00,2026/09/08,2026/12/10,2026-12,CALL,58000,9150,2603,,,,,,,,,,,,
2026/09/08 13:12,2026-09-08T13:27:09+09:00,2026/09/08,2026/12/10,2026-12,PUT,58000,825,1907,,31.53,28.31,1090,1,820,1,,,,,
2026/09/08 13:12,2026-09-08T13:27:09+09:00,2026/09/08,2026/12/10,2026-12,CALL,57750,9385,,,,,,,,,,,,,
2026/09/08 13:12,2026-09-08T13:27:09+09:00,2026/09/08,2026/12/10,2026-12,PUT,57750,810,,,31.75,28.46,1055,1,785,1,,,,,
2026/09/08 13:12,2026-09-08T13:27:09+09:00,2026/09/08,2026/12/10,2026-12,CALL,57500,9600,80,,,,,,,,,,,,
2026/09/08 13:12,2026-09-08T13:27:09+09:00,2026/09/08,2026/12/10,2026-12,PUT,57500,775,850,,31.96,28.59,1020,1,750,1,,,,,
2026/09/08 13:12,2026-09-08T13:27:09+09:00,2026/09/08,2026/12/10,2026-12,CALL,57250,9810,113,,,,,,,,,,,,
2026/09/08 13:12,2026-09-08T13:27:09+09:00,2026/09/08,2026/12/10,2026-12,PUT,57250,740,,,32.22,28.77,990,1,720,1,,,,,
2026/09/08 13:12,2026-09-08T13:27:09+09:00,2026/09/08,2026/12/10,2026-12,CALL,57000,10055,500,,,,,,,,,,,,
2026/09/08 13:12,2026-09-08T13:27:09+09:00,2026/09/08,2026/12/10,2026-12,PUT,57000,730,2381,,32.41,28.87,955,1,685,1,,,,,
2026/09/08 13:12,2026-09-08T13:27:09+09:00,2026/09/08,2026/12/10,2026-12,CALL,56750,10260,,,,,,,,,,,,,
2026/09/08 13:12,2026-09-08T13:27:09+09:00,2026/09/08,2026/12/10,2026-12,PUT,56750,690,,,32.64,29.02,925,1,655,1,,,,,
2026/09/08 13:12,2026-09-08T13:27:09+09:00,2026/09/08,2026/12/10,2026-12,CALL,56500,10475,283,,,,,,,,,,,,
2026/09/08 13:12,2026-09-08T13:27:09+09:00,2026/09/08,2026/12/10,2026-12,PUT,56500,655,171,,32.87,29.15,895,1,625,1,,,,,
2026/09/08 13:12,2026-09-08T13:27:09+09:00,2026/09/08,2026/12/10,2026-12,CALL,56250,10700,,,,,,,,,,,,,
2026/09/08 13:12,2026-09-08T13:27:09+09:00,2026/09/08,2026/12/10,2026-12,PUT,56250,630,2,,33.15,29.34,870,1,600,1,,,,,
2026/09/08 13:12,2026-09-08T13:27:09+09:00,2026/09/08,2026/12/10,2026-12,CALL,56000,10945,791,,,,,,,,,,,,
2026/09/08 13:12,2026-09-08T13:27:09+09:00,2026/09/08,2026/12/10,2026-12,PUT,56000,625,2528,,33.35,29.44,840,1,570,1,,,,,
2026/09/08 13:12,2026-09-08T13:27:09+09:00,2026/09/08,2026/12/10,2026-12,CALL,55750,11155,,,,,,,,,,,,,
2026/09/08 13:12,2026-09-08T13:27:09+09:00,2026/09/08,2026/12/10,2026-12,PUT,55750,590,,,33.32,29.91,795,1,565,1,,,,,
2026/09/08 13:12,2026-09-08T13:27:09+09:00,2026/09/08,2026/12/10,2026-12,CALL,55500,11400,300,,,,,,,,,,,,
2026/09/08 13:12,2026-09-08T13:27:09+09:00,2026/09/08,2026/12/10,2026-12,PUT,55500,585,100,,33.56,30.06,770,1,540,1,,,,,
2026/09/08 13:12,2026-09-08T13:27:09+09:00,2026/09/08,2026/12/10,2026-12,CALL,55250,11620,,,,,,,,,,,,,
2026/09/08 13:12,2026-09-08T13:27:09+09:00,2026/09/08,2026/12/10,2026-12,PUT,55250,555,,,33.79,30.28,745,1,520,1,,,,,
2026/09/08 13:12,2026-09-08T13:27:09+09:00,2026/09/08,2026/12/10,2026-12,CALL,55000,11850,1829,,,,,,,,,,,,
2026/09/08 13:12,2026-09-08T13:27:09+09:00,2026/09/08,2026/12/10,2026-12,PUT,55000,540,4826,,34.08,30.49,725,1,500,2,,,,,
2026/09/08 13:12,2026-09-08T13:27:09+09:00,2026/09/08,2026/12/10,2026-12,CALL,54750,12070,,,,,,,,,,,,,
2026/09/08 13:12,2026-09-08T13:27:09+09:00,2026/09/08,2026/12/10,2026-12,PUT,54750,510,32,,34.37,30.59,705,1,475,1,,,,,
2026/09/08 13:12,2026-09-08T13:27:09+09:00,2026/09/08,2026/12/10,2026-12,CALL,54500,12315,540,,,,,,,,,,,,
2026/09/08 13:12,2026-09-08T13:27:09+09:00,2026/09/08,2026/12/10,2026-12,PUT,54500,505,780,,34.56,30.77,680,1,455,1,,,,,
2026/09/08 13:12,2026-09-08T13:27:09+09:00,2026/09/08,2026/12/10,2026-12,CALL,54250,12545,,,,,,,,,,,,,
2026/09/08 13:12,2026-09-08T13:27:09+09:00,2026/09/08,2026/12/10,2026-12,PUT,54250,485,,,34.82,30.93,660,1,435,1,,,,,
2026/09/08 13:12,2026-09-08T13:27:09+09:00,2026/09/08,2026/12/10,2026-12,CALL,54000,12775,1941,,,,,,,,,,,,
2026/09/08 13:12,2026-09-08T13:27:09+09:00,2026/09/08,2026/12/10,2026-12,PUT,54000,470,2663,,35.16,31.08,645,1,415,1,,,,,
2026/09/08 13:12,2026-09-08T13:27:09+09:00,2026/09/08,2026/12/10,2026-12,CALL,53750,13010,,,,,,,,,,,,,
2026/09/08 13:12,2026-09-08T13:27:09+09:00,2026/09/08,2026/12/10,2026-12,PUT,53750,455,4,,35.41,31.2,625,1,395,1,,,,,
2026/09/08 13:12,2026-09-08T13:27:09+09:00,2026/09/08,2026/12/10,2026-12,CALL,53500,13250,106,,,,,,,,,,,,
2026/09/08 13:12,2026-09-08T13:27:09+09:00,2026/09/08,2026/12/10,2026-12,PUT,53500,440,205,,35.64,31.42,605,1,380,1,,,,,
2026/09/08 13:12,2026-09-08T13:27:09+09:00,2026/09/08,2026/12/10,2026-12,CALL,53250,13485,,,,,,,,,,,,,
2026/09/08 13:12,2026-09-08T13:27:09+09:00,2026/09/08,2026/12/10,2026-12,PUT,53250,425,187,,35.95,31.52,590,1,360,1,,,,,
2026/09/08 13:12,2026-09-08T13:27:09+09:00,2026/09/08,2026/12/10,2026-12,CALL,53000,13720,1135,,,,,,,,,,,,
2026/09/08 13:12,2026-09-08T13:27:09+09:00,2026/09/08,2026/12/10,2026-12,PUT,53000,420,1712,85,34.5,33.51,480,9,430,9,33.28,-45,-9.09,450,09/07 18:21
2026/09/08 13:12,2026-09-08T13:27:09+09:00,2026/09/08,2026/12/10,2026-12,CALL,52750,13955,,,,,,,,,,,,,
2026/09/08 13:12,2026-09-08T13:27:09+09:00,2026/09/08,2026/12/10,2026-12,PUT,52750,400,,,36.55,31.88,560,1,330,1,,,,,
2026/09/08 13:12,2026-09-08T13:27:09+09:00,2026/09/08,2026/12/10,2026-12,CALL,52500,14175,50,,,,,,,,,,,,
2026/09/08 13:12,2026-09-08T13:27:09+09:00,2026/09/08,2026/12/10,2026-12,PUT,52500,375,600,,36.85,32.04,545,1,315,1,,,,,
2026/09/08 13:12,2026-09-08T13:27:09+09:00,2026/09/08,2026/12/10,2026-12,CALL,52250,14420,250,,,,,,,,,,,,
2026/09/08 13:12,2026-09-08T13:27:09+09:00,2026/09/08,2026/12/10,2026-12,PUT,52250,370,525,,37.13,32.19,530,1,300,1,,,,,
2026/09/08 13:12,2026-09-08T13:27:09+09:00,2026/09/08,2026/12/10,2026-12,CALL,52000,14670,802,,,,,,,,,,,,
2026/09/08 13:12,2026-09-08T13:27:09+09:00,2026/09/08,2026/12/10,2026-12,PUT,52000,365,2766,,37.4,34.14,515,1,360,1,,,,,
2026/09/08 13:12,2026-09-08T13:27:09+09:00,2026/09/08,2026/12/10,2026-12,CALL,51750,14905,,,,,,,,,,,,,
2026/09/08 13:12,2026-09-08T13:27:09+09:00,2026/09/08,2026/12/10,2026-12,PUT,51750,355,,,36.33,34.2,435,1,340,1,,,,,
2026/09/08 13:12,2026-09-08T13:27:09+09:00,2026/09/08,2026/12/10,2026-12,CALL,51500,15145,,,,,,,,,,,,,
2026/09/08 13:12,2026-09-08T13:27:09+09:00,2026/09/08,2026/12/10,2026-12,PUT,51500,345,20,,37.62,33.31,470,1,284,1,,,,,
2026/09/08 13:12,2026-09-08T13:27:09+09:00,2026/09/08,2026/12/10,2026-12,CALL,51250,15385,,,,,,,,,,,,,
2026/09/08 13:12,2026-09-08T13:27:09+09:00,2026/09/08,2026/12/10,2026-12,PUT,51250,335,2,,36.88,34.76,410,1,320,1,,,,,
2026/09/08 13:12,2026-09-08T13:27:09+09:00,2026/09/08,2026/12/10,2026-12,CALL,51000,15600,731,,,,,,,,,,,,
2026/09/08 13:12,2026-09-08T13:27:09+09:00,2026/09/08,2026/12/10,2026-12,PUT,51000,305,1565,,37.2,34.89,400,1,305,1,,,,,
2026/09/08 13:12,2026-09-08T13:27:09+09:00,2026/09/08,2026/12/10,2026-12,CALL,50750,15845,45,,,,,,,,,,,,
2026/09/08 13:12,2026-09-08T13:27:09+09:00,2026/09/08,2026/12/10,2026-12,PUT,50750,296,47,,38.54,33.89,435,1,250,1,,,,,
2026/09/08 13:12,2026-09-08T13:27:09+09:00,2026/09/08,2026/12/10,2026-12,CALL,50500,16085,600,,,,,,,,,,,,
2026/09/08 13:12,2026-09-08T13:27:09+09:00,2026/09/08,2026/12/10,2026-12,PUT,50500,289,1175,,38.86,34.07,425,1,239,1,,,,,
2026/09/08 13:12,2026-09-08T13:27:09+09:00,2026/09/08,2026/12/10,2026-12,CALL,50250,16325,58,,,,,,,,,,,,
2026/09/08 13:12,2026-09-08T13:27:09+09:00,2026/09/08,2026/12/10,2026-12,PUT,50250,281,16,,39.19,34.27,415,1,229,1,,,,,
2026/09/08 13:12,2026-09-08T13:27:09+09:00,2026/09/08,2026/12/10,2026-12,CALL,50000,16555,4442,,,,,,,,,,,,
2026/09/08 13:12,2026-09-08T13:27:09+09:00,2026/09/08,2026/12/10,2026-12,PUT,50000,263,7597,,39.51,34.64,405,1,225,1,,,,,
2026/09/08 13:12,2026-09-08T13:27:09+09:00,2026/09/08,2026/12/10,2026-12,CALL,49750,16805,,,,,,,,,,,,,
2026/09/08 13:12,2026-09-08T13:27:09+09:00,2026/09/08,2026/12/10,2026-12,PUT,49750,263,73,,39.82,34.62,395,1,209,1,,,,,
2026/09/08 13:12,2026-09-08T13:27:09+09:00,2026/09/08,2026/12/10,2026-12,CALL,49500,17050,260,,,,,,,,,,,,
2026/09/08 13:12,2026-09-08T13:27:09+09:00,2026/09/08,2026/12/10,2026-12,PUT,49500,256,2719,,40.13,34.81,385,1,200,1,,,,,
2026/09/08 13:12,2026-09-08T13:27:09+09:00,2026/09/08,2026/12/10,2026-12,CALL,49250,17290,,,,,,,,,,,,,
2026/09/08 13:12,2026-09-08T13:27:09+09:00,2026/09/08,2026/12/10,2026-12,PUT,49250,248,202,,40.43,34.99,375,1,191,1,,,,,
2026/09/08 13:12,2026-09-08T13:27:09+09:00,2026/09/08,2026/12/10,2026-12,CALL,49000,17520,1000,,,,,,,,,,,,
2026/09/08 13:12,2026-09-08T13:27:09+09:00,2026/09/08,2026/12/10,2026-12,PUT,49000,228,3179,,40.73,35.19,365,1,183,1,,,,,
2026/09/08 13:12,2026-09-08T13:27:09+09:00,2026/09/08,2026/12/10,2026-12,CALL,48750,17765,,,,,,,,,,,,,
2026/09/08 13:12,2026-09-08T13:27:09+09:00,2026/09/08,2026/12/10,2026-12,PUT,48750,227,2,,41.15,35.38,360,1,175,1,,,,,
2026/09/08 13:12,2026-09-08T13:27:09+09:00,2026/09/08,2026/12/10,2026-12,CALL,48500,18015,,,,,,,,,,,,,
2026/09/08 13:12,2026-09-08T13:27:09+09:00,2026/09/08,2026/12/10,2026-12,PUT,48500,228,302,,41.43,35.55,350,1,167,1,,,,,
2026/09/08 13:12,2026-09-08T13:27:09+09:00,2026/09/08,2026/12/10,2026-12,CALL,48250,18260,,,,,,,,,,,,,
2026/09/08 13:12,2026-09-08T13:27:09+09:00,2026/09/08,2026/12/10,2026-12,PUT,48250,220,3,,41.84,35.76,345,1,160,1,,,,,
2026/09/08 13:12,2026-09-08T13:27:09+09:00,2026/09/08,2026/12/10,2026-12,CALL,48000,18500,750,,,,,,,,,,,,
2026/09/08 13:12,2026-09-08T13:27:09+09:00,2026/09/08,2026/12/10,2026-12,PUT,48000,215,4136,,40.51,35.91,280,1,152,1,,,,,
2026/09/08 13:12,2026-09-08T13:27:09+09:00,2026/09/08,2026/12/10,2026-12,CALL,47750,18745,,,,,,,,,,,,,
2026/09/08 13:12,2026-09-08T13:27:09+09:00,2026/09/08,2026/12/10,2026-12,PUT,47750,209,2,,42.53,36.09,330,1,145,1,,,,,
2026/09/08 13:12,2026-09-08T13:27:09+09:00,2026/09/08,2026/12/10,2026-12,CALL,47500,18985,200,,,,,,,,,,,,
2026/09/08 13:12,2026-09-08T13:27:09+09:00,2026/09/08,2026/12/10,2026-12,PUT,47500,199,1121,,42.93,36.3,325,1,139,1,,,,,
2026/09/08 13:12,2026-09-08T13:27:09+09:00,2026/09/08,2026/12/10,2026-12,CALL,47250,19230,,,,,,,,,,,,,
2026/09/08 13:12,2026-09-08T13:27:09+09:00,2026/09/08,2026/12/10,2026-12,PUT,47250,198,,,43.19,36.45,315,1,132,1,,,,,
2026/09/08 13:12,2026-09-08T13:27:09+09:00,2026/09/08,2026/12/10,2026-12,CALL,47000,19475,350,,,,,,,,,,,,
2026/09/08 13:12,2026-09-08T13:27:09+09:00,2026/09/08,2026/12/10,2026-12,PUT,47000,193,2846,,43.59,36.64,310,1,126,1,,,,,
2026/09/08 13:12,2026-09-08T13:27:09+09:00,2026/09/08,2026/12/10,2026-12,CALL,46750,19720,,,,,,,,,,,,,
2026/09/08 13:12,2026-09-08T13:27:09+09:00,2026/09/08,2026/12/10,2026-12,PUT,46750,188,,,43.99,36.81,305,1,120,1,,,,,
2026/09/08 13:12,2026-09-08T13:27:09+09:00,2026/09/08,2026/12/10,2026-12,CALL,46500,19965,,,,,,,,,,,,,
2026/09/08 13:12,2026-09-08T13:27:09+09:00,2026/09/08,2026/12/10,2026-12,PUT,46500,183,,,42.85,39.54,253,1,167,1,,,,,
2026/09/08 13:12,2026-09-08T13:27:09+09:00,2026/09/08,2026/12/10,2026-12,CALL,46250,20205,315,,,,,,,,,,,,
2026/09/08 13:12,2026-09-08T13:27:09+09:00,2026/09/08,2026/12/10,2026-12,PUT,46250,178,,,43.76,38.5,264,1,134,1,,,,,
2026/09/08 13:12,2026-09-08T13:27:09+09:00,2026/09/08,2026/12/10,2026-12,CALL,46000,20450,2300,,,,,,,,,,,,
2026/09/08 13:12,2026-09-08T13:27:09+09:00,2026/09/08,2026/12/10,2026-12,PUT,46000,173,3857,,43.54,40.11,242,1,157,1,,,,,
2026/09/08 13:12,2026-09-08T13:27:09+09:00,2026/09/08,2026/12/10,2026-12,CALL,45750,20695,,,,,,,,,,,,,
2026/09/08 13:12,2026-09-08T13:27:09+09:00,2026/09/08,2026/12/10,2026-12,PUT,45750,169,,,44.47,38.92,253,1,123,1,,,,,
2026/09/08 13:12,2026-09-08T13:27:09+09:00,2026/09/08,2026/12/10,2026-12,CALL,45500,20940,200,,,,,,,,,,,,
2026/09/08 13:12,2026-09-08T13:27:09+09:00,2026/09/08,2026/12/10,2026-12,PUT,45500,165,350,,44.84,39.14,248,1,118,1,,,,,
2026/09/08 13:12,2026-09-08T13:27:09+09:00,2026/09/08,2026/12/10,2026-12,CALL,45250,21185,413,,,,,,,,,,,,
2026/09/08 13:12,2026-09-08T13:27:09+09:00,2026/09/08,2026/12/10,2026-12,PUT,45250,160,51,,44.6,40.85,227,1,141,1,,,,,
2026/09/08 13:12,2026-09-08T13:27:09+09:00,2026/09/08,2026/12/10,2026-12,CALL,45000,21430,1842,,,,,,,,,,,,
2026/09/08 13:12,2026-09-08T13:27:09+09:00,2026/09/08,2026/12/10,2026-12,PUT,45000,156,2725,,45.57,39.54,238,1,108,1,,,,,
2026/09/08 13:12,2026-09-08T13:27:09+09:00,2026/09/08,2026/12/10,2026-12,CALL,44750,21675,,,,,,,,,,,,,
2026/09/08 13:12,2026-09-08T13:27:09+09:00,2026/09/08,2026/12/10,2026-12,PUT,44750,152,,,45.92,39.73,233,1,103,1,,,,,
2026/09/08 13:12,2026-09-08T13:27:09+09:00,2026/09/08,2026/12/10,2026-12,CALL,44500,21920,,,,,,,,,,,,,
2026/09/08 13:12,2026-09-08T13:27:09+09:00,2026/09/08,2026/12/10,2026-12,PUT,44500,148,,,45.68,41.69,213,1,128,1,,,,,
2026/09/08 13:12,2026-09-08T13:27:09+09:00,2026/09/08,2026/12/10,2026-12,CALL,44250,22165,,,,,,,,,,,,,
2026/09/08 13:12,2026-09-08T13:27:09+09:00,2026/09/08,2026/12/10,2026-12,PUT,44250,144,,,46.67,40.12,224,1,94,1,,,,,
2026/09/08 13:12,2026-09-08T13:27:09+09:00,2026/09/08,2026/12/10,2026-12,CALL,44000,22410,600,,,,,,,,,,,,
2026/09/08 13:12,2026-09-08T13:27:09+09:00,2026/09/08,2026/12/10,2026-12,PUT,44000,141,2800,,47.06,41.64,220,1,110,1,,,,,
2026/09/08 13:12,2026-09-08T13:27:09+09:00,2026/09/08,2026/12/10,2026-12,CALL,43750,22655,131,,,,,,,,,,,,
2026/09/08 13:12,2026-09-08T13:27:09+09:00,2026/09/08,2026/12/10,2026-12,PUT,43750,138,9,,47.45,40.54,216,1,86,1,,,,,
2026/09/08 13:12,2026-09-08T13:27:09+09:00,2026/09/08,2026/12/10,2026-12,CALL,43500,22900,,,,,,,,,,,,,
2026/09/08 13:12,2026-09-08T13:27:09+09:00,2026/09/08,2026/12/10,2026-12,PUT,43500,134,100,,47.79,40.73,211,1,82,1,,,,,
2026/09/08 13:12,2026-09-08T13:27:09+09:00,2026/09/08,2026/12/10,2026-12,CALL,43250,23145,,,,,,,,,,,,,
2026/09/08 13:12,2026-09-08T13:27:09+09:00,2026/09/08,2026/12/10,2026-12,PUT,43250,131,,,48.17,40.91,207,1,78,1,,,,,
2026/09/08 13:12,2026-09-08T13:27:09+09:00,2026/09/08,2026/12/10,2026-12,CALL,43000,23395,1400,,,,,,,,,,,,
2026/09/08 13:12,2026-09-08T13:27:09+09:00,2026/09/08,2026/12/10,2026-12,PUT,43000,127,1682,,48.59,41.07,204,1,74,1,,,,,
2026/09/08 13:12,2026-09-08T13:27:09+09:00,2026/09/08,2026/12/10,2026-12,CALL,42750,23640,,,,,,,,,,,,,
2026/09/08 13:12,2026-09-08T13:27:09+09:00,2026/09/08,2026/12/10,2026-12,PUT,42750,124,,,47.7,44.31,173,1,112,1,,,,,
2026/09/08 13:12,2026-09-08T13:27:09+09:00,2026/09/08,2026/12/10,2026-12,CALL,42500,23885,250,,,,,,,,,,,,
2026/09/08 13:12,2026-09-08T13:27:09+09:00,2026/09/08,2026/12/10,2026-12,PUT,42500,121,300,,48.1,44.56,170,1,108,1,,,,,
2026/09/08 13:12,2026-09-08T13:27:09+09:00,2026/09/08,2026/12/10,2026-12,CALL,42250,24130,,,,,,,,,,,,,
2026/09/08 13:12,2026-09-08T13:27:09+09:00,2026/09/08,2026/12/10,2026-12,PUT,42250,118,,,48.44,44.88,166,1,105,1,,,,,
2026/09/08 13:12,2026-09-08T13:27:09+09:00,2026/09/08,2026/12/10,2026-12,CALL,42000,24360,1071,,,,,,,,,,,,
2026/09/08 13:12,2026-09-08T13:27:09+09:00,2026/09/08,2026/12/10,2026-12,PUT,42000,110,3702,,50.14,41.75,189,1,60,1,,,,,
2026/09/08 13:12,2026-09-08T13:27:09+09:00,2026/09/08,2026/12/10,2026-12,CALL,41750,24610,,,,,,,,,,,,,
2026/09/08 13:12,2026-09-08T13:27:09+09:00,2026/09/08,2026/12/10,2026-12,PUT,41750,99,,,50.56,41.93,186,1,57,1,,,,,
2026/09/08 13:12,2026-09-08T13:27:09+09:00,2026/09/08,2026/12/10,2026-12,CALL,41500,24860,100,,,,,,,,,,,,
2026/09/08 13:12,2026-09-08T13:27:09+09:00,2026/09/08,2026/12/10,2026-12,PUT,41500,98,101,,50.97,42,183,1,53,1,,,,,
2026/09/08 13:12,2026-09-08T13:27:09+09:00,2026/09/08,2026/12/10,2026-12,CALL,41250,25105,,,,,,,,,,,,,
2026/09/08 13:12,2026-09-08T13:27:09+09:00,2026/09/08,2026/12/10,2026-12,PUT,41250,97,3,,49.95,46.01,153,1,92,1,,,,,
2026/09/08 13:12,2026-09-08T13:27:09+09:00,2026/09/08,2026/12/10,2026-12,CALL,41000,25355,1300,,,,,,,,,,,,
2026/09/08 13:12,2026-09-08T13:27:09+09:00,2026/09/08,2026/12/10,2026-12,PUT,41000,96,1827,,50.34,46.29,150,1,89,1,,,,,
2026/09/08 13:12,2026-09-08T13:27:09+09:00,2026/09/08,2026/12/10,2026-12,CALL,40750,25600,,,,,,,,,,,,,
2026/09/08 13:12,2026-09-08T13:27:09+09:00,2026/09/08,2026/12/10,2026-12,PUT,40750,96,,,50.72,46.57,147,1,86,1,,,,,
2026/09/08 13:12,2026-09-08T13:27:09+09:00,2026/09/08,2026/12/10,2026-12,CALL,40500,25850,400,,,,,,,,,,,,
2026/09/08 13:12,2026-09-08T13:27:09+09:00,2026/09/08,2026/12/10,2026-12,PUT,40500,95,1399,,52.62,42.47,171,1,41,1,,,,,
2026/09/08 13:12,2026-09-08T13:27:09+09:00,2026/09/08,2026/12/10,2026-12,CALL,40250,26100,,,,,,,,,,,,,
2026/09/08 13:12,2026-09-08T13:27:09+09:00,2026/09/08,2026/12/10,2026-12,PUT,40250,94,5,,53.03,42.53,168,1,38,1,,,,,
2026/09/08 13:12,2026-09-08T13:27:09+09:00,2026/09/08,2026/12/10,2026-12,CALL,40000,26345,1200,,,,,,,,,,,,
2026/09/08 13:12,2026-09-08T13:27:09+09:00,2026/09/08,2026/12/10,2026-12,PUT,40000,107,5302,,51.92,47.63,139,1,80,1,,,,,
2026/09/08 13:12,2026-09-08T13:27:09+09:00,2026/09/08,2026/12/10,2026-12,CALL,39750,26595,,,,,,,,,,,,,
2026/09/08 13:12,2026-09-08T13:27:09+09:00,2026/09/08,2026/12/10,2026-12,PUT,39750,92,,,53.15,44.45,150,1,45,1,,,,,
2026/09/08 13:12,2026-09-08T13:27:09+09:00,2026/09/08,2026/12/10,2026-12,CALL,39500,26840,500,,,,,,,,,,,,
2026/09/08 13:12,2026-09-08T13:27:09+09:00,2026/09/08,2026/12/10,2026-12,PUT,39500,90,1008,,53.6,44.55,148,1,42,1,,,,,
2026/09/08 13:12,2026-09-08T13:27:09+09:00,2026/09/08,2026/12/10,2026-12,CALL,39250,27060,,,,,,,,,,,,,
2026/09/08 13:12,2026-09-08T13:27:09+09:00,2026/09/08,2026/12/10,2026-12,PUT,39250,60,650,,53.99,44.76,145,1,40,1,,,,,
2026/09/08 13:12,2026-09-08T13:27:09+09:00,2026/09/08,2026/12/10,2026-12,CALL,39000,27305,750,,,,,,,,,,,,
2026/09/08 13:12,2026-09-08T13:27:09+09:00,2026/09/08,2026/12/10,2026-12,PUT,39000,58,2405,,54.44,44.8,143,1,37,1,,,,,
2026/09/08 13:12,2026-09-08T13:27:09+09:00,2026/09/08,2026/12/10,2026-12,CALL,38750,27555,50,,,,,,,,,,,,
2026/09/08 13:12,2026-09-08T13:27:09+09:00,2026/09/08,2026/12/10,2026-12,PUT,38750,56,50,,54.83,44.98,140,1,35,1,,,,,
2026/09/08 13:12,2026-09-08T13:27:09+09:00,2026/09/08,2026/12/10,2026-12,CALL,38500,27800,700,,,,,,,,,,,,
2026/09/08 13:12,2026-09-08T13:27:09+09:00,2026/09/08,2026/12/10,2026-12,PUT,38500,55,1150,,54.26,49.01,123,1,62,1,,,,,
2026/09/08 13:12,2026-09-08T13:27:09+09:00,2026/09/08,2026/12/10,2026-12,CALL,38250,28050,,,,,,,,,,,,,
2026/09/08 13:12,2026-09-08T13:27:09+09:00,2026/09/08,2026/12/10,2026-12,PUT,38250,53,,,55.73,45.11,136,1,30,1,,,,,
2026/09/08 13:12,2026-09-08T13:27:09+09:00,2026/09/08,2026/12/10,2026-12,CALL,38000,28295,1225,,,,,,,,,,,,
2026/09/08 13:12,2026-09-08T13:27:09+09:00,2026/09/08,2026/12/10,2026-12,PUT,38000,52,2686,,56.11,45.22,133,1,28,1,,,,,
2026/09/08 13:12,2026-09-08T13:27:09+09:00,2026/09/08,2026/12/10,2026-12,CALL,37750,28545,100,,,,,,,,,,,,
2026/09/08 13:12,2026-09-08T13:27:09+09:00,2026/09/08,2026/12/10,2026-12,PUT,37750,49,100,,55.48,49.79,116,1,55,1,,,,,
2026/09/08 13:12,2026-09-08T13:27:09+09:00,2026/09/08,2026/12/10,2026-12,CALL,37500,28790,88,,,,,,,,,,,,
2026/09/08 13:12,2026-09-08T13:27:09+09:00,2026/09/08,2026/12/10,2026-12,PUT,37500,48,188,,55.91,50.07,114,1,53,1,,,,,
2026/09/08 13:12,2026-09-08T13:27:09+09:00,2026/09/08,2026/12/10,2026-12,CALL,37250,29040,,,,,,,,,,,,,
2026/09/08 13:12,2026-09-08T13:27:09+09:00,2026/09/08,2026/12/10,2026-12,PUT,37250,46,,,56.34,50.34,112,1,51,1,,,,,
2026/09/08 13:12,2026-09-08T13:27:09+09:00,2026/09/08,2026/12/10,2026-12,CALL,37000,29285,450,,,,,,,,,,,,
2026/09/08 13:12,2026-09-08T13:27:09+09:00,2026/09/08,2026/12/10,2026-12,PUT,37000,45,2535,,56.52,51,107,1,52,1,,,,,
2026/09/08 13:12,2026-09-08T13:27:09+09:00,2026/09/08,2026/12/10,2026-12,CALL,36750,29535,,,,,,,,,,,,,
2026/09/08 13:12,2026-09-08T13:27:09+09:00,2026/09/08,2026/12/10,2026-12,PUT,36750,43,400,,56.94,51.27,105,1,50,1,,,,,
2026/09/08 13:12,2026-09-08T13:27:09+09:00,2026/09/08,2026/12/10,2026-12,CALL,36500,29780,252,,,,,,,,,,,,
2026/09/08 13:12,2026-09-08T13:27:09+09:00,2026/09/08,2026/12/10,2026-12,PUT,36500,42,225,,57.36,51.53,103,1,48,1,,,,,
2026/09/08 13:12,2026-09-08T13:27:09+09:00,2026/09/08,2026/12/10,2026-12,CALL,36250,30030,,,,,,,,,,,,,
2026/09/08 13:12,2026-09-08T13:27:09+09:00,2026/09/08,2026/12/10,2026-12,PUT,36250,40,,,57.78,51.79,101,1,46,1,,,,,
2026/09/08 13:12,2026-09-08T13:27:09+09:00,2026/09/08,2026/12/10,2026-12,CALL,36000,30275,975,,,,,,,,,,,,
2026/09/08 13:12,2026-09-08T13:27:09+09:00,2026/09/08,2026/12/10,2026-12,PUT,36000,39,2905,,58.2,52.03,99,1,44,1,,,,,
2026/09/08 13:12,2026-09-08T13:27:09+09:00,2026/09/08,2026/12/10,2026-12,CALL,35750,30525,,,,,,,,,,,,,
2026/09/08 13:12,2026-09-08T13:27:09+09:00,2026/09/08,2026/12/10,2026-12,PUT,35750,38,,,58.62,52.26,97,1,42,1,,,,,
2026/09/08 13:12,2026-09-08T13:27:09+09:00,2026/09/08,2026/12/10,2026-12,CALL,35500,30770,,,,,,,,,,,,,
2026/09/08 13:12,2026-09-08T13:27:09+09:00,2026/09/08,2026/12/10,2026-12,PUT,35500,36,,,60.68,44.01,114,1,8,1,,,,,
2026/09/08 13:12,2026-09-08T13:27:09+09:00,2026/09/08,2026/12/10,2026-12,CALL,35250,31020,,,,,,,,,,,,,
2026/09/08 13:12,2026-09-08T13:27:09+09:00,2026/09/08,2026/12/10,2026-12,PUT,35250,35,,,61.12,43.91,112,1,7,1,,,,,
2026/09/08 13:12,2026-09-08T13:27:09+09:00,2026/09/08,2026/12/10,2026-12,CALL,35000,31265,435,,,,,,,,,,,,
2026/09/08 13:12,2026-09-08T13:27:09+09:00,2026/09/08,2026/12/10,2026-12,PUT,35000,40,5037,,59.95,53.56,92,1,40,1,,,,,
2026/09/08 13:12,2026-09-08T13:27:09+09:00,2026/09/08,2026/12/10,2026-12,CALL,34750,31515,,,,,,,,,,,,,
2026/09/08 13:12,2026-09-08T13:27:09+09:00,2026/09/08,2026/12/10,2026-12,PUT,34750,32,1,,60.36,53.94,90,1,39,1,,,,,
2026/09/08 13:12,2026-09-08T13:27:09+09:00,2026/09/08,2026/12/10,2026-12,CALL,34500,31760,400,,,,,,,,,,,,
2026/09/08 13:12,2026-09-08T13:27:09+09:00,2026/09/08,2026/12/10,2026-12,PUT,34500,31,560,,62.55,40.69,107,1,2,1,,,,,
2026/09/08 13:12,2026-09-08T13:27:09+09:00,2026/09/08,2026/12/10,2026-12,CALL,34250,32010,,,,,,,,,,,,,
2026/09/08 13:12,2026-09-08T13:27:09+09:00,2026/09/08,2026/12/10,2026-12,PUT,34250,30,,,61.28,53.74,87,1,32,1,,,,,
2026/09/08 13:12,2026-09-08T13:27:09+09:00,2026/09/08,2026/12/10,2026-12,CALL,34000,32255,280,,,,,,,,,,,,
2026/09/08 13:12,2026-09-08T13:27:09+09:00,2026/09/08,2026/12/10,2026-12,PUT,34000,29,2820,,63.54,44.86,104,1,5,1,,,,,
2026/09/08 13:12,2026-09-08T13:27:09+09:00,2026/09/08,2026/12/10,2026-12,CALL,33750,32505,,,,,,,,,,,,,
2026/09/08 13:12,2026-09-08T13:27:09+09:00,2026/09/08,2026/12/10,2026-12,PUT,33750,28,,,62.2,54.21,84,1,29,1,,,,,
2026/09/08 13:12,2026-09-08T13:27:09+09:00,2026/09/08,2026/12/10,2026-12,CALL,33500,32755,,,,,,,,,,,,,
2026/09/08 13:12,2026-09-08T13:27:09+09:00,2026/09/08,2026/12/10,2026-12,PUT,33500,27,72,,62.6,54.3,82,1,27,1,,,,,
2026/09/08 13:12,2026-09-08T13:27:09+09:00,2026/09/08,2026/12/10,2026-12,CALL,33250,33000,,,,,,,,,,,,,
2026/09/08 13:12,2026-09-08T13:27:09+09:00,2026/09/08,2026/12/10,2026-12,PUT,33250,26,37,,63.11,54.62,81,1,26,1,,,,,
2026/09/08 13:12,2026-09-08T13:27:09+09:00,2026/09/08,2026/12/10,2026-12,CALL,33000,33250,1950,,,,,,,,,,,,
2026/09/08 13:12,2026-09-08T13:27:09+09:00,2026/09/08,2026/12/10,2026-12,PUT,33000,25,3362,,64.71,51.95,90,1,15,1,,,,,
2026/09/08 13:12,2026-09-08T13:27:09+09:00,2026/09/08,2026/12/10,2026-12,CALL,32750,33495,,,,,,,,,,,,,
2026/09/08 13:12,2026-09-08T13:27:09+09:00,2026/09/08,2026/12/10,2026-12,PUT,32750,24,,,64.03,54.96,78,1,23,1,,,,,
2026/09/08 13:12,2026-09-08T13:27:09+09:00,2026/09/08,2026/12/10,2026-12,CALL,32500,33745,250,,,,,,,,,,,,
2026/09/08 13:12,2026-09-08T13:27:09+09:00,2026/09/08,2026/12/10,2026-12,PUT,32500,23,900,,65.78,,88,1,,,,,,,
2026/09/08 13:12,2026-09-08T13:27:09+09:00,2026/09/08,2026/12/10,2026-12,CALL,32250,33995,,,,,,,,,,,,,
2026/09/08 13:12,2026-09-08T13:27:09+09:00,2026/09/08,2026/12/10,2026-12,PUT,32250,22,600,,64.95,55.21,75,1,20,1,,,,,
2026/09/08 13:12,2026-09-08T13:27:09+09:00,2026/09/08,2026/12/10,2026-12,CALL,32000,34240,700,,,,,,,,,,,,
2026/09/08 13:12,2026-09-08T13:27:09+09:00,2026/09/08,2026/12/10,2026-12,PUT,32000,21,4655,,65.46,55.45,74,1,19,1,,,,,
2026/09/08 13:12,2026-09-08T13:27:09+09:00,2026/09/08,2026/12/10,2026-12,CALL,31750,34490,,,,,,,,,,,,,
2026/09/08 13:12,2026-09-08T13:27:09+09:00,2026/09/08,2026/12/10,2026-12,PUT,31750,20,,,65.98,55.68,73,1,18,1,,,,,
2026/09/08 13:12,2026-09-08T13:27:09+09:00,2026/09/08,2026/12/10,2026-12,CALL,31500,34735,50,,,,,,,,,,,,
2026/09/08 13:12,2026-09-08T13:27:09+09:00,2026/09/08,2026/12/10,2026-12,PUT,31500,19,350,,67.83,,83,1,,,,,,,
2026/09/08 13:12,2026-09-08T13:27:09+09:00,2026/09/08,2026/12/10,2026-12,CALL,31250,34985,,,,,,,,,,,,,
2026/09/08 13:12,2026-09-08T13:27:09+09:00,2026/09/08,2026/12/10,2026-12,PUT,31250,18,,,66.9,55.72,70,1,15,1,,,,,
2026/09/08 13:12,2026-09-08T13:27:09+09:00,2026/09/08,2026/12/10,2026-12,CALL,31000,35235,241,,,,,,,,,,,,
2026/09/08 13:12,2026-09-08T13:27:09+09:00,2026/09/08,2026/12/10,2026-12,PUT,31000,18,2037,,67.42,55.88,69,1,14,1,,,,,
2026/09/08 13:12,2026-09-08T13:27:09+09:00,2026/09/08,2026/12/10,2026-12,CALL,30750,35480,,,,,,,,,,,,,
2026/09/08 13:12,2026-09-08T13:27:09+09:00,2026/09/08,2026/12/10,2026-12,PUT,30750,17,,,67.94,56.01,68,1,13,1,,,,,
2026/09/08 13:12,2026-09-08T13:27:09+09:00,2026/09/08,2026/12/10,2026-12,CALL,30500,35730,50,,,,,,,,,,,,
2026/09/08 13:12,2026-09-08T13:27:09+09:00,2026/09/08,2026/12/10,2026-12,PUT,30500,16,51,,67.17,59.49,58,1,21,1,,,,,
2026/09/08 13:12,2026-09-08T13:27:09+09:00,2026/09/08,2026/12/10,2026-12,CALL,30250,35980,,,,,,,,,,,,,
2026/09/08 13:12,2026-09-08T13:27:09+09:00,2026/09/08,2026/12/10,2026-12,PUT,30250,15,,,70.46,,77,1,,,,,,,
2026/09/08 13:12,2026-09-08T13:27:09+09:00,2026/09/08,2026/12/10,2026-12,CALL,30000,36225,1303,,,,,,,,,,,,
2026/09/08 13:12,2026-09-08T13:27:09+09:00,2026/09/08,2026/12/10,2026-12,PUT,30000,21,6702,,66.12,60.35,44,1,20,4,,,,,
2026/09/08 13:12,2026-09-08T13:27:09+09:00,2026/09/08,2026/12/10,2026-12,CALL,29750,36475,,,,,,,,,,,,,
2026/09/08 13:12,2026-09-08T13:27:09+09:00,2026/09/08,2026/12/10,2026-12,PUT,29750,14,,,68.52,59.9,54,1,17,1,,,,,
2026/09/08 13:12,2026-09-08T13:27:09+09:00,2026/09/08,2026/12/10,2026-12,CALL,29500,36725,,,,,,,,,,,,,
2026/09/08 13:12,2026-09-08T13:27:09+09:00,2026/09/08,2026/12/10,2026-12,PUT,29500,13,,,69.02,60.11,53,1,16,1,,,,,
2026/09/08 13:12,2026-09-08T13:27:09+09:00,2026/09/08,2026/12/10,2026-12,CALL,29250,36970,,,,,,,,,,,,,
2026/09/08 13:12,2026-09-08T13:27:09+09:00,2026/09/08,2026/12/10,2026-12,PUT,29250,12,,,69.52,60.3,52,1,15,1,,,,,
2026/09/08 13:12,2026-09-08T13:27:09+09:00,2026/09/08,2026/12/10,2026-12,CALL,29000,37220,150,,,,,,,,,,,,
2026/09/08 13:12,2026-09-08T13:27:09+09:00,2026/09/08,2026/12/10,2026-12,PUT,29000,12,1450,,70.02,60.46,51,1,14,1,,,,,
2026/09/08 13:12,2026-09-08T13:27:09+09:00,2026/09/08,2026/12/10,2026-12,CALL,28750,37470,,,,,,,,,,,,,
2026/09/08 13:12,2026-09-08T13:27:09+09:00,2026/09/08,2026/12/10,2026-12,PUT,28750,11,,,70.52,60.6,50,1,13,1,,,,,
2026/09/08 13:12,2026-09-08T13:27:09+09:00,2026/09/08,2026/12/10,2026-12,CALL,28500,37715,125,,,,,,,,,,,,
2026/09/08 13:12,2026-09-08T13:27:09+09:00,2026/09/08,2026/12/10,2026-12,PUT,28500,11,400,,71.03,60.71,49,1,12,1,,,,,
2026/09/08 13:12,2026-09-08T13:27:09+09:00,2026/09/08,2026/12/10,2026-12,CALL,28250,37965,,,,,,,,,,,,,
2026/09/08 13:12,2026-09-08T13:27:09+09:00,2026/09/08,2026/12/10,2026-12,PUT,28250,10,,,71.53,60.79,48,1,11,1,,,,,
2026/09/08 13:12,2026-09-08T13:27:09+09:00,2026/09/08,2026/12/10,2026-12,CALL,28000,38215,75,,,,,,,,,,,,
2026/09/08 13:12,2026-09-08T13:27:09+09:00,2026/09/08,2026/12/10,2026-12,PUT,28000,10,1327,4,70.62,61.91,40,54,12,12,62.71,,,15,09/08 09:08
2026/09/08 13:12,2026-09-08T13:27:09+09:00,2026/09/08,2026/12/10,2026-12,CALL,27750,38460,,,,,,,,,,,,,
2026/09/08 13:12,2026-09-08T13:27:09+09:00,2026/09/08,2026/12/10,2026-12,PUT,27750,9,72,,72.73,61.42,47,1,10,1,,,,,
2026/09/08 13:12,2026-09-08T13:27:09+09:00,2026/09/08,2026/12/10,2026-12,CALL,27500,38710,,,,,,,,,,,,,
2026/09/08 13:12,2026-09-08T13:27:09+09:00,2026/09/08,2026/12/10,2026-12,PUT,27500,9,25,,73.24,61.4,46,1,9,1,,,,,
2026/09/08 13:12,2026-09-08T13:27:09+09:00,2026/09/08,2026/12/10,2026-12,CALL,27250,38960,,,,,,,,,,,,,
2026/09/08 13:12,2026-09-08T13:27:09+09:00,2026/09/08,2026/12/10,2026-12,PUT,27250,8,,,73.75,61.32,45,1,8,1,,,,,
2026/09/08 13:12,2026-09-08T13:27:09+09:00,2026/09/08,2026/12/10,2026-12,CALL,27000,39205,250,,,,,,,,,,,,
2026/09/08 13:12,2026-09-08T13:27:09+09:00,2026/09/08,2026/12/10,2026-12,PUT,27000,8,2630,4,72.24,64.89,35,54,13,12,62.52,,,10,09/08 09:02
2026/09/08 13:12,2026-09-08T13:27:09+09:00,2026/09/08,2026/12/10,2026-12,CALL,26750,39455,,,,,,,,,,,,,
2026/09/08 13:12,2026-09-08T13:27:09+09:00,2026/09/08,2026/12/10,2026-12,PUT,26750,7,,,73.42,65.01,37,1,12,1,,,,,
2026/09/08 13:12,2026-09-08T13:27:09+09:00,2026/09/08,2026/12/10,2026-12,CALL,26500,39705,,,,,,,,,,,,,
2026/09/08 13:12,2026-09-08T13:27:09+09:00,2026/09/08,2026/12/10,2026-12,PUT,26500,10,1,,76.51,64.49,48,1,10,2,,,,,
2026/09/08 13:12,2026-09-08T13:27:09+09:00,2026/09/08,2026/12/10,2026-12,CALL,26250,39955,,,,,,,,,,,,,
2026/09/08 13:12,2026-09-08T13:27:09+09:00,2026/09/08,2026/12/10,2026-12,PUT,26250,6,,,74.61,65.72,36,1,11,1,,,,,
2026/09/08 13:12,2026-09-08T13:27:09+09:00,2026/09/08,2026/12/10,2026-12,CALL,26000,40200,350,,,,,,,,,,,,
2026/09/08 13:12,2026-09-08T13:27:09+09:00,2026/09/08,2026/12/10,2026-12,PUT,26000,6,1425,,75.08,65.76,35,1,10,1,,,,,
2026/09/08 13:12,2026-09-08T13:27:09+09:00,2026/09/08,2026/12/10,2026-12,CALL,25750,40450,,,,,,,,,,,,,
2026/09/08 13:12,2026-09-08T13:27:09+09:00,2026/09/08,2026/12/10,2026-12,PUT,25750,6,,,75.56,65.75,34,1,9,1,,,,,
2026/09/08 13:12,2026-09-08T13:27:09+09:00,2026/09/08,2026/12/10,2026-12,CALL,25500,40700,,,,,,,,,,,,,
2026/09/08 13:12,2026-09-08T13:27:09+09:00,2026/09/08,2026/12/10,2026-12,PUT,25500,5,2,,79.1,,46,1,,,,,,,
2026/09/08 13:12,2026-09-08T13:27:09+09:00,2026/09/08,2026/12/10,2026-12,CALL,25250,40945,,,,,,,,,,,,,
2026/09/08 13:12,2026-09-08T13:27:09+09:00,2026/09/08,2026/12/10,2026-12,PUT,25250,5,1,,76.76,66.31,33,1,8,1,,,,,
2026/09/08 13:12,2026-09-08T13:27:09+09:00,2026/09/08,2026/12/10,2026-12,CALL,25000,41195,300,,,,,,,,,,,,
2026/09/08 13:12,2026-09-08T13:27:09+09:00,2026/09/08,2026/12/10,2026-12,PUT,25000,6,2014,,76.66,66.15,30,1,7,1,,,,,
2026/09/08 13:12,2026-09-08T13:27:09+09:00,2026/09/08,2026/12/10,2026-12,CALL,24750,41445,,,,,,,,,,,,,
2026/09/08 13:12,2026-09-08T13:27:09+09:00,2026/09/08,2026/12/10,2026-12,PUT,24750,4,1,,77.7,65.88,31,1,6,1,,,,,
2026/09/08 13:12,2026-09-08T13:27:09+09:00,2026/09/08,2026/12/10,2026-12,CALL,24500,41695,,,,,,,,,,,,,
2026/09/08 13:12,2026-09-08T13:27:09+09:00,2026/09/08,2026/12/10,2026-12,PUT,24500,4,250,,78.45,66.53,31,1,6,1,,,,,
2026/09/08 13:12,2026-09-08T13:27:09+09:00,2026/09/08,2026/12/10,2026-12,CALL,24250,41940,,,,,,,,,,,,,
2026/09/08 13:12,2026-09-08T13:27:09+09:00,2026/09/08,2026/12/10,2026-12,PUT,24250,4,,,78.92,66.13,30,1,5,1,,,,,
2026/09/08 13:12,2026-09-08T13:27:09+09:00,2026/09/08,2026/12/10,2026-12,CALL,24000,42190,,,,,,,,,,,,,
2026/09/08 13:12,2026-09-08T13:27:09+09:00,2026/09/08,2026/12/10,2026-12,PUT,24000,3,405,,79.39,65.53,29,1,4,1,,,,,
2026/09/08 13:12,2026-09-08T13:27:09+09:00,2026/09/08,2026/12/10,2026-12,CALL,23750,42440,,,,,,,,,,,,,
2026/09/08 13:12,2026-09-08T13:27:09+09:00,2026/09/08,2026/12/10,2026-12,PUT,23750,3,,,80.16,66.17,29,1,4,1,,,,,
2026/09/08 13:12,2026-09-08T13:27:09+09:00,2026/09/08,2026/12/10,2026-12,CALL,23500,42690,,,,,,,,,,,,,
2026/09/08 13:12,2026-09-08T13:27:09+09:00,2026/09/08,2026/12/10,2026-12,PUT,23500,3,127,,80.63,65.27,28,1,3,1,,,,,
2026/09/08 13:12,2026-09-08T13:27:09+09:00,2026/09/08,2026/12/10,2026-12,CALL,23250,42935,,,,,,,,,,,,,
2026/09/08 13:12,2026-09-08T13:27:09+09:00,2026/09/08,2026/12/10,2026-12,PUT,23250,7,,,81.41,70.84,28,1,7,1,,,,,
2026/09/08 13:12,2026-09-08T13:27:09+09:00,2026/09/08,2026/12/10,2026-12,CALL,23000,43185,,,,,,,,,,,,,
2026/09/08 13:12,2026-09-08T13:27:09+09:00,2026/09/08,2026/12/10,2026-12,PUT,23000,3,2106,,81.88,64.5,27,1,2,2,,,,,
2026/09/08 13:12,2026-09-08T13:27:09+09:00,2026/09/08,2026/12/10,2026-12,CALL,22750,43435,,,,,,,,,,,,,
2026/09/08 13:12,2026-09-08T13:27:09+09:00,2026/09/08,2026/12/10,2026-12,PUT,22750,2,,,82.68,65.14,27,1,2,1,,,,,
2026/09/08 13:12,2026-09-08T13:27:09+09:00,2026/09/08,2026/12/10,2026-12,CALL,22500,43685,,,,,,,,,,,,,
2026/09/08 13:12,2026-09-08T13:27:09+09:00,2026/09/08,2026/12/10,2026-12,PUT,22500,2,150,,83.15,62.54,26,1,1,1,,,,,
2026/09/08 13:12,2026-09-08T13:27:09+09:00,2026/09/08,2026/12/10,2026-12,CALL,22250,43930,,,,,,,,,,,,,
2026/09/08 13:12,2026-09-08T13:27:09+09:00,2026/09/08,2026/12/10,2026-12,PUT,22250,2,,,83.96,63.17,26,1,1,1,,,,,
2026/09/08 13:12,2026-09-08T13:27:09+09:00,2026/09/08,2026/12/10,2026-12,CALL,22000,44180,100,,,,,,,,,,,,
2026/09/08 13:12,2026-09-08T13:27:09+09:00,2026/09/08,2026/12/10,2026-12,PUT,22000,2,1716,,84.43,63.8,25,1,1,2,,,,,
2026/09/08 13:12,2026-09-08T13:27:09+09:00,2026/09/08,2026/12/10,2026-12,CALL,21750,44430,,,,,,,,,,,,,
2026/09/08 13:12,2026-09-08T13:27:09+09:00,2026/09/08,2026/12/10,2026-12,PUT,21750,2,,,85.26,,25,1,,,,,,,
2026/09/08 13:12,2026-09-08T13:27:09+09:00,2026/09/08,2026/12/10,2026-12,CALL,21500,44680,,,,,,,,,,,,,
2026/09/08 13:12,2026-09-08T13:27:09+09:00,2026/09/08,2026/12/10,2026-12,PUT,21500,2,500,,85.72,,24,1,,,,,,,
2026/09/08 13:12,2026-09-08T13:27:09+09:00,2026/09/08,2026/12/10,2026-12,CALL,21250,44925,,,,,,,,,,,,,
2026/09/08 13:12,2026-09-08T13:27:09+09:00,2026/09/08,2026/12/10,2026-12,PUT,21250,2,,,86.57,,24,1,,,,,,,
2026/09/08 13:12,2026-09-08T13:27:09+09:00,2026/09/08,2026/12/10,2026-12,CALL,21000,45175,,,,,,,,,,,,,
2026/09/08 13:12,2026-09-08T13:27:09+09:00,2026/09/08,2026/12/10,2026-12,PUT,21000,1,350,,87.03,,23,1,,,,,,,
2026/09/08 13:12,2026-09-08T13:27:09+09:00,2026/09/08,2026/12/10,2026-12,CALL,20750,45425,,,,,,,,,,,,,
2026/09/08 13:12,2026-09-08T13:27:09+09:00,2026/09/08,2026/12/10,2026-12,PUT,20750,1,,,87.9,,23,1,,,,,,,
2026/09/08 13:12,2026-09-08T13:27:09+09:00,2026/09/08,2026/12/10,2026-12,CALL,20500,45675,,,,,,,,,,,,,
2026/09/08 13:12,2026-09-08T13:27:09+09:00,2026/09/08,2026/12/10,2026-12,PUT,20500,1,,,87,,19,1,,,,,,,
2026/09/08 13:12,2026-09-08T13:27:09+09:00,2026/09/08,2026/12/10,2026-12,CALL,20250,45925,,,,,,,,,,,,,
2026/09/08 13:12,2026-09-08T13:27:09+09:00,2026/09/08,2026/12/10,2026-12,PUT,20250,1,3,,87.88,,19,1,,,,,,,
2026/09/08 13:12,2026-09-08T13:27:09+09:00,2026/09/08,2026/12/10,2026-12,CALL,20000,46170,150,,,,,,,,,,,,
2026/09/08 13:12,2026-09-08T13:27:09+09:00,2026/09/08,2026/12/10,2026-12,PUT,20000,7,2418,3,83.29,82.48,10,1,9,12,82.46,1,12.5,9,09/08 13:10
2026/09/08 13:12,2026-09-08T13:27:09+09:00,2026/09/08,2026/12/10,2026-12,CALL,19750,46420,,,,,,,,,,,,,
2026/09/08 13:12,2026-09-08T13:27:09+09:00,2026/09/08,2026/12/10,2026-12,PUT,19750,1,,,89.15,,18,1,,,,,,,
2026/09/08 13:12,2026-09-08T13:27:09+09:00,2026/09/08,2026/12/10,2026-12,CALL,19500,46670,,,,,,,,,,,,,
2026/09/08 13:12,2026-09-08T13:27:09+09:00,2026/09/08,2026/12/10,2026-12,PUT,19500,1,,,90.06,,18,1,,,,,,,
2026/09/08 13:12,2026-09-08T13:27:09+09:00,2026/09/08,2026/12/10,2026-12,CALL,19250,46920,,,,,,,,,,,,,
2026/09/08 13:12,2026-09-08T13:27:09+09:00,2026/09/08,2026/12/10,2026-12,PUT,19250,1,,,90.44,,17,1,,,,,,,
2026/09/08 13:12,2026-09-08T13:27:09+09:00,2026/09/08,2026/12/10,2026-12,CALL,19000,47165,,,,,,,,,,,,,
2026/09/08 13:12,2026-09-08T13:27:09+09:00,2026/09/08,2026/12/10,2026-12,PUT,19000,1,650,,91.36,72.02,17,1,1,1,,,,,
2026/09/08 13:12,2026-09-08T13:27:09+09:00,2026/09/08,2026/12/10,2026-12,CALL,18750,47415,,,,,,,,,,,,,
2026/09/08 13:12,2026-09-08T13:27:09+09:00,2026/09/08,2026/12/10,2026-12,PUT,18750,1,,,92.3,,17,1,,,,,,,
2026/09/08 13:12,2026-09-08T13:27:09+09:00,2026/09/08,2026/12/10,2026-12,CALL,18500,47665,,,,,,,,,,,,,
2026/09/08 13:12,2026-09-08T13:27:09+09:00,2026/09/08,2026/12/10,2026-12,PUT,18500,1,,,92.67,,16,1,,,,,,,
2026/09/08 13:12,2026-09-08T13:27:09+09:00,2026/09/08,2026/12/10,2026-12,CALL,18250,47915,,,,,,,,,,,,,
2026/09/08 13:12,2026-09-08T13:27:09+09:00,2026/09/08,2026/12/10,2026-12,PUT,18250,1,,,93.63,,16,1,,,,,,,
2026/09/08 13:12,2026-09-08T13:27:09+09:00,2026/09/08,2026/12/10,2026-12,CALL,18000,48165,,,,,,,,,,,,,
2026/09/08 13:12,2026-09-08T13:27:09+09:00,2026/09/08,2026/12/10,2026-12,PUT,18000,2,153,,94.59,78.92,16,1,2,1,,,,,
2026/09/08 13:12,2026-09-08T13:27:09+09:00,2026/09/08,2026/12/10,2026-12,CALL,17750,48410,,,,,,,,,,,,,
2026/09/08 13:12,2026-09-08T13:27:09+09:00,2026/09/08,2026/12/10,2026-12,PUT,17750,1,,,95.58,,16,1,,,,,,,
2026/09/08 13:12,2026-09-08T13:27:09+09:00,2026/09/08,2026/12/10,2026-12,CALL,17500,48660,,,,,,,,,,,,,
2026/09/08 13:12,2026-09-08T13:27:09+09:00,2026/09/08,2026/12/10,2026-12,PUT,17500,1,,,95.95,,15,1,,,,,,,
2026/09/08 13:12,2026-09-08T13:27:09+09:00,2026/09/08,2026/12/10,2026-12,CALL,17250,48910,,,,,,,,,,,,,
2026/09/08 13:12,2026-09-08T13:27:09+09:00,2026/09/08,2026/12/10,2026-12,PUT,17250,1,,,96.96,,15,1,,,,,,,
2026/09/08 13:12,2026-09-08T13:27:09+09:00,2026/09/08,2026/12/10,2026-12,CALL,17000,49160,,,,,,,,,,,,,
2026/09/08 13:12,2026-09-08T13:27:09+09:00,2026/09/08,2026/12/10,2026-12,PUT,17000,1,3,,97.98,,15,1,,,,,,,
2026/09/08 13:12,2026-09-08T13:27:09+09:00,2026/09/08,2026/12/10,2026-12,CALL,16750,49410,,,,,,,,,,,,,
2026/09/08 13:12,2026-09-08T13:27:09+09:00,2026/09/08,2026/12/10,2026-12,PUT,16750,1,,,98.34,,14,1,,,,,,,
2026/09/08 13:12,2026-09-08T13:27:09+09:00,2026/09/08,2026/12/10,2026-12,CALL,16500,49655,,,,,,,,,,,,,
2026/09/08 13:12,2026-09-08T13:27:09+09:00,2026/09/08,2026/12/10,2026-12,PUT,16500,1,1,,99.39,,14,1,,,,,,,
2026/09/08 13:12,2026-09-08T13:27:09+09:00,2026/09/08,2026/12/10,2026-12,CALL,16250,49905,,,,,,,,,,,,,
2026/09/08 13:12,2026-09-08T13:27:09+09:00,2026/09/08,2026/12/10,2026-12,PUT,16250,1,,,100.45,,14,1,,,,,,,
2026/09/08 13:12,2026-09-08T13:27:09+09:00,2026/09/08,2026/12/10,2026-12,CALL,16000,50155,,,,,,,,,,,,,
2026/09/08 13:12,2026-09-08T13:27:09+09:00,2026/09/08,2026/12/10,2026-12,PUT,16000,1,3,,101.53,81.69,14,1,1,1,,,,,
2026/09/08 13:12,2026-09-08T13:27:09+09:00,2026/09/08,2026/12/10,2026-12,CALL,15750,50405,,,,,,,,,,,,,
2026/09/08 13:12,2026-09-08T13:27:09+09:00,2026/09/08,2026/12/10,2026-12,PUT,15750,1,,,102.63,,14,1,,,,,,,
2026/09/08 13:12,2026-09-08T13:27:09+09:00,2026/09/08,2026/12/10,2026-12,CALL,15500,50655,,,,,,,,,,,,,
2026/09/08 13:12,2026-09-08T13:27:09+09:00,2026/09/08,2026/12/10,2026-12,PUT,15500,1,,,102.99,,13,1,,,,,,,
2026/09/08 13:12,2026-09-08T13:27:09+09:00,2026/09/08,2026/12/10,2026-12,CALL,15250,50900,,,,,,,,,,,,,
2026/09/08 13:12,2026-09-08T13:27:09+09:00,2026/09/08,2026/12/10,2026-12,PUT,15250,1,,,104.12,,13,1,,,,,,,
2026/09/08 13:12,2026-09-08T13:27:09+09:00,2026/09/08,2026/12/10,2026-12,CALL,15000,51150,,,,,,,,,,,,,
2026/09/08 13:12,2026-09-08T13:27:09+09:00,2026/09/08,2026/12/10,2026-12,PUT,15000,2,5,,105.27,89.71,13,1,2,1,,,,,
2026/09/08 13:12,2026-09-08T13:27:09+09:00,2026/09/08,2026/12/10,2026-12,CALL,14750,51400,,,,,,,,,,,,,
2026/09/08 13:12,2026-09-08T13:27:09+09:00,2026/09/08,2026/12/10,2026-12,PUT,14750,1,1,,106.43,,13,1,,,,,,,
2026/09/08 13:12,2026-09-08T13:27:09+09:00,2026/09/08,2026/12/10,2026-12,CALL,14500,51650,,,,,,,,,,,,,
2026/09/08 13:12,2026-09-08T13:27:09+09:00,2026/09/08,2026/12/10,2026-12,PUT,14500,1,1,,107.62,,13,1,,,,,,,
2026/09/08 13:12,2026-09-08T13:27:09+09:00,2026/09/08,2026/12/10,2026-12,CALL,14250,51900,,,,,,,,,,,,,
2026/09/08 13:12,2026-09-08T13:27:09+09:00,2026/09/08,2026/12/10,2026-12,PUT,14250,1,,,112.42,,18,1,,,,,,,
2026/09/08 13:12,2026-09-08T13:27:09+09:00,2026/09/08,2026/12/10,2026-12,CALL,14000,52145,,,,,,,,,,,,,
2026/09/08 13:12,2026-09-08T13:27:09+09:00,2026/09/08,2026/12/10,2026-12,PUT,14000,2,11,,113.69,93.81,18,1,2,1,,,,,
2026/09/08 13:12,2026-09-08T13:27:09+09:00,2026/09/08,2026/12/10,2026-12,CALL,13750,52395,,,,,,,,,,,,,
2026/09/08 13:12,2026-09-08T13:27:09+09:00,2026/09/08,2026/12/10,2026-12,PUT,13750,1,,,114.99,,18,1,,,,,,,
2026/09/08 13:12,2026-09-08T13:27:09+09:00,2026/09/08,2026/12/10,2026-12,CALL,13500,52645,,,,,,,,,,,,,
2026/09/08 13:12,2026-09-08T13:27:09+09:00,2026/09/08,2026/12/10,2026-12,PUT,13500,1,100,,116.31,91.29,18,1,1,100,,,,,
2026/09/08 13:12,2026-09-08T13:27:09+09:00,2026/09/08,2026/12/10,2026-12,CALL,13250,52895,,,,,,,,,,,,,
2026/09/08 13:12,2026-09-08T13:27:09+09:00,2026/09/08,2026/12/10,2026-12,PUT,13250,1,,,117.66,,18,1,,,,,,,
2026/09/08 13:12,2026-09-08T13:27:09+09:00,2026/09/08,2026/12/10,2026-12,CALL,13000,53140,,,,,,,,,,,,,
2026/09/08 13:12,2026-09-08T13:27:09+09:00,2026/09/08,2026/12/10,2026-12,PUT,13000,3,5,,119.03,101.34,18,1,3,4,,,,,
2026/09/08 13:12,2026-09-08T13:27:09+09:00,2026/09/08,2026/12/10,2026-12,CALL,12750,53390,,,,,,,,,,,,,
2026/09/08 13:12,2026-09-08T13:27:09+09:00,2026/09/08,2026/12/10,2026-12,PUT,12750,1,,,120.43,94.54,18,1,1,1,,,,,
2026/09/08 13:12,2026-09-08T13:27:09+09:00,2026/09/08,2026/12/10,2026-12,CALL,12500,53640,84,,,,,,,,,,,,
2026/09/08 13:12,2026-09-08T13:27:09+09:00,2026/09/08,2026/12/10,2026-12,PUT,12500,2,821,4,103.75,100.56,3,6,2,356,103.32,0,0,3,09/08 03:21
