qri_update_time,collected_at,contract,option_type,strike,previous_open_interest,current_open_interest,open_interest_diff,previous_volume,current_volume,volume_diff,previous_last_price,current_last_price,last_price_diff,previous_iv,current_iv,iv_diff,previous_ask_price,current_ask_price,previous_bid_price,current_bid_price,previous_ask_quantity,current_ask_quantity,ask_quantity_diff,previous_bid_quantity,current_bid_quantity,bid_quantity_diff,execution_side,estimated_trade_value,judgement,judgement_score,alert_type
2026/09/08 17:43,2026-09-08T17:58:32+09:00,2026-09,CALL,72500,1712.0,0.0,-1712.0,65.0,13.0,-52.0,2.0,1.0,-1.0,33.99,40.25,6.259999999999998,2.0,1.0,1.0,0.0,74.0,189.0,115.0,54.0,0.0,-54.0,判定困難,0,判定困難,0,"OI_DECREASE,IV"
2026/09/08 17:43,2026-09-08T17:58:32+09:00,2026-09,PUT,72500,0.0,0.0,0.0,0.0,0.0,0.0,0.0,0.0,0.0,0.0,0.0,0.0,0.0,0.0,0.0,0.0,0.0,0.0,0.0,0.0,0.0,0.0,判定困難,0,判定困難,0,
2026/09/08 17:43,2026-09-08T17:58:32+09:00,2026-09,CALL,72375,14.0,0.0,-14.0,4.0,0.0,-4.0,2.0,0.0,-2.0,35.23,0.0,-35.23,5.0,10.0,2.0,0.0,4.0,14.0,10.0,4.0,0.0,-4.0,判定困難,0,判定困難,0,IV
2026/09/08 17:43,2026-09-08T17:58:32+09:00,2026-09,PUT,72375,0.0,0.0,0.0,0.0,0.0,0.0,0.0,0.0,0.0,0.0,0.0,0.0,0.0,0.0,0.0,0.0,0.0,0.0,0.0,0.0,0.0,0.0,判定困難,0,判定困難,0,
2026/09/08 17:43,2026-09-08T17:58:32+09:00,2026-09,CALL,72250,302.0,0.0,-302.0,37.0,1.0,-36.0,2.0,1.0,-1.0,33.95,38.77,4.82,3.0,2.0,2.0,0.0,5.0,50.0,45.0,5.0,0.0,-5.0,判定困難,0,判定困難,0,"OI_DECREASE,IV"
2026/09/08 17:43,2026-09-08T17:58:32+09:00,2026-09,PUT,72250,0.0,0.0,0.0,0.0,0.0,0.0,0.0,0.0,0.0,0.0,0.0,0.0,0.0,0.0,0.0,0.0,0.0,0.0,0.0,0.0,0.0,0.0,判定困難,0,判定困難,0,
2026/09/08 17:43,2026-09-08T17:58:32+09:00,2026-09,CALL,72125,79.0,0.0,-79.0,1.0,0.0,-1.0,2.0,0.0,-2.0,33.27,0.0,-33.27,9.0,11.0,1.0,0.0,14.0,14.0,0.0,4.0,0.0,-4.0,判定困難,0,判定困難,0,IV
2026/09/08 17:43,2026-09-08T17:58:32+09:00,2026-09,PUT,72125,0.0,0.0,0.0,0.0,0.0,0.0,0.0,0.0,0.0,0.0,0.0,0.0,0.0,0.0,0.0,0.0,0.0,0.0,0.0,0.0,0.0,0.0,判定困難,0,判定困難,0,
2026/09/08 17:43,2026-09-08T17:58:32+09:00,2026-09,CALL,72000,2556.0,0.0,-2556.0,387.0,45.0,-342.0,3.0,1.0,-2.0,33.5,37.55,4.049999999999997,4.0,1.0,3.0,0.0,67.0,4.0,-63.0,14.0,0.0,-14.0,判定困難,0,判定困難,0,"OI_DECREASE,IV"
2026/09/08 17:43,2026-09-08T17:58:32+09:00,2026-09,PUT,72000,0.0,0.0,0.0,0.0,0.0,0.0,0.0,0.0,0.0,0.0,0.0,0.0,5880.0,0.0,5095.0,0.0,4.0,0.0,-4.0,4.0,0.0,-4.0,判定困難,0,判定困難,0,
2026/09/08 17:43,2026-09-08T17:58:32+09:00,2026-09,CALL,71875,100.0,0.0,-100.0,19.0,0.0,-19.0,5.0,0.0,-5.0,37.42,0.0,-37.42,5.0,4.0,3.0,0.0,19.0,4.0,-15.0,33.0,0.0,-33.0,判定困難,0,判定困難,0,"OI_DECREASE,IV"
2026/09/08 17:43,2026-09-08T17:58:32+09:00,2026-09,PUT,71875,0.0,0.0,0.0,0.0,0.0,0.0,0.0,0.0,0.0,0.0,0.0,0.0,0.0,0.0,0.0,0.0,0.0,0.0,0.0,0.0,0.0,0.0,判定困難,0,判定困難,0,
2026/09/08 17:43,2026-09-08T17:58:32+09:00,2026-09,CALL,71750,42.0,0.0,-42.0,7.0,0.0,-7.0,4.0,0.0,-4.0,33.14,0.0,-33.14,6.0,2.0,4.0,1.0,37.0,3.0,-34.0,5.0,1.0,-4.0,判定困難,0,判定困難,0,IV
2026/09/08 17:43,2026-09-08T17:58:32+09:00,2026-09,PUT,71750,0.0,0.0,0.0,0.0,0.0,0.0,0.0,0.0,0.0,0.0,0.0,0.0,5515.0,0.0,4740.0,0.0,1.0,0.0,-1.0,1.0,0.0,-1.0,判定困難,0,判定困難,0,
2026/09/08 17:43,2026-09-08T17:58:32+09:00,2026-09,CALL,71625,4.0,0.0,-4.0,0.0,0.0,0.0,0.0,0.0,0.0,0.0,0.0,0.0,7.0,12.0,4.0,0.0,33.0,18.0,-15.0,33.0,0.0,-33.0,判定困難,0,判定困難,0,
2026/09/08 17:43,2026-09-08T17:58:32+09:00,2026-09,PUT,71625,0.0,0.0,0.0,0.0,0.0,0.0,0.0,0.0,0.0,0.0,0.0,0.0,0.0,0.0,0.0,0.0,0.0,0.0,0.0,0.0,0.0,0.0,判定困難,0,判定困難,0,
2026/09/08 17:43,2026-09-08T17:58:32+09:00,2026-09,CALL,71500,528.0,0.0,-528.0,62.0,3.0,-59.0,6.0,2.0,-4.0,33.04,37.68,4.640000000000001,6.0,2.0,5.0,1.0,10.0,24.0,14.0,107.0,92.0,-15.0,Ask側,0,判定困難,0,"OI_DECREASE,IV"
2026/09/08 17:43,2026-09-08T17:58:32+09:00,2026-09,PUT,71500,0.0,0.0,0.0,0.0,0.0,0.0,0.0,0.0,0.0,0.0,0.0,0.0,5185.0,0.0,4400.0,0.0,1.0,0.0,-1.0,1.0,0.0,-1.0,判定困難,0,判定困難,0,
2026/09/08 17:43,2026-09-08T17:58:32+09:00,2026-09,CALL,71375,11.0,0.0,-11.0,6.0,0.0,-6.0,5.0,0.0,-5.0,32.32,0.0,-32.32,7.0,10.0,6.0,0.0,4.0,14.0,10.0,18.0,0.0,-18.0,判定困難,0,判定困難,0,IV
2026/09/08 17:43,2026-09-08T17:58:32+09:00,2026-09,PUT,71375,0.0,0.0,0.0,0.0,0.0,0.0,0.0,0.0,0.0,0.0,0.0,0.0,0.0,0.0,0.0,0.0,0.0,0.0,0.0,0.0,0.0,0.0,判定困難,0,判定困難,0,
2026/09/08 17:43,2026-09-08T17:58:32+09:00,2026-09,CALL,71250,85.0,0.0,-85.0,67.0,0.0,-67.0,8.0,0.0,-8.0,33.06,0.0,-33.06,9.0,14.0,7.0,1.0,37.0,22.0,-15.0,23.0,90.0,67.0,判定困難,0,判定困難,0,IV
2026/09/08 17:43,2026-09-08T17:58:32+09:00,2026-09,PUT,71250,1.0,0.0,-1.0,0.0,0.0,0.0,0.0,0.0,0.0,0.0,0.0,0.0,5160.0,0.0,4390.0,3.0,1.0,0.0,-1.0,1.0,10.0,9.0,判定困難,0,判定困難,0,
2026/09/08 17:43,2026-09-08T17:58:32+09:00,2026-09,CALL,71125,81.0,0.0,-81.0,24.0,0.0,-24.0,9.0,0.0,-9.0,32.7,0.0,-32.7,10.0,15.0,8.0,2.0,18.0,18.0,0.0,15.0,4.0,-11.0,判定困難,0,判定困難,0,IV
2026/09/08 17:43,2026-09-08T17:58:32+09:00,2026-09,PUT,71125,0.0,0.0,0.0,0.0,0.0,0.0,0.0,0.0,0.0,0.0,0.0,0.0,0.0,0.0,0.0,0.0,0.0,0.0,0.0,0.0,0.0,0.0,判定困難,0,判定困難,0,
2026/09/08 17:43,2026-09-08T17:58:32+09:00,2026-09,CALL,71000,1635.0,0.0,-1635.0,828.0,44.0,-784.0,11.0,2.0,-9.0,32.42,35.16,2.739999999999995,11.0,3.0,10.0,2.0,1.0,50.0,49.0,16.0,37.0,21.0,Bid側,0,判定困難,0,"OI_DECREASE,IV"
2026/09/08 17:43,2026-09-08T17:58:32+09:00,2026-09,PUT,71000,100.0,0.0,-100.0,0.0,0.0,0.0,0.0,0.0,0.0,0.0,0.0,0.0,4810.0,0.0,3930.0,3.0,4.0,0.0,-4.0,4.0,10.0,6.0,判定困難,0,判定困難,0,OI_DECREASE
2026/09/08 17:43,2026-09-08T17:58:32+09:00,2026-09,CALL,70875,72.0,0.0,-72.0,6.0,0.0,-6.0,12.0,0.0,-12.0,32.22,0.0,-32.22,13.0,5.0,11.0,2.0,1.0,33.0,32.0,1.0,33.0,32.0,判定困難,0,判定困難,0,IV
2026/09/08 17:43,2026-09-08T17:58:32+09:00,2026-09,PUT,70875,0.0,0.0,0.0,0.0,0.0,0.0,0.0,0.0,0.0,0.0,0.0,0.0,0.0,0.0,0.0,0.0,0.0,0.0,0.0,0.0,0.0,0.0,判定困難,0,判定困難,0,
2026/09/08 17:43,2026-09-08T17:58:32+09:00,2026-09,CALL,70750,60.0,0.0,-60.0,40.0,0.0,-40.0,12.0,0.0,-12.0,32.91,0.0,-32.91,14.0,6.0,13.0,3.0,6.0,37.0,31.0,1.0,5.0,4.0,判定困難,0,判定困難,0,IV
2026/09/08 17:43,2026-09-08T17:58:32+09:00,2026-09,PUT,70750,0.0,0.0,0.0,0.0,0.0,0.0,0.0,0.0,0.0,0.0,0.0,0.0,4295.0,0.0,4025.0,3.0,1.0,0.0,-1.0,1.0,10.0,9.0,判定困難,0,判定困難,0,
2026/09/08 17:43,2026-09-08T17:58:32+09:00,2026-09,CALL,70625,271.0,0.0,-271.0,13.0,0.0,-13.0,17.0,0.0,-17.0,32.03,0.0,-32.03,16.0,6.0,14.0,3.0,5.0,33.0,28.0,18.0,20.0,2.0,判定困難,0,判定困難,0,"OI_DECREASE,IV"
2026/09/08 17:43,2026-09-08T17:58:32+09:00,2026-09,PUT,70625,0.0,0.0,0.0,0.0,0.0,0.0,0.0,0.0,0.0,0.0,0.0,0.0,0.0,0.0,0.0,0.0,0.0,0.0,0.0,0.0,0.0,0.0,判定困難,0,判定困難,0,
2026/09/08 17:43,2026-09-08T17:58:32+09:00,2026-09,CALL,70500,406.0,0.0,-406.0,75.0,1.0,-74.0,21.0,4.0,-17.0,32.37,35.25,2.8800000000000026,19.0,5.0,17.0,4.0,1.0,2.0,1.0,9.0,9.0,0.0,Bid側,0,判定困難,0,"OI_DECREASE,IV"
2026/09/08 17:43,2026-09-08T17:58:32+09:00,2026-09,PUT,70500,2.0,0.0,-2.0,0.0,0.0,0.0,0.0,0.0,0.0,0.0,0.0,0.0,4035.0,5885.0,3790.0,5100.0,3.0,1.0,-2.0,3.0,1.0,-2.0,判定困難,0,判定困難,0,
2026/09/08 17:43,2026-09-08T17:58:32+09:00,2026-09,CALL,70375,5.0,0.0,-5.0,18.0,0.0,-18.0,24.0,0.0,-24.0,32.1,0.0,-32.1,21.0,8.0,19.0,4.0,1.0,33.0,32.0,18.0,34.0,16.0,判定困難,0,判定困難,0,IV
2026/09/08 17:43,2026-09-08T17:58:32+09:00,2026-09,PUT,70375,0.0,0.0,0.0,0.0,0.0,0.0,0.0,0.0,0.0,0.0,0.0,0.0,3940.0,5715.0,3660.0,4960.0,5.0,2.0,-3.0,6.0,2.0,-4.0,判定困難,0,判定困難,0,
2026/09/08 17:43,2026-09-08T17:58:32+09:00,2026-09,CALL,70250,651.0,0.0,-651.0,45.0,1.0,-44.0,24.0,6.0,-18.0,31.83,35.37,3.539999999999999,25.0,7.0,22.0,5.0,1.0,16.0,15.0,22.0,37.0,15.0,中間,0,判定困難,0,"OI_DECREASE,IV"
2026/09/08 17:43,2026-09-08T17:58:32+09:00,2026-09,PUT,70250,0.0,0.0,0.0,0.0,0.0,0.0,0.0,0.0,0.0,0.0,0.0,0.0,3805.0,5625.0,3540.0,4835.0,8.0,1.0,-7.0,8.0,1.0,-7.0,判定困難,0,判定困難,0,
2026/09/08 17:43,2026-09-08T17:58:32+09:00,2026-09,CALL,70125,17.0,0.0,-17.0,14.0,0.0,-14.0,29.0,0.0,-29.0,31.64,0.0,-31.64,28.0,8.0,26.0,3.0,5.0,16.0,11.0,17.0,33.0,16.0,判定困難,0,判定困難,0,IV
2026/09/08 17:43,2026-09-08T17:58:32+09:00,2026-09,PUT,70125,0.0,0.0,0.0,0.0,0.0,0.0,0.0,0.0,0.0,0.0,0.0,0.0,3685.0,5520.0,3420.0,4710.0,5.0,2.0,-3.0,6.0,2.0,-4.0,判定困難,0,判定困難,0,
2026/09/08 17:43,2026-09-08T17:58:32+09:00,2026-09,CALL,70000,3748.0,0.0,-3748.0,494.0,56.0,-438.0,32.0,8.0,-24.0,31.77,34.93,3.16,33.0,8.0,30.0,7.0,1.0,1.0,0.0,16.0,56.0,40.0,Ask側,0,判定困難,0,"OI_DECREASE,IV"
2026/09/08 17:43,2026-09-08T17:58:32+09:00,2026-09,PUT,70000,1478.0,0.0,-1478.0,0.0,0.0,0.0,0.0,0.0,0.0,0.0,0.0,0.0,3585.0,5395.0,3300.0,4585.0,22.0,4.0,-18.0,22.0,4.0,-18.0,判定困難,0,判定困難,0,OI_DECREASE
2026/09/08 17:43,2026-09-08T17:58:32+09:00,2026-09,CALL,69875,52.0,0.0,-52.0,9.0,0.0,-9.0,35.0,0.0,-35.0,31.35,0.0,-31.35,37.0,10.0,35.0,2.0,1.0,1.0,0.0,1.0,15.0,14.0,判定困難,0,判定困難,0,IV
2026/09/08 17:43,2026-09-08T17:58:32+09:00,2026-09,PUT,69875,0.0,0.0,0.0,0.0,0.0,0.0,0.0,0.0,0.0,0.0,0.0,0.0,3440.0,5270.0,3180.0,4460.0,5.0,2.0,-3.0,6.0,2.0,-4.0,判定困難,0,判定困難,0,
2026/09/08 17:43,2026-09-08T17:58:32+09:00,2026-09,CALL,69750,1477.0,0.0,-1477.0,17.0,6.0,-11.0,34.0,10.0,-24.0,31.47,34.55,3.0799999999999983,43.0,13.0,40.0,9.0,1.0,48.0,47.0,6.0,37.0,31.0,Bid寄り,0,判定困難,0,"OI_DECREASE,IV"
2026/09/08 17:43,2026-09-08T17:58:32+09:00,2026-09,PUT,69750,0.0,0.0,0.0,0.0,0.0,0.0,0.0,0.0,0.0,0.0,0.0,0.0,3325.0,5150.0,3060.0,4340.0,8.0,1.0,-7.0,8.0,1.0,-7.0,判定困難,0,判定困難,0,
2026/09/08 17:43,2026-09-08T17:58:32+09:00,2026-09,CALL,69625,73.0,0.0,-73.0,4.0,5.0,1.0,48.0,10.0,-38.0,31.67,34.18,2.509999999999998,49.0,13.0,47.0,8.0,4.0,1.0,-3.0,1.0,24.0,23.0,Bid寄り,10000.0,既存買いポジションの決済売りの可能性：中程度,55,"IV,POSITION"
2026/09/08 17:43,2026-09-08T17:58:32+09:00,2026-09,PUT,69625,0.0,0.0,0.0,0.0,0.0,0.0,0.0,0.0,0.0,0.0,0.0,0.0,3205.0,5025.0,2940.0,4215.0,5.0,2.0,-3.0,6.0,2.0,-4.0,判定困難,0,判定困難,0,
2026/09/08 17:43,2026-09-08T17:58:32+09:00,2026-09,CALL,69500,839.0,0.0,-839.0,111.0,41.0,-70.0,58.0,14.0,-44.0,31.48,34.64,3.16,57.0,15.0,53.0,13.0,7.0,1.0,-6.0,1.0,9.0,8.0,中間,0,判定困難,0,"OI_DECREASE,IV"
2026/09/08 17:43,2026-09-08T17:58:32+09:00,2026-09,PUT,69500,5.0,0.0,-5.0,0.0,0.0,0.0,0.0,0.0,0.0,0.0,0.0,0.0,3100.0,4900.0,2835.0,4090.0,11.0,1.0,-10.0,3.0,1.0,-2.0,判定困難,0,判定困難,0,
2026/09/08 17:43,2026-09-08T17:58:32+09:00,2026-09,CALL,69375,29.0,0.0,-29.0,1.0,0.0,-1.0,52.0,0.0,-52.0,31.07,0.0,-31.07,65.0,18.0,61.0,14.0,4.0,1.0,-3.0,1.0,1.0,0.0,判定困難,0,判定困難,0,IV
2026/09/08 17:43,2026-09-08T17:58:32+09:00,2026-09,PUT,69375,0.0,0.0,0.0,0.0,0.0,0.0,0.0,0.0,0.0,0.0,0.0,0.0,2980.0,4780.0,2710.0,3965.0,5.0,2.0,-3.0,6.0,2.0,-4.0,判定困難,0,判定困難,0,
2026/09/08 17:43,2026-09-08T17:58:32+09:00,2026-09,CALL,69250,192.0,0.0,-192.0,26.0,10.0,-16.0,82.0,19.0,-63.0,31.74,34.22,2.4800000000000004,75.0,19.0,71.0,17.0,1.0,3.0,2.0,1.0,6.0,5.0,Ask側,0,判定困難,0,"OI_DECREASE,IV"
2026/09/08 17:43,2026-09-08T17:58:32+09:00,2026-09,PUT,69250,1.0,0.0,-1.0,0.0,0.0,0.0,0.0,0.0,0.0,0.0,0.0,0.0,2855.0,4270.0,2595.0,3945.0,7.0,2.0,-5.0,7.0,2.0,-5.0,判定困難,0,判定困難,0,
2026/09/08 17:43,2026-09-08T17:58:32+09:00,2026-09,CALL,69125,129.0,0.0,-129.0,1.0,0.0,-1.0,67.0,0.0,-67.0,30.81,0.0,-30.81,86.0,22.0,81.0,19.0,1.0,1.0,0.0,4.0,1.0,-3.0,判定困難,0,判定困難,0,"OI_DECREASE,IV"
2026/09/08 17:43,2026-09-08T17:58:32+09:00,2026-09,PUT,69125,0.0,0.0,0.0,0.0,0.0,0.0,0.0,0.0,0.0,0.0,0.0,0.0,2790.0,4185.0,2490.0,3945.0,4.0,8.0,4.0,6.0,3.0,-3.0,判定困難,0,判定困難,0,
2026/09/08 17:43,2026-09-08T17:58:32+09:00,2026-09,CALL,69000,2143.0,0.0,-2143.0,397.0,90.0,-307.0,102.0,23.0,-79.0,31.53,33.87,2.3399999999999963,98.0,25.0,93.0,23.0,1.0,2.0,1.0,1.0,12.0,11.0,Bid側,0,判定困難,0,"OI_DECREASE,IV"
2026/09/08 17:43,2026-09-08T17:58:32+09:00,2026-09,PUT,69000,1119.0,0.0,-1119.0,4.0,0.0,-4.0,2620.0,0.0,-2620.0,28.47,0.0,-28.47,2630.0,4415.0,2380.0,3605.0,22.0,4.0,-18.0,22.0,4.0,-18.0,判定困難,0,判定困難,0,"OI_DECREASE,PRICE,IV"
2026/09/08 17:43,2026-09-08T17:58:32+09:00,2026-09,CALL,68875,84.0,0.0,-84.0,2.0,3.0,1.0,59.0,24.0,-35.0,32.07,33.84,1.7700000000000031,134.0,28.0,85.0,26.0,1.0,1.0,0.0,1.0,5.0,4.0,Bid側,24000.0,既存買いポジションの決済売りの可能性：中程度,55,"IV,POSITION"
2026/09/08 17:43,2026-09-08T17:58:32+09:00,2026-09,PUT,68875,0.0,0.0,0.0,0.0,0.0,0.0,0.0,0.0,0.0,0.0,0.0,0.0,2555.0,3935.0,2255.0,3680.0,4.0,3.0,-1.0,6.0,8.0,2.0,判定困難,0,判定困難,0,
2026/09/08 17:43,2026-09-08T17:58:32+09:00,2026-09,CALL,68750,333.0,0.0,-333.0,23.0,3.0,-20.0,126.0,32.0,-94.0,31.46,33.63,2.1700000000000017,125.0,32.0,120.0,29.0,1.0,11.0,10.0,3.0,6.0,3.0,Ask側,0,判定困難,0,"OI_DECREASE,IV"
2026/09/08 17:43,2026-09-08T17:58:32+09:00,2026-09,PUT,68750,57.0,0.0,-57.0,0.0,0.0,0.0,0.0,0.0,0.0,0.0,0.0,0.0,2390.0,3810.0,2175.0,3560.0,7.0,2.0,-5.0,2.0,7.0,5.0,判定困難,0,判定困難,0,
2026/09/08 17:43,2026-09-08T17:58:32+09:00,2026-09,CALL,68625,24.0,0.0,-24.0,4.0,0.0,-4.0,162.0,0.0,-162.0,31.61,0.0,-31.61,143.0,74.0,137.0,0.0,1.0,3.0,2.0,13.0,0.0,-13.0,判定困難,0,判定困難,0,"PRICE,IV"
2026/09/08 17:43,2026-09-08T17:58:32+09:00,2026-09,PUT,68625,0.0,0.0,0.0,0.0,0.0,0.0,0.0,0.0,0.0,0.0,0.0,0.0,2295.0,3690.0,2035.0,3330.0,5.0,3.0,-2.0,6.0,8.0,2.0,判定困難,0,判定困難,0,
2026/09/08 17:43,2026-09-08T17:58:32+09:00,2026-09,CALL,68500,356.0,0.0,-356.0,199.0,7.0,-192.0,166.0,42.0,-124.0,31.83,33.51,1.6799999999999997,161.0,42.0,155.0,39.0,1.0,1.0,0.0,1.0,1.0,0.0,Ask側,0,判定困難,0,"OI_DECREASE,PRICE,IV"
2026/09/08 17:43,2026-09-08T17:58:32+09:00,2026-09,PUT,68500,169.0,0.0,-169.0,0.0,0.0,0.0,0.0,0.0,0.0,0.0,0.0,0.0,2185.0,3565.0,1980.0,3230.0,15.0,3.0,-12.0,5.0,3.0,-2.0,判定困難,0,判定困難,0,OI_DECREASE
2026/09/08 17:43,2026-09-08T17:58:32+09:00,2026-09,CALL,68375,32.0,0.0,-32.0,5.0,0.0,-5.0,187.0,0.0,-187.0,31.68,0.0,-31.68,181.0,49.0,174.0,43.0,1.0,1.0,0.0,1.0,1.0,0.0,判定困難,0,判定困難,0,"PRICE,IV"
2026/09/08 17:43,2026-09-08T17:58:32+09:00,2026-09,PUT,68375,1.0,0.0,-1.0,0.0,0.0,0.0,0.0,0.0,0.0,0.0,0.0,0.0,2135.0,3455.0,1825.0,3105.0,5.0,3.0,-2.0,6.0,8.0,2.0,判定困難,0,判定困難,0,
2026/09/08 17:43,2026-09-08T17:58:32+09:00,2026-09,CALL,68250,38.0,0.0,-38.0,3.0,2.0,-1.0,174.0,47.0,-127.0,30.63,33.62,2.9899999999999984,202.0,55.0,196.0,51.0,1.0,1.0,0.0,1.0,1.0,0.0,Bid側,0,判定困難,0,"PRICE,IV"
2026/09/08 17:43,2026-09-08T17:58:32+09:00,2026-09,PUT,68250,109.0,0.0,-109.0,0.0,0.0,0.0,0.0,0.0,0.0,0.0,0.0,0.0,1970.0,3335.0,1795.0,2980.0,10.0,2.0,-8.0,4.0,8.0,4.0,判定困難,0,判定困難,0,OI_DECREASE
2026/09/08 17:43,2026-09-08T17:58:32+09:00,2026-09,CALL,68125,68.0,0.0,-68.0,2.0,0.0,-2.0,234.0,0.0,-234.0,31.62,0.0,-31.62,227.0,63.0,218.0,56.0,1.0,1.0,0.0,1.0,1.0,0.0,判定困難,0,判定困難,0,"PRICE,IV"
2026/09/08 17:43,2026-09-08T17:58:32+09:00,2026-09,PUT,68125,0.0,0.0,0.0,0.0,0.0,0.0,0.0,0.0,0.0,0.0,0.0,0.0,1870.0,3215.0,1670.0,2865.0,5.0,3.0,-2.0,6.0,8.0,2.0,判定困難,0,判定困難,0,
2026/09/08 17:43,2026-09-08T17:58:32+09:00,2026-09,CALL,68000,3523.0,0.0,-3523.0,426.0,63.0,-363.0,260.0,69.0,-191.0,31.3,33.56,2.2600000000000016,251.0,71.0,244.0,66.0,3.0,1.0,-2.0,1.0,1.0,0.0,Ask寄り,0,判定困難,0,"OI_DECREASE,PRICE,IV"
2026/09/08 17:43,2026-09-08T17:58:32+09:00,2026-09,PUT,68000,2132.0,0.0,-2132.0,1.0,1.0,0.0,1675.0,2940.0,1265.0,31.62,25.0,-6.620000000000001,1700.0,3145.0,1625.0,2710.0,3.0,22.0,19.0,24.0,22.0,-2.0,Ask寄り,0,判定困難,0,"OI_DECREASE,PRICE,IV"
2026/09/08 17:43,2026-09-08T17:58:32+09:00,2026-09,CALL,67875,59.0,0.0,-59.0,4.0,1.0,-3.0,315.0,75.0,-240.0,31.7,33.8,2.099999999999998,280.0,80.0,272.0,75.0,1.0,1.0,0.0,1.0,1.0,0.0,Bid側,0,判定困難,0,"PRICE,IV"
2026/09/08 17:43,2026-09-08T17:58:32+09:00,2026-09,PUT,67875,0.0,0.0,0.0,0.0,0.0,0.0,0.0,0.0,0.0,0.0,0.0,0.0,1670.0,2985.0,1475.0,2630.0,5.0,3.0,-2.0,6.0,8.0,2.0,判定困難,0,判定困難,0,
2026/09/08 17:43,2026-09-08T17:58:32+09:00,2026-09,CALL,67750,501.0,0.0,-501.0,49.0,15.0,-34.0,315.0,87.0,-228.0,31.28,33.25,1.9699999999999989,310.0,92.0,300.0,85.0,1.0,1.0,0.0,13.0,1.0,-12.0,Bid寄り,0,判定困難,0,"OI_DECREASE,PRICE,IV"
2026/09/08 17:43,2026-09-08T17:58:32+09:00,2026-09,PUT,67750,260.0,0.0,-260.0,0.0,0.0,0.0,0.0,0.0,0.0,0.0,0.0,0.0,1510.0,2870.0,1440.0,2520.0,6.0,2.0,-4.0,9.0,8.0,-1.0,判定困難,0,判定困難,0,OI_DECREASE
2026/09/08 17:43,2026-09-08T17:58:32+09:00,2026-09,CALL,67625,15.0,0.0,-15.0,9.0,1.0,-8.0,350.0,90.0,-260.0,30.52,33.42,2.900000000000002,350.0,103.0,330.0,96.0,10.0,1.0,-9.0,11.0,1.0,-10.0,Bid側,0,判定困難,0,"PRICE,IV"
2026/09/08 17:43,2026-09-08T17:58:32+09:00,2026-09,PUT,67625,1.0,0.0,-1.0,0.0,0.0,0.0,0.0,0.0,0.0,0.0,0.0,0.0,1445.0,2755.0,1290.0,2405.0,5.0,3.0,-2.0,6.0,8.0,2.0,判定困難,0,判定困難,0,
2026/09/08 17:43,2026-09-08T17:58:32+09:00,2026-09,CALL,67500,1763.0,0.0,-1763.0,48.0,13.0,-35.0,405.0,112.0,-293.0,31.37,33.32,1.9499999999999993,380.0,116.0,365.0,110.0,2.0,1.0,-1.0,19.0,7.0,-12.0,Bid寄り,0,判定困難,0,"OI_DECREASE,PRICE,IV"
2026/09/08 17:43,2026-09-08T17:58:32+09:00,2026-09,PUT,67500,553.0,0.0,-553.0,0.0,0.0,0.0,0.0,0.0,0.0,0.0,0.0,0.0,1335.0,2635.0,1215.0,2300.0,10.0,3.0,-7.0,5.0,3.0,-2.0,判定困難,0,判定困難,0,OI_DECREASE
2026/09/08 17:43,2026-09-08T17:58:32+09:00,2026-09,CALL,67375,43.0,0.0,-43.0,1.0,0.0,-1.0,268.0,0.0,-268.0,32.99,0.0,-32.99,435.0,134.0,405.0,123.0,1.0,1.0,0.0,1.0,1.0,0.0,判定困難,0,判定困難,0,"PRICE,IV"
2026/09/08 17:43,2026-09-08T17:58:32+09:00,2026-09,PUT,67375,0.0,0.0,0.0,0.0,0.0,0.0,0.0,0.0,0.0,0.0,0.0,0.0,1290.0,2535.0,1115.0,2180.0,5.0,3.0,-2.0,6.0,8.0,2.0,判定困難,0,判定困難,0,
2026/09/08 17:43,2026-09-08T17:58:32+09:00,2026-09,CALL,67250,24.0,0.0,-24.0,15.0,7.0,-8.0,485.0,145.0,-340.0,30.94,33.58,2.639999999999997,465.0,147.0,445.0,139.0,10.0,1.0,-9.0,10.0,1.0,-9.0,Ask寄り,0,判定困難,0,"PRICE,IV"
2026/09/08 17:43,2026-09-08T17:58:32+09:00,2026-09,PUT,67250,15.0,0.0,-15.0,0.0,0.0,0.0,0.0,0.0,0.0,0.0,0.0,0.0,1225.0,2340.0,1085.0,2270.0,9.0,11.0,2.0,9.0,11.0,2.0,判定困難,0,判定困難,0,
2026/09/08 17:43,2026-09-08T17:58:32+09:00,2026-09,CALL,67125,7.0,0.0,-7.0,3.0,2.0,-1.0,289.0,169.0,-120.0,31.87,34.1,2.2300000000000004,525.0,166.0,490.0,158.0,1.0,11.0,10.0,1.0,1.0,0.0,Ask側,0,判定困難,0,"PRICE,IV"
2026/09/08 17:43,2026-09-08T17:58:32+09:00,2026-09,PUT,67125,2.0,0.0,-2.0,0.0,0.0,0.0,0.0,0.0,0.0,0.0,0.0,0.0,1210.0,2315.0,960.0,1960.0,5.0,3.0,-2.0,6.0,8.0,2.0,判定困難,0,判定困難,0,
2026/09/08 17:43,2026-09-08T17:58:32+09:00,2026-09,CALL,67000,3337.0,0.0,-3337.0,357.0,36.0,-321.0,560.0,190.0,-370.0,31.29,33.4,2.1099999999999994,560.0,188.0,540.0,179.0,3.0,30.0,27.0,1.0,1.0,0.0,Ask側,0,判定困難,0,"OI_DECREASE,PRICE,IV"
2026/09/08 17:43,2026-09-08T17:58:32+09:00,2026-09,PUT,67000,2321.0,0.0,-2321.0,34.0,0.0,-34.0,960.0,0.0,-960.0,31.49,0.0,-31.49,995.0,2115.0,935.0,2055.0,3.0,4.0,1.0,20.0,22.0,2.0,判定困難,0,判定困難,0,"OI_DECREASE,PRICE,IV"
2026/09/08 17:43,2026-09-08T17:58:32+09:00,2026-09,CALL,66875,3.0,0.0,-3.0,7.0,0.0,-7.0,615.0,0.0,-615.0,31.23,0.0,-31.23,605.0,211.0,585.0,197.0,1.0,1.0,0.0,9.0,1.0,-8.0,判定困難,0,判定困難,0,"PRICE,IV"
2026/09/08 17:43,2026-09-08T17:58:32+09:00,2026-09,PUT,66875,0.0,0.0,0.0,0.0,0.0,0.0,0.0,0.0,0.0,0.0,0.0,0.0,920.0,2060.0,865.0,1790.0,6.0,8.0,2.0,8.0,8.0,0.0,判定困難,0,判定困難,0,
2026/09/08 17:43,2026-09-08T17:58:32+09:00,2026-09,CALL,66750,1617.0,0.0,-1617.0,64.0,18.0,-46.0,680.0,206.0,-474.0,31.42,32.82,1.3999999999999986,660.0,232.0,640.0,221.0,8.0,13.0,5.0,2.0,1.0,-1.0,Bid側,0,判定困難,0,"OI_DECREASE,PRICE,IV"
2026/09/08 17:43,2026-09-08T17:58:32+09:00,2026-09,PUT,66750,152.0,0.0,-152.0,0.0,0.0,0.0,0.0,0.0,0.0,0.0,0.0,0.0,850.0,1910.0,805.0,1845.0,8.0,4.0,-4.0,3.0,11.0,8.0,判定困難,0,判定困難,0,OI_DECREASE
2026/09/08 17:43,2026-09-08T17:58:32+09:00,2026-09,CALL,66625,162.0,0.0,-162.0,4.0,0.0,-4.0,735.0,0.0,-735.0,30.93,0.0,-30.93,720.0,605.0,700.0,245.0,1.0,1.0,0.0,2.0,1.0,-1.0,判定困難,0,判定困難,0,"OI_DECREASE,PRICE,IV"
2026/09/08 17:43,2026-09-08T17:58:32+09:00,2026-09,PUT,66625,9.0,0.0,-9.0,1.0,0.0,-1.0,745.0,0.0,-745.0,29.89,0.0,-29.89,780.0,2280.0,760.0,1410.0,1.0,2.0,1.0,8.0,2.0,-6.0,判定困難,0,判定困難,0,"PRICE,IV"
2026/09/08 17:43,2026-09-08T17:58:32+09:00,2026-09,CALL,66500,3340.0,0.0,-3340.0,83.0,19.0,-64.0,775.0,291.0,-484.0,30.85,33.09,2.240000000000002,785.0,288.0,760.0,278.0,2.0,1.0,-1.0,17.0,2.0,-15.0,Ask側,0,判定困難,0,"OI_DECREASE,PRICE,IV"
2026/09/08 17:43,2026-09-08T17:58:32+09:00,2026-09,PUT,66500,2164.0,0.0,-2164.0,43.0,1.0,-42.0,685.0,1800.0,1115.0,30.01,34.59,4.580000000000002,720.0,1715.0,700.0,1655.0,3.0,16.0,13.0,14.0,16.0,2.0,Ask側,0,判定困難,0,"OI_DECREASE,PRICE,IV"
2026/09/08 17:43,2026-09-08T17:58:32+09:00,2026-09,CALL,66375,10.0,0.0,-10.0,0.0,0.0,0.0,0.0,0.0,0.0,0.0,0.0,0.0,870.0,320.0,825.0,305.0,2.0,11.0,9.0,7.0,13.0,6.0,判定困難,0,判定困難,0,
2026/09/08 17:43,2026-09-08T17:58:32+09:00,2026-09,PUT,66375,5.0,0.0,-5.0,1.0,0.0,-1.0,760.0,0.0,-760.0,30.31,0.0,-30.31,660.0,2085.0,640.0,885.0,2.0,2.0,0.0,2.0,8.0,6.0,判定困難,0,判定困難,0,"PRICE,IV"
2026/09/08 17:43,2026-09-08T17:58:32+09:00,2026-09,CALL,66250,89.0,0.0,-89.0,7.0,0.0,-7.0,950.0,0.0,-950.0,30.87,0.0,-30.87,960.0,355.0,895.0,340.0,9.0,5.0,-4.0,7.0,5.0,-2.0,判定困難,0,判定困難,0,"PRICE,IV"
2026/09/08 17:43,2026-09-08T17:58:32+09:00,2026-09,PUT,66250,210.0,0.0,-210.0,13.0,0.0,-13.0,580.0,0.0,-580.0,30.54,0.0,-30.54,605.0,1545.0,585.0,1470.0,2.0,11.0,9.0,9.0,11.0,2.0,判定困難,0,判定困難,0,"OI_DECREASE,PRICE,IV"
2026/09/08 17:43,2026-09-08T17:58:32+09:00,2026-09,CALL,66125,41.0,0.0,-41.0,0.0,0.0,0.0,0.0,0.0,0.0,0.0,0.0,0.0,1035.0,390.0,970.0,375.0,8.0,2.0,-6.0,6.0,3.0,-3.0,判定困難,0,判定困難,0,
2026/09/08 17:43,2026-09-08T17:58:32+09:00,2026-09,PUT,66125,6.0,0.0,-6.0,1.0,0.0,-1.0,545.0,0.0,-545.0,32.14,0.0,-32.14,555.0,1900.0,535.0,1025.0,2.0,2.0,0.0,2.0,2.0,0.0,判定困難,0,判定困難,0,"PRICE,IV"
2026/09/08 17:43,2026-09-08T17:58:32+09:00,2026-09,CALL,66000,2043.0,0.0,-2043.0,53.0,47.0,-6.0,1080.0,430.0,-650.0,30.66,33.79,3.129999999999999,1085.0,435.0,1050.0,420.0,3.0,5.0,2.0,3.0,3.0,0.0,Ask寄り,0,判定困難,0,"OI_DECREASE,PRICE,IV"
2026/09/08 17:43,2026-09-08T17:58:32+09:00,2026-09,PUT,66000,2522.0,0.0,-2522.0,177.0,2.0,-175.0,475.0,1325.0,850.0,30.8,34.33,3.5299999999999976,505.0,1350.0,490.0,1290.0,1.0,4.0,3.0,4.0,26.0,22.0,Ask寄り,0,判定困難,0,"OI_DECREASE,PRICE,IV"
2026/09/08 17:43,2026-09-08T17:58:32+09:00,2026-09,CALL,65875,1.0,0.0,-1.0,1.0,0.0,-1.0,1200.0,0.0,-1200.0,31.89,0.0,-31.89,1200.0,475.0,1085.0,460.0,8.0,2.0,-6.0,8.0,3.0,-5.0,判定困難,0,判定困難,0,"PRICE,IV"
2026/09/08 17:43,2026-09-08T17:58:32+09:00,2026-09,PUT,65875,1.0,0.0,-1.0,1.0,0.0,-1.0,460.0,0.0,-460.0,31.0,0.0,-31.0,460.0,1730.0,445.0,560.0,1.0,2.0,1.0,2.0,8.0,6.0,判定困難,0,判定困難,0,"PRICE,IV"
2026/09/08 17:43,2026-09-08T17:58:32+09:00,2026-09,CALL,65750,104.0,0.0,-104.0,1.0,0.0,-1.0,1095.0,0.0,-1095.0,30.6,0.0,-30.6,1280.0,525.0,1215.0,505.0,9.0,5.0,-4.0,1.0,5.0,4.0,判定困難,0,判定困難,0,"OI_DECREASE,PRICE,IV"
2026/09/08 17:43,2026-09-08T17:58:32+09:00,2026-09,PUT,65750,702.0,0.0,-702.0,32.0,0.0,-32.0,395.0,0.0,-395.0,31.25,0.0,-31.25,420.0,1235.0,410.0,1120.0,1.0,5.0,4.0,1.0,5.0,4.0,判定困難,0,判定困難,0,"OI_DECREASE,PRICE,IV"
2026/09/08 17:43,2026-09-08T17:58:32+09:00,2026-09,CALL,65625,6.0,0.0,-6.0,3.0,0.0,-3.0,1000.0,0.0,-1000.0,32.56,0.0,-32.56,1460.0,575.0,1200.0,555.0,5.0,3.0,-2.0,6.0,3.0,-3.0,判定困難,0,判定困難,0,"PRICE,IV"
2026/09/08 17:43,2026-09-08T17:58:32+09:00,2026-09,PUT,65625,26.0,0.0,-26.0,2.0,0.0,-2.0,390.0,0.0,-390.0,31.37,0.0,-31.37,385.0,1125.0,370.0,1035.0,2.0,4.0,2.0,1.0,4.0,3.0,判定困難,0,判定困難,0,"PRICE,IV"
2026/09/08 17:43,2026-09-08T17:58:32+09:00,2026-09,CALL,65500,406.0,0.0,-406.0,9.0,7.0,-2.0,1475.0,600.0,-875.0,31.54,33.2,1.6600000000000037,1460.0,625.0,1390.0,610.0,14.0,14.0,0.0,2.0,15.0,13.0,Bid側,0,判定困難,0,"OI_DECREASE,PRICE,IV"
2026/09/08 17:43,2026-09-08T17:58:32+09:00,2026-09,PUT,65500,552.0,0.0,-552.0,25.0,0.0,-25.0,340.0,0.0,-340.0,31.61,0.0,-31.61,350.0,1055.0,335.0,990.0,19.0,4.0,-15.0,1.0,4.0,3.0,判定困難,0,判定困難,0,"OI_DECREASE,PRICE,IV"
2026/09/08 17:43,2026-09-08T17:58:32+09:00,2026-09,CALL,65375,1.0,0.0,-1.0,0.0,0.0,0.0,0.0,0.0,0.0,0.0,0.0,0.0,1670.0,680.0,1415.0,665.0,6.0,3.0,-3.0,5.0,10.0,5.0,判定困難,0,判定困難,0,
2026/09/08 17:43,2026-09-08T17:58:32+09:00,2026-09,PUT,65375,33.0,0.0,-33.0,3.0,0.0,-3.0,299.0,0.0,-299.0,31.51,0.0,-31.51,315.0,970.0,305.0,905.0,1.0,4.0,3.0,1.0,10.0,9.0,判定困難,0,判定困難,0,"PRICE,IV"
2026/09/08 17:43,2026-09-08T17:58:32+09:00,2026-09,CALL,65250,19.0,0.0,-19.0,1.0,0.0,-1.0,1700.0,0.0,-1700.0,34.02,0.0,-34.02,1670.0,745.0,1575.0,725.0,3.0,3.0,0.0,9.0,3.0,-6.0,判定困難,0,判定困難,0,"PRICE,IV"
2026/09/08 17:43,2026-09-08T17:58:32+09:00,2026-09,PUT,65250,100.0,0.0,-100.0,24.0,0.0,-24.0,274.0,0.0,-274.0,31.88,0.0,-31.88,286.0,915.0,278.0,825.0,1.0,4.0,3.0,1.0,4.0,3.0,判定困難,0,判定困難,0,"OI_DECREASE,PRICE,IV"
2026/09/08 17:43,2026-09-08T17:58:32+09:00,2026-09,CALL,65125,9.0,0.0,-9.0,0.0,0.0,0.0,0.0,0.0,0.0,0.0,0.0,0.0,1865.0,805.0,1555.0,785.0,6.0,9.0,3.0,5.0,10.0,5.0,判定困難,0,判定困難,0,
2026/09/08 17:43,2026-09-08T17:58:32+09:00,2026-09,PUT,65125,34.0,0.0,-34.0,8.0,0.0,-8.0,299.0,0.0,-299.0,32.42,0.0,-32.42,259.0,840.0,252.0,820.0,1.0,4.0,3.0,1.0,5.0,4.0,判定困難,0,判定困難,0,"PRICE,IV"
2026/09/08 17:43,2026-09-08T17:58:32+09:00,2026-09,CALL,65000,4738.0,0.0,-4738.0,15.0,9.0,-6.0,1720.0,880.0,-840.0,33.37,34.01,0.6400000000000006,1860.0,895.0,1775.0,855.0,20.0,33.0,13.0,5.0,2.0,-3.0,Ask寄り,0,判定困難,0,"OI_DECREASE,PRICE,IV"
2026/09/08 17:43,2026-09-08T17:58:32+09:00,2026-09,PUT,65000,4465.0,0.0,-4465.0,570.0,43.0,-527.0,225.0,765.0,540.0,32.76,34.31,1.5500000000000043,265.0,780.0,230.0,765.0,5.0,4.0,-1.0,1.0,6.0,5.0,Bid側,0,判定困難,0,"OI_DECREASE,PRICE,IV"
2026/09/08 17:43,2026-09-08T17:58:32+09:00,2026-09,CALL,64875,31.0,0.0,-31.0,0.0,0.0,0.0,0.0,0.0,0.0,0.0,0.0,0.0,2060.0,960.0,1755.0,885.0,6.0,11.0,5.0,5.0,11.0,6.0,判定困難,0,判定困難,0,
2026/09/08 17:43,2026-09-08T17:58:32+09:00,2026-09,PUT,64875,12.0,0.0,-12.0,10.0,0.0,-10.0,232.0,0.0,-232.0,32.69,0.0,-32.69,213.0,725.0,204.0,705.0,3.0,3.0,0.0,1.0,3.0,2.0,判定困難,0,判定困難,0,"PRICE,IV"
2026/09/08 17:43,2026-09-08T17:58:32+09:00,2026-09,CALL,64750,212.0,0.0,-212.0,0.0,0.0,0.0,0.0,0.0,0.0,0.0,0.0,0.0,2135.0,1045.0,1985.0,965.0,9.0,11.0,2.0,9.0,11.0,2.0,判定困難,0,判定困難,0,OI_DECREASE
2026/09/08 17:43,2026-09-08T17:58:32+09:00,2026-09,PUT,64750,499.0,0.0,-499.0,11.0,2.0,-9.0,199.0,630.0,431.0,33.5,34.5,1.0,193.0,675.0,187.0,655.0,3.0,11.0,8.0,1.0,10.0,9.0,Bid側,0,判定困難,0,"OI_DECREASE,PRICE,IV"
2026/09/08 17:43,2026-09-08T17:58:32+09:00,2026-09,CALL,64625,1.0,0.0,-1.0,0.0,0.0,0.0,0.0,0.0,0.0,0.0,0.0,0.0,2320.0,1120.0,2020.0,1040.0,6.0,10.0,4.0,4.0,10.0,6.0,判定困難,0,判定困難,0,
2026/09/08 17:43,2026-09-08T17:58:32+09:00,2026-09,PUT,64625,67.0,0.0,-67.0,10.0,0.0,-10.0,167.0,0.0,-167.0,33.55,0.0,-33.55,175.0,625.0,169.0,605.0,13.0,3.0,-10.0,1.0,3.0,2.0,判定困難,0,判定困難,0,"PRICE,IV"
2026/09/08 17:43,2026-09-08T17:58:32+09:00,2026-09,CALL,64500,146.0,0.0,-146.0,1.0,0.0,-1.0,1950.0,0.0,-1950.0,34.62,0.0,-34.62,2355.0,1205.0,2155.0,1115.0,3.0,8.0,5.0,3.0,4.0,1.0,判定困難,0,判定困難,0,"OI_DECREASE,PRICE,IV"
2026/09/08 17:43,2026-09-08T17:58:32+09:00,2026-09,PUT,64500,630.0,0.0,-630.0,67.0,13.0,-54.0,149.0,560.0,411.0,33.23,35.74,2.510000000000005,157.0,575.0,148.0,550.0,1.0,2.0,1.0,4.0,18.0,14.0,Bid寄り,0,判定困難,0,"OI_DECREASE,PRICE,IV"
2026/09/08 17:43,2026-09-08T17:58:32+09:00,2026-09,CALL,64375,0.0,0.0,0.0,0.0,0.0,0.0,0.0,0.0,0.0,0.0,0.0,0.0,2530.0,1290.0,2250.0,1195.0,6.0,10.0,4.0,5.0,10.0,5.0,判定困難,0,判定困難,0,
2026/09/08 17:43,2026-09-08T17:58:32+09:00,2026-09,PUT,64375,49.0,0.0,-49.0,0.0,0.0,0.0,0.0,0.0,0.0,0.0,0.0,0.0,143.0,535.0,138.0,520.0,1.0,10.0,9.0,1.0,3.0,2.0,判定困難,0,判定困難,0,
2026/09/08 17:43,2026-09-08T17:58:32+09:00,2026-09,CALL,64250,104.0,0.0,-104.0,0.0,0.0,0.0,0.0,0.0,0.0,0.0,0.0,0.0,2520.0,1375.0,2400.0,1285.0,3.0,11.0,8.0,2.0,11.0,9.0,判定困難,0,判定困難,0,OI_DECREASE
2026/09/08 17:43,2026-09-08T17:58:32+09:00,2026-09,PUT,64250,46.0,0.0,-46.0,13.0,4.0,-9.0,125.0,480.0,355.0,34.36,36.27,1.9100000000000037,130.0,495.0,125.0,480.0,1.0,12.0,11.0,1.0,2.0,1.0,Bid側,0,判定困難,0,"PRICE,IV"
2026/09/08 17:43,2026-09-08T17:58:32+09:00,2026-09,CALL,64125,0.0,0.0,0.0,0.0,0.0,0.0,0.0,0.0,0.0,0.0,0.0,0.0,2755.0,1470.0,2470.0,1300.0,6.0,3.0,-3.0,5.0,8.0,3.0,判定困難,0,判定困難,0,
2026/09/08 17:43,2026-09-08T17:58:32+09:00,2026-09,PUT,64125,27.0,0.0,-27.0,1.0,0.0,-1.0,122.0,0.0,-122.0,34.18,0.0,-34.18,117.0,455.0,112.0,440.0,1.0,3.0,2.0,1.0,3.0,2.0,判定困難,0,判定困難,0,"PRICE,IV"
2026/09/08 17:43,2026-09-08T17:58:32+09:00,2026-09,CALL,64000,1701.0,0.0,-1701.0,0.0,1.0,1.0,0.0,1450.0,1450.0,0.0,37.65,37.65,2720.0,1535.0,2650.0,1475.0,20.0,22.0,2.0,5.0,22.0,17.0,Bid側,1450000.0,既存買いポジションの決済売りの可能性：高い,60,"OI_DECREASE,PRICE,IV,POSITION"
2026/09/08 17:43,2026-09-08T17:58:32+09:00,2026-09,PUT,64000,2955.0,0.0,-2955.0,252.0,53.0,-199.0,98.0,400.0,302.0,34.85,36.32,1.4699999999999989,107.0,425.0,102.0,415.0,15.0,8.0,-7.0,1.0,5.0,4.0,Bid側,0,判定困難,0,"OI_DECREASE,PRICE,IV"
2026/09/08 17:43,2026-09-08T17:58:32+09:00,2026-09,CALL,63875,0.0,0.0,0.0,0.0,0.0,0.0,0.0,0.0,0.0,0.0,0.0,0.0,2985.0,1745.0,2690.0,1460.0,6.0,8.0,2.0,5.0,8.0,3.0,判定困難,0,判定困難,0,
2026/09/08 17:43,2026-09-08T17:58:32+09:00,2026-09,PUT,63875,51.0,0.0,-51.0,4.0,1.0,-3.0,99.0,360.0,261.0,35.34,35.39,0.04999999999999716,97.0,385.0,93.0,375.0,1.0,2.0,1.0,1.0,2.0,1.0,Bid側,0,判定困難,0,PRICE
2026/09/08 17:43,2026-09-08T17:58:32+09:00,2026-09,CALL,63750,2.0,0.0,-2.0,0.0,0.0,0.0,0.0,0.0,0.0,0.0,0.0,0.0,3090.0,1725.0,2810.0,1625.0,2.0,11.0,9.0,8.0,12.0,4.0,判定困難,0,判定困難,0,
2026/09/08 17:43,2026-09-08T17:58:32+09:00,2026-09,PUT,63750,79.0,0.0,-79.0,31.0,4.0,-27.0,93.0,330.0,237.0,35.24,36.7,1.4600000000000009,87.0,355.0,84.0,345.0,1.0,4.0,3.0,4.0,5.0,1.0,Bid側,0,判定困難,0,"PRICE,IV"
2026/09/08 17:43,2026-09-08T17:58:32+09:00,2026-09,CALL,63625,0.0,0.0,0.0,0.0,0.0,0.0,0.0,0.0,0.0,0.0,0.0,0.0,3210.0,1940.0,2925.0,1655.0,6.0,8.0,2.0,5.0,3.0,-2.0,判定困難,0,判定困難,0,
2026/09/08 17:43,2026-09-08T17:58:32+09:00,2026-09,PUT,63625,41.0,0.0,-41.0,0.0,11.0,11.0,0.0,300.0,300.0,0.0,36.85,36.85,79.0,330.0,76.0,315.0,1.0,3.0,2.0,1.0,13.0,12.0,Bid側,3300000.0,既存買いポジションの決済売りの可能性：中程度,40,"PRICE,IV,POSITION"
2026/09/08 17:43,2026-09-08T17:58:32+09:00,2026-09,CALL,63500,4.0,0.0,-4.0,0.0,0.0,0.0,0.0,0.0,0.0,0.0,0.0,0.0,3315.0,1905.0,3055.0,1865.0,3.0,4.0,1.0,11.0,16.0,5.0,判定困難,0,判定困難,0,
2026/09/08 17:43,2026-09-08T17:58:32+09:00,2026-09,PUT,63500,676.0,0.0,-676.0,90.0,3.0,-87.0,65.0,288.0,223.0,35.72,36.57,0.8500000000000014,72.0,305.0,69.0,293.0,1.0,20.0,19.0,7.0,2.0,-5.0,Bid側,0,判定困難,0,"OI_DECREASE,PRICE,IV"
2026/09/08 17:43,2026-09-08T17:58:32+09:00,2026-09,CALL,63375,0.0,0.0,0.0,0.0,0.0,0.0,0.0,0.0,0.0,0.0,0.0,0.0,3445.0,2180.0,3155.0,1810.0,6.0,8.0,2.0,5.0,3.0,-2.0,判定困難,0,判定困難,0,
2026/09/08 17:43,2026-09-08T17:58:32+09:00,2026-09,PUT,63375,61.0,0.0,-61.0,0.0,0.0,0.0,0.0,0.0,0.0,0.0,0.0,0.0,65.0,283.0,62.0,91.0,1.0,3.0,2.0,4.0,11.0,7.0,判定困難,0,判定困難,0,
2026/09/08 17:43,2026-09-08T17:58:32+09:00,2026-09,CALL,63250,1.0,0.0,-1.0,0.0,0.0,0.0,0.0,0.0,0.0,0.0,0.0,0.0,3560.0,2125.0,3275.0,2055.0,8.0,11.0,3.0,7.0,11.0,4.0,判定困難,0,判定困難,0,
2026/09/08 17:43,2026-09-08T17:58:32+09:00,2026-09,PUT,63250,66.0,0.0,-66.0,3.0,1.0,-2.0,63.0,250.0,187.0,38.1,37.3,-0.8000000000000043,60.0,258.0,57.0,248.0,1.0,2.0,1.0,4.0,3.0,-1.0,Bid寄り,0,判定困難,0,"PRICE,IV"
2026/09/08 17:43,2026-09-08T17:58:32+09:00,2026-09,CALL,63125,0.0,0.0,0.0,0.0,0.0,0.0,0.0,0.0,0.0,0.0,0.0,0.0,3680.0,2395.0,3390.0,2025.0,6.0,8.0,2.0,5.0,3.0,-2.0,判定困難,0,判定困難,0,
2026/09/08 17:43,2026-09-08T17:58:32+09:00,2026-09,PUT,63125,109.0,0.0,-109.0,0.0,0.0,0.0,0.0,0.0,0.0,0.0,0.0,0.0,55.0,239.0,51.0,228.0,1.0,13.0,12.0,1.0,3.0,2.0,判定困難,0,判定困難,0,OI_DECREASE
2026/09/08 17:43,2026-09-08T17:58:32+09:00,2026-09,CALL,63000,967.0,0.0,-967.0,0.0,0.0,0.0,0.0,0.0,0.0,0.0,0.0,0.0,3800.0,2330.0,3475.0,2280.0,22.0,22.0,0.0,22.0,22.0,0.0,判定困難,0,判定困難,0,OI_DECREASE
2026/09/08 17:43,2026-09-08T17:58:32+09:00,2026-09,PUT,63000,2580.0,0.0,-2580.0,358.0,61.0,-297.0,44.0,205.0,161.0,37.31,38.21,0.8999999999999986,49.0,219.0,46.0,211.0,14.0,37.0,23.0,1.0,1.0,0.0,Bid側,0,判定困難,0,"OI_DECREASE,PRICE,IV"
2026/09/08 17:43,2026-09-08T17:58:32+09:00,2026-09,CALL,62875,0.0,0.0,0.0,0.0,0.0,0.0,0.0,0.0,0.0,0.0,0.0,0.0,3920.0,2610.0,3640.0,2245.0,6.0,8.0,2.0,5.0,3.0,-2.0,判定困難,0,判定困難,0,
2026/09/08 17:43,2026-09-08T17:58:32+09:00,2026-09,PUT,62875,41.0,0.0,-41.0,1.0,1.0,0.0,75.0,190.0,115.0,37.12,38.43,1.3100000000000023,49.0,203.0,37.0,195.0,1.0,13.0,12.0,1.0,1.0,0.0,Bid側,0,判定困難,0,"PRICE,IV"
2026/09/08 17:43,2026-09-08T17:58:32+09:00,2026-09,CALL,62750,0.0,0.0,0.0,0.0,0.0,0.0,0.0,0.0,0.0,0.0,0.0,0.0,4040.0,2555.0,3760.0,2490.0,8.0,11.0,3.0,8.0,11.0,3.0,判定困難,0,判定困難,0,
2026/09/08 17:43,2026-09-08T17:58:32+09:00,2026-09,PUT,62750,760.0,0.0,-760.0,5.0,0.0,-5.0,39.0,0.0,-39.0,38.48,0.0,-38.48,41.0,188.0,39.0,176.0,1.0,1.0,0.0,1.0,1.0,0.0,判定困難,0,判定困難,0,"OI_DECREASE,IV"
2026/09/08 17:43,2026-09-08T17:58:32+09:00,2026-09,CALL,62625,0.0,0.0,0.0,0.0,0.0,0.0,0.0,0.0,0.0,0.0,0.0,0.0,4165.0,2835.0,3885.0,2470.0,6.0,8.0,2.0,5.0,3.0,-2.0,判定困難,0,判定困難,0,
2026/09/08 17:43,2026-09-08T17:58:32+09:00,2026-09,PUT,62625,92.0,0.0,-92.0,3.0,0.0,-3.0,44.0,0.0,-44.0,38.52,0.0,-38.52,37.0,174.0,35.0,62.0,1.0,1.0,0.0,5.0,1.0,-4.0,判定困難,0,判定困難,0,IV
2026/09/08 17:43,2026-09-08T17:58:32+09:00,2026-09,CALL,62500,801.0,0.0,-801.0,0.0,0.0,0.0,0.0,0.0,0.0,0.0,0.0,0.0,4275.0,2775.0,4020.0,2720.0,3.0,14.0,11.0,3.0,16.0,13.0,判定困難,0,判定困難,0,OI_DECREASE
2026/09/08 17:43,2026-09-08T17:58:32+09:00,2026-09,PUT,62500,1113.0,0.0,-1113.0,154.0,9.0,-145.0,31.0,148.0,117.0,39.03,40.05,1.019999999999996,34.0,161.0,32.0,152.0,1.0,1.0,0.0,9.0,1.0,-8.0,Bid側,0,判定困難,0,"OI_DECREASE,PRICE,IV"
2026/09/08 17:43,2026-09-08T17:58:32+09:00,2026-09,CALL,62375,0.0,0.0,0.0,0.0,0.0,0.0,0.0,0.0,0.0,0.0,0.0,0.0,4405.0,3065.0,4125.0,2700.0,6.0,7.0,1.0,5.0,3.0,-2.0,判定困難,0,判定困難,0,
2026/09/08 17:43,2026-09-08T17:58:32+09:00,2026-09,PUT,62375,268.0,0.0,-268.0,8.0,0.0,-8.0,31.0,0.0,-31.0,39.21,0.0,-39.21,31.0,0.0,29.0,75.0,5.0,0.0,-5.0,5.0,14.0,9.0,判定困難,0,判定困難,0,"OI_DECREASE,IV"
2026/09/08 17:43,2026-09-08T17:58:32+09:00,2026-09,CALL,62250,1.0,0.0,-1.0,0.0,0.0,0.0,0.0,0.0,0.0,0.0,0.0,0.0,4520.0,3005.0,4245.0,2945.0,2.0,11.0,9.0,8.0,11.0,3.0,判定困難,0,判定困難,0,
2026/09/08 17:43,2026-09-08T17:58:32+09:00,2026-09,PUT,62250,155.0,0.0,-155.0,19.0,1.0,-18.0,26.0,123.0,97.0,40.06,40.04,-0.020000000000003126,28.0,137.0,27.0,130.0,1.0,4.0,3.0,6.0,1.0,-5.0,Bid側,0,判定困難,0,OI_DECREASE
2026/09/08 17:43,2026-09-08T17:58:32+09:00,2026-09,CALL,62125,0.0,0.0,0.0,0.0,0.0,0.0,0.0,0.0,0.0,0.0,0.0,0.0,4650.0,3295.0,4330.0,2930.0,6.0,8.0,2.0,5.0,3.0,-2.0,判定困難,0,判定困難,0,
2026/09/08 17:43,2026-09-08T17:58:32+09:00,2026-09,PUT,62125,32.0,0.0,-32.0,2.0,0.0,-2.0,23.0,0.0,-23.0,40.1,0.0,-40.1,26.0,128.0,24.0,117.0,5.0,1.0,-4.0,5.0,1.0,-4.0,判定困難,0,判定困難,0,IV
2026/09/08 17:43,2026-09-08T17:58:32+09:00,2026-09,CALL,62000,2002.0,0.0,-2002.0,0.0,0.0,0.0,0.0,0.0,0.0,0.0,0.0,0.0,4735.0,3365.0,4520.0,3055.0,22.0,22.0,0.0,22.0,22.0,0.0,判定困難,0,判定困難,0,OI_DECREASE
2026/09/08 17:43,2026-09-08T17:58:32+09:00,2026-09,PUT,62000,4338.0,0.0,-4338.0,309.0,66.0,-243.0,23.0,115.0,92.0,40.39,42.01,1.6199999999999974,25.0,119.0,23.0,112.0,54.0,1.0,-53.0,3.0,10.0,7.0,Bid寄り,0,判定困難,0,"OI_DECREASE,IV"
2026/09/08 17:43,2026-09-08T17:58:32+09:00,2026-09,CALL,61875,2.0,0.0,-2.0,0.0,0.0,0.0,0.0,0.0,0.0,0.0,0.0,0.0,4895.0,3530.0,4500.0,3165.0,6.0,8.0,2.0,5.0,3.0,-2.0,判定困難,0,判定困難,0,
2026/09/08 17:43,2026-09-08T17:58:32+09:00,2026-09,PUT,61875,88.0,0.0,-88.0,6.0,0.0,-6.0,21.0,0.0,-21.0,40.65,0.0,-40.65,22.0,109.0,20.0,101.0,18.0,1.0,-17.0,5.0,1.0,-4.0,判定困難,0,判定困難,0,IV
2026/09/08 17:43,2026-09-08T17:58:32+09:00,2026-09,CALL,61750,0.0,0.0,0.0,0.0,0.0,0.0,0.0,0.0,0.0,0.0,0.0,0.0,5310.0,3650.0,4565.0,3290.0,1.0,7.0,6.0,1.0,2.0,1.0,判定困難,0,判定困難,0,
2026/09/08 17:43,2026-09-08T17:58:32+09:00,2026-09,PUT,61750,264.0,0.0,-264.0,25.0,0.0,-25.0,19.0,0.0,-19.0,41.13,0.0,-41.13,20.0,102.0,18.0,92.0,9.0,1.0,-8.0,1.0,1.0,0.0,判定困難,0,判定困難,0,"OI_DECREASE,IV"
2026/09/08 17:43,2026-09-08T17:58:32+09:00,2026-09,CALL,61625,0.0,0.0,0.0,0.0,0.0,0.0,0.0,0.0,0.0,0.0,0.0,0.0,0.0,3765.0,1.0,3405.0,0.0,8.0,8.0,1.0,3.0,2.0,判定困難,0,判定困難,0,
2026/09/08 17:43,2026-09-08T17:58:32+09:00,2026-09,PUT,61625,16.0,0.0,-16.0,4.0,0.0,-4.0,17.0,0.0,-17.0,42.21,0.0,-42.21,18.0,94.0,17.0,87.0,1.0,1.0,0.0,1.0,1.0,0.0,判定困難,0,判定困難,0,IV
2026/09/08 17:43,2026-09-08T17:58:32+09:00,2026-09,CALL,61500,2.0,0.0,-2.0,0.0,0.0,0.0,0.0,0.0,0.0,0.0,0.0,0.0,5470.0,3875.0,4515.0,3535.0,1.0,3.0,2.0,1.0,3.0,2.0,判定困難,0,判定困難,0,
2026/09/08 17:43,2026-09-08T17:58:32+09:00,2026-09,PUT,61500,1780.0,0.0,-1780.0,114.0,29.0,-85.0,16.0,83.0,67.0,41.94,43.75,1.8100000000000023,17.0,87.0,15.0,83.0,11.0,1.0,-10.0,1.0,1.0,0.0,Bid側,0,判定困難,0,"OI_DECREASE,IV"
2026/09/08 17:43,2026-09-08T17:58:32+09:00,2026-09,CALL,61375,0.0,0.0,0.0,0.0,0.0,0.0,0.0,0.0,0.0,0.0,0.0,0.0,0.0,4010.0,1.0,3645.0,0.0,8.0,8.0,1.0,3.0,2.0,判定困難,0,判定困難,0,
2026/09/08 17:43,2026-09-08T17:58:32+09:00,2026-09,PUT,61375,11.0,0.0,-11.0,3.0,0.0,-3.0,16.0,0.0,-16.0,41.96,0.0,-41.96,15.0,81.0,11.0,73.0,1.0,1.0,0.0,24.0,1.0,-23.0,判定困難,0,判定困難,0,IV
2026/09/08 17:43,2026-09-08T17:58:32+09:00,2026-09,CALL,61250,22.0,0.0,-22.0,0.0,0.0,0.0,0.0,0.0,0.0,0.0,0.0,0.0,5535.0,4130.0,4755.0,3765.0,1.0,8.0,7.0,1.0,2.0,1.0,判定困難,0,判定困難,0,
2026/09/08 17:43,2026-09-08T17:58:32+09:00,2026-09,PUT,61250,90.0,0.0,-90.0,18.0,0.0,-18.0,13.0,0.0,-13.0,43.11,0.0,-43.11,14.0,75.0,11.0,68.0,6.0,1.0,-5.0,28.0,1.0,-27.0,判定困難,0,判定困難,0,IV
2026/09/08 17:43,2026-09-08T17:58:32+09:00,2026-09,CALL,61125,0.0,0.0,0.0,0.0,0.0,0.0,0.0,0.0,0.0,0.0,0.0,0.0,0.0,4245.0,1.0,3885.0,0.0,8.0,8.0,1.0,3.0,2.0,判定困難,0,判定困難,0,
2026/09/08 17:43,2026-09-08T17:58:32+09:00,2026-09,PUT,61125,44.0,0.0,-44.0,6.0,0.0,-6.0,12.0,0.0,-12.0,43.53,0.0,-43.53,13.0,70.0,11.0,63.0,19.0,1.0,-18.0,4.0,1.0,-3.0,判定困難,0,判定困難,0,IV
2026/09/08 17:43,2026-09-08T17:58:32+09:00,2026-09,CALL,61000,221.0,0.0,-221.0,0.0,0.0,0.0,0.0,0.0,0.0,0.0,0.0,0.0,0.0,4345.0,3.0,4005.0,0.0,22.0,22.0,10.0,22.0,12.0,判定困難,0,判定困難,0,OI_DECREASE
2026/09/08 17:43,2026-09-08T17:58:32+09:00,2026-09,PUT,61000,2600.0,0.0,-2600.0,235.0,40.0,-195.0,11.0,62.0,51.0,43.51,45.2,1.6900000000000048,12.0,65.0,10.0,61.0,16.0,13.0,-3.0,60.0,13.0,-47.0,Bid寄り,0,判定困難,0,"OI_DECREASE,IV"
2026/09/08 17:43,2026-09-08T17:58:32+09:00,2026-09,CALL,60875,0.0,0.0,0.0,0.0,0.0,0.0,0.0,0.0,0.0,0.0,0.0,0.0,0.0,4485.0,1.0,4125.0,0.0,7.0,7.0,1.0,3.0,2.0,判定困難,0,判定困難,0,
2026/09/08 17:43,2026-09-08T17:58:32+09:00,2026-09,PUT,60875,67.0,0.0,-67.0,6.0,0.0,-6.0,10.0,0.0,-10.0,43.65,0.0,-43.65,11.0,61.0,9.0,54.0,1.0,1.0,0.0,40.0,1.0,-39.0,判定困難,0,判定困難,0,IV
2026/09/08 17:43,2026-09-08T17:58:32+09:00,2026-09,CALL,60750,120.0,0.0,-120.0,0.0,0.0,0.0,0.0,0.0,0.0,0.0,0.0,0.0,0.0,4610.0,3.0,4250.0,0.0,8.0,8.0,10.0,2.0,-8.0,判定困難,0,判定困難,0,OI_DECREASE
2026/09/08 17:43,2026-09-08T17:58:32+09:00,2026-09,PUT,60750,329.0,0.0,-329.0,12.0,5.0,-7.0,9.0,48.0,39.0,44.01,45.23,1.2199999999999989,10.0,56.0,8.0,52.0,28.0,1.0,-27.0,27.0,1.0,-26.0,Bid側,0,判定困難,0,"OI_DECREASE,IV"
2026/09/08 17:43,2026-09-08T17:58:32+09:00,2026-09,CALL,60625,0.0,0.0,0.0,0.0,0.0,0.0,0.0,0.0,0.0,0.0,0.0,0.0,0.0,4735.0,1.0,4370.0,0.0,8.0,8.0,1.0,3.0,2.0,判定困難,0,判定困難,0,
2026/09/08 17:43,2026-09-08T17:58:32+09:00,2026-09,PUT,60625,11.0,0.0,-11.0,25.0,1.0,-24.0,8.0,47.0,39.0,44.11,46.49,2.3800000000000026,9.0,53.0,7.0,49.0,5.0,13.0,8.0,36.0,1.0,-35.0,Bid側,0,判定困難,0,IV
2026/09/08 17:43,2026-09-08T17:58:32+09:00,2026-09,CALL,60500,750.0,0.0,-750.0,0.0,0.0,0.0,0.0,0.0,0.0,0.0,0.0,0.0,0.0,4845.0,3.0,4505.0,0.0,3.0,3.0,10.0,3.0,-7.0,判定困難,0,判定困難,0,OI_DECREASE
2026/09/08 17:43,2026-09-08T17:58:32+09:00,2026-09,PUT,60500,2909.0,0.0,-2909.0,49.0,22.0,-27.0,8.0,44.0,36.0,44.85,46.0,1.1499999999999986,9.0,49.0,7.0,46.0,23.0,1.0,-22.0,80.0,1.0,-79.0,Bid側,0,判定困難,0,"OI_DECREASE,IV"
2026/09/08 17:43,2026-09-08T17:58:32+09:00,2026-09,CALL,60375,0.0,0.0,0.0,0.0,0.0,0.0,0.0,0.0,0.0,0.0,0.0,0.0,0.0,4985.0,1.0,4615.0,0.0,8.0,8.0,1.0,3.0,2.0,判定困難,0,判定困難,0,
2026/09/08 17:43,2026-09-08T17:58:32+09:00,2026-09,PUT,60375,2019.0,0.0,-2019.0,4.0,16.0,12.0,12.0,40.0,28.0,44.3,47.17,2.8700000000000045,8.0,45.0,6.0,42.0,18.0,1.0,-17.0,19.0,1.0,-18.0,Bid側,480000.0,既存買いポジションの決済売りの可能性：高い,60,"OI_DECREASE,IV,POSITION"
2026/09/08 17:43,2026-09-08T17:58:32+09:00,2026-09,CALL,60250,0.0,0.0,0.0,0.0,0.0,0.0,0.0,0.0,0.0,0.0,0.0,0.0,0.0,5110.0,3.0,4740.0,0.0,8.0,8.0,10.0,2.0,-8.0,判定困難,0,判定困難,0,
2026/09/08 17:43,2026-09-08T17:58:32+09:00,2026-09,PUT,60250,104.0,0.0,-104.0,12.0,0.0,-12.0,7.0,0.0,-7.0,45.01,0.0,-45.01,7.0,43.0,6.0,36.0,5.0,2.0,-3.0,37.0,1.0,-36.0,判定困難,0,判定困難,0,"OI_DECREASE,IV"
2026/09/08 17:43,2026-09-08T17:58:32+09:00,2026-09,CALL,60125,0.0,0.0,0.0,0.0,0.0,0.0,0.0,0.0,0.0,0.0,0.0,0.0,0.0,5235.0,1.0,4865.0,0.0,8.0,8.0,10.0,3.0,-7.0,判定困難,0,判定困難,0,
2026/09/08 17:43,2026-09-08T17:58:32+09:00,2026-09,PUT,60125,3.0,0.0,-3.0,10.0,0.0,-10.0,6.0,0.0,-6.0,46.17,0.0,-46.17,8.0,42.0,5.0,34.0,40.0,1.0,-39.0,52.0,1.0,-51.0,判定困難,0,判定困難,0,IV
2026/09/08 17:43,2026-09-08T17:58:32+09:00,2026-09,CALL,60000,786.0,0.0,-786.0,0.0,0.0,0.0,0.0,0.0,0.0,0.0,0.0,0.0,0.0,5325.0,350.0,4995.0,0.0,22.0,22.0,2.0,22.0,20.0,判定困難,0,判定困難,0,OI_DECREASE
2026/09/08 17:43,2026-09-08T17:58:32+09:00,2026-09,PUT,60000,6685.0,0.0,-6685.0,378.0,57.0,-321.0,5.0,34.0,29.0,46.09,48.46,2.3699999999999974,6.0,38.0,5.0,35.0,11.0,52.0,41.0,137.0,13.0,-124.0,Bid側,0,判定困難,0,"OI_DECREASE,IV"
2026/09/08 17:43,2026-09-08T17:58:32+09:00,2026-09,CALL,59875,0.0,0.0,0.0,0.0,0.0,0.0,0.0,0.0,0.0,0.0,0.0,0.0,0.0,5480.0,0.0,5110.0,0.0,8.0,8.0,0.0,3.0,3.0,判定困難,0,判定困難,0,
2026/09/08 17:43,2026-09-08T17:58:32+09:00,2026-09,PUT,59875,42.0,0.0,-42.0,11.0,0.0,-11.0,5.0,0.0,-5.0,46.5,0.0,-46.5,7.0,37.0,5.0,33.0,33.0,1.0,-32.0,4.0,1.0,-3.0,判定困難,0,判定困難,0,IV
2026/09/08 17:43,2026-09-08T17:58:32+09:00,2026-09,CALL,59750,0.0,0.0,0.0,0.0,0.0,0.0,0.0,0.0,0.0,0.0,0.0,0.0,0.0,5595.0,3.0,5235.0,0.0,8.0,8.0,10.0,2.0,-8.0,判定困難,0,判定困難,0,
2026/09/08 17:43,2026-09-08T17:58:32+09:00,2026-09,PUT,59750,119.0,0.0,-119.0,26.0,1.0,-25.0,5.0,28.0,23.0,47.37,48.61,1.240000000000002,5.0,32.0,4.0,30.0,6.0,1.0,-5.0,48.0,6.0,-42.0,Bid側,0,判定困難,0,"OI_DECREASE,IV"
2026/09/08 17:43,2026-09-08T17:58:32+09:00,2026-09,CALL,59625,0.0,0.0,0.0,0.0,0.0,0.0,0.0,0.0,0.0,0.0,0.0,0.0,0.0,5730.0,0.0,5365.0,0.0,8.0,8.0,0.0,3.0,3.0,判定困難,0,判定困難,0,
2026/09/08 17:43,2026-09-08T17:58:32+09:00,2026-09,PUT,59625,10.0,0.0,-10.0,13.0,0.0,-13.0,5.0,0.0,-5.0,46.94,0.0,-46.94,5.0,33.0,4.0,9.0,18.0,1.0,-17.0,3.0,23.0,20.0,判定困難,0,判定困難,0,IV
2026/09/08 17:43,2026-09-08T17:58:32+09:00,2026-09,CALL,59500,0.0,0.0,0.0,0.0,0.0,0.0,0.0,0.0,0.0,0.0,0.0,0.0,0.0,5875.0,3.0,5475.0,0.0,10.0,10.0,10.0,12.0,2.0,判定困難,0,判定困難,0,
2026/09/08 17:43,2026-09-08T17:58:32+09:00,2026-09,PUT,59500,953.0,0.0,-953.0,56.0,8.0,-48.0,4.0,24.0,20.0,47.2,49.63,2.4299999999999997,5.0,29.0,3.0,26.0,84.0,9.0,-75.0,108.0,9.0,-99.0,Bid側,0,判定困難,0,"OI_DECREASE,IV"
2026/09/08 17:43,2026-09-08T17:58:32+09:00,2026-09,CALL,59375,0.0,0.0,0.0,0.0,0.0,0.0,0.0,0.0,0.0,0.0,0.0,0.0,0.0,5970.0,0.0,5600.0,0.0,5.0,5.0,0.0,6.0,6.0,判定困難,0,判定困難,0,
2026/09/08 17:43,2026-09-08T17:58:32+09:00,2026-09,PUT,59375,44.0,0.0,-44.0,24.0,1.0,-23.0,4.0,23.0,19.0,48.56,50.39,1.8299999999999983,5.0,27.0,3.0,25.0,36.0,1.0,-35.0,41.0,1.0,-40.0,Bid側,0,判定困難,0,IV
2026/09/08 17:43,2026-09-08T17:58:32+09:00,2026-09,CALL,59250,0.0,0.0,0.0,0.0,0.0,0.0,0.0,0.0,0.0,0.0,0.0,0.0,0.0,0.0,0.0,0.0,0.0,0.0,0.0,0.0,0.0,0.0,判定困難,0,判定困難,0,
2026/09/08 17:43,2026-09-08T17:58:32+09:00,2026-09,PUT,59250,144.0,0.0,-144.0,12.0,0.0,-12.0,4.0,0.0,-4.0,49.14,0.0,-49.14,4.0,25.0,3.0,23.0,18.0,1.0,-17.0,52.0,6.0,-46.0,判定困難,0,判定困難,0,"OI_DECREASE,IV"
2026/09/08 17:43,2026-09-08T17:58:32+09:00,2026-09,CALL,59125,0.0,0.0,0.0,0.0,0.0,0.0,0.0,0.0,0.0,0.0,0.0,0.0,0.0,0.0,0.0,0.0,0.0,0.0,0.0,0.0,0.0,0.0,判定困難,0,判定困難,0,
2026/09/08 17:43,2026-09-08T17:58:32+09:00,2026-09,PUT,59125,32.0,0.0,-32.0,29.0,0.0,-29.0,3.0,0.0,-3.0,48.55,0.0,-48.55,4.0,24.0,3.0,22.0,33.0,5.0,-28.0,4.0,1.0,-3.0,判定困難,0,判定困難,0,IV
2026/09/08 17:43,2026-09-08T17:58:32+09:00,2026-09,CALL,59000,1096.0,0.0,-1096.0,0.0,0.0,0.0,0.0,0.0,0.0,0.0,0.0,0.0,0.0,0.0,0.0,0.0,0.0,0.0,0.0,0.0,0.0,0.0,判定困難,0,判定困難,0,OI_DECREASE
2026/09/08 17:43,2026-09-08T17:58:32+09:00,2026-09,PUT,59000,3275.0,0.0,-3275.0,194.0,99.0,-95.0,3.0,20.0,17.0,49.52,52.18,2.6599999999999966,3.0,22.0,2.0,20.0,11.0,13.0,2.0,244.0,13.0,-231.0,Bid側,0,判定困難,0,"OI_DECREASE,IV"
2026/09/08 17:43,2026-09-08T17:58:32+09:00,2026-09,CALL,58875,0.0,0.0,0.0,0.0,0.0,0.0,0.0,0.0,0.0,0.0,0.0,0.0,0.0,0.0,0.0,0.0,0.0,0.0,0.0,0.0,0.0,0.0,判定困難,0,判定困難,0,
2026/09/08 17:43,2026-09-08T17:58:32+09:00,2026-09,PUT,58875,26.0,0.0,-26.0,1.0,0.0,-1.0,5.0,0.0,-5.0,50.11,0.0,-50.11,4.0,21.0,2.0,19.0,33.0,1.0,-32.0,40.0,5.0,-35.0,判定困難,0,判定困難,0,IV
2026/09/08 17:43,2026-09-08T17:58:32+09:00,2026-09,CALL,58750,0.0,0.0,0.0,0.0,0.0,0.0,0.0,0.0,0.0,0.0,0.0,0.0,0.0,0.0,0.0,0.0,0.0,0.0,0.0,0.0,0.0,0.0,判定困難,0,判定困難,0,
2026/09/08 17:43,2026-09-08T17:58:32+09:00,2026-09,PUT,58750,113.0,0.0,-113.0,2.0,3.0,1.0,5.0,18.0,13.0,50.09,53.18,3.0899999999999963,3.0,20.0,2.0,18.0,3.0,6.0,3.0,22.0,6.0,-16.0,Bid側,18000.0,既存買いポジションの決済売りの可能性：高い,60,"OI_DECREASE,IV,POSITION"
2026/09/08 17:43,2026-09-08T17:58:32+09:00,2026-09,CALL,58625,0.0,0.0,0.0,0.0,0.0,0.0,0.0,0.0,0.0,0.0,0.0,0.0,0.0,0.0,0.0,0.0,0.0,0.0,0.0,0.0,0.0,0.0,判定困難,0,判定困難,0,
2026/09/08 17:43,2026-09-08T17:58:32+09:00,2026-09,PUT,58625,8.0,0.0,-8.0,0.0,1.0,1.0,0.0,16.0,16.0,0.0,53.37,53.37,6.0,19.0,0.0,17.0,4.0,5.0,1.0,0.0,4.0,4.0,Bid側,16000.0,既存買いポジションの決済売りの可能性：中程度,40,"IV,POSITION"
2026/09/08 17:43,2026-09-08T17:58:32+09:00,2026-09,CALL,58500,0.0,0.0,0.0,0.0,0.0,0.0,0.0,0.0,0.0,0.0,0.0,0.0,0.0,0.0,0.0,0.0,0.0,0.0,0.0,0.0,0.0,0.0,判定困難,0,判定困難,0,
2026/09/08 17:43,2026-09-08T17:58:32+09:00,2026-09,PUT,58500,2655.0,0.0,-2655.0,9.0,7.0,-2.0,2.0,15.0,13.0,50.43,53.36,2.9299999999999997,3.0,17.0,2.0,16.0,38.0,1.0,-37.0,8.0,2.0,-6.0,Bid側,0,判定困難,0,"OI_DECREASE,IV"
2026/09/08 17:43,2026-09-08T17:58:32+09:00,2026-09,CALL,58375,0.0,0.0,0.0,0.0,0.0,0.0,0.0,0.0,0.0,0.0,0.0,0.0,0.0,0.0,0.0,0.0,0.0,0.0,0.0,0.0,0.0,0.0,判定困難,0,判定困難,0,
2026/09/08 17:43,2026-09-08T17:58:32+09:00,2026-09,PUT,58375,28.0,0.0,-28.0,5.0,0.0,-5.0,4.0,0.0,-4.0,52.22,0.0,-52.22,3.0,21.0,1.0,13.0,4.0,24.0,20.0,48.0,21.0,-27.0,判定困難,0,判定困難,0,IV
2026/09/08 17:43,2026-09-08T17:58:32+09:00,2026-09,CALL,58250,0.0,0.0,0.0,0.0,0.0,0.0,0.0,0.0,0.0,0.0,0.0,0.0,0.0,0.0,0.0,0.0,0.0,0.0,0.0,0.0,0.0,0.0,判定困難,0,判定困難,0,
2026/09/08 17:43,2026-09-08T17:58:32+09:00,2026-09,PUT,58250,278.0,0.0,-278.0,20.0,0.0,-20.0,2.0,0.0,-2.0,52.08,0.0,-52.08,3.0,21.0,1.0,8.0,23.0,28.0,5.0,45.0,28.0,-17.0,判定困難,0,判定困難,0,"OI_DECREASE,IV"
2026/09/08 17:43,2026-09-08T17:58:32+09:00,2026-09,CALL,58000,1101.0,0.0,-1101.0,0.0,0.0,0.0,0.0,0.0,0.0,0.0,0.0,0.0,0.0,0.0,0.0,0.0,0.0,0.0,0.0,0.0,0.0,0.0,判定困難,0,判定困難,0,OI_DECREASE
2026/09/08 17:43,2026-09-08T17:58:32+09:00,2026-09,PUT,58000,2550.0,0.0,-2550.0,159.0,12.0,-147.0,2.0,13.0,11.0,53.58,56.4,2.8200000000000003,2.0,14.0,1.0,11.0,10.0,12.0,2.0,190.0,15.0,-175.0,Ask寄り,0,判定困難,0,"OI_DECREASE,IV"
2026/09/08 17:43,2026-09-08T17:58:32+09:00,2026-09,CALL,57750,0.0,0.0,0.0,0.0,0.0,0.0,0.0,0.0,0.0,0.0,0.0,0.0,0.0,0.0,0.0,0.0,0.0,0.0,0.0,0.0,0.0,0.0,判定困難,0,判定困難,0,
2026/09/08 17:43,2026-09-08T17:58:32+09:00,2026-09,PUT,57750,153.0,0.0,-153.0,2.0,0.0,-2.0,2.0,0.0,-2.0,55.06,0.0,-55.06,2.0,18.0,1.0,2.0,6.0,28.0,22.0,67.0,28.0,-39.0,判定困難,0,判定困難,0,"OI_DECREASE,IV"
2026/09/08 17:43,2026-09-08T17:58:32+09:00,2026-09,CALL,57500,384.0,0.0,-384.0,0.0,0.0,0.0,0.0,0.0,0.0,0.0,0.0,0.0,0.0,0.0,0.0,0.0,0.0,0.0,0.0,0.0,0.0,0.0,判定困難,0,判定困難,0,OI_DECREASE
2026/09/08 17:43,2026-09-08T17:58:32+09:00,2026-09,PUT,57500,633.0,0.0,-633.0,30.0,3.0,-27.0,2.0,9.0,7.0,55.02,57.23,2.2099999999999937,2.0,11.0,1.0,8.0,23.0,2.0,-21.0,16.0,39.0,23.0,Bid寄り,0,判定困難,0,"OI_DECREASE,IV"
2026/09/08 17:43,2026-09-08T17:58:32+09:00,2026-09,CALL,57250,0.0,0.0,0.0,0.0,0.0,0.0,0.0,0.0,0.0,0.0,0.0,0.0,0.0,0.0,0.0,0.0,0.0,0.0,0.0,0.0,0.0,0.0,判定困難,0,判定困難,0,
2026/09/08 17:43,2026-09-08T17:58:32+09:00,2026-09,PUT,57250,186.0,0.0,-186.0,3.0,0.0,-3.0,1.0,0.0,-1.0,55.14,0.0,-55.14,2.0,11.0,1.0,7.0,21.0,20.0,-1.0,10.0,37.0,27.0,判定困難,0,判定困難,0,"OI_DECREASE,IV"
2026/09/08 17:43,2026-09-08T17:58:32+09:00,2026-09,CALL,57000,850.0,0.0,-850.0,0.0,0.0,0.0,0.0,0.0,0.0,0.0,0.0,0.0,0.0,0.0,0.0,0.0,0.0,0.0,0.0,0.0,0.0,0.0,判定困難,0,判定困難,0,OI_DECREASE
2026/09/08 17:43,2026-09-08T17:58:32+09:00,2026-09,PUT,57000,3074.0,0.0,-3074.0,48.0,55.0,7.0,1.0,8.0,7.0,56.43,60.09,3.6600000000000037,2.0,10.0,1.0,8.0,99.0,120.0,21.0,65.0,11.0,-54.0,Bid側,56000.0,既存買いポジションの決済売りの可能性：高い,60,"OI_DECREASE,IV,POSITION"
2026/09/08 17:43,2026-09-08T17:58:32+09:00,2026-09,CALL,56750,0.0,0.0,0.0,0.0,0.0,0.0,0.0,0.0,0.0,0.0,0.0,0.0,0.0,0.0,0.0,0.0,0.0,0.0,0.0,0.0,0.0,0.0,判定困難,0,判定困難,0,
2026/09/08 17:43,2026-09-08T17:58:32+09:00,2026-09,PUT,56750,215.0,0.0,-215.0,7.0,3.0,-4.0,12.0,7.0,-5.0,71.85,60.64,-11.209999999999994,4.0,8.0,0.0,6.0,5.0,1.0,-4.0,0.0,40.0,40.0,中間,0,判定困難,0,"OI_DECREASE,IV"
2026/09/08 17:43,2026-09-08T17:58:32+09:00,2026-09,CALL,56500,75.0,0.0,-75.0,0.0,0.0,0.0,0.0,0.0,0.0,0.0,0.0,0.0,0.0,0.0,0.0,0.0,0.0,0.0,0.0,0.0,0.0,0.0,判定困難,0,判定困難,0,
2026/09/08 17:43,2026-09-08T17:58:32+09:00,2026-09,PUT,56500,1183.0,0.0,-1183.0,174.0,15.0,-159.0,1.0,6.0,5.0,59.12,61.42,2.3000000000000043,2.0,8.0,1.0,6.0,68.0,66.0,-2.0,10.0,65.0,55.0,Bid側,0,判定困難,0,"OI_DECREASE,IV"
2026/09/08 17:43,2026-09-08T17:58:32+09:00,2026-09,CALL,56250,0.0,0.0,0.0,0.0,0.0,0.0,0.0,0.0,0.0,0.0,0.0,0.0,0.0,0.0,0.0,0.0,0.0,0.0,0.0,0.0,0.0,0.0,判定困難,0,判定困難,0,
2026/09/08 17:43,2026-09-08T17:58:32+09:00,2026-09,PUT,56250,41.0,0.0,-41.0,1.0,0.0,-1.0,1.0,0.0,-1.0,61.06,0.0,-61.06,2.0,8.0,0.0,4.0,22.0,37.0,15.0,0.0,37.0,37.0,判定困難,0,判定困難,0,IV
2026/09/08 17:43,2026-09-08T17:58:32+09:00,2026-09,CALL,56000,1250.0,0.0,-1250.0,0.0,0.0,0.0,0.0,0.0,0.0,0.0,0.0,0.0,0.0,0.0,0.0,0.0,0.0,0.0,0.0,0.0,0.0,0.0,判定困難,0,判定困難,0,OI_DECREASE
2026/09/08 17:43,2026-09-08T17:58:32+09:00,2026-09,PUT,56000,2243.0,0.0,-2243.0,197.0,5.0,-192.0,1.0,6.0,5.0,62.1,64.93,2.8300000000000054,2.0,6.0,1.0,5.0,172.0,24.0,-148.0,61.0,16.0,-45.0,Ask側,0,判定困難,0,"OI_DECREASE,IV"
2026/09/08 17:43,2026-09-08T17:58:32+09:00,2026-09,CALL,55750,0.0,0.0,0.0,0.0,0.0,0.0,0.0,0.0,0.0,0.0,0.0,0.0,0.0,0.0,0.0,0.0,0.0,0.0,0.0,0.0,0.0,0.0,判定困難,0,判定困難,0,
2026/09/08 17:43,2026-09-08T17:58:32+09:00,2026-09,PUT,55750,25.0,0.0,-25.0,1.0,0.0,-1.0,1.0,0.0,-1.0,63.26,0.0,-63.26,3.0,6.0,0.0,4.0,22.0,37.0,15.0,0.0,37.0,37.0,判定困難,0,判定困難,0,IV
2026/09/08 17:43,2026-09-08T17:58:32+09:00,2026-09,CALL,55500,0.0,0.0,0.0,0.0,0.0,0.0,0.0,0.0,0.0,0.0,0.0,0.0,0.0,0.0,0.0,0.0,0.0,0.0,0.0,0.0,0.0,0.0,判定困難,0,判定困難,0,
2026/09/08 17:43,2026-09-08T17:58:32+09:00,2026-09,PUT,55500,762.0,0.0,-762.0,39.0,6.0,-33.0,1.0,4.0,3.0,64.97,65.94,0.9699999999999989,1.0,5.0,0.0,3.0,36.0,15.0,-21.0,0.0,66.0,66.0,中間,0,判定困難,0,"OI_DECREASE,IV"
2026/09/08 17:43,2026-09-08T17:58:32+09:00,2026-09,CALL,55250,0.0,0.0,0.0,0.0,0.0,0.0,0.0,0.0,0.0,0.0,0.0,0.0,0.0,0.0,0.0,0.0,0.0,0.0,0.0,0.0,0.0,0.0,判定困難,0,判定困難,0,
2026/09/08 17:43,2026-09-08T17:58:32+09:00,2026-09,PUT,55250,21.0,0.0,-21.0,0.0,1.0,1.0,0.0,4.0,4.0,0.0,67.26,67.26,3.0,5.0,0.0,3.0,17.0,38.0,21.0,0.0,40.0,40.0,中間,4000.0,決済の可能性あり（買い・売り方向は判定困難）,40,"IV,POSITION"
2026/09/08 17:43,2026-09-08T17:58:32+09:00,2026-09,CALL,55000,660.0,0.0,-660.0,0.0,0.0,0.0,0.0,0.0,0.0,0.0,0.0,0.0,0.0,0.0,0.0,0.0,0.0,0.0,0.0,0.0,0.0,0.0,判定困難,0,判定困難,0,OI_DECREASE
2026/09/08 17:43,2026-09-08T17:58:32+09:00,2026-09,PUT,55000,5856.0,0.0,-5856.0,562.0,2.0,-560.0,1.0,3.0,2.0,68.15,67.35,-0.8000000000000114,1.0,4.0,0.0,3.0,274.0,30.0,-244.0,0.0,100.0,100.0,Bid側,0,判定困難,0,"OI_DECREASE,IV"
2026/09/08 17:43,2026-09-08T17:58:32+09:00,2026-09,CALL,54750,90.0,0.0,-90.0,0.0,0.0,0.0,0.0,0.0,0.0,0.0,0.0,0.0,0.0,0.0,0.0,0.0,0.0,0.0,0.0,0.0,0.0,0.0,判定困難,0,判定困難,0,
2026/09/08 17:43,2026-09-08T17:58:32+09:00,2026-09,PUT,54750,273.0,0.0,-273.0,6.0,4.0,-2.0,1.0,3.0,2.0,66.42,68.83,2.4099999999999966,1.0,4.0,0.0,2.0,2.0,5.0,3.0,0.0,22.0,22.0,中間,0,判定困難,0,"OI_DECREASE,IV"
2026/09/08 17:43,2026-09-08T17:58:32+09:00,2026-09,CALL,54500,200.0,0.0,-200.0,0.0,0.0,0.0,0.0,0.0,0.0,0.0,0.0,0.0,0.0,0.0,0.0,0.0,0.0,0.0,0.0,0.0,0.0,0.0,判定困難,0,判定困難,0,OI_DECREASE
2026/09/08 17:43,2026-09-08T17:58:32+09:00,2026-09,PUT,54500,698.0,0.0,-698.0,9.0,0.0,-9.0,1.0,0.0,-1.0,71.09,0.0,-71.09,1.0,3.0,0.0,0.0,39.0,2.0,-37.0,0.0,0.0,0.0,判定困難,0,判定困難,0,"OI_DECREASE,IV"
2026/09/08 17:43,2026-09-08T17:58:32+09:00,2026-09,CALL,54250,50.0,0.0,-50.0,0.0,0.0,0.0,0.0,0.0,0.0,0.0,0.0,0.0,0.0,0.0,0.0,0.0,0.0,0.0,0.0,0.0,0.0,0.0,判定困難,0,判定困難,0,
2026/09/08 17:43,2026-09-08T17:58:32+09:00,2026-09,PUT,54250,129.0,0.0,-129.0,0.0,0.0,0.0,0.0,0.0,0.0,0.0,0.0,0.0,3.0,13.0,0.0,0.0,17.0,17.0,0.0,0.0,0.0,0.0,判定困難,0,判定困難,0,OI_DECREASE
2026/09/08 17:43,2026-09-08T17:58:32+09:00,2026-09,CALL,54000,1056.0,0.0,-1056.0,0.0,0.0,0.0,0.0,0.0,0.0,0.0,0.0,0.0,0.0,0.0,0.0,0.0,0.0,0.0,0.0,0.0,0.0,0.0,判定困難,0,判定困難,0,OI_DECREASE
2026/09/08 17:43,2026-09-08T17:58:32+09:00,2026-09,PUT,54000,2829.0,0.0,-2829.0,82.0,1.0,-81.0,1.0,1.0,0.0,74.09,66.16,-7.930000000000007,1.0,3.0,0.0,2.0,348.0,51.0,-297.0,0.0,12.0,12.0,Bid側,0,判定困難,0,"OI_DECREASE,IV"
2026/09/08 17:43,2026-09-08T17:58:32+09:00,2026-09,CALL,53750,150.0,0.0,-150.0,0.0,0.0,0.0,0.0,0.0,0.0,0.0,0.0,0.0,0.0,0.0,0.0,0.0,0.0,0.0,0.0,0.0,0.0,0.0,判定困難,0,判定困難,0,OI_DECREASE
2026/09/08 17:43,2026-09-08T17:58:32+09:00,2026-09,PUT,53750,89.0,0.0,-89.0,12.0,0.0,-12.0,1.0,0.0,-1.0,72.89,0.0,-72.89,1.0,13.0,0.0,0.0,45.0,17.0,-28.0,0.0,0.0,0.0,判定困難,0,判定困難,0,IV
2026/09/08 17:43,2026-09-08T17:58:32+09:00,2026-09,CALL,53500,400.0,0.0,-400.0,0.0,0.0,0.0,0.0,0.0,0.0,0.0,0.0,0.0,0.0,0.0,0.0,0.0,0.0,0.0,0.0,0.0,0.0,0.0,判定困難,0,判定困難,0,OI_DECREASE
2026/09/08 17:43,2026-09-08T17:58:32+09:00,2026-09,PUT,53500,991.0,0.0,-991.0,15.0,0.0,-15.0,1.0,0.0,-1.0,74.49,0.0,-74.49,1.0,9.0,0.0,0.0,50.0,28.0,-22.0,0.0,0.0,0.0,判定困難,0,判定困難,0,"OI_DECREASE,IV"
2026/09/08 17:43,2026-09-08T17:58:32+09:00,2026-09,CALL,53250,0.0,0.0,0.0,0.0,0.0,0.0,0.0,0.0,0.0,0.0,0.0,0.0,0.0,0.0,0.0,0.0,0.0,0.0,0.0,0.0,0.0,0.0,判定困難,0,判定困難,0,
2026/09/08 17:43,2026-09-08T17:58:32+09:00,2026-09,PUT,53250,61.0,0.0,-61.0,4.0,0.0,-4.0,1.0,0.0,-1.0,76.0,0.0,-76.0,1.0,12.0,0.0,1.0,2.0,17.0,15.0,0.0,32.0,32.0,判定困難,0,判定困難,0,IV
2026/09/08 17:43,2026-09-08T17:58:32+09:00,2026-09,CALL,53000,1100.0,0.0,-1100.0,0.0,0.0,0.0,0.0,0.0,0.0,0.0,0.0,0.0,0.0,0.0,0.0,0.0,0.0,0.0,0.0,0.0,0.0,0.0,判定困難,0,判定困難,0,OI_DECREASE
2026/09/08 17:43,2026-09-08T17:58:32+09:00,2026-09,PUT,53000,2658.0,0.0,-2658.0,57.0,17.0,-40.0,1.0,1.0,0.0,79.51,73.18,-6.329999999999998,1.0,2.0,0.0,1.0,169.0,54.0,-115.0,0.0,58.0,58.0,Bid側,0,判定困難,0,"OI_DECREASE,IV"
2026/09/08 17:43,2026-09-08T17:58:32+09:00,2026-09,CALL,52750,0.0,0.0,0.0,0.0,0.0,0.0,0.0,0.0,0.0,0.0,0.0,0.0,0.0,0.0,0.0,0.0,0.0,0.0,0.0,0.0,0.0,0.0,判定困難,0,判定困難,0,
2026/09/08 17:43,2026-09-08T17:58:32+09:00,2026-09,PUT,52750,37.0,0.0,-37.0,2.0,109.0,107.0,1.0,1.0,0.0,79.14,74.38,-4.760000000000005,1.0,4.0,0.0,0.0,55.0,22.0,-33.0,0.0,0.0,0.0,判定困難,107000.0,決済の可能性あり（買い・売り方向は判定困難）,40,"VOLUME,IV,POSITION"
2026/09/08 17:43,2026-09-08T17:58:32+09:00,2026-09,CALL,52500,0.0,0.0,0.0,0.0,0.0,0.0,0.0,0.0,0.0,0.0,0.0,0.0,0.0,0.0,0.0,0.0,0.0,0.0,0.0,0.0,0.0,0.0,判定困難,0,判定困難,0,
2026/09/08 17:43,2026-09-08T17:58:32+09:00,2026-09,PUT,52500,884.0,0.0,-884.0,5.0,0.0,-5.0,1.0,0.0,-1.0,80.38,0.0,-80.38,1.0,1.0,0.0,0.0,90.0,110.0,20.0,0.0,0.0,0.0,判定困難,0,判定困難,0,"OI_DECREASE,IV"
2026/09/08 17:43,2026-09-08T17:58:32+09:00,2026-09,CALL,52250,0.0,0.0,0.0,0.0,0.0,0.0,0.0,0.0,0.0,0.0,0.0,0.0,0.0,0.0,0.0,0.0,0.0,0.0,0.0,0.0,0.0,0.0,判定困難,0,判定困難,0,
2026/09/08 17:43,2026-09-08T17:58:32+09:00,2026-09,PUT,52250,66.0,0.0,-66.0,3.0,2.0,-1.0,1.0,1.0,0.0,82.25,77.61,-4.640000000000001,1.0,2.0,0.0,0.0,55.0,5.0,-50.0,0.0,0.0,0.0,判定困難,0,判定困難,0,IV
2026/09/08 17:43,2026-09-08T17:58:32+09:00,2026-09,CALL,52000,350.0,0.0,-350.0,0.0,0.0,0.0,0.0,0.0,0.0,0.0,0.0,0.0,0.0,0.0,0.0,0.0,0.0,0.0,0.0,0.0,0.0,0.0,判定困難,0,判定困難,0,OI_DECREASE
2026/09/08 17:43,2026-09-08T17:58:32+09:00,2026-09,PUT,52000,2616.0,0.0,-2616.0,9.0,5.0,-4.0,1.0,1.0,0.0,86.8,78.88,-7.920000000000002,1.0,1.0,0.0,0.0,189.0,107.0,-82.0,0.0,0.0,0.0,判定困難,0,判定困難,0,"OI_DECREASE,IV"
2026/09/08 17:43,2026-09-08T17:58:32+09:00,2026-09,CALL,51750,0.0,0.0,0.0,0.0,0.0,0.0,0.0,0.0,0.0,0.0,0.0,0.0,0.0,0.0,0.0,0.0,0.0,0.0,0.0,0.0,0.0,0.0,判定困難,0,判定困難,0,
2026/09/08 17:43,2026-09-08T17:58:32+09:00,2026-09,PUT,51750,54.0,0.0,-54.0,2.0,0.0,-2.0,1.0,0.0,-1.0,87.67,0.0,-87.67,1.0,1.0,0.0,0.0,54.0,1.0,-53.0,0.0,0.0,0.0,判定困難,0,判定困難,0,IV
2026/09/08 17:43,2026-09-08T17:58:32+09:00,2026-09,CALL,51500,0.0,0.0,0.0,0.0,0.0,0.0,0.0,0.0,0.0,0.0,0.0,0.0,0.0,0.0,0.0,0.0,0.0,0.0,0.0,0.0,0.0,0.0,判定困難,0,判定困難,0,
2026/09/08 17:43,2026-09-08T17:58:32+09:00,2026-09,PUT,51500,289.0,0.0,-289.0,3.0,1.0,-2.0,1.0,1.0,0.0,87.49,82.36,-5.1299999999999955,1.0,1.0,0.0,0.0,102.0,43.0,-59.0,0.0,0.0,0.0,判定困難,0,判定困難,0,"OI_DECREASE,IV"
2026/09/08 17:43,2026-09-08T17:58:32+09:00,2026-09,CALL,51250,210.0,0.0,-210.0,0.0,0.0,0.0,0.0,0.0,0.0,0.0,0.0,0.0,0.0,0.0,0.0,0.0,0.0,0.0,0.0,0.0,0.0,0.0,判定困難,0,判定困難,0,OI_DECREASE
2026/09/08 17:43,2026-09-08T17:58:32+09:00,2026-09,PUT,51250,222.0,0.0,-222.0,0.0,0.0,0.0,0.0,0.0,0.0,0.0,0.0,0.0,1.0,1.0,0.0,0.0,55.0,2.0,-53.0,0.0,0.0,0.0,判定困難,0,判定困難,0,OI_DECREASE
2026/09/08 17:43,2026-09-08T17:58:32+09:00,2026-09,CALL,51000,141.0,0.0,-141.0,0.0,0.0,0.0,0.0,0.0,0.0,0.0,0.0,0.0,0.0,0.0,0.0,0.0,0.0,0.0,0.0,0.0,0.0,0.0,判定困難,0,判定困難,0,OI_DECREASE
2026/09/08 17:43,2026-09-08T17:58:32+09:00,2026-09,PUT,51000,1451.0,0.0,-1451.0,8.0,2.0,-6.0,1.0,1.0,0.0,93.14,85.45,-7.689999999999998,1.0,1.0,0.0,0.0,248.0,275.0,27.0,0.0,0.0,0.0,判定困難,0,判定困難,0,"OI_DECREASE,IV"
2026/09/08 17:43,2026-09-08T17:58:32+09:00,2026-09,CALL,50750,0.0,0.0,0.0,0.0,0.0,0.0,0.0,0.0,0.0,0.0,0.0,0.0,0.0,0.0,0.0,0.0,0.0,0.0,0.0,0.0,0.0,0.0,判定困難,0,判定困難,0,
2026/09/08 17:43,2026-09-08T17:58:32+09:00,2026-09,PUT,50750,175.0,0.0,-175.0,0.0,0.0,0.0,0.0,0.0,0.0,0.0,0.0,0.0,1.0,1.0,0.0,0.0,55.0,2.0,-53.0,0.0,0.0,0.0,判定困難,0,判定困難,0,OI_DECREASE
2026/09/08 17:43,2026-09-08T17:58:32+09:00,2026-09,CALL,50500,50.0,0.0,-50.0,0.0,0.0,0.0,0.0,0.0,0.0,0.0,0.0,0.0,0.0,0.0,0.0,0.0,0.0,0.0,0.0,0.0,0.0,0.0,判定困難,0,判定困難,0,
2026/09/08 17:43,2026-09-08T17:58:32+09:00,2026-09,PUT,50500,1578.0,0.0,-1578.0,1.0,0.0,-1.0,1.0,0.0,-1.0,94.26,0.0,-94.26,1.0,1.0,0.0,0.0,162.0,98.0,-64.0,0.0,0.0,0.0,判定困難,0,判定困難,0,"OI_DECREASE,IV"
2026/09/08 17:43,2026-09-08T17:58:32+09:00,2026-09,CALL,50250,0.0,0.0,0.0,0.0,0.0,0.0,0.0,0.0,0.0,0.0,0.0,0.0,0.0,0.0,0.0,0.0,0.0,0.0,0.0,0.0,0.0,0.0,判定困難,0,判定困難,0,
2026/09/08 17:43,2026-09-08T17:58:32+09:00,2026-09,PUT,50250,143.0,0.0,-143.0,0.0,0.0,0.0,0.0,0.0,0.0,0.0,0.0,0.0,1.0,1.0,0.0,0.0,60.0,2.0,-58.0,0.0,0.0,0.0,判定困難,0,判定困難,0,OI_DECREASE
2026/09/08 17:43,2026-09-08T17:58:32+09:00,2026-09,CALL,50000,3450.0,0.0,-3450.0,0.0,0.0,0.0,0.0,0.0,0.0,0.0,0.0,0.0,0.0,0.0,0.0,0.0,0.0,0.0,0.0,0.0,0.0,0.0,判定困難,0,判定困難,0,OI_DECREASE
2026/09/08 17:43,2026-09-08T17:58:32+09:00,2026-09,PUT,50000,8726.0,0.0,-8726.0,17.0,2.0,-15.0,1.0,1.0,0.0,99.5,91.89,-7.609999999999999,1.0,1.0,0.0,0.0,416.0,803.0,387.0,0.0,0.0,0.0,判定困難,0,判定困難,0,"OI_DECREASE,IV"
2026/09/08 17:43,2026-09-08T17:58:32+09:00,2026-09,CALL,49750,0.0,0.0,0.0,0.0,0.0,0.0,0.0,0.0,0.0,0.0,0.0,0.0,0.0,0.0,0.0,0.0,0.0,0.0,0.0,0.0,0.0,0.0,判定困難,0,判定困難,0,
2026/09/08 17:43,2026-09-08T17:58:32+09:00,2026-09,PUT,49750,173.0,0.0,-173.0,7.0,0.0,-7.0,1.0,0.0,-1.0,97.86,0.0,-97.86,1.0,1.0,0.0,0.0,60.0,2.0,-58.0,0.0,0.0,0.0,判定困難,0,判定困難,0,"OI_DECREASE,IV"
2026/09/08 17:43,2026-09-08T17:58:32+09:00,2026-09,CALL,49500,0.0,0.0,0.0,0.0,0.0,0.0,0.0,0.0,0.0,0.0,0.0,0.0,0.0,0.0,0.0,0.0,0.0,0.0,0.0,0.0,0.0,0.0,判定困難,0,判定困難,0,
2026/09/08 17:43,2026-09-08T17:58:32+09:00,2026-09,PUT,49500,274.0,0.0,-274.0,12.0,2.0,-10.0,1.0,1.0,0.0,102.6,95.37,-7.22999999999999,1.0,1.0,0.0,0.0,167.0,59.0,-108.0,0.0,0.0,0.0,判定困難,0,判定困難,0,"OI_DECREASE,IV"
2026/09/08 17:43,2026-09-08T17:58:32+09:00,2026-09,CALL,49250,0.0,0.0,0.0,0.0,0.0,0.0,0.0,0.0,0.0,0.0,0.0,0.0,0.0,0.0,0.0,0.0,0.0,0.0,0.0,0.0,0.0,0.0,判定困難,0,判定困難,0,
2026/09/08 17:43,2026-09-08T17:58:32+09:00,2026-09,PUT,49250,216.0,0.0,-216.0,0.0,0.0,0.0,0.0,0.0,0.0,0.0,0.0,0.0,1.0,1.0,0.0,0.0,160.0,7.0,-153.0,0.0,0.0,0.0,判定困難,0,判定困難,0,OI_DECREASE
2026/09/08 17:43,2026-09-08T17:58:32+09:00,2026-09,CALL,49000,200.0,0.0,-200.0,0.0,0.0,0.0,0.0,0.0,0.0,0.0,0.0,0.0,0.0,0.0,0.0,0.0,0.0,0.0,0.0,0.0,0.0,0.0,判定困難,0,判定困難,0,OI_DECREASE
2026/09/08 17:43,2026-09-08T17:58:32+09:00,2026-09,PUT,49000,2286.0,0.0,-2286.0,7.0,4.0,-3.0,1.0,1.0,0.0,105.33,98.41,-6.920000000000002,1.0,1.0,0.0,0.0,219.0,143.0,-76.0,0.0,0.0,0.0,判定困難,0,判定困難,0,"OI_DECREASE,IV"
2026/09/08 17:43,2026-09-08T17:58:32+09:00,2026-09,CALL,48750,0.0,0.0,0.0,0.0,0.0,0.0,0.0,0.0,0.0,0.0,0.0,0.0,0.0,0.0,0.0,0.0,0.0,0.0,0.0,0.0,0.0,0.0,判定困難,0,判定困難,0,
2026/09/08 17:43,2026-09-08T17:58:32+09:00,2026-09,PUT,48750,153.0,0.0,-153.0,1.0,2.0,1.0,1.0,1.0,0.0,106.03,100.17,-5.859999999999999,1.0,1.0,0.0,0.0,159.0,36.0,-123.0,0.0,0.0,0.0,判定困難,1000.0,決済の可能性あり（買い・売り方向は判定困難）,40,"OI_DECREASE,IV,POSITION"
2026/09/08 17:43,2026-09-08T17:58:32+09:00,2026-09,CALL,48500,240.0,0.0,-240.0,0.0,0.0,0.0,0.0,0.0,0.0,0.0,0.0,0.0,0.0,0.0,0.0,0.0,0.0,0.0,0.0,0.0,0.0,0.0,判定困難,0,判定困難,0,OI_DECREASE
2026/09/08 17:43,2026-09-08T17:58:32+09:00,2026-09,PUT,48500,770.0,0.0,-770.0,3.0,0.0,-3.0,1.0,0.0,-1.0,105.6,0.0,-105.6,1.0,1.0,0.0,0.0,166.0,53.0,-113.0,0.0,0.0,0.0,判定困難,0,判定困難,0,"OI_DECREASE,IV"
2026/09/08 17:43,2026-09-08T17:58:32+09:00,2026-09,CALL,48250,0.0,0.0,0.0,0.0,0.0,0.0,0.0,0.0,0.0,0.0,0.0,0.0,0.0,0.0,0.0,0.0,0.0,0.0,0.0,0.0,0.0,0.0,判定困難,0,判定困難,0,
2026/09/08 17:43,2026-09-08T17:58:32+09:00,2026-09,PUT,48250,124.0,0.0,-124.0,0.0,0.0,0.0,0.0,0.0,0.0,0.0,0.0,0.0,1.0,1.0,0.0,0.0,160.0,54.0,-106.0,0.0,0.0,0.0,判定困難,0,判定困難,0,OI_DECREASE
2026/09/08 17:43,2026-09-08T17:58:32+09:00,2026-09,CALL,48000,400.0,0.0,-400.0,0.0,0.0,0.0,0.0,0.0,0.0,0.0,0.0,0.0,0.0,0.0,0.0,0.0,0.0,0.0,0.0,0.0,0.0,0.0,判定困難,0,判定困難,0,OI_DECREASE
2026/09/08 17:43,2026-09-08T17:58:32+09:00,2026-09,PUT,48000,2994.0,0.0,-2994.0,7.0,12.0,5.0,1.0,1.0,0.0,110.97,105.0,-5.969999999999999,1.0,1.0,0.0,0.0,225.0,165.0,-60.0,0.0,0.0,0.0,判定困難,5000.0,決済の可能性あり（買い・売り方向は判定困難）,40,"OI_DECREASE,IV,POSITION"
2026/09/08 17:43,2026-09-08T17:58:32+09:00,2026-09,CALL,47750,0.0,0.0,0.0,0.0,0.0,0.0,0.0,0.0,0.0,0.0,0.0,0.0,0.0,0.0,0.0,0.0,0.0,0.0,0.0,0.0,0.0,0.0,判定困難,0,判定困難,0,
2026/09/08 17:43,2026-09-08T17:58:32+09:00,2026-09,PUT,47750,137.0,0.0,-137.0,0.0,0.0,0.0,0.0,0.0,0.0,0.0,0.0,0.0,1.0,1.0,0.0,0.0,160.0,7.0,-153.0,0.0,0.0,0.0,判定困難,0,判定困難,0,OI_DECREASE
2026/09/08 17:43,2026-09-08T17:58:32+09:00,2026-09,CALL,47500,0.0,0.0,0.0,0.0,0.0,0.0,0.0,0.0,0.0,0.0,0.0,0.0,0.0,0.0,0.0,0.0,0.0,0.0,0.0,0.0,0.0,0.0,判定困難,0,判定困難,0,
2026/09/08 17:43,2026-09-08T17:58:32+09:00,2026-09,PUT,47500,1065.0,0.0,-1065.0,0.0,0.0,0.0,0.0,0.0,0.0,0.0,0.0,0.0,1.0,1.0,0.0,0.0,163.0,68.0,-95.0,0.0,0.0,0.0,判定困難,0,判定困難,0,OI_DECREASE
2026/09/08 17:43,2026-09-08T17:58:32+09:00,2026-09,CALL,47250,0.0,0.0,0.0,0.0,0.0,0.0,0.0,0.0,0.0,0.0,0.0,0.0,0.0,0.0,0.0,0.0,0.0,0.0,0.0,0.0,0.0,0.0,判定困難,0,判定困難,0,
2026/09/08 17:43,2026-09-08T17:58:32+09:00,2026-09,PUT,47250,225.0,0.0,-225.0,0.0,0.0,0.0,0.0,0.0,0.0,0.0,0.0,0.0,1.0,1.0,0.0,0.0,160.0,7.0,-153.0,0.0,0.0,0.0,判定困難,0,判定困難,0,OI_DECREASE
2026/09/08 17:43,2026-09-08T17:58:32+09:00,2026-09,CALL,47000,0.0,0.0,0.0,0.0,0.0,0.0,0.0,0.0,0.0,0.0,0.0,0.0,0.0,0.0,0.0,0.0,0.0,0.0,0.0,0.0,0.0,0.0,判定困難,0,判定困難,0,
2026/09/08 17:43,2026-09-08T17:58:32+09:00,2026-09,PUT,47000,1234.0,0.0,-1234.0,29.0,0.0,-29.0,1.0,0.0,-1.0,118.87,0.0,-118.87,1.0,1.0,0.0,0.0,249.0,63.0,-186.0,0.0,0.0,0.0,判定困難,0,判定困難,0,"OI_DECREASE,IV"
2026/09/08 17:43,2026-09-08T17:58:32+09:00,2026-09,CALL,46750,0.0,0.0,0.0,0.0,0.0,0.0,0.0,0.0,0.0,0.0,0.0,0.0,0.0,0.0,0.0,0.0,0.0,0.0,0.0,0.0,0.0,0.0,判定困難,0,判定困難,0,
2026/09/08 17:43,2026-09-08T17:58:32+09:00,2026-09,PUT,46750,68.0,0.0,-68.0,0.0,0.0,0.0,0.0,0.0,0.0,0.0,0.0,0.0,1.0,1.0,0.0,0.0,110.0,7.0,-103.0,0.0,0.0,0.0,判定困難,0,判定困難,0,
2026/09/08 17:43,2026-09-08T17:58:32+09:00,2026-09,CALL,46500,0.0,0.0,0.0,0.0,0.0,0.0,0.0,0.0,0.0,0.0,0.0,0.0,0.0,0.0,0.0,0.0,0.0,0.0,0.0,0.0,0.0,0.0,判定困難,0,判定困難,0,
2026/09/08 17:43,2026-09-08T17:58:32+09:00,2026-09,PUT,46500,439.0,0.0,-439.0,3.0,1.0,-2.0,1.0,1.0,0.0,121.61,115.29,-6.319999999999993,1.0,1.0,0.0,0.0,138.0,59.0,-79.0,0.0,0.0,0.0,判定困難,0,判定困難,0,"OI_DECREASE,IV"
2026/09/08 17:43,2026-09-08T17:58:32+09:00,2026-09,CALL,46250,0.0,0.0,0.0,0.0,0.0,0.0,0.0,0.0,0.0,0.0,0.0,0.0,0.0,0.0,0.0,0.0,0.0,0.0,0.0,0.0,0.0,0.0,判定困難,0,判定困難,0,
2026/09/08 17:43,2026-09-08T17:58:32+09:00,2026-09,PUT,46250,68.0,0.0,-68.0,0.0,1.0,1.0,0.0,1.0,1.0,0.0,117.09,117.09,1.0,1.0,0.0,0.0,110.0,7.0,-103.0,0.0,0.0,0.0,判定困難,1000.0,決済の可能性あり（買い・売り方向は判定困難）,40,"IV,POSITION"
2026/09/08 17:43,2026-09-08T17:58:32+09:00,2026-10,CALL,80000,1861.0,0.0,-1861.0,683.0,6.0,-677.0,21.0,15.0,-6.0,27.9,29.59,1.6900000000000013,22.0,16.0,20.0,11.0,10.0,1.0,-9.0,100.0,27.0,-73.0,Ask寄り,0,判定困難,0,"OI_DECREASE,IV"
2026/09/08 17:43,2026-09-08T17:58:32+09:00,2026-10,PUT,80000,0.0,0.0,0.0,0.0,0.0,0.0,0.0,0.0,0.0,0.0,0.0,0.0,0.0,0.0,0.0,0.0,0.0,0.0,0.0,0.0,0.0,0.0,判定困難,0,判定困難,0,
2026/09/08 17:43,2026-09-08T17:58:32+09:00,2026-10,CALL,79500,4.0,0.0,-4.0,0.0,0.0,0.0,0.0,0.0,0.0,0.0,0.0,0.0,28.0,60.0,21.0,8.0,4.0,7.0,3.0,6.0,16.0,10.0,判定困難,0,判定困難,0,
2026/09/08 17:43,2026-09-08T17:58:32+09:00,2026-10,PUT,79500,0.0,0.0,0.0,0.0,0.0,0.0,0.0,0.0,0.0,0.0,0.0,0.0,0.0,0.0,0.0,0.0,0.0,0.0,0.0,0.0,0.0,0.0,判定困難,0,判定困難,0,
2026/09/08 17:43,2026-09-08T17:58:32+09:00,2026-10,CALL,79000,107.0,0.0,-107.0,2.0,0.0,-2.0,27.0,0.0,-27.0,27.56,0.0,-27.56,30.0,25.0,25.0,6.0,24.0,1.0,-23.0,30.0,7.0,-23.0,判定困難,0,判定困難,0,"OI_DECREASE,IV"
2026/09/08 17:43,2026-09-08T17:58:32+09:00,2026-10,PUT,79000,1.0,0.0,-1.0,0.0,0.0,0.0,0.0,0.0,0.0,0.0,0.0,0.0,0.0,0.0,0.0,0.0,0.0,0.0,0.0,0.0,0.0,0.0,判定困難,0,判定困難,0,
2026/09/08 17:43,2026-09-08T17:58:32+09:00,2026-10,CALL,78500,10.0,0.0,-10.0,6.0,0.0,-6.0,35.0,0.0,-35.0,27.37,0.0,-27.37,38.0,40.0,30.0,5.0,21.0,7.0,-14.0,22.0,7.0,-15.0,判定困難,0,判定困難,0,IV
2026/09/08 17:43,2026-09-08T17:58:32+09:00,2026-10,PUT,78500,0.0,0.0,0.0,0.0,0.0,0.0,0.0,0.0,0.0,0.0,0.0,0.0,0.0,0.0,0.0,0.0,0.0,0.0,0.0,0.0,0.0,0.0,判定困難,0,判定困難,0,
2026/09/08 17:43,2026-09-08T17:58:32+09:00,2026-10,CALL,78000,703.0,0.0,-703.0,19.0,6.0,-13.0,41.0,26.0,-15.0,27.11,28.44,1.3300000000000018,42.0,27.0,38.0,23.0,1.0,1.0,0.0,21.0,24.0,3.0,Ask寄り,0,判定困難,0,"OI_DECREASE,IV"
2026/09/08 17:43,2026-09-08T17:58:32+09:00,2026-10,PUT,78000,0.0,0.0,0.0,0.0,0.0,0.0,0.0,0.0,0.0,0.0,0.0,0.0,0.0,0.0,0.0,0.0,0.0,0.0,0.0,0.0,0.0,0.0,判定困難,0,判定困難,0,
2026/09/08 17:43,2026-09-08T17:58:32+09:00,2026-10,CALL,77500,113.0,0.0,-113.0,5.0,0.0,-5.0,40.0,0.0,-40.0,25.88,0.0,-25.88,51.0,36.0,44.0,24.0,14.0,16.0,2.0,14.0,52.0,38.0,判定困難,0,判定困難,0,"OI_DECREASE,IV"
2026/09/08 17:43,2026-09-08T17:58:32+09:00,2026-10,PUT,77500,0.0,0.0,0.0,0.0,0.0,0.0,0.0,0.0,0.0,0.0,0.0,0.0,0.0,0.0,0.0,0.0,0.0,0.0,0.0,0.0,0.0,0.0,判定困難,0,判定困難,0,
2026/09/08 17:43,2026-09-08T17:58:32+09:00,2026-10,CALL,77000,1249.0,0.0,-1249.0,21.0,1.0,-20.0,58.0,35.0,-23.0,26.72,27.9,1.1799999999999997,60.0,42.0,54.0,31.0,1.0,78.0,77.0,21.0,24.0,3.0,Bid寄り,0,判定困難,0,"OI_DECREASE,IV"
2026/09/08 17:43,2026-09-08T17:58:32+09:00,2026-10,PUT,77000,0.0,0.0,0.0,0.0,0.0,0.0,0.0,0.0,0.0,0.0,0.0,0.0,0.0,0.0,0.0,0.0,0.0,0.0,0.0,0.0,0.0,0.0,判定困難,0,判定困難,0,
2026/09/08 17:43,2026-09-08T17:58:32+09:00,2026-10,CALL,76500,13.0,0.0,-13.0,0.0,0.0,0.0,0.0,0.0,0.0,0.0,0.0,0.0,75.0,46.0,67.0,35.0,42.0,16.0,-26.0,12.0,2.0,-10.0,判定困難,0,判定困難,0,
2026/09/08 17:43,2026-09-08T17:58:32+09:00,2026-10,PUT,76500,0.0,0.0,0.0,0.0,0.0,0.0,0.0,0.0,0.0,0.0,0.0,0.0,0.0,0.0,0.0,0.0,0.0,0.0,0.0,0.0,0.0,0.0,判定困難,0,判定困難,0,
2026/09/08 17:43,2026-09-08T17:58:32+09:00,2026-10,CALL,76250,8.0,0.0,-8.0,0.0,0.0,0.0,0.0,0.0,0.0,0.0,0.0,0.0,82.0,50.0,72.0,44.0,24.0,10.0,-14.0,7.0,8.0,1.0,判定困難,0,判定困難,0,
2026/09/08 17:43,2026-09-08T17:58:32+09:00,2026-10,PUT,76250,0.0,0.0,0.0,0.0,0.0,0.0,0.0,0.0,0.0,0.0,0.0,0.0,0.0,0.0,0.0,0.0,0.0,0.0,0.0,0.0,0.0,0.0,判定困難,0,判定困難,0,
2026/09/08 17:43,2026-09-08T17:58:32+09:00,2026-10,CALL,76000,1070.0,0.0,-1070.0,28.0,0.0,-28.0,88.0,0.0,-88.0,26.6,0.0,-26.6,88.0,54.0,80.0,48.0,1.0,21.0,20.0,15.0,21.0,6.0,判定困難,0,判定困難,0,"OI_DECREASE,IV"
2026/09/08 17:43,2026-09-08T17:58:32+09:00,2026-10,PUT,76000,0.0,0.0,0.0,0.0,0.0,0.0,0.0,0.0,0.0,0.0,0.0,0.0,0.0,0.0,0.0,0.0,0.0,0.0,0.0,0.0,0.0,0.0,判定困難,0,判定困難,0,
2026/09/08 17:43,2026-09-08T17:58:32+09:00,2026-10,CALL,75750,5.0,0.0,-5.0,2.0,0.0,-2.0,91.0,0.0,-91.0,26.55,0.0,-26.55,108.0,64.0,87.0,49.0,22.0,2.0,-20.0,6.0,2.0,-4.0,判定困難,0,判定困難,0,IV
2026/09/08 17:43,2026-09-08T17:58:32+09:00,2026-10,PUT,75750,0.0,0.0,0.0,0.0,0.0,0.0,0.0,0.0,0.0,0.0,0.0,0.0,0.0,0.0,0.0,0.0,0.0,0.0,0.0,0.0,0.0,0.0,判定困難,0,判定困難,0,
2026/09/08 17:43,2026-09-08T17:58:32+09:00,2026-10,CALL,75500,9.0,0.0,-9.0,17.0,1.0,-16.0,96.0,60.0,-36.0,26.09,27.61,1.5199999999999996,107.0,65.0,96.0,57.0,26.0,14.0,-12.0,11.0,14.0,3.0,Bid寄り,0,判定困難,0,IV
2026/09/08 17:43,2026-09-08T17:58:32+09:00,2026-10,PUT,75500,0.0,0.0,0.0,0.0,0.0,0.0,0.0,0.0,0.0,0.0,0.0,0.0,0.0,0.0,0.0,0.0,0.0,0.0,0.0,0.0,0.0,0.0,判定困難,0,判定困難,0,
2026/09/08 17:43,2026-09-08T17:58:32+09:00,2026-10,CALL,75250,2.0,0.0,-2.0,0.0,0.0,0.0,0.0,0.0,0.0,0.0,0.0,0.0,122.0,71.0,106.0,64.0,2.0,8.0,6.0,22.0,8.0,-14.0,判定困難,0,判定困難,0,
2026/09/08 17:43,2026-09-08T17:58:32+09:00,2026-10,PUT,75250,0.0,0.0,0.0,0.0,0.0,0.0,0.0,0.0,0.0,0.0,0.0,0.0,0.0,0.0,0.0,0.0,0.0,0.0,0.0,0.0,0.0,0.0,判定困難,0,判定困難,0,
2026/09/08 17:43,2026-09-08T17:58:32+09:00,2026-10,CALL,75000,1645.0,0.0,-1645.0,199.0,12.0,-187.0,121.0,75.0,-46.0,26.27,27.48,1.2100000000000009,122.0,76.0,120.0,71.0,1.0,1.0,0.0,10.0,18.0,8.0,Ask寄り,0,判定困難,0,"OI_DECREASE,IV"
2026/09/08 17:43,2026-09-08T17:58:32+09:00,2026-10,PUT,75000,0.0,0.0,0.0,0.0,0.0,0.0,0.0,0.0,0.0,0.0,0.0,0.0,9170.0,0.0,8670.0,0.0,18.0,0.0,-18.0,18.0,0.0,-18.0,判定困難,0,判定困難,0,
2026/09/08 17:43,2026-09-08T17:58:32+09:00,2026-10,CALL,74750,2.0,0.0,-2.0,3.0,0.0,-3.0,99.0,0.0,-99.0,25.49,0.0,-25.49,149.0,86.0,127.0,78.0,2.0,9.0,7.0,2.0,7.0,5.0,判定困難,0,判定困難,0,IV
2026/09/08 17:43,2026-09-08T17:58:32+09:00,2026-10,PUT,74750,0.0,0.0,0.0,0.0,0.0,0.0,0.0,0.0,0.0,0.0,0.0,0.0,8935.0,0.0,8435.0,0.0,7.0,0.0,-7.0,7.0,0.0,-7.0,判定困難,0,判定困難,0,
2026/09/08 17:43,2026-09-08T17:58:32+09:00,2026-10,CALL,74500,68.0,0.0,-68.0,11.0,0.0,-11.0,139.0,0.0,-139.0,25.92,0.0,-25.92,149.0,91.0,144.0,84.0,1.0,1.0,0.0,7.0,12.0,5.0,判定困難,0,判定困難,0,"PRICE,IV"
2026/09/08 17:43,2026-09-08T17:58:32+09:00,2026-10,PUT,74500,0.0,0.0,0.0,0.0,0.0,0.0,0.0,0.0,0.0,0.0,0.0,0.0,8690.0,0.0,8190.0,0.0,12.0,0.0,-12.0,12.0,0.0,-12.0,判定困難,0,判定困難,0,
2026/09/08 17:43,2026-09-08T17:58:32+09:00,2026-10,CALL,74250,10.0,0.0,-10.0,1.0,0.0,-1.0,120.0,0.0,-120.0,25.49,0.0,-25.49,169.0,102.0,156.0,94.0,13.0,7.0,-6.0,16.0,7.0,-9.0,判定困難,0,判定困難,0,"PRICE,IV"
2026/09/08 17:43,2026-09-08T17:58:32+09:00,2026-10,PUT,74250,0.0,0.0,0.0,0.0,0.0,0.0,0.0,0.0,0.0,0.0,0.0,0.0,8430.0,0.0,7950.0,0.0,6.0,0.0,-6.0,7.0,0.0,-7.0,判定困難,0,判定困難,0,
2026/09/08 17:43,2026-09-08T17:58:32+09:00,2026-10,CALL,74000,525.0,0.0,-525.0,78.0,1.0,-77.0,171.0,107.0,-64.0,25.92,27.2,1.2799999999999976,179.0,113.0,174.0,106.0,1.0,21.0,20.0,10.0,1.0,-9.0,Bid寄り,0,判定困難,0,"OI_DECREASE,IV"
2026/09/08 17:43,2026-09-08T17:58:32+09:00,2026-10,PUT,74000,0.0,0.0,0.0,0.0,0.0,0.0,0.0,0.0,0.0,0.0,0.0,0.0,8220.0,0.0,7720.0,0.0,18.0,0.0,-18.0,18.0,0.0,-18.0,判定困難,0,判定困難,0,
2026/09/08 17:43,2026-09-08T17:58:32+09:00,2026-10,CALL,73750,1.0,0.0,-1.0,0.0,0.0,0.0,0.0,0.0,0.0,0.0,0.0,0.0,201.0,125.0,186.0,113.0,3.0,6.0,3.0,18.0,2.0,-16.0,判定困難,0,判定困難,0,
2026/09/08 17:43,2026-09-08T17:58:32+09:00,2026-10,PUT,73750,0.0,0.0,0.0,0.0,0.0,0.0,0.0,0.0,0.0,0.0,0.0,0.0,7960.0,0.0,7480.0,0.0,6.0,0.0,-6.0,7.0,0.0,-7.0,判定困難,0,判定困難,0,
2026/09/08 17:43,2026-09-08T17:58:32+09:00,2026-10,CALL,73500,20.0,0.0,-20.0,13.0,0.0,-13.0,206.0,0.0,-206.0,25.86,0.0,-25.86,216.0,131.0,210.0,128.0,1.0,3.0,2.0,1.0,1.0,0.0,判定困難,0,判定困難,0,"PRICE,IV"
2026/09/08 17:43,2026-09-08T17:58:32+09:00,2026-10,PUT,73500,0.0,0.0,0.0,0.0,0.0,0.0,0.0,0.0,0.0,0.0,0.0,0.0,7750.0,0.0,7250.0,0.0,12.0,0.0,-12.0,12.0,0.0,-12.0,判定困難,0,判定困難,0,
2026/09/08 17:43,2026-09-08T17:58:32+09:00,2026-10,CALL,73250,4.0,0.0,-4.0,2.0,0.0,-2.0,210.0,0.0,-210.0,25.99,0.0,-25.99,242.0,149.0,224.0,137.0,3.0,22.0,19.0,18.0,5.0,-13.0,判定困難,0,判定困難,0,"PRICE,IV"
2026/09/08 17:43,2026-09-08T17:58:32+09:00,2026-10,PUT,73250,0.0,0.0,0.0,0.0,0.0,0.0,0.0,0.0,0.0,0.0,0.0,0.0,7500.0,8735.0,7015.0,8320.0,6.0,1.0,-5.0,7.0,5.0,-2.0,判定困難,0,判定困難,0,
2026/09/08 17:43,2026-09-08T17:58:32+09:00,2026-10,CALL,73000,1674.0,0.0,-1674.0,52.0,4.0,-48.0,252.0,157.0,-95.0,25.98,27.07,1.0899999999999999,259.0,158.0,252.0,155.0,1.0,3.0,2.0,9.0,1.0,-8.0,Ask寄り,0,判定困難,0,"OI_DECREASE,IV"
2026/09/08 17:43,2026-09-08T17:58:32+09:00,2026-10,PUT,73000,10.0,0.0,-10.0,0.0,0.0,0.0,0.0,0.0,0.0,0.0,0.0,0.0,7285.0,8535.0,6785.0,7890.0,18.0,15.0,-3.0,18.0,18.0,0.0,判定困難,0,判定困難,0,
2026/09/08 17:43,2026-09-08T17:58:32+09:00,2026-10,CALL,72750,14.0,0.0,-14.0,2.0,0.0,-2.0,266.0,0.0,-266.0,26.18,0.0,-26.18,290.0,178.0,273.0,166.0,3.0,22.0,19.0,16.0,5.0,-11.0,判定困難,0,判定困難,0,"PRICE,IV"
2026/09/08 17:43,2026-09-08T17:58:32+09:00,2026-10,PUT,72750,0.0,0.0,0.0,0.0,0.0,0.0,0.0,0.0,0.0,0.0,0.0,0.0,7035.0,8285.0,6555.0,7660.0,6.0,1.0,-5.0,7.0,7.0,0.0,判定困難,0,判定困難,0,
2026/09/08 17:43,2026-09-08T17:58:32+09:00,2026-10,CALL,72500,180.0,0.0,-180.0,21.0,0.0,-21.0,298.0,0.0,-298.0,25.8,0.0,-25.8,310.0,191.0,300.0,187.0,1.0,3.0,2.0,7.0,1.0,-6.0,判定困難,0,判定困難,0,"OI_DECREASE,PRICE,IV"
2026/09/08 17:43,2026-09-08T17:58:32+09:00,2026-10,PUT,72500,1.0,0.0,-1.0,0.0,0.0,0.0,0.0,0.0,0.0,0.0,0.0,0.0,6830.0,8025.0,6330.0,7425.0,12.0,2.0,-10.0,12.0,12.0,0.0,判定困難,0,判定困難,0,
2026/09/08 17:43,2026-09-08T17:58:32+09:00,2026-10,CALL,72250,87.0,0.0,-87.0,5.0,0.0,-5.0,300.0,0.0,-300.0,25.83,0.0,-25.83,340.0,212.0,330.0,202.0,2.0,5.0,3.0,2.0,5.0,3.0,判定困難,0,判定困難,0,"PRICE,IV"
2026/09/08 17:43,2026-09-08T17:58:32+09:00,2026-10,PUT,72250,0.0,0.0,0.0,0.0,0.0,0.0,0.0,0.0,0.0,0.0,0.0,0.0,6595.0,7965.0,6105.0,7195.0,6.0,6.0,0.0,7.0,7.0,0.0,判定困難,0,判定困難,0,
2026/09/08 17:43,2026-09-08T17:58:32+09:00,2026-10,CALL,72125,0.0,0.0,0.0,0.0,0.0,0.0,0.0,0.0,0.0,0.0,0.0,0.0,365.0,224.0,299.0,212.0,3.0,5.0,2.0,2.0,3.0,1.0,判定困難,0,判定困難,0,
2026/09/08 17:43,2026-09-08T17:58:32+09:00,2026-10,PUT,72125,0.0,0.0,0.0,0.0,0.0,0.0,0.0,0.0,0.0,0.0,0.0,0.0,6460.0,7900.0,5995.0,7080.0,5.0,6.0,1.0,6.0,6.0,0.0,判定困難,0,判定困難,0,
2026/09/08 17:43,2026-09-08T17:58:32+09:00,2026-10,CALL,72000,1747.0,0.0,-1747.0,30.0,2.0,-28.0,355.0,229.0,-126.0,25.75,27.04,1.2899999999999991,370.0,229.0,360.0,225.0,7.0,12.0,5.0,1.0,1.0,0.0,Ask側,0,判定困難,0,"OI_DECREASE,PRICE,IV"
2026/09/08 17:43,2026-09-08T17:58:32+09:00,2026-10,PUT,72000,0.0,0.0,0.0,0.0,0.0,0.0,0.0,0.0,0.0,0.0,0.0,0.0,6380.0,7760.0,5880.0,6965.0,18.0,15.0,-3.0,18.0,18.0,0.0,判定困難,0,判定困難,0,
2026/09/08 17:43,2026-09-08T17:58:32+09:00,2026-10,CALL,71875,0.0,0.0,0.0,0.0,0.0,0.0,0.0,0.0,0.0,0.0,0.0,0.0,410.0,243.0,330.0,231.0,2.0,3.0,1.0,2.0,3.0,1.0,判定困難,0,判定困難,0,
2026/09/08 17:43,2026-09-08T17:58:32+09:00,2026-10,PUT,71875,0.0,0.0,0.0,0.0,0.0,0.0,0.0,0.0,0.0,0.0,0.0,0.0,6240.0,7535.0,5770.0,7040.0,5.0,5.0,0.0,6.0,4.0,-2.0,判定困難,0,判定困難,0,
2026/09/08 17:43,2026-09-08T17:58:32+09:00,2026-10,CALL,71750,0.0,0.0,0.0,3.0,0.0,-3.0,360.0,0.0,-360.0,25.84,0.0,-25.84,410.0,258.0,395.0,245.0,2.0,5.0,3.0,2.0,2.0,0.0,判定困難,0,判定困難,0,"PRICE,IV"
2026/09/08 17:43,2026-09-08T17:58:32+09:00,2026-10,PUT,71750,0.0,0.0,0.0,0.0,0.0,0.0,0.0,0.0,0.0,0.0,0.0,0.0,6140.0,7335.0,5660.0,6740.0,6.0,6.0,0.0,7.0,6.0,-1.0,判定困難,0,判定困難,0,
2026/09/08 17:43,2026-09-08T17:58:32+09:00,2026-10,CALL,71625,0.0,0.0,0.0,0.0,0.0,0.0,0.0,0.0,0.0,0.0,0.0,0.0,425.0,266.0,390.0,255.0,2.0,3.0,1.0,2.0,3.0,1.0,判定困難,0,判定困難,0,
2026/09/08 17:43,2026-09-08T17:58:32+09:00,2026-10,PUT,71625,0.0,0.0,0.0,0.0,0.0,0.0,0.0,0.0,0.0,0.0,0.0,0.0,6025.0,7255.0,5545.0,6630.0,5.0,5.0,0.0,6.0,6.0,0.0,判定困難,0,判定困難,0,
2026/09/08 17:43,2026-09-08T17:58:32+09:00,2026-10,CALL,71500,261.0,0.0,-261.0,5.0,0.0,-5.0,425.0,0.0,-425.0,25.79,0.0,-25.79,440.0,275.0,425.0,270.0,1.0,3.0,2.0,25.0,1.0,-24.0,判定困難,0,判定困難,0,"OI_DECREASE,PRICE,IV"
2026/09/08 17:43,2026-09-08T17:58:32+09:00,2026-10,PUT,71500,0.0,0.0,0.0,0.0,0.0,0.0,0.0,0.0,0.0,0.0,0.0,0.0,5940.0,7170.0,5445.0,6515.0,10.0,10.0,0.0,12.0,12.0,0.0,判定困難,0,判定困難,0,
2026/09/08 17:43,2026-09-08T17:58:32+09:00,2026-10,CALL,71375,0.0,0.0,0.0,0.0,0.0,0.0,0.0,0.0,0.0,0.0,0.0,0.0,460.0,292.0,430.0,279.0,2.0,3.0,1.0,1.0,3.0,2.0,判定困難,0,判定困難,0,
2026/09/08 17:43,2026-09-08T17:58:32+09:00,2026-10,PUT,71375,0.0,0.0,0.0,0.0,0.0,0.0,0.0,0.0,0.0,0.0,0.0,0.0,5815.0,7245.0,5330.0,6590.0,5.0,1.0,-4.0,6.0,4.0,-2.0,判定困難,0,判定困難,0,
2026/09/08 17:43,2026-09-08T17:58:32+09:00,2026-10,CALL,71250,108.0,0.0,-108.0,25.0,0.0,-25.0,475.0,0.0,-475.0,25.79,0.0,-25.79,480.0,305.0,465.0,290.0,2.0,2.0,0.0,14.0,2.0,-12.0,判定困難,0,判定困難,0,"OI_DECREASE,PRICE,IV"
2026/09/08 17:43,2026-09-08T17:58:32+09:00,2026-10,PUT,71250,0.0,0.0,0.0,0.0,0.0,0.0,0.0,0.0,0.0,0.0,0.0,0.0,5700.0,6980.0,5245.0,6295.0,8.0,1.0,-7.0,2.0,6.0,4.0,判定困難,0,判定困難,0,
2026/09/08 17:43,2026-09-08T17:58:32+09:00,2026-10,CALL,71125,0.0,0.0,0.0,0.0,0.0,0.0,0.0,0.0,0.0,0.0,0.0,0.0,510.0,435.0,475.0,235.0,12.0,14.0,2.0,2.0,14.0,12.0,判定困難,0,判定困難,0,
2026/09/08 17:43,2026-09-08T17:58:32+09:00,2026-10,PUT,71125,0.0,0.0,0.0,0.0,0.0,0.0,0.0,0.0,0.0,0.0,0.0,0.0,5590.0,6690.0,5115.0,6190.0,5.0,1.0,-4.0,6.0,6.0,0.0,判定困難,0,判定困難,0,
2026/09/08 17:43,2026-09-08T17:58:32+09:00,2026-10,CALL,71000,163.0,0.0,-163.0,60.0,8.0,-52.0,505.0,320.0,-185.0,25.76,27.03,1.2699999999999996,520.0,330.0,510.0,320.0,1.0,2.0,1.0,7.0,3.0,-4.0,Bid側,0,判定困難,0,"OI_DECREASE,PRICE,IV"
2026/09/08 17:43,2026-09-08T17:58:32+09:00,2026-10,PUT,71000,0.0,0.0,0.0,0.0,0.0,0.0,0.0,0.0,0.0,0.0,0.0,0.0,5510.0,6800.0,5020.0,6070.0,22.0,3.0,-19.0,22.0,18.0,-4.0,判定困難,0,判定困難,0,
2026/09/08 17:43,2026-09-08T17:58:32+09:00,2026-10,CALL,70875,1.0,0.0,-1.0,0.0,0.0,0.0,0.0,0.0,0.0,0.0,0.0,0.0,550.0,460.0,505.0,260.0,11.0,14.0,3.0,11.0,14.0,3.0,判定困難,0,判定困難,0,
2026/09/08 17:43,2026-09-08T17:58:32+09:00,2026-10,PUT,70875,0.0,0.0,0.0,0.0,0.0,0.0,0.0,0.0,0.0,0.0,0.0,0.0,5375.0,6755.0,4905.0,6150.0,5.0,1.0,-4.0,6.0,4.0,-2.0,判定困難,0,判定困難,0,
2026/09/08 17:43,2026-09-08T17:58:32+09:00,2026-10,CALL,70750,3.0,0.0,-3.0,1.0,0.0,-1.0,555.0,0.0,-555.0,25.62,0.0,-25.62,580.0,365.0,555.0,350.0,14.0,2.0,-12.0,2.0,2.0,0.0,判定困難,0,判定困難,0,"PRICE,IV"
2026/09/08 17:43,2026-09-08T17:58:32+09:00,2026-10,PUT,70750,0.0,0.0,0.0,0.0,0.0,0.0,0.0,0.0,0.0,0.0,0.0,0.0,5310.0,6595.0,4820.0,5855.0,8.0,6.0,-2.0,2.0,7.0,5.0,判定困難,0,判定困難,0,
2026/09/08 17:43,2026-09-08T17:58:32+09:00,2026-10,CALL,70625,0.0,0.0,0.0,0.0,0.0,0.0,0.0,0.0,0.0,0.0,0.0,0.0,590.0,495.0,555.0,295.0,1.0,14.0,13.0,1.0,14.0,13.0,判定困難,0,判定困難,0,
2026/09/08 17:43,2026-09-08T17:58:32+09:00,2026-10,PUT,70625,0.0,0.0,0.0,0.0,0.0,0.0,0.0,0.0,0.0,0.0,0.0,0.0,5170.0,6250.0,4695.0,5750.0,5.0,1.0,-4.0,6.0,6.0,0.0,判定困難,0,判定困難,0,
2026/09/08 17:43,2026-09-08T17:58:32+09:00,2026-10,CALL,70500,316.0,0.0,-316.0,27.0,0.0,-27.0,590.0,0.0,-590.0,25.64,0.0,-25.64,615.0,395.0,600.0,385.0,1.0,3.0,2.0,21.0,3.0,-18.0,判定困難,0,判定困難,0,"OI_DECREASE,PRICE,IV"
2026/09/08 17:43,2026-09-08T17:58:32+09:00,2026-10,PUT,70500,0.0,0.0,0.0,0.0,0.0,0.0,0.0,0.0,0.0,0.0,0.0,0.0,5090.0,6245.0,4620.0,5640.0,3.0,10.0,7.0,3.0,12.0,9.0,判定困難,0,判定困難,0,
2026/09/08 17:43,2026-09-08T17:58:32+09:00,2026-10,CALL,70375,124.0,0.0,-124.0,0.0,0.0,0.0,0.0,0.0,0.0,0.0,0.0,0.0,650.0,535.0,610.0,335.0,9.0,12.0,3.0,1.0,12.0,11.0,判定困難,0,判定困難,0,OI_DECREASE
2026/09/08 17:43,2026-09-08T17:58:32+09:00,2026-10,PUT,70375,0.0,0.0,0.0,0.0,0.0,0.0,0.0,0.0,0.0,0.0,0.0,0.0,4995.0,6035.0,4495.0,5715.0,6.0,1.0,-5.0,6.0,4.0,-2.0,判定困難,0,判定困難,0,
2026/09/08 17:43,2026-09-08T17:58:32+09:00,2026-10,CALL,70250,12.0,0.0,-12.0,4.0,0.0,-4.0,670.0,0.0,-670.0,26.16,0.0,-26.16,680.0,430.0,655.0,420.0,12.0,2.0,-10.0,1.0,2.0,1.0,判定困難,0,判定困難,0,"PRICE,IV"
2026/09/08 17:43,2026-09-08T17:58:32+09:00,2026-10,PUT,70250,0.0,0.0,0.0,0.0,0.0,0.0,0.0,0.0,0.0,0.0,0.0,0.0,4895.0,5930.0,4435.0,5430.0,8.0,7.0,-1.0,2.0,7.0,5.0,判定困難,0,判定困難,0,
2026/09/08 17:43,2026-09-08T17:58:32+09:00,2026-10,CALL,70125,0.0,0.0,0.0,0.0,0.0,0.0,0.0,0.0,0.0,0.0,0.0,0.0,700.0,575.0,660.0,375.0,1.0,12.0,11.0,1.0,12.0,11.0,判定困難,0,判定困難,0,
2026/09/08 17:43,2026-09-08T17:58:32+09:00,2026-10,PUT,70125,0.0,0.0,0.0,0.0,0.0,0.0,0.0,0.0,0.0,0.0,0.0,0.0,4790.0,5830.0,4290.0,5510.0,6.0,6.0,0.0,6.0,4.0,-2.0,判定困難,0,判定困難,0,
2026/09/08 17:43,2026-09-08T17:58:32+09:00,2026-10,CALL,70000,1304.0,0.0,-1304.0,91.0,2.0,-89.0,715.0,470.0,-245.0,26.06,27.16,1.1000000000000014,725.0,470.0,710.0,460.0,4.0,3.0,-1.0,4.0,2.0,-2.0,Ask側,0,判定困難,0,"OI_DECREASE,PRICE,IV"
2026/09/08 17:43,2026-09-08T17:58:32+09:00,2026-10,PUT,70000,105.0,0.0,-105.0,0.0,0.0,0.0,0.0,0.0,0.0,0.0,0.0,0.0,4700.0,5720.0,4280.0,5220.0,22.0,18.0,-4.0,22.0,18.0,-4.0,判定困難,0,判定困難,0,OI_DECREASE
2026/09/08 17:43,2026-09-08T17:58:32+09:00,2026-10,CALL,69875,107.0,0.0,-107.0,1.0,0.0,-1.0,755.0,0.0,-755.0,26.19,0.0,-26.19,755.0,630.0,720.0,445.0,1.0,12.0,11.0,1.0,10.0,9.0,判定困難,0,判定困難,0,"OI_DECREASE,PRICE,IV"
2026/09/08 17:43,2026-09-08T17:58:32+09:00,2026-10,PUT,69875,0.0,0.0,0.0,0.0,0.0,0.0,0.0,0.0,0.0,0.0,0.0,0.0,4470.0,5620.0,4095.0,5120.0,5.0,6.0,1.0,6.0,6.0,0.0,判定困難,0,判定困難,0,
2026/09/08 17:43,2026-09-08T17:58:32+09:00,2026-10,CALL,69750,1.0,0.0,-1.0,85.0,0.0,-85.0,755.0,0.0,-755.0,25.82,0.0,-25.82,800.0,515.0,770.0,495.0,14.0,2.0,-12.0,1.0,2.0,1.0,判定困難,0,判定困難,0,"PRICE,IV"
2026/09/08 17:43,2026-09-08T17:58:32+09:00,2026-10,PUT,69750,0.0,0.0,0.0,0.0,0.0,0.0,0.0,0.0,0.0,0.0,0.0,0.0,4380.0,5515.0,4020.0,5015.0,8.0,7.0,-1.0,2.0,8.0,6.0,判定困難,0,判定困難,0,
2026/09/08 17:43,2026-09-08T17:58:32+09:00,2026-10,CALL,69625,94.0,0.0,-94.0,0.0,0.0,0.0,0.0,0.0,0.0,0.0,0.0,0.0,820.0,625.0,785.0,495.0,9.0,2.0,-7.0,1.0,2.0,1.0,判定困難,0,判定困難,0,
2026/09/08 17:43,2026-09-08T17:58:32+09:00,2026-10,PUT,69625,0.0,0.0,0.0,0.0,0.0,0.0,0.0,0.0,0.0,0.0,0.0,0.0,4285.0,5420.0,3900.0,5085.0,5.0,8.0,3.0,6.0,3.0,-3.0,判定困難,0,判定困難,0,
2026/09/08 17:43,2026-09-08T17:58:32+09:00,2026-10,CALL,69500,292.0,0.0,-292.0,37.0,0.0,-37.0,820.0,0.0,-820.0,25.88,0.0,-25.88,850.0,555.0,830.0,540.0,3.0,3.0,0.0,3.0,3.0,0.0,判定困難,0,判定困難,0,"OI_DECREASE,PRICE,IV"
2026/09/08 17:43,2026-09-08T17:58:32+09:00,2026-10,PUT,69500,0.0,0.0,0.0,0.0,0.0,0.0,0.0,0.0,0.0,0.0,0.0,0.0,4305.0,5300.0,3825.0,4945.0,3.0,2.0,-1.0,3.0,3.0,0.0,判定困難,0,判定困難,0,
2026/09/08 17:43,2026-09-08T17:58:32+09:00,2026-10,CALL,69375,0.0,0.0,0.0,1.0,0.0,-1.0,850.0,0.0,-850.0,25.98,0.0,-25.98,885.0,700.0,845.0,0.0,1.0,12.0,11.0,1.0,0.0,-1.0,判定困難,0,判定困難,0,"PRICE,IV"
2026/09/08 17:43,2026-09-08T17:58:32+09:00,2026-10,PUT,69375,0.0,0.0,0.0,0.0,0.0,0.0,0.0,0.0,0.0,0.0,0.0,0.0,4100.0,5215.0,3715.0,4840.0,5.0,6.0,1.0,6.0,3.0,-3.0,判定困難,0,判定困難,0,
2026/09/08 17:43,2026-09-08T17:58:32+09:00,2026-10,CALL,69250,2.0,0.0,-2.0,1.0,0.0,-1.0,685.0,0.0,-685.0,25.53,0.0,-25.53,950.0,610.0,880.0,590.0,2.0,2.0,0.0,2.0,2.0,0.0,判定困難,0,判定困難,0,"PRICE,IV"
2026/09/08 17:43,2026-09-08T17:58:32+09:00,2026-10,PUT,69250,0.0,0.0,0.0,0.0,0.0,0.0,0.0,0.0,0.0,0.0,0.0,0.0,4015.0,5110.0,3735.0,4725.0,8.0,7.0,-1.0,2.0,2.0,0.0,判定困難,0,判定困難,0,
2026/09/08 17:43,2026-09-08T17:58:32+09:00,2026-10,CALL,69125,0.0,0.0,0.0,0.0,0.0,0.0,0.0,0.0,0.0,0.0,0.0,0.0,965.0,725.0,915.0,535.0,1.0,10.0,9.0,1.0,12.0,11.0,判定困難,0,判定困難,0,
2026/09/08 17:43,2026-09-08T17:58:32+09:00,2026-10,PUT,69125,0.0,0.0,0.0,0.0,0.0,0.0,0.0,0.0,0.0,0.0,0.0,0.0,3920.0,5020.0,3535.0,4690.0,5.0,8.0,3.0,6.0,8.0,2.0,判定困難,0,判定困難,0,
2026/09/08 17:43,2026-09-08T17:58:32+09:00,2026-10,CALL,69000,2945.0,0.0,-2945.0,45.0,2.0,-43.0,960.0,650.0,-310.0,26.11,27.17,1.0600000000000023,990.0,655.0,975.0,640.0,1.0,6.0,5.0,3.0,6.0,3.0,Ask寄り,0,判定困難,0,"OI_DECREASE,PRICE,IV"
2026/09/08 17:43,2026-09-08T17:58:32+09:00,2026-10,PUT,69000,210.0,0.0,-210.0,0.0,0.0,0.0,0.0,0.0,0.0,0.0,0.0,0.0,3810.0,4915.0,3475.0,4550.0,18.0,18.0,0.0,22.0,22.0,0.0,判定困難,0,判定困難,0,OI_DECREASE
2026/09/08 17:43,2026-09-08T17:58:32+09:00,2026-10,CALL,68875,0.0,0.0,0.0,1.0,0.0,-1.0,990.0,0.0,-990.0,26.19,0.0,-26.19,1065.0,840.0,1000.0,0.0,1.0,10.0,9.0,29.0,0.0,-29.0,判定困難,0,判定困難,0,"PRICE,IV"
2026/09/08 17:43,2026-09-08T17:58:32+09:00,2026-10,PUT,68875,0.0,0.0,0.0,0.0,0.0,0.0,0.0,0.0,0.0,0.0,0.0,0.0,3735.0,4825.0,3350.0,4495.0,5.0,8.0,3.0,6.0,8.0,2.0,判定困難,0,判定困難,0,
2026/09/08 17:43,2026-09-08T17:58:32+09:00,2026-10,CALL,68750,114.0,0.0,-114.0,0.0,0.0,0.0,0.0,0.0,0.0,0.0,0.0,0.0,1080.0,715.0,1050.0,695.0,11.0,14.0,3.0,1.0,2.0,1.0,判定困難,0,判定困難,0,OI_DECREASE
2026/09/08 17:43,2026-09-08T17:58:32+09:00,2026-10,PUT,68750,0.0,0.0,0.0,0.0,0.0,0.0,0.0,0.0,0.0,0.0,0.0,0.0,3635.0,4725.0,3465.0,4395.0,1.0,8.0,7.0,2.0,8.0,6.0,判定困難,0,判定困難,0,
2026/09/08 17:43,2026-09-08T17:58:32+09:00,2026-10,CALL,68625,0.0,0.0,0.0,0.0,0.0,0.0,0.0,0.0,0.0,0.0,0.0,0.0,1115.0,835.0,1070.0,655.0,7.0,1.0,-6.0,8.0,10.0,2.0,判定困難,0,判定困難,0,
2026/09/08 17:43,2026-09-08T17:58:32+09:00,2026-10,PUT,68625,0.0,0.0,0.0,0.0,0.0,0.0,0.0,0.0,0.0,0.0,0.0,0.0,3575.0,4635.0,3305.0,4300.0,5.0,8.0,3.0,5.0,8.0,3.0,判定困難,0,判定困難,0,
2026/09/08 17:43,2026-09-08T17:58:32+09:00,2026-10,CALL,68500,1186.0,0.0,-1186.0,8.0,0.0,-8.0,1115.0,0.0,-1115.0,26.19,0.0,-26.19,1155.0,765.0,1130.0,755.0,3.0,4.0,1.0,17.0,2.0,-15.0,判定困難,0,判定困難,0,"OI_DECREASE,PRICE,IV"
2026/09/08 17:43,2026-09-08T17:58:32+09:00,2026-10,PUT,68500,3.0,0.0,-3.0,0.0,0.0,0.0,0.0,0.0,0.0,0.0,0.0,0.0,3435.0,4525.0,3330.0,4215.0,14.0,2.0,-12.0,14.0,3.0,-11.0,判定困難,0,判定困難,0,
2026/09/08 17:43,2026-09-08T17:58:32+09:00,2026-10,CALL,68375,0.0,0.0,0.0,1.0,0.0,-1.0,1125.0,0.0,-1125.0,26.18,0.0,-26.18,1200.0,925.0,1155.0,0.0,7.0,10.0,3.0,8.0,0.0,-8.0,判定困難,0,判定困難,0,"PRICE,IV"
2026/09/08 17:43,2026-09-08T17:58:32+09:00,2026-10,PUT,68375,0.0,0.0,0.0,0.0,0.0,0.0,0.0,0.0,0.0,0.0,0.0,0.0,3400.0,4450.0,3135.0,4115.0,5.0,8.0,3.0,5.0,8.0,3.0,判定困難,0,判定困難,0,
2026/09/08 17:43,2026-09-08T17:58:32+09:00,2026-10,CALL,68250,8.0,0.0,-8.0,0.0,0.0,0.0,0.0,0.0,0.0,0.0,0.0,0.0,1250.0,845.0,1215.0,810.0,9.0,2.0,-7.0,9.0,2.0,-7.0,判定困難,0,判定困難,0,
2026/09/08 17:43,2026-09-08T17:58:32+09:00,2026-10,PUT,68250,0.0,0.0,0.0,0.0,0.0,0.0,0.0,0.0,0.0,0.0,0.0,0.0,3245.0,4350.0,3120.0,4010.0,6.0,8.0,2.0,13.0,8.0,-5.0,判定困難,0,判定困難,0,
2026/09/08 17:43,2026-09-08T17:58:32+09:00,2026-10,CALL,68125,6.0,0.0,-6.0,0.0,0.0,0.0,0.0,0.0,0.0,0.0,0.0,0.0,1290.0,990.0,1240.0,770.0,7.0,1.0,-6.0,28.0,10.0,-18.0,判定困難,0,判定困難,0,
2026/09/08 17:43,2026-09-08T17:58:32+09:00,2026-10,PUT,68125,0.0,0.0,0.0,0.0,0.0,0.0,0.0,0.0,0.0,0.0,0.0,0.0,3225.0,4275.0,2970.0,3940.0,5.0,8.0,3.0,5.0,8.0,3.0,判定困難,0,判定困難,0,
2026/09/08 17:43,2026-09-08T17:58:32+09:00,2026-10,CALL,68000,922.0,0.0,-922.0,200.0,3.0,-197.0,1315.0,880.0,-435.0,26.43,27.52,1.0899999999999999,1315.0,900.0,1310.0,880.0,10.0,42.0,32.0,3.0,6.0,3.0,Bid側,0,判定困難,0,"OI_DECREASE,PRICE,IV"
2026/09/08 17:43,2026-09-08T17:58:32+09:00,2026-10,PUT,68000,541.0,0.0,-541.0,4.0,0.0,-4.0,3190.0,0.0,-3190.0,25.43,0.0,-25.43,3085.0,4395.0,3005.0,3445.0,3.0,7.0,4.0,19.0,4.0,-15.0,判定困難,0,判定困難,0,"OI_DECREASE,PRICE,IV"
2026/09/08 17:43,2026-09-08T17:58:32+09:00,2026-10,CALL,67875,0.0,0.0,0.0,0.0,0.0,0.0,0.0,0.0,0.0,0.0,0.0,0.0,1390.0,1055.0,1345.0,835.0,7.0,1.0,-6.0,7.0,9.0,2.0,判定困難,0,判定困難,0,
2026/09/08 17:43,2026-09-08T17:58:32+09:00,2026-10,PUT,67875,0.0,0.0,0.0,0.0,0.0,0.0,0.0,0.0,0.0,0.0,0.0,0.0,3105.0,4090.0,2820.0,3750.0,5.0,8.0,3.0,5.0,8.0,3.0,判定困難,0,判定困難,0,
2026/09/08 17:43,2026-09-08T17:58:32+09:00,2026-10,CALL,67750,78.0,0.0,-78.0,3.0,0.0,-3.0,1360.0,0.0,-1360.0,26.24,0.0,-26.24,1440.0,980.0,1400.0,940.0,9.0,2.0,-7.0,1.0,2.0,1.0,判定困難,0,判定困難,0,"PRICE,IV"
2026/09/08 17:43,2026-09-08T17:58:32+09:00,2026-10,PUT,67750,9.0,0.0,-9.0,0.0,0.0,0.0,0.0,0.0,0.0,0.0,0.0,0.0,2935.0,3995.0,2825.0,3655.0,7.0,8.0,1.0,12.0,8.0,-4.0,判定困難,0,判定困難,0,
2026/09/08 17:43,2026-09-08T17:58:32+09:00,2026-10,CALL,67625,85.0,0.0,-85.0,1.0,0.0,-1.0,1455.0,0.0,-1455.0,26.07,0.0,-26.07,1485.0,1255.0,1430.0,0.0,7.0,9.0,2.0,7.0,0.0,-7.0,判定困難,0,判定困難,0,"PRICE,IV"
2026/09/08 17:43,2026-09-08T17:58:32+09:00,2026-10,PUT,67625,6.0,0.0,-6.0,0.0,0.0,0.0,0.0,0.0,0.0,0.0,0.0,0.0,2970.0,3915.0,2735.0,3570.0,5.0,8.0,3.0,6.0,8.0,2.0,判定困難,0,判定困難,0,
2026/09/08 17:43,2026-09-08T17:58:32+09:00,2026-10,CALL,67500,195.0,0.0,-195.0,31.0,0.0,-31.0,1425.0,0.0,-1425.0,26.49,0.0,-26.49,1525.0,1045.0,1505.0,1025.0,2.0,3.0,1.0,3.0,3.0,0.0,判定困難,0,判定困難,0,"OI_DECREASE,PRICE,IV"
2026/09/08 17:43,2026-09-08T17:58:32+09:00,2026-10,PUT,67500,38.0,0.0,-38.0,0.0,0.0,0.0,0.0,0.0,0.0,0.0,0.0,0.0,2790.0,3810.0,2750.0,3485.0,2.0,2.0,0.0,2.0,3.0,1.0,判定困難,0,判定困難,0,
2026/09/08 17:43,2026-09-08T17:58:32+09:00,2026-10,CALL,67375,74.0,0.0,-74.0,0.0,0.0,0.0,0.0,0.0,0.0,0.0,0.0,0.0,1590.0,1175.0,1535.0,945.0,7.0,8.0,1.0,7.0,9.0,2.0,判定困難,0,判定困難,0,
2026/09/08 17:43,2026-09-08T17:58:32+09:00,2026-10,PUT,67375,0.0,0.0,0.0,0.0,0.0,0.0,0.0,0.0,0.0,0.0,0.0,0.0,2775.0,3750.0,2610.0,3400.0,6.0,8.0,2.0,5.0,8.0,3.0,判定困難,0,判定困難,0,
2026/09/08 17:43,2026-09-08T17:58:32+09:00,2026-10,CALL,67250,0.0,0.0,0.0,1.0,0.0,-1.0,1550.0,0.0,-1550.0,26.47,0.0,-26.47,1645.0,1135.0,1595.0,1105.0,8.0,2.0,-6.0,9.0,2.0,-7.0,判定困難,0,判定困難,0,"PRICE,IV"
2026/09/08 17:43,2026-09-08T17:58:32+09:00,2026-10,PUT,67250,0.0,0.0,0.0,0.0,0.0,0.0,0.0,0.0,0.0,0.0,0.0,0.0,2640.0,3615.0,2575.0,3555.0,8.0,9.0,1.0,9.0,9.0,0.0,判定困難,0,判定困難,0,
2026/09/08 17:43,2026-09-08T17:58:32+09:00,2026-10,CALL,67125,0.0,0.0,0.0,0.0,0.0,0.0,0.0,0.0,0.0,0.0,0.0,0.0,1700.0,1195.0,1660.0,1115.0,1.0,1.0,0.0,7.0,9.0,2.0,判定困難,0,判定困難,0,
2026/09/08 17:43,2026-09-08T17:58:32+09:00,2026-10,PUT,67125,0.0,0.0,0.0,0.0,0.0,0.0,0.0,0.0,0.0,0.0,0.0,0.0,2570.0,3585.0,2510.0,3230.0,6.0,8.0,2.0,7.0,8.0,1.0,判定困難,0,判定困難,0,
2026/09/08 17:43,2026-09-08T17:58:32+09:00,2026-10,CALL,67000,852.0,0.0,-852.0,66.0,5.0,-61.0,1755.0,1185.0,-570.0,26.7,27.99,1.2899999999999991,1750.0,1210.0,1725.0,1195.0,3.0,6.0,3.0,3.0,2.0,-1.0,Bid側,0,判定困難,0,"OI_DECREASE,PRICE,IV"
2026/09/08 17:43,2026-09-08T17:58:32+09:00,2026-10,PUT,67000,511.0,0.0,-511.0,3.0,0.0,-3.0,2390.0,0.0,-2390.0,26.48,0.0,-26.48,2505.0,3495.0,2475.0,3340.0,21.0,5.0,-16.0,3.0,9.0,6.0,判定困難,0,判定困難,0,"OI_DECREASE,PRICE,IV"
2026/09/08 17:43,2026-09-08T17:58:32+09:00,2026-10,CALL,66875,6.0,0.0,-6.0,2.0,0.0,-2.0,1785.0,0.0,-1785.0,26.59,0.0,-26.59,1820.0,1315.0,1765.0,1195.0,7.0,20.0,13.0,7.0,20.0,13.0,判定困難,0,判定困難,0,"PRICE,IV"
2026/09/08 17:43,2026-09-08T17:58:32+09:00,2026-10,PUT,66875,0.0,0.0,0.0,0.0,0.0,0.0,0.0,0.0,0.0,0.0,0.0,0.0,2440.0,3430.0,2375.0,3065.0,7.0,8.0,1.0,7.0,8.0,1.0,判定困難,0,判定困難,0,
2026/09/08 17:43,2026-09-08T17:58:32+09:00,2026-10,CALL,66750,123.0,0.0,-123.0,0.0,0.0,0.0,0.0,0.0,0.0,0.0,0.0,0.0,1880.0,1315.0,1825.0,1260.0,9.0,2.0,-7.0,9.0,1.0,-8.0,判定困難,0,判定困難,0,OI_DECREASE
2026/09/08 17:43,2026-09-08T17:58:32+09:00,2026-10,PUT,66750,0.0,0.0,0.0,1.0,0.0,-1.0,2345.0,0.0,-2345.0,26.68,0.0,-26.68,2370.0,3310.0,2315.0,3225.0,8.0,1.0,-7.0,9.0,1.0,-8.0,判定困難,0,判定困難,0,"PRICE,IV"
2026/09/08 17:43,2026-09-08T17:58:32+09:00,2026-10,CALL,66625,0.0,0.0,0.0,0.0,0.0,0.0,0.0,0.0,0.0,0.0,0.0,0.0,1940.0,1380.0,1885.0,1290.0,7.0,1.0,-6.0,7.0,8.0,1.0,判定困難,0,判定困難,0,
2026/09/08 17:43,2026-09-08T17:58:32+09:00,2026-10,PUT,66625,0.0,0.0,0.0,0.0,0.0,0.0,0.0,0.0,0.0,0.0,0.0,0.0,2305.0,3275.0,2260.0,2910.0,7.0,1.0,-6.0,7.0,6.0,-1.0,判定困難,0,判定困難,0,
2026/09/08 17:43,2026-09-08T17:58:32+09:00,2026-10,CALL,66500,9.0,0.0,-9.0,8.0,0.0,-8.0,1935.0,0.0,-1935.0,27.06,0.0,-27.06,1990.0,1395.0,1965.0,1370.0,2.0,2.0,0.0,2.0,2.0,0.0,判定困難,0,判定困難,0,"PRICE,IV"
2026/09/08 17:43,2026-09-08T17:58:32+09:00,2026-10,PUT,66500,94.0,0.0,-94.0,4.0,0.0,-4.0,2180.0,0.0,-2180.0,26.91,0.0,-26.91,2240.0,3155.0,2215.0,3055.0,2.0,1.0,-1.0,2.0,1.0,-1.0,判定困難,0,判定困難,0,"PRICE,IV"
2026/09/08 17:43,2026-09-08T17:58:32+09:00,2026-10,CALL,66375,1.0,0.0,-1.0,0.0,0.0,0.0,0.0,0.0,0.0,0.0,0.0,0.0,2065.0,1505.0,2025.0,1385.0,7.0,20.0,13.0,7.0,20.0,13.0,判定困難,0,判定困難,0,
2026/09/08 17:43,2026-09-08T17:58:32+09:00,2026-10,PUT,66375,0.0,0.0,0.0,3.0,0.0,-3.0,2110.0,0.0,-2110.0,26.88,0.0,-26.88,2180.0,0.0,2125.0,2360.0,6.0,0.0,-6.0,27.0,6.0,-21.0,判定困難,0,判定困難,0,"PRICE,IV"
2026/09/08 17:43,2026-09-08T17:58:32+09:00,2026-10,CALL,66250,4.0,0.0,-4.0,0.0,0.0,0.0,0.0,0.0,0.0,0.0,0.0,0.0,2125.0,1515.0,2090.0,1470.0,8.0,2.0,-6.0,1.0,2.0,1.0,判定困難,0,判定困難,0,
2026/09/08 17:43,2026-09-08T17:58:32+09:00,2026-10,PUT,66250,0.0,0.0,0.0,5.0,0.0,-5.0,2020.0,0.0,-2020.0,26.9,0.0,-26.9,2120.0,2980.0,2065.0,2915.0,8.0,1.0,-7.0,29.0,1.0,-28.0,判定困難,0,判定困難,0,"PRICE,IV"
2026/09/08 17:43,2026-09-08T17:58:32+09:00,2026-10,CALL,66125,0.0,0.0,0.0,1.0,0.0,-1.0,1765.0,0.0,-1765.0,26.48,0.0,-26.48,2205.0,1565.0,2130.0,1485.0,40.0,1.0,-39.0,40.0,20.0,-20.0,判定困難,0,判定困難,0,"PRICE,IV"
2026/09/08 17:43,2026-09-08T17:58:32+09:00,2026-10,PUT,66125,0.0,0.0,0.0,1.0,0.0,-1.0,1965.0,0.0,-1965.0,27.06,0.0,-27.06,2065.0,0.0,2005.0,2165.0,7.0,0.0,-7.0,47.0,6.0,-41.0,判定困難,0,判定困難,0,"PRICE,IV"
2026/09/08 17:43,2026-09-08T17:58:32+09:00,2026-10,CALL,66000,1201.0,0.0,-1201.0,28.0,0.0,-28.0,2190.0,0.0,-2190.0,27.05,0.0,-27.05,2260.0,1600.0,2225.0,1585.0,41.0,1.0,-40.0,3.0,1.0,-2.0,判定困難,0,判定困難,0,"OI_DECREASE,PRICE,IV"
2026/09/08 17:43,2026-09-08T17:58:32+09:00,2026-10,PUT,66000,1097.0,0.0,-1097.0,52.0,11.0,-41.0,1935.0,2830.0,895.0,27.08,27.72,0.6400000000000006,2000.0,2845.0,1980.0,2780.0,3.0,4.0,1.0,3.0,4.0,1.0,Ask寄り,0,判定困難,0,"OI_DECREASE,PRICE,IV"
2026/09/08 17:43,2026-09-08T17:58:32+09:00,2026-10,CALL,65875,1.0,0.0,-1.0,1.0,0.0,-1.0,1890.0,0.0,-1890.0,26.63,0.0,-26.63,2390.0,1690.0,2195.0,1590.0,6.0,7.0,1.0,4.0,20.0,16.0,判定困難,0,判定困難,0,"PRICE,IV"
2026/09/08 17:43,2026-09-08T17:58:32+09:00,2026-10,PUT,65875,0.0,0.0,0.0,0.0,0.0,0.0,0.0,0.0,0.0,0.0,0.0,0.0,1950.0,2820.0,1900.0,2575.0,6.0,6.0,0.0,7.0,5.0,-2.0,判定困難,0,判定困難,0,
2026/09/08 17:43,2026-09-08T17:58:32+09:00,2026-10,CALL,65750,52.0,0.0,-52.0,4.0,0.0,-4.0,1950.0,0.0,-1950.0,26.66,0.0,-26.66,2415.0,1745.0,2350.0,1675.0,21.0,1.0,-20.0,1.0,1.0,0.0,判定困難,0,判定困難,0,"PRICE,IV"
2026/09/08 17:43,2026-09-08T17:58:32+09:00,2026-10,PUT,65750,116.0,0.0,-116.0,0.0,0.0,0.0,0.0,0.0,0.0,0.0,0.0,0.0,1890.0,2715.0,1845.0,2620.0,8.0,2.0,-6.0,2.0,2.0,0.0,判定困難,0,判定困難,0,OI_DECREASE
2026/09/08 17:43,2026-09-08T17:58:32+09:00,2026-10,CALL,65625,0.0,0.0,0.0,0.0,0.0,0.0,0.0,0.0,0.0,0.0,0.0,0.0,2510.0,1805.0,2380.0,1705.0,6.0,1.0,-5.0,10.0,7.0,-3.0,判定困難,0,判定困難,0,
2026/09/08 17:43,2026-09-08T17:58:32+09:00,2026-10,PUT,65625,0.0,0.0,0.0,0.0,0.0,0.0,0.0,0.0,0.0,0.0,0.0,0.0,1840.0,2650.0,1785.0,2550.0,6.0,5.0,-1.0,27.0,6.0,-21.0,判定困難,0,判定困難,0,
2026/09/08 17:43,2026-09-08T17:58:32+09:00,2026-10,CALL,65500,123.0,0.0,-123.0,0.0,1.0,1.0,0.0,1785.0,1785.0,0.0,28.55,28.55,2585.0,1830.0,2485.0,1810.0,3.0,2.0,-1.0,3.0,1.0,-2.0,Bid側,1785000.0,既存買いポジションの決済売りの可能性：高い,60,"OI_DECREASE,PRICE,IV,POSITION"
2026/09/08 17:43,2026-09-08T17:58:32+09:00,2026-10,PUT,65500,142.0,0.0,-142.0,10.0,0.0,-10.0,1705.0,0.0,-1705.0,27.48,0.0,-27.48,1785.0,2570.0,1760.0,2505.0,2.0,3.0,1.0,3.0,3.0,0.0,判定困難,0,判定困難,0,"OI_DECREASE,PRICE,IV"
2026/09/08 17:43,2026-09-08T17:58:32+09:00,2026-10,CALL,65375,0.0,0.0,0.0,0.0,0.0,0.0,0.0,0.0,0.0,0.0,0.0,0.0,2665.0,1930.0,2540.0,1820.0,6.0,7.0,1.0,1.0,7.0,6.0,判定困難,0,判定困難,0,
2026/09/08 17:43,2026-09-08T17:58:32+09:00,2026-10,PUT,65375,231.0,0.0,-231.0,0.0,0.0,0.0,0.0,0.0,0.0,0.0,0.0,0.0,1730.0,2515.0,1680.0,2405.0,1.0,7.0,6.0,7.0,7.0,0.0,判定困難,0,判定困難,0,OI_DECREASE
2026/09/08 17:43,2026-09-08T17:58:32+09:00,2026-10,CALL,65250,1.0,0.0,-1.0,0.0,0.0,0.0,0.0,0.0,0.0,0.0,0.0,0.0,2725.0,1985.0,2610.0,1925.0,2.0,2.0,0.0,8.0,2.0,-6.0,判定困難,0,判定困難,0,
2026/09/08 17:43,2026-09-08T17:58:32+09:00,2026-10,PUT,65250,9.0,0.0,-9.0,2.0,0.0,-2.0,1610.0,0.0,-1610.0,27.28,0.0,-27.28,1690.0,2445.0,1635.0,2385.0,9.0,1.0,-8.0,21.0,1.0,-20.0,判定困難,0,判定困難,0,"PRICE,IV"
2026/09/08 17:43,2026-09-08T17:58:32+09:00,2026-10,CALL,65125,0.0,0.0,0.0,0.0,0.0,0.0,0.0,0.0,0.0,0.0,0.0,0.0,2810.0,2055.0,2685.0,1945.0,6.0,7.0,1.0,6.0,7.0,1.0,判定困難,0,判定困難,0,
2026/09/08 17:43,2026-09-08T17:58:32+09:00,2026-10,PUT,65125,0.0,0.0,0.0,0.0,0.0,0.0,0.0,0.0,0.0,0.0,0.0,0.0,1635.0,2390.0,1585.0,2320.0,1.0,6.0,5.0,8.0,7.0,-1.0,判定困難,0,判定困難,0,
2026/09/08 17:43,2026-09-08T17:58:32+09:00,2026-10,CALL,65000,362.0,0.0,-362.0,0.0,0.0,0.0,0.0,0.0,0.0,0.0,0.0,0.0,2860.0,2075.0,2765.0,2045.0,4.0,2.0,-2.0,19.0,1.0,-18.0,判定困難,0,判定困難,0,OI_DECREASE
2026/09/08 17:43,2026-09-08T17:58:32+09:00,2026-10,PUT,65000,1838.0,0.0,-1838.0,41.0,2.0,-39.0,1570.0,2275.0,705.0,28.19,28.86,0.6699999999999982,1585.0,2315.0,1565.0,2260.0,3.0,4.0,1.0,4.0,4.0,0.0,Bid寄り,0,判定困難,0,"OI_DECREASE,PRICE,IV"
2026/09/08 17:43,2026-09-08T17:58:32+09:00,2026-10,CALL,64875,0.0,0.0,0.0,0.0,0.0,0.0,0.0,0.0,0.0,0.0,0.0,0.0,2965.0,2180.0,2795.0,2070.0,6.0,7.0,1.0,10.0,7.0,-3.0,判定困難,0,判定困難,0,
2026/09/08 17:43,2026-09-08T17:58:32+09:00,2026-10,PUT,64875,0.0,0.0,0.0,0.0,0.0,0.0,0.0,0.0,0.0,0.0,0.0,0.0,1545.0,2265.0,1485.0,2195.0,1.0,6.0,5.0,28.0,7.0,-21.0,判定困難,0,判定困難,0,
2026/09/08 17:43,2026-09-08T17:58:32+09:00,2026-10,CALL,64750,0.0,0.0,0.0,0.0,0.0,0.0,0.0,0.0,0.0,0.0,0.0,0.0,3035.0,2240.0,2915.0,2165.0,8.0,2.0,-6.0,8.0,2.0,-6.0,判定困難,0,判定困難,0,
2026/09/08 17:43,2026-09-08T17:58:32+09:00,2026-10,PUT,64750,3.0,0.0,-3.0,0.0,0.0,0.0,0.0,0.0,0.0,0.0,0.0,0.0,1495.0,2190.0,1445.0,2145.0,1.0,2.0,1.0,2.0,2.0,0.0,判定困難,0,判定困難,0,
2026/09/08 17:43,2026-09-08T17:58:32+09:00,2026-10,CALL,64625,0.0,0.0,0.0,0.0,0.0,0.0,0.0,0.0,0.0,0.0,0.0,0.0,3125.0,2310.0,2915.0,2200.0,6.0,7.0,1.0,5.0,7.0,2.0,判定困難,0,判定困難,0,
2026/09/08 17:43,2026-09-08T17:58:32+09:00,2026-10,PUT,64625,0.0,0.0,0.0,0.0,0.0,0.0,0.0,0.0,0.0,0.0,0.0,0.0,1450.0,2150.0,1410.0,2080.0,1.0,7.0,6.0,8.0,7.0,-1.0,判定困難,0,判定困難,0,
2026/09/08 17:43,2026-09-08T17:58:32+09:00,2026-10,CALL,64500,22.0,0.0,-22.0,1.0,0.0,-1.0,2880.0,0.0,-2880.0,27.29,0.0,-27.29,3205.0,2375.0,3095.0,2295.0,1.0,1.0,0.0,13.0,1.0,-12.0,判定困難,0,判定困難,0,"PRICE,IV"
2026/09/08 17:43,2026-09-08T17:58:32+09:00,2026-10,PUT,64500,463.0,0.0,-463.0,10.0,0.0,-10.0,1360.0,0.0,-1360.0,28.15,0.0,-28.15,1405.0,2070.0,1385.0,2040.0,2.0,2.0,0.0,3.0,1.0,-2.0,判定困難,0,判定困難,0,"OI_DECREASE,PRICE,IV"
2026/09/08 17:43,2026-09-08T17:58:32+09:00,2026-10,CALL,64375,0.0,0.0,0.0,0.0,0.0,0.0,0.0,0.0,0.0,0.0,0.0,0.0,3300.0,2450.0,2970.0,2370.0,6.0,7.0,1.0,5.0,6.0,1.0,判定困難,0,判定困難,0,
2026/09/08 17:43,2026-09-08T17:58:32+09:00,2026-10,PUT,64375,0.0,0.0,0.0,0.0,0.0,0.0,0.0,0.0,0.0,0.0,0.0,0.0,1375.0,2030.0,1310.0,1960.0,9.0,7.0,-2.0,29.0,1.0,-28.0,判定困難,0,判定困難,0,
2026/09/08 17:43,2026-09-08T17:58:32+09:00,2026-10,CALL,64250,0.0,0.0,0.0,0.0,0.0,0.0,0.0,0.0,0.0,0.0,0.0,0.0,3350.0,2520.0,3290.0,2445.0,3.0,8.0,5.0,3.0,2.0,-1.0,判定困難,0,判定困難,0,
2026/09/08 17:43,2026-09-08T17:58:32+09:00,2026-10,PUT,64250,104.0,0.0,-104.0,5.0,0.0,-5.0,1270.0,0.0,-1270.0,28.13,0.0,-28.13,1325.0,1975.0,1260.0,1915.0,1.0,1.0,0.0,52.0,1.0,-51.0,判定困難,0,判定困難,0,"OI_DECREASE,PRICE,IV"
2026/09/08 17:43,2026-09-08T17:58:32+09:00,2026-10,CALL,64125,0.0,0.0,0.0,0.0,0.0,0.0,0.0,0.0,0.0,0.0,0.0,0.0,3475.0,2730.0,3235.0,2380.0,6.0,5.0,-1.0,5.0,6.0,1.0,判定困難,0,判定困難,0,
2026/09/08 17:43,2026-09-08T17:58:32+09:00,2026-10,PUT,64125,0.0,0.0,0.0,0.0,0.0,0.0,0.0,0.0,0.0,0.0,0.0,0.0,1325.0,1930.0,1180.0,1855.0,9.0,7.0,-2.0,24.0,27.0,3.0,判定困難,0,判定困難,0,
2026/09/08 17:43,2026-09-08T17:58:32+09:00,2026-10,CALL,64000,241.0,0.0,-241.0,0.0,0.0,0.0,0.0,0.0,0.0,0.0,0.0,0.0,3505.0,2655.0,3460.0,2595.0,3.0,4.0,1.0,20.0,4.0,-16.0,判定困難,0,判定困難,0,OI_DECREASE
2026/09/08 17:43,2026-09-08T17:58:32+09:00,2026-10,PUT,64000,1332.0,0.0,-1332.0,46.0,7.0,-39.0,1195.0,1800.0,605.0,28.18,28.97,0.7899999999999991,1245.0,1855.0,1225.0,1835.0,4.0,1.0,-3.0,28.0,4.0,-24.0,Bid側,0,判定困難,0,"OI_DECREASE,PRICE,IV"
2026/09/08 17:43,2026-09-08T17:58:32+09:00,2026-10,CALL,63875,50.0,0.0,-50.0,0.0,0.0,0.0,0.0,0.0,0.0,0.0,0.0,0.0,3640.0,2820.0,3290.0,2535.0,6.0,5.0,-1.0,5.0,6.0,1.0,判定困難,0,判定困難,0,
2026/09/08 17:43,2026-09-08T17:58:32+09:00,2026-10,PUT,63875,55.0,0.0,-55.0,0.0,0.0,0.0,0.0,0.0,0.0,0.0,0.0,0.0,1240.0,1820.0,1080.0,1710.0,9.0,7.0,-2.0,24.0,7.0,-17.0,判定困難,0,判定困難,0,
2026/09/08 17:43,2026-09-08T17:58:32+09:00,2026-10,CALL,63750,0.0,0.0,0.0,0.0,0.0,0.0,0.0,0.0,0.0,0.0,0.0,0.0,3685.0,2825.0,3635.0,2745.0,7.0,2.0,-5.0,3.0,2.0,-1.0,判定困難,0,判定困難,0,
2026/09/08 17:43,2026-09-08T17:58:32+09:00,2026-10,PUT,63750,20.0,0.0,-20.0,2.0,0.0,-2.0,1085.0,0.0,-1085.0,28.34,0.0,-28.34,1180.0,1770.0,1135.0,1710.0,11.0,1.0,-10.0,13.0,1.0,-12.0,判定困難,0,判定困難,0,"PRICE,IV"
2026/09/08 17:43,2026-09-08T17:58:32+09:00,2026-10,CALL,63625,0.0,0.0,0.0,0.0,0.0,0.0,0.0,0.0,0.0,0.0,0.0,0.0,3820.0,3080.0,3455.0,2705.0,6.0,5.0,-1.0,5.0,6.0,1.0,判定困難,0,判定困難,0,
2026/09/08 17:43,2026-09-08T17:58:32+09:00,2026-10,PUT,63625,0.0,0.0,0.0,0.0,0.0,0.0,0.0,0.0,0.0,0.0,0.0,0.0,1160.0,1725.0,1025.0,1655.0,9.0,8.0,-1.0,24.0,8.0,-16.0,判定困難,0,判定困難,0,
2026/09/08 17:43,2026-09-08T17:58:32+09:00,2026-10,CALL,63500,1.0,0.0,-1.0,0.0,0.0,0.0,0.0,0.0,0.0,0.0,0.0,0.0,3890.0,2985.0,3800.0,2890.0,14.0,13.0,-1.0,14.0,3.0,-11.0,判定困難,0,判定困難,0,
2026/09/08 17:43,2026-09-08T17:58:32+09:00,2026-10,PUT,63500,183.0,0.0,-183.0,20.0,0.0,-20.0,1060.0,0.0,-1060.0,28.89,0.0,-28.89,1100.0,1660.0,1085.0,1635.0,3.0,2.0,-1.0,2.0,2.0,0.0,判定困難,0,判定困難,0,"OI_DECREASE,PRICE,IV"
2026/09/08 17:43,2026-09-08T17:58:32+09:00,2026-10,CALL,63375,0.0,0.0,0.0,0.0,0.0,0.0,0.0,0.0,0.0,0.0,0.0,0.0,4000.0,3205.0,3755.0,2835.0,6.0,5.0,-1.0,5.0,6.0,1.0,判定困難,0,判定困難,0,
2026/09/08 17:43,2026-09-08T17:58:32+09:00,2026-10,PUT,63375,237.0,0.0,-237.0,5.0,0.0,-5.0,1035.0,0.0,-1035.0,27.73,0.0,-27.73,1100.0,1640.0,945.0,1520.0,10.0,20.0,10.0,25.0,20.0,-5.0,判定困難,0,判定困難,0,"OI_DECREASE,PRICE,IV"
2026/09/08 17:43,2026-09-08T17:58:32+09:00,2026-10,CALL,63250,0.0,0.0,0.0,0.0,0.0,0.0,0.0,0.0,0.0,0.0,0.0,0.0,4095.0,3150.0,3760.0,3055.0,7.0,2.0,-5.0,2.0,2.0,0.0,判定困難,0,判定困難,0,
2026/09/08 17:43,2026-09-08T17:58:32+09:00,2026-10,PUT,63250,110.0,0.0,-110.0,5.0,0.0,-5.0,975.0,0.0,-975.0,28.91,0.0,-28.91,1040.0,1580.0,995.0,1535.0,12.0,2.0,-10.0,20.0,2.0,-18.0,判定困難,0,判定困難,0,"OI_DECREASE,PRICE,IV"
2026/09/08 17:43,2026-09-08T17:58:32+09:00,2026-10,CALL,63125,0.0,0.0,0.0,0.0,0.0,0.0,0.0,0.0,0.0,0.0,0.0,0.0,4190.0,3385.0,3810.0,3020.0,6.0,5.0,-1.0,5.0,6.0,1.0,判定困難,0,判定困難,0,
2026/09/08 17:43,2026-09-08T17:58:32+09:00,2026-10,PUT,63125,0.0,0.0,0.0,0.0,0.0,0.0,0.0,0.0,0.0,0.0,0.0,0.0,1035.0,1580.0,875.0,1470.0,10.0,8.0,-2.0,16.0,8.0,-8.0,判定困難,0,判定困難,0,
2026/09/08 17:43,2026-09-08T17:58:32+09:00,2026-10,CALL,63000,4.0,0.0,-4.0,0.0,0.0,0.0,0.0,0.0,0.0,0.0,0.0,0.0,4265.0,3315.0,3890.0,3200.0,18.0,23.0,5.0,22.0,19.0,-3.0,判定困難,0,判定困難,0,
2026/09/08 17:43,2026-09-08T17:58:32+09:00,2026-10,PUT,63000,808.0,0.0,-808.0,53.0,10.0,-43.0,925.0,1495.0,570.0,29.09,30.14,1.0500000000000007,970.0,1485.0,960.0,1465.0,1.0,5.0,4.0,3.0,4.0,1.0,Ask側,0,判定困難,0,"OI_DECREASE,PRICE,IV"
2026/09/08 17:43,2026-09-08T17:58:32+09:00,2026-10,CALL,62875,0.0,0.0,0.0,0.0,0.0,0.0,0.0,0.0,0.0,0.0,0.0,0.0,4380.0,3540.0,3995.0,3175.0,6.0,5.0,-1.0,5.0,6.0,1.0,判定困難,0,判定困難,0,
2026/09/08 17:43,2026-09-08T17:58:32+09:00,2026-10,PUT,62875,6.0,0.0,-6.0,81.0,0.0,-81.0,900.0,0.0,-900.0,29.1,0.0,-29.1,975.0,1500.0,880.0,1380.0,1.0,20.0,19.0,1.0,20.0,19.0,判定困難,0,判定困難,0,"PRICE,IV"
2026/09/08 17:43,2026-09-08T17:58:32+09:00,2026-10,CALL,62750,0.0,0.0,0.0,0.0,0.0,0.0,0.0,0.0,0.0,0.0,0.0,0.0,4480.0,3450.0,4155.0,3390.0,7.0,9.0,2.0,2.0,3.0,1.0,判定困難,0,判定困難,0,
2026/09/08 17:43,2026-09-08T17:58:32+09:00,2026-10,PUT,62750,196.0,0.0,-196.0,14.0,0.0,-14.0,855.0,0.0,-855.0,29.34,0.0,-29.34,925.0,1415.0,880.0,1370.0,1.0,1.0,0.0,24.0,1.0,-23.0,判定困難,0,判定困難,0,"OI_DECREASE,PRICE,IV"
2026/09/08 17:43,2026-09-08T17:58:32+09:00,2026-10,CALL,62625,0.0,0.0,0.0,0.0,0.0,0.0,0.0,0.0,0.0,0.0,0.0,0.0,4575.0,3710.0,4305.0,3355.0,6.0,8.0,2.0,5.0,8.0,3.0,判定困難,0,判定困難,0,
2026/09/08 17:43,2026-09-08T17:58:32+09:00,2026-10,PUT,62625,130.0,0.0,-130.0,0.0,0.0,0.0,0.0,0.0,0.0,0.0,0.0,0.0,885.0,1390.0,790.0,1300.0,2.0,9.0,7.0,25.0,8.0,-17.0,判定困難,0,判定困難,0,OI_DECREASE
2026/09/08 17:43,2026-09-08T17:58:32+09:00,2026-10,CALL,62500,0.0,0.0,0.0,0.0,0.0,0.0,0.0,0.0,0.0,0.0,0.0,0.0,4665.0,3635.0,4365.0,3545.0,2.0,5.0,3.0,3.0,14.0,11.0,判定困難,0,判定困難,0,
2026/09/08 17:43,2026-09-08T17:58:32+09:00,2026-10,PUT,62500,660.0,0.0,-660.0,40.0,0.0,-40.0,815.0,0.0,-815.0,29.6,0.0,-29.6,860.0,1325.0,845.0,1305.0,3.0,5.0,2.0,2.0,4.0,2.0,判定困難,0,判定困難,0,"OI_DECREASE,PRICE,IV"
2026/09/08 17:43,2026-09-08T17:58:32+09:00,2026-10,CALL,62375,0.0,0.0,0.0,0.0,0.0,0.0,0.0,0.0,0.0,0.0,0.0,0.0,4775.0,3910.0,4505.0,3565.0,6.0,8.0,2.0,5.0,8.0,3.0,判定困難,0,判定困難,0,
2026/09/08 17:43,2026-09-08T17:58:32+09:00,2026-10,PUT,62375,6.0,0.0,-6.0,0.0,0.0,0.0,0.0,0.0,0.0,0.0,0.0,0.0,840.0,1405.0,735.0,1170.0,12.0,8.0,-4.0,27.0,8.0,-19.0,判定困難,0,判定困難,0,
2026/09/08 17:43,2026-09-08T17:58:32+09:00,2026-10,CALL,62250,0.0,0.0,0.0,0.0,0.0,0.0,0.0,0.0,0.0,0.0,0.0,0.0,4875.0,3835.0,4550.0,3720.0,8.0,4.0,-4.0,2.0,4.0,2.0,判定困難,0,判定困難,0,
2026/09/08 17:43,2026-09-08T17:58:32+09:00,2026-10,PUT,62250,63.0,0.0,-63.0,9.0,0.0,-9.0,790.0,0.0,-790.0,30.21,0.0,-30.21,815.0,1270.0,790.0,1225.0,12.0,2.0,-10.0,12.0,2.0,-10.0,判定困難,0,判定困難,0,"PRICE,IV"
2026/09/08 17:43,2026-09-08T17:58:32+09:00,2026-10,CALL,62125,0.0,0.0,0.0,0.0,0.0,0.0,0.0,0.0,0.0,0.0,0.0,0.0,4975.0,4085.0,4700.0,3730.0,6.0,8.0,2.0,5.0,3.0,-2.0,判定困難,0,判定困難,0,
2026/09/08 17:43,2026-09-08T17:58:32+09:00,2026-10,PUT,62125,0.0,0.0,0.0,0.0,0.0,0.0,0.0,0.0,0.0,0.0,0.0,0.0,790.0,1335.0,705.0,1035.0,12.0,8.0,-4.0,12.0,8.0,-4.0,判定困難,0,判定困難,0,
2026/09/08 17:43,2026-09-08T17:58:32+09:00,2026-10,CALL,62000,49.0,0.0,-49.0,0.0,0.0,0.0,0.0,0.0,0.0,0.0,0.0,0.0,5050.0,3980.0,4705.0,3925.0,18.0,20.0,2.0,22.0,2.0,-20.0,判定困難,0,判定困難,0,
2026/09/08 17:43,2026-09-08T17:58:32+09:00,2026-10,PUT,62000,1141.0,0.0,-1141.0,60.0,1.0,-59.0,755.0,1175.0,420.0,30.68,30.98,0.3000000000000007,760.0,1180.0,745.0,1160.0,37.0,3.0,-34.0,6.0,41.0,35.0,Ask寄り,0,判定困難,0,"OI_DECREASE,PRICE"
2026/09/08 17:43,2026-09-08T17:58:32+09:00,2026-10,CALL,61875,0.0,0.0,0.0,0.0,0.0,0.0,0.0,0.0,0.0,0.0,0.0,0.0,5175.0,4280.0,4895.0,3945.0,6.0,8.0,2.0,5.0,8.0,3.0,判定困難,0,判定困難,0,
2026/09/08 17:43,2026-09-08T17:58:32+09:00,2026-10,PUT,61875,22.0,0.0,-22.0,0.0,0.0,0.0,0.0,0.0,0.0,0.0,0.0,0.0,750.0,1260.0,625.0,1020.0,12.0,9.0,-3.0,27.0,8.0,-19.0,判定困難,0,判定困難,0,
2026/09/08 17:43,2026-09-08T17:58:32+09:00,2026-10,CALL,61750,0.0,0.0,0.0,0.0,0.0,0.0,0.0,0.0,0.0,0.0,0.0,0.0,5285.0,4385.0,4965.0,4045.0,7.0,8.0,1.0,2.0,8.0,6.0,判定困難,0,判定困難,0,
2026/09/08 17:43,2026-09-08T17:58:32+09:00,2026-10,PUT,61750,63.0,0.0,-63.0,9.0,0.0,-9.0,670.0,0.0,-670.0,30.19,0.0,-30.19,715.0,1120.0,695.0,1095.0,14.0,13.0,-1.0,4.0,13.0,9.0,判定困難,0,判定困難,0,"PRICE,IV"
2026/09/08 17:43,2026-09-08T17:58:32+09:00,2026-10,CALL,61625,0.0,0.0,0.0,0.0,0.0,0.0,0.0,0.0,0.0,0.0,0.0,0.0,5390.0,4450.0,5100.0,4105.0,6.0,8.0,2.0,4.0,8.0,4.0,判定困難,0,判定困難,0,
2026/09/08 17:43,2026-09-08T17:58:32+09:00,2026-10,PUT,61625,104.0,0.0,-104.0,0.0,0.0,0.0,0.0,0.0,0.0,0.0,0.0,0.0,720.0,1120.0,605.0,965.0,12.0,9.0,-3.0,27.0,8.0,-19.0,判定困難,0,判定困難,0,OI_DECREASE
2026/09/08 17:43,2026-09-08T17:58:32+09:00,2026-10,CALL,61500,0.0,0.0,0.0,0.0,0.0,0.0,0.0,0.0,0.0,0.0,0.0,0.0,5485.0,4700.0,5190.0,4220.0,2.0,3.0,1.0,11.0,3.0,-8.0,判定困難,0,判定困難,0,
2026/09/08 17:43,2026-09-08T17:58:32+09:00,2026-10,PUT,61500,19.0,0.0,-19.0,34.0,0.0,-34.0,620.0,0.0,-620.0,30.54,0.0,-30.54,670.0,1050.0,655.0,1035.0,5.0,3.0,-2.0,5.0,2.0,-3.0,判定困難,0,判定困難,0,"PRICE,IV"
2026/09/08 17:43,2026-09-08T17:58:32+09:00,2026-10,CALL,61375,0.0,0.0,0.0,0.0,0.0,0.0,0.0,0.0,0.0,0.0,0.0,0.0,5595.0,4645.0,5305.0,4300.0,6.0,8.0,2.0,5.0,8.0,3.0,判定困難,0,判定困難,0,
2026/09/08 17:43,2026-09-08T17:58:32+09:00,2026-10,PUT,61375,109.0,0.0,-109.0,0.0,0.0,0.0,0.0,0.0,0.0,0.0,0.0,0.0,660.0,1065.0,560.0,855.0,12.0,10.0,-2.0,27.0,9.0,-18.0,判定困難,0,判定困難,0,OI_DECREASE
2026/09/08 17:43,2026-09-08T17:58:32+09:00,2026-10,CALL,61250,0.0,0.0,0.0,0.0,0.0,0.0,0.0,0.0,0.0,0.0,0.0,0.0,5710.0,4905.0,5410.0,4405.0,7.0,8.0,1.0,5.0,8.0,3.0,判定困難,0,判定困難,0,
2026/09/08 17:43,2026-09-08T17:58:32+09:00,2026-10,PUT,61250,106.0,0.0,-106.0,6.0,0.0,-6.0,600.0,0.0,-600.0,30.83,0.0,-30.83,640.0,995.0,615.0,970.0,2.0,2.0,0.0,2.0,2.0,0.0,判定困難,0,判定困難,0,"OI_DECREASE,PRICE,IV"
2026/09/08 17:43,2026-09-08T17:58:32+09:00,2026-10,CALL,61125,0.0,0.0,0.0,0.0,0.0,0.0,0.0,0.0,0.0,0.0,0.0,0.0,5810.0,4845.0,5520.0,4505.0,6.0,8.0,2.0,4.0,8.0,4.0,判定困難,0,判定困難,0,
2026/09/08 17:43,2026-09-08T17:58:32+09:00,2026-10,PUT,61125,91.0,0.0,-91.0,0.0,0.0,0.0,0.0,0.0,0.0,0.0,0.0,0.0,640.0,1020.0,510.0,795.0,12.0,10.0,-2.0,27.0,10.0,-17.0,判定困難,0,判定困難,0,
2026/09/08 17:43,2026-09-08T17:58:32+09:00,2026-10,CALL,61000,201.0,0.0,-201.0,0.0,0.0,0.0,0.0,0.0,0.0,0.0,0.0,0.0,5920.0,5070.0,5605.0,4600.0,18.0,22.0,4.0,12.0,22.0,10.0,判定困難,0,判定困難,0,OI_DECREASE
2026/09/08 17:43,2026-09-08T17:58:32+09:00,2026-10,PUT,61000,660.0,0.0,-660.0,24.0,1.0,-23.0,590.0,920.0,330.0,31.0,31.77,0.7699999999999996,590.0,935.0,580.0,920.0,6.0,3.0,-3.0,1.0,45.0,44.0,Bid側,0,判定困難,0,"OI_DECREASE,PRICE,IV"
2026/09/08 17:43,2026-09-08T17:58:32+09:00,2026-10,CALL,60875,0.0,0.0,0.0,0.0,0.0,0.0,0.0,0.0,0.0,0.0,0.0,0.0,6030.0,5210.0,5580.0,4710.0,6.0,8.0,2.0,5.0,8.0,3.0,判定困難,0,判定困難,0,
2026/09/08 17:43,2026-09-08T17:58:32+09:00,2026-10,PUT,60875,4.0,0.0,-4.0,0.0,0.0,0.0,0.0,0.0,0.0,0.0,0.0,0.0,595.0,975.0,490.0,750.0,12.0,10.0,-2.0,12.0,1.0,-11.0,判定困難,0,判定困難,0,
2026/09/08 17:43,2026-09-08T17:58:32+09:00,2026-10,CALL,60750,0.0,0.0,0.0,0.0,0.0,0.0,0.0,0.0,0.0,0.0,0.0,0.0,6140.0,5305.0,5675.0,4805.0,7.0,8.0,1.0,6.0,8.0,2.0,判定困難,0,判定困難,0,
2026/09/08 17:43,2026-09-08T17:58:32+09:00,2026-10,PUT,60750,123.0,0.0,-123.0,1.0,0.0,-1.0,550.0,0.0,-550.0,31.37,0.0,-31.37,565.0,890.0,545.0,865.0,2.0,2.0,0.0,2.0,2.0,0.0,判定困難,0,判定困難,0,"OI_DECREASE,PRICE,IV"
2026/09/08 17:43,2026-09-08T17:58:32+09:00,2026-10,CALL,60625,0.0,0.0,0.0,0.0,0.0,0.0,0.0,0.0,0.0,0.0,0.0,0.0,6245.0,5395.0,5790.0,4895.0,6.0,8.0,2.0,5.0,8.0,3.0,判定困難,0,判定困難,0,
2026/09/08 17:43,2026-09-08T17:58:32+09:00,2026-10,PUT,60625,11.0,0.0,-11.0,0.0,0.0,0.0,0.0,0.0,0.0,0.0,0.0,0.0,560.0,905.0,440.0,720.0,14.0,10.0,-4.0,28.0,10.0,-18.0,判定困難,0,判定困難,0,
2026/09/08 17:43,2026-09-08T17:58:32+09:00,2026-10,CALL,60500,100.0,0.0,-100.0,0.0,0.0,0.0,0.0,0.0,0.0,0.0,0.0,0.0,6360.0,5500.0,6035.0,5020.0,12.0,3.0,-9.0,8.0,3.0,-5.0,判定困難,0,判定困難,0,OI_DECREASE
2026/09/08 17:43,2026-09-08T17:58:32+09:00,2026-10,PUT,60500,301.0,0.0,-301.0,10.0,3.0,-7.0,520.0,835.0,315.0,31.64,32.53,0.8900000000000006,525.0,835.0,515.0,820.0,25.0,3.0,-22.0,1.0,5.0,4.0,Ask側,0,判定困難,0,"OI_DECREASE,PRICE,IV"
2026/09/08 17:43,2026-09-08T17:58:32+09:00,2026-10,CALL,60375,0.0,0.0,0.0,0.0,0.0,0.0,0.0,0.0,0.0,0.0,0.0,0.0,6470.0,5610.0,6165.0,5110.0,5.0,8.0,3.0,4.0,8.0,4.0,判定困難,0,判定困難,0,
2026/09/08 17:43,2026-09-08T17:58:32+09:00,2026-10,PUT,60375,778.0,0.0,-778.0,0.0,0.0,0.0,0.0,0.0,0.0,0.0,0.0,0.0,520.0,850.0,405.0,670.0,14.0,11.0,-3.0,29.0,1.0,-28.0,判定困難,0,判定困難,0,OI_DECREASE
2026/09/08 17:43,2026-09-08T17:58:32+09:00,2026-10,CALL,60250,0.0,0.0,0.0,0.0,0.0,0.0,0.0,0.0,0.0,0.0,0.0,0.0,6580.0,5710.0,6105.0,5210.0,7.0,8.0,1.0,6.0,8.0,2.0,判定困難,0,判定困難,0,
2026/09/08 17:43,2026-09-08T17:58:32+09:00,2026-10,PUT,60250,21.0,0.0,-21.0,6.0,0.0,-6.0,470.0,0.0,-470.0,32.08,0.0,-32.08,500.0,790.0,475.0,775.0,16.0,2.0,-14.0,18.0,2.0,-16.0,判定困難,0,判定困難,0,"PRICE,IV"
2026/09/08 17:43,2026-09-08T17:58:32+09:00,2026-10,CALL,60125,0.0,0.0,0.0,0.0,0.0,0.0,0.0,0.0,0.0,0.0,0.0,0.0,6690.0,5830.0,6230.0,5330.0,6.0,8.0,2.0,5.0,8.0,3.0,判定困難,0,判定困難,0,
2026/09/08 17:43,2026-09-08T17:58:32+09:00,2026-10,PUT,60125,5.0,0.0,-5.0,0.0,0.0,0.0,0.0,0.0,0.0,0.0,0.0,0.0,505.0,820.0,390.0,630.0,1.0,12.0,11.0,29.0,10.0,-19.0,判定困難,0,判定困難,0,
2026/09/08 17:43,2026-09-08T17:58:32+09:00,2026-10,CALL,60000,1.0,0.0,-1.0,0.0,0.0,0.0,0.0,0.0,0.0,0.0,0.0,0.0,6800.0,5595.0,6310.0,5455.0,18.0,18.0,0.0,15.0,18.0,3.0,判定困難,0,判定困難,0,
2026/09/08 17:43,2026-09-08T17:58:32+09:00,2026-10,PUT,60000,8429.0,0.0,-8429.0,56.0,3.0,-53.0,460.0,740.0,280.0,32.14,32.95,0.8100000000000023,465.0,745.0,455.0,730.0,10.0,10.0,0.0,1.0,20.0,19.0,Ask寄り,0,判定困難,0,"OI_DECREASE,PRICE,IV"
2026/09/08 17:43,2026-09-08T17:58:32+09:00,2026-10,CALL,59875,0.0,0.0,0.0,0.0,0.0,0.0,0.0,0.0,0.0,0.0,0.0,0.0,6920.0,6045.0,6605.0,5545.0,6.0,6.0,0.0,4.0,6.0,2.0,判定困難,0,判定困難,0,
2026/09/08 17:43,2026-09-08T17:58:32+09:00,2026-10,PUT,59875,41.0,0.0,-41.0,0.0,0.0,0.0,0.0,0.0,0.0,0.0,0.0,0.0,475.0,785.0,355.0,595.0,14.0,12.0,-2.0,29.0,10.0,-19.0,判定困難,0,判定困難,0,
2026/09/08 17:43,2026-09-08T17:58:32+09:00,2026-10,CALL,59750,0.0,0.0,0.0,0.0,0.0,0.0,0.0,0.0,0.0,0.0,0.0,0.0,7030.0,6130.0,6545.0,5630.0,7.0,7.0,0.0,6.0,7.0,1.0,判定困難,0,判定困難,0,
2026/09/08 17:43,2026-09-08T17:58:32+09:00,2026-10,PUT,59750,58.0,0.0,-58.0,0.0,0.0,0.0,0.0,0.0,0.0,0.0,0.0,0.0,440.0,705.0,425.0,685.0,3.0,2.0,-1.0,5.0,2.0,-3.0,判定困難,0,判定困難,0,
2026/09/08 17:43,2026-09-08T17:58:32+09:00,2026-10,CALL,59625,0.0,0.0,0.0,0.0,0.0,0.0,0.0,0.0,0.0,0.0,0.0,0.0,7135.0,6245.0,6675.0,5745.0,6.0,6.0,0.0,5.0,6.0,1.0,判定困難,0,判定困難,0,
2026/09/08 17:43,2026-09-08T17:58:32+09:00,2026-10,PUT,59625,20.0,0.0,-20.0,0.0,0.0,0.0,0.0,0.0,0.0,0.0,0.0,0.0,455.0,735.0,340.0,550.0,14.0,12.0,-2.0,14.0,2.0,-12.0,判定困難,0,判定困難,0,
2026/09/08 17:43,2026-09-08T17:58:32+09:00,2026-10,CALL,59500,0.0,0.0,0.0,0.0,0.0,0.0,0.0,0.0,0.0,0.0,0.0,0.0,7255.0,6350.0,6765.0,5850.0,12.0,12.0,0.0,10.0,12.0,2.0,判定困難,0,判定困難,0,
2026/09/08 17:43,2026-09-08T17:58:32+09:00,2026-10,PUT,59500,86.0,0.0,-86.0,2.0,0.0,-2.0,415.0,0.0,-415.0,31.18,0.0,-31.18,410.0,665.0,405.0,650.0,6.0,3.0,-3.0,1.0,7.0,6.0,判定困難,0,判定困難,0,"PRICE,IV"
2026/09/08 17:43,2026-09-08T17:58:32+09:00,2026-10,CALL,59375,0.0,0.0,0.0,0.0,0.0,0.0,0.0,0.0,0.0,0.0,0.0,0.0,7370.0,6415.0,6905.0,5915.0,6.0,6.0,0.0,5.0,6.0,1.0,判定困難,0,判定困難,0,
2026/09/08 17:43,2026-09-08T17:58:32+09:00,2026-10,PUT,59375,2.0,0.0,-2.0,0.0,2.0,2.0,0.0,655.0,655.0,0.0,34.13,34.13,425.0,745.0,320.0,530.0,14.0,10.0,-4.0,14.0,12.0,-2.0,Ask寄り,1310000.0,既存売りポジションの決済買いの可能性：高い,65,"PRICE,IV,POSITION"
2026/09/08 17:43,2026-09-08T17:58:32+09:00,2026-10,CALL,59250,0.0,0.0,0.0,0.0,0.0,0.0,0.0,0.0,0.0,0.0,0.0,0.0,7485.0,6535.0,7005.0,6035.0,7.0,7.0,0.0,6.0,7.0,1.0,判定困難,0,判定困難,0,
2026/09/08 17:43,2026-09-08T17:58:32+09:00,2026-10,PUT,59250,159.0,0.0,-159.0,0.0,2.0,2.0,0.0,610.0,610.0,0.0,33.9,33.9,390.0,630.0,380.0,615.0,3.0,4.0,1.0,3.0,2.0,-1.0,Bid側,1220000.0,既存買いポジションの決済売りの可能性：高い,60,"OI_DECREASE,PRICE,IV,POSITION"
2026/09/08 17:43,2026-09-08T17:58:32+09:00,2026-10,CALL,59125,0.0,0.0,0.0,0.0,0.0,0.0,0.0,0.0,0.0,0.0,0.0,0.0,7600.0,6645.0,7125.0,6145.0,6.0,6.0,0.0,5.0,6.0,1.0,判定困難,0,判定困難,0,
2026/09/08 17:43,2026-09-08T17:58:32+09:00,2026-10,PUT,59125,63.0,0.0,-63.0,0.0,0.0,0.0,0.0,0.0,0.0,0.0,0.0,0.0,410.0,635.0,299.0,460.0,14.0,12.0,-2.0,29.0,10.0,-19.0,判定困難,0,判定困難,0,
2026/09/08 17:43,2026-09-08T17:58:32+09:00,2026-10,CALL,59000,0.0,0.0,0.0,0.0,0.0,0.0,0.0,0.0,0.0,0.0,0.0,0.0,7715.0,6760.0,7215.0,6260.0,18.0,18.0,0.0,18.0,18.0,0.0,判定困難,0,判定困難,0,
2026/09/08 17:43,2026-09-08T17:58:32+09:00,2026-10,PUT,59000,800.0,0.0,-800.0,30.0,7.0,-23.0,345.0,580.0,235.0,33.47,34.44,0.9699999999999989,365.0,595.0,360.0,585.0,10.0,19.0,9.0,1.0,2.0,1.0,Bid側,0,判定困難,0,"OI_DECREASE,PRICE,IV"
2026/09/08 17:43,2026-09-08T17:58:32+09:00,2026-10,CALL,58875,0.0,0.0,0.0,0.0,0.0,0.0,0.0,0.0,0.0,0.0,0.0,0.0,7825.0,6885.0,7355.0,6385.0,6.0,6.0,0.0,5.0,6.0,1.0,判定困難,0,判定困難,0,
2026/09/08 17:43,2026-09-08T17:58:32+09:00,2026-10,PUT,58875,2.0,0.0,-2.0,0.0,0.0,0.0,0.0,0.0,0.0,0.0,0.0,0.0,385.0,625.0,282.0,435.0,14.0,12.0,-2.0,11.0,12.0,1.0,判定困難,0,判定困難,0,
2026/09/08 17:43,2026-09-08T17:58:32+09:00,2026-10,CALL,58750,0.0,0.0,0.0,0.0,0.0,0.0,0.0,0.0,0.0,0.0,0.0,0.0,7945.0,7005.0,7470.0,6505.0,7.0,7.0,0.0,6.0,7.0,1.0,判定困難,0,判定困難,0,
2026/09/08 17:43,2026-09-08T17:58:32+09:00,2026-10,PUT,58750,32.0,0.0,-32.0,0.0,0.0,0.0,0.0,0.0,0.0,0.0,0.0,0.0,345.0,565.0,335.0,550.0,3.0,2.0,-1.0,18.0,2.0,-16.0,判定困難,0,判定困難,0,
2026/09/08 17:43,2026-09-08T17:58:32+09:00,2026-10,CALL,58625,0.0,0.0,0.0,0.0,0.0,0.0,0.0,0.0,0.0,0.0,0.0,0.0,8070.0,7080.0,7580.0,6580.0,6.0,6.0,0.0,5.0,6.0,1.0,判定困難,0,判定困難,0,
2026/09/08 17:43,2026-09-08T17:58:32+09:00,2026-10,PUT,58625,60.0,0.0,-60.0,0.0,0.0,0.0,0.0,0.0,0.0,0.0,0.0,0.0,365.0,570.0,269.0,405.0,14.0,10.0,-4.0,3.0,12.0,9.0,判定困難,0,判定困難,0,
2026/09/08 17:43,2026-09-08T17:58:32+09:00,2026-10,CALL,58500,0.0,0.0,0.0,0.0,0.0,0.0,0.0,0.0,0.0,0.0,0.0,0.0,8180.0,7205.0,7680.0,6705.0,12.0,12.0,0.0,12.0,12.0,0.0,判定困難,0,判定困難,0,
2026/09/08 17:43,2026-09-08T17:58:32+09:00,2026-10,PUT,58500,291.0,0.0,-291.0,7.0,0.0,-7.0,310.0,0.0,-310.0,34.2,0.0,-34.2,325.0,530.0,320.0,520.0,6.0,3.0,-3.0,1.0,3.0,2.0,判定困難,0,判定困難,0,"OI_DECREASE,PRICE,IV"
2026/09/08 17:43,2026-09-08T17:58:32+09:00,2026-10,CALL,58375,0.0,0.0,0.0,0.0,0.0,0.0,0.0,0.0,0.0,0.0,0.0,0.0,8295.0,7320.0,7820.0,6820.0,6.0,6.0,0.0,5.0,6.0,1.0,判定困難,0,判定困難,0,
2026/09/08 17:43,2026-09-08T17:58:32+09:00,2026-10,PUT,58375,483.0,0.0,-483.0,0.0,0.0,0.0,0.0,0.0,0.0,0.0,0.0,0.0,340.0,540.0,299.0,395.0,3.0,13.0,10.0,14.0,13.0,-1.0,判定困難,0,判定困難,0,OI_DECREASE
2026/09/08 17:43,2026-09-08T17:58:32+09:00,2026-10,CALL,58250,0.0,0.0,0.0,0.0,0.0,0.0,0.0,0.0,0.0,0.0,0.0,0.0,8415.0,7440.0,7935.0,6940.0,7.0,7.0,0.0,6.0,7.0,1.0,判定困難,0,判定困難,0,
2026/09/08 17:43,2026-09-08T17:58:32+09:00,2026-10,PUT,58250,116.0,0.0,-116.0,0.0,0.0,0.0,0.0,0.0,0.0,0.0,0.0,0.0,310.0,505.0,293.0,490.0,16.0,2.0,-14.0,18.0,2.0,-16.0,判定困難,0,判定困難,0,OI_DECREASE
2026/09/08 17:43,2026-09-08T17:58:32+09:00,2026-10,CALL,58000,0.0,0.0,0.0,0.0,0.0,0.0,0.0,0.0,0.0,0.0,0.0,0.0,8650.0,7675.0,8150.0,7175.0,18.0,18.0,0.0,18.0,18.0,0.0,判定困難,0,判定困難,0,
2026/09/08 17:43,2026-09-08T17:58:32+09:00,2026-10,PUT,58000,2249.0,0.0,-2249.0,49.0,0.0,-49.0,273.0,0.0,-273.0,34.81,0.0,-34.81,291.0,480.0,286.0,465.0,9.0,23.0,14.0,1.0,3.0,2.0,判定困難,0,判定困難,0,"OI_DECREASE,PRICE,IV"
2026/09/08 17:43,2026-09-08T17:58:32+09:00,2026-10,CALL,57750,0.0,0.0,0.0,0.0,0.0,0.0,0.0,0.0,0.0,0.0,0.0,0.0,8885.0,7905.0,8510.0,7405.0,6.0,7.0,1.0,6.0,7.0,1.0,判定困難,0,判定困難,0,
2026/09/08 17:43,2026-09-08T17:58:32+09:00,2026-10,PUT,57750,74.0,0.0,-74.0,0.0,0.0,0.0,0.0,0.0,0.0,0.0,0.0,0.0,279.0,455.0,263.0,440.0,13.0,5.0,-8.0,18.0,5.0,-13.0,判定困難,0,判定困難,0,
2026/09/08 17:43,2026-09-08T17:58:32+09:00,2026-10,CALL,57500,0.0,0.0,0.0,0.0,0.0,0.0,0.0,0.0,0.0,0.0,0.0,0.0,9120.0,8135.0,8660.0,7635.0,12.0,12.0,0.0,10.0,12.0,2.0,判定困難,0,判定困難,0,
2026/09/08 17:43,2026-09-08T17:58:32+09:00,2026-10,PUT,57500,333.0,0.0,-333.0,9.0,1.0,-8.0,246.0,410.0,164.0,35.47,36.18,0.7100000000000009,261.0,430.0,257.0,415.0,6.0,20.0,14.0,1.0,9.0,8.0,Bid側,0,判定困難,0,"OI_DECREASE,PRICE,IV"
2026/09/08 17:43,2026-09-08T17:58:32+09:00,2026-10,CALL,57250,0.0,0.0,0.0,0.0,0.0,0.0,0.0,0.0,0.0,0.0,0.0,0.0,9360.0,8360.0,8930.0,7860.0,7.0,7.0,0.0,6.0,7.0,1.0,判定困難,0,判定困難,0,
2026/09/08 17:43,2026-09-08T17:58:32+09:00,2026-10,PUT,57250,101.0,0.0,-101.0,0.0,0.0,0.0,0.0,0.0,0.0,0.0,0.0,0.0,248.0,410.0,234.0,395.0,3.0,5.0,2.0,22.0,2.0,-20.0,判定困難,0,判定困難,0,OI_DECREASE
2026/09/08 17:43,2026-09-08T17:58:32+09:00,2026-10,CALL,57000,1.0,0.0,-1.0,0.0,0.0,0.0,0.0,0.0,0.0,0.0,0.0,0.0,9600.0,8595.0,9120.0,8095.0,18.0,18.0,0.0,15.0,18.0,3.0,判定困難,0,判定困難,0,
2026/09/08 17:43,2026-09-08T17:58:32+09:00,2026-10,PUT,57000,833.0,0.0,-833.0,20.0,1.0,-19.0,225.0,375.0,150.0,36.35,36.94,0.5899999999999963,235.0,385.0,230.0,375.0,12.0,2.0,-10.0,1.0,3.0,2.0,Bid側,0,判定困難,0,"OI_DECREASE,PRICE,IV"
2026/09/08 17:43,2026-09-08T17:58:32+09:00,2026-10,CALL,56750,0.0,0.0,0.0,0.0,0.0,0.0,0.0,0.0,0.0,0.0,0.0,0.0,0.0,8830.0,0.0,8330.0,0.0,7.0,7.0,0.0,7.0,7.0,判定困難,0,判定困難,0,
2026/09/08 17:43,2026-09-08T17:58:32+09:00,2026-10,PUT,56750,90.0,0.0,-90.0,1.0,1.0,0.0,195.0,355.0,160.0,34.74,37.12,2.3799999999999955,223.0,370.0,212.0,360.0,5.0,5.0,0.0,22.0,3.0,-19.0,Bid側,0,判定困難,0,"PRICE,IV"
2026/09/08 17:43,2026-09-08T17:58:32+09:00,2026-10,CALL,56500,0.0,0.0,0.0,0.0,0.0,0.0,0.0,0.0,0.0,0.0,0.0,0.0,0.0,9060.0,0.0,8560.0,0.0,12.0,12.0,0.0,12.0,12.0,判定困難,0,判定困難,0,
2026/09/08 17:43,2026-09-08T17:58:32+09:00,2026-10,PUT,56500,423.0,0.0,-423.0,1.0,0.0,-1.0,203.0,0.0,-203.0,36.86,0.0,-36.86,211.0,350.0,207.0,340.0,8.0,9.0,1.0,1.0,3.0,2.0,判定困難,0,判定困難,0,"OI_DECREASE,PRICE,IV"
2026/09/08 17:43,2026-09-08T17:58:32+09:00,2026-10,CALL,56250,0.0,0.0,0.0,0.0,0.0,0.0,0.0,0.0,0.0,0.0,0.0,0.0,0.0,9300.0,0.0,8800.0,0.0,7.0,7.0,0.0,6.0,6.0,判定困難,0,判定困難,0,
2026/09/08 17:43,2026-09-08T17:58:32+09:00,2026-10,PUT,56250,60.0,0.0,-60.0,0.0,0.0,0.0,0.0,0.0,0.0,0.0,0.0,0.0,202.0,330.0,190.0,325.0,6.0,2.0,-4.0,24.0,3.0,-21.0,判定困難,0,判定困難,0,
2026/09/08 17:43,2026-09-08T17:58:32+09:00,2026-10,CALL,56000,0.0,0.0,0.0,0.0,0.0,0.0,0.0,0.0,0.0,0.0,0.0,0.0,0.0,9530.0,0.0,9030.0,0.0,18.0,18.0,0.0,18.0,18.0,判定困難,0,判定困難,0,
2026/09/08 17:43,2026-09-08T17:58:32+09:00,2026-10,PUT,56000,1165.0,0.0,-1165.0,14.0,0.0,-14.0,179.0,0.0,-179.0,37.51,0.0,-37.51,192.0,315.0,187.0,305.0,1.0,23.0,22.0,1.0,3.0,2.0,判定困難,0,判定困難,0,"OI_DECREASE,PRICE,IV"
2026/09/08 17:43,2026-09-08T17:58:32+09:00,2026-10,CALL,55750,0.0,0.0,0.0,0.0,0.0,0.0,0.0,0.0,0.0,0.0,0.0,0.0,0.0,9765.0,0.0,9265.0,0.0,7.0,7.0,0.0,7.0,7.0,判定困難,0,判定困難,0,
2026/09/08 17:43,2026-09-08T17:58:32+09:00,2026-10,PUT,55750,40.0,0.0,-40.0,0.0,0.0,0.0,0.0,0.0,0.0,0.0,0.0,0.0,184.0,300.0,172.0,290.0,17.0,2.0,-15.0,25.0,5.0,-20.0,判定困難,0,判定困難,0,
2026/09/08 17:43,2026-09-08T17:58:32+09:00,2026-10,CALL,55500,0.0,0.0,0.0,0.0,0.0,0.0,0.0,0.0,0.0,0.0,0.0,0.0,0.0,10000.0,0.0,9500.0,0.0,12.0,12.0,0.0,12.0,12.0,判定困難,0,判定困難,0,
2026/09/08 17:43,2026-09-08T17:58:32+09:00,2026-10,PUT,55500,253.0,0.0,-253.0,5.0,1.0,-4.0,151.0,279.0,128.0,38.02,39.4,1.3799999999999955,174.0,283.0,168.0,279.0,11.0,3.0,-8.0,1.0,3.0,2.0,Bid側,0,判定困難,0,"OI_DECREASE,PRICE,IV"
2026/09/08 17:43,2026-09-08T17:58:32+09:00,2026-10,CALL,55250,0.0,0.0,0.0,0.0,0.0,0.0,0.0,0.0,0.0,0.0,0.0,0.0,0.0,10240.0,0.0,9740.0,0.0,7.0,7.0,0.0,7.0,7.0,判定困難,0,判定困難,0,
2026/09/08 17:43,2026-09-08T17:58:32+09:00,2026-10,PUT,55250,61.0,0.0,-61.0,4.0,0.0,-4.0,158.0,0.0,-158.0,37.19,0.0,-37.19,166.0,272.0,156.0,263.0,7.0,2.0,-5.0,26.0,2.0,-24.0,判定困難,0,判定困難,0,"PRICE,IV"
2026/09/08 17:43,2026-09-08T17:58:32+09:00,2026-10,CALL,55000,4.0,0.0,-4.0,0.0,0.0,0.0,0.0,0.0,0.0,0.0,0.0,0.0,0.0,10480.0,0.0,9980.0,0.0,18.0,18.0,0.0,18.0,18.0,判定困難,0,判定困難,0,
2026/09/08 17:43,2026-09-08T17:58:32+09:00,2026-10,PUT,55000,3108.0,0.0,-3108.0,16.0,10.0,-6.0,145.0,253.0,108.0,39.33,39.81,0.480000000000004,158.0,257.0,153.0,253.0,19.0,3.0,-16.0,1.0,3.0,2.0,Bid側,0,判定困難,0,"OI_DECREASE,PRICE"
2026/09/08 17:43,2026-09-08T17:58:32+09:00,2026-10,CALL,54750,0.0,0.0,0.0,0.0,0.0,0.0,0.0,0.0,0.0,0.0,0.0,0.0,0.0,10720.0,0.0,10220.0,0.0,7.0,7.0,0.0,7.0,7.0,判定困難,0,判定困難,0,
2026/09/08 17:43,2026-09-08T17:58:32+09:00,2026-10,PUT,54750,60.0,0.0,-60.0,0.0,0.0,0.0,0.0,0.0,0.0,0.0,0.0,0.0,154.0,248.0,142.0,238.0,18.0,5.0,-13.0,27.0,5.0,-22.0,判定困難,0,判定困難,0,
2026/09/08 17:43,2026-09-08T17:58:32+09:00,2026-10,CALL,54500,0.0,0.0,0.0,0.0,0.0,0.0,0.0,0.0,0.0,0.0,0.0,0.0,0.0,10960.0,0.0,10460.0,0.0,10.0,10.0,0.0,12.0,12.0,判定困難,0,判定困難,0,
2026/09/08 17:43,2026-09-08T17:58:32+09:00,2026-10,PUT,54500,598.0,0.0,-598.0,32.0,0.0,-32.0,145.0,0.0,-145.0,38.88,0.0,-38.88,144.0,234.0,137.0,230.0,12.0,3.0,-9.0,14.0,3.0,-11.0,判定困難,0,判定困難,0,"OI_DECREASE,PRICE,IV"
2026/09/08 17:43,2026-09-08T17:58:32+09:00,2026-10,CALL,54250,0.0,0.0,0.0,0.0,0.0,0.0,0.0,0.0,0.0,0.0,0.0,0.0,0.0,11160.0,0.0,10695.0,0.0,6.0,6.0,0.0,7.0,7.0,判定困難,0,判定困難,0,
2026/09/08 17:43,2026-09-08T17:58:32+09:00,2026-10,PUT,54250,59.0,0.0,-59.0,0.0,0.0,0.0,0.0,0.0,0.0,0.0,0.0,0.0,138.0,225.0,129.0,217.0,25.0,5.0,-20.0,27.0,7.0,-20.0,判定困難,0,判定困難,0,
2026/09/08 17:43,2026-09-08T17:58:32+09:00,2026-10,CALL,54000,0.0,0.0,0.0,0.0,0.0,0.0,0.0,0.0,0.0,0.0,0.0,0.0,0.0,0.0,0.0,0.0,0.0,0.0,0.0,0.0,0.0,0.0,判定困難,0,判定困難,0,
2026/09/08 17:43,2026-09-08T17:58:32+09:00,2026-10,PUT,54000,728.0,0.0,-728.0,10.0,3.0,-7.0,121.0,210.0,89.0,40.67,41.78,1.1099999999999994,131.0,213.0,122.0,209.0,21.0,3.0,-18.0,71.0,3.0,-68.0,Bid寄り,0,判定困難,0,"OI_DECREASE,IV"
2026/09/08 17:43,2026-09-08T17:58:32+09:00,2026-10,CALL,53750,0.0,0.0,0.0,0.0,0.0,0.0,0.0,0.0,0.0,0.0,0.0,0.0,0.0,0.0,0.0,0.0,0.0,0.0,0.0,0.0,0.0,0.0,判定困難,0,判定困難,0,
2026/09/08 17:43,2026-09-08T17:58:32+09:00,2026-10,PUT,53750,16.0,0.0,-16.0,1.0,0.0,-1.0,116.0,0.0,-116.0,39.83,0.0,-39.83,126.0,206.0,116.0,197.0,8.0,2.0,-6.0,30.0,2.0,-28.0,判定困難,0,判定困難,0,"PRICE,IV"
2026/09/08 17:43,2026-09-08T17:58:32+09:00,2026-10,CALL,53500,0.0,0.0,0.0,0.0,0.0,0.0,0.0,0.0,0.0,0.0,0.0,0.0,0.0,0.0,0.0,0.0,0.0,0.0,0.0,0.0,0.0,0.0,判定困難,0,判定困難,0,
2026/09/08 17:43,2026-09-08T17:58:32+09:00,2026-10,PUT,53500,335.0,0.0,-335.0,1.0,2.0,1.0,110.0,193.0,83.0,39.8,42.66,2.8599999999999994,121.0,194.0,111.0,191.0,14.0,1.0,-13.0,48.0,3.0,-45.0,Ask寄り,193000.0,既存売りポジションの決済買いの可能性：非常に高い,85,"OI_DECREASE,IV,POSITION"
2026/09/08 17:43,2026-09-08T17:58:32+09:00,2026-10,CALL,53250,0.0,0.0,0.0,0.0,0.0,0.0,0.0,0.0,0.0,0.0,0.0,0.0,0.0,0.0,0.0,0.0,0.0,0.0,0.0,0.0,0.0,0.0,判定困難,0,判定困難,0,
2026/09/08 17:43,2026-09-08T17:58:32+09:00,2026-10,PUT,53250,68.0,0.0,-68.0,0.0,0.0,0.0,0.0,0.0,0.0,0.0,0.0,0.0,116.0,187.0,106.0,181.0,20.0,2.0,-18.0,30.0,8.0,-22.0,判定困難,0,判定困難,0,
2026/09/08 17:43,2026-09-08T17:58:32+09:00,2026-10,CALL,53000,34.0,0.0,-34.0,0.0,0.0,0.0,0.0,0.0,0.0,0.0,0.0,0.0,0.0,0.0,0.0,0.0,0.0,0.0,0.0,0.0,0.0,0.0,判定困難,0,判定困難,0,
2026/09/08 17:43,2026-09-08T17:58:32+09:00,2026-10,PUT,53000,1298.0,0.0,-1298.0,24.0,0.0,-24.0,103.0,0.0,-103.0,42.67,0.0,-42.67,114.0,177.0,102.0,174.0,71.0,1.0,-70.0,71.0,3.0,-68.0,判定困難,0,判定困難,0,"OI_DECREASE,PRICE,IV"
2026/09/08 17:43,2026-09-08T17:58:32+09:00,2026-10,CALL,52750,0.0,0.0,0.0,0.0,0.0,0.0,0.0,0.0,0.0,0.0,0.0,0.0,0.0,0.0,0.0,0.0,0.0,0.0,0.0,0.0,0.0,0.0,判定困難,0,判定困難,0,
2026/09/08 17:43,2026-09-08T17:58:32+09:00,2026-10,PUT,52750,120.0,0.0,-120.0,2.0,0.0,-2.0,95.0,0.0,-95.0,42.56,0.0,-42.56,108.0,174.0,98.0,163.0,28.0,4.0,-24.0,9.0,6.0,-3.0,判定困難,0,判定困難,0,"OI_DECREASE,IV"
2026/09/08 17:43,2026-09-08T17:58:32+09:00,2026-10,CALL,52500,0.0,0.0,0.0,0.0,0.0,0.0,0.0,0.0,0.0,0.0,0.0,0.0,0.0,0.0,0.0,0.0,0.0,0.0,0.0,0.0,0.0,0.0,判定困難,0,判定困難,0,
2026/09/08 17:43,2026-09-08T17:58:32+09:00,2026-10,PUT,52500,314.0,0.0,-314.0,0.0,0.0,0.0,0.0,0.0,0.0,0.0,0.0,0.0,100.0,162.0,96.0,159.0,1.0,1.0,0.0,15.0,3.0,-12.0,判定困難,0,判定困難,0,OI_DECREASE
2026/09/08 17:43,2026-09-08T17:58:32+09:00,2026-10,CALL,52250,0.0,0.0,0.0,0.0,0.0,0.0,0.0,0.0,0.0,0.0,0.0,0.0,0.0,0.0,0.0,0.0,0.0,0.0,0.0,0.0,0.0,0.0,判定困難,0,判定困難,0,
2026/09/08 17:43,2026-09-08T17:58:32+09:00,2026-10,PUT,52250,46.0,0.0,-46.0,0.0,0.0,0.0,0.0,0.0,0.0,0.0,0.0,0.0,103.0,157.0,89.0,150.0,29.0,2.0,-27.0,8.0,8.0,0.0,判定困難,0,判定困難,0,
2026/09/08 17:43,2026-09-08T17:58:32+09:00,2026-10,CALL,52000,0.0,0.0,0.0,0.0,0.0,0.0,0.0,0.0,0.0,0.0,0.0,0.0,0.0,0.0,0.0,0.0,0.0,0.0,0.0,0.0,0.0,0.0,判定困難,0,判定困難,0,
2026/09/08 17:43,2026-09-08T17:58:32+09:00,2026-10,PUT,52000,1822.0,0.0,-1822.0,11.0,1.0,-10.0,86.0,140.0,54.0,43.96,44.56,0.6000000000000014,93.0,150.0,85.0,145.0,24.0,3.0,-21.0,24.0,20.0,-4.0,Bid側,0,判定困難,0,"OI_DECREASE,IV"
2026/09/08 17:43,2026-09-08T17:58:32+09:00,2026-10,CALL,51750,0.0,0.0,0.0,0.0,0.0,0.0,0.0,0.0,0.0,0.0,0.0,0.0,0.0,0.0,0.0,0.0,0.0,0.0,0.0,0.0,0.0,0.0,判定困難,0,判定困難,0,
2026/09/08 17:43,2026-09-08T17:58:32+09:00,2026-10,PUT,51750,72.0,0.0,-72.0,1.0,0.0,-1.0,84.0,0.0,-84.0,43.14,0.0,-43.14,90.0,146.0,82.0,134.0,21.0,2.0,-19.0,10.0,6.0,-4.0,判定困難,0,判定困難,0,IV
2026/09/08 17:43,2026-09-08T17:58:32+09:00,2026-10,CALL,51500,0.0,0.0,0.0,0.0,0.0,0.0,0.0,0.0,0.0,0.0,0.0,0.0,0.0,0.0,0.0,0.0,0.0,0.0,0.0,0.0,0.0,0.0,判定困難,0,判定困難,0,
2026/09/08 17:43,2026-09-08T17:58:32+09:00,2026-10,PUT,51500,425.0,0.0,-425.0,7.0,0.0,-7.0,72.0,0.0,-72.0,44.55,0.0,-44.55,86.0,138.0,79.0,132.0,16.0,2.0,-14.0,16.0,14.0,-2.0,判定困難,0,判定困難,0,"OI_DECREASE,IV"
2026/09/08 17:43,2026-09-08T17:58:32+09:00,2026-10,CALL,51250,0.0,0.0,0.0,0.0,0.0,0.0,0.0,0.0,0.0,0.0,0.0,0.0,0.0,0.0,0.0,0.0,0.0,0.0,0.0,0.0,0.0,0.0,判定困難,0,判定困難,0,
2026/09/08 17:43,2026-09-08T17:58:32+09:00,2026-10,PUT,51250,84.0,0.0,-84.0,3.0,0.0,-3.0,70.0,0.0,-70.0,45.01,0.0,-45.01,87.0,133.0,76.0,122.0,10.0,2.0,-8.0,10.0,6.0,-4.0,判定困難,0,判定困難,0,IV
2026/09/08 17:43,2026-09-08T17:58:32+09:00,2026-10,CALL,51000,0.0,0.0,0.0,0.0,0.0,0.0,0.0,0.0,0.0,0.0,0.0,0.0,0.0,0.0,0.0,0.0,0.0,0.0,0.0,0.0,0.0,0.0,判定困難,0,判定困難,0,
2026/09/08 17:43,2026-09-08T17:58:32+09:00,2026-10,PUT,51000,434.0,0.0,-434.0,9.0,1.0,-8.0,70.0,120.0,50.0,45.65,46.24,0.5900000000000034,80.0,125.0,72.0,121.0,24.0,1.0,-23.0,75.0,2.0,-73.0,Bid側,0,判定困難,0,"OI_DECREASE,IV"
2026/09/08 17:43,2026-09-08T17:58:32+09:00,2026-10,CALL,50750,0.0,0.0,0.0,0.0,0.0,0.0,0.0,0.0,0.0,0.0,0.0,0.0,0.0,0.0,0.0,0.0,0.0,0.0,0.0,0.0,0.0,0.0,判定困難,0,判定困難,0,
2026/09/08 17:43,2026-09-08T17:58:32+09:00,2026-10,PUT,50750,51.0,0.0,-51.0,0.0,0.0,0.0,0.0,0.0,0.0,0.0,0.0,0.0,77.0,122.0,69.0,115.0,22.0,9.0,-13.0,10.0,9.0,-1.0,判定困難,0,判定困難,0,
2026/09/08 17:43,2026-09-08T17:58:32+09:00,2026-10,CALL,50500,0.0,0.0,0.0,0.0,0.0,0.0,0.0,0.0,0.0,0.0,0.0,0.0,0.0,0.0,0.0,0.0,0.0,0.0,0.0,0.0,0.0,0.0,判定困難,0,判定困難,0,
2026/09/08 17:43,2026-09-08T17:58:32+09:00,2026-10,PUT,50500,406.0,0.0,-406.0,0.0,1.0,1.0,0.0,113.0,113.0,0.0,47.62,47.62,76.0,118.0,65.0,111.0,52.0,2.0,-50.0,56.0,2.0,-54.0,Bid寄り,113000.0,既存買いポジションの決済売りの可能性：高い,60,"OI_DECREASE,PRICE,IV,POSITION"
2026/09/08 17:43,2026-09-08T17:58:32+09:00,2026-10,CALL,50250,0.0,0.0,0.0,0.0,0.0,0.0,0.0,0.0,0.0,0.0,0.0,0.0,0.0,0.0,0.0,0.0,0.0,0.0,0.0,0.0,0.0,0.0,判定困難,0,判定困難,0,
2026/09/08 17:43,2026-09-08T17:58:32+09:00,2026-10,PUT,50250,65.0,0.0,-65.0,0.0,0.0,0.0,0.0,0.0,0.0,0.0,0.0,0.0,74.0,112.0,63.0,106.0,10.0,2.0,-8.0,35.0,10.0,-25.0,判定困難,0,判定困難,0,
2026/09/08 17:43,2026-09-08T17:58:32+09:00,2026-10,CALL,50000,0.0,0.0,0.0,0.0,0.0,0.0,0.0,0.0,0.0,0.0,0.0,0.0,0.0,0.0,0.0,0.0,0.0,0.0,0.0,0.0,0.0,0.0,判定困難,0,判定困難,0,
2026/09/08 17:43,2026-09-08T17:58:32+09:00,2026-10,PUT,50000,1002.0,0.0,-1002.0,56.0,21.0,-35.0,65.0,105.0,40.0,47.95,48.58,0.6299999999999955,67.0,107.0,61.0,102.0,24.0,2.0,-22.0,24.0,2.0,-22.0,Ask寄り,0,判定困難,0,"OI_DECREASE,IV"
2026/09/08 17:43,2026-09-08T17:58:32+09:00,2026-10,CALL,49750,0.0,0.0,0.0,0.0,0.0,0.0,0.0,0.0,0.0,0.0,0.0,0.0,0.0,0.0,0.0,0.0,0.0,0.0,0.0,0.0,0.0,0.0,判定困難,0,判定困難,0,
2026/09/08 17:43,2026-09-08T17:58:32+09:00,2026-10,PUT,49750,63.0,0.0,-63.0,0.0,0.0,0.0,0.0,0.0,0.0,0.0,0.0,0.0,66.0,103.0,58.0,97.0,22.0,1.0,-21.0,36.0,9.0,-27.0,判定困難,0,判定困難,0,
2026/09/08 17:43,2026-09-08T17:58:32+09:00,2026-10,CALL,49500,0.0,0.0,0.0,0.0,0.0,0.0,0.0,0.0,0.0,0.0,0.0,0.0,0.0,0.0,0.0,0.0,0.0,0.0,0.0,0.0,0.0,0.0,判定困難,0,判定困難,0,
2026/09/08 17:43,2026-09-08T17:58:32+09:00,2026-10,PUT,49500,204.0,0.0,-204.0,0.0,0.0,0.0,0.0,0.0,0.0,0.0,0.0,0.0,64.0,98.0,55.0,93.0,16.0,1.0,-15.0,56.0,1.0,-55.0,判定困難,0,判定困難,0,OI_DECREASE
2026/09/08 17:43,2026-09-08T17:58:32+09:00,2026-10,CALL,49250,0.0,0.0,0.0,0.0,0.0,0.0,0.0,0.0,0.0,0.0,0.0,0.0,0.0,0.0,0.0,0.0,0.0,0.0,0.0,0.0,0.0,0.0,判定困難,0,判定困難,0,
2026/09/08 17:43,2026-09-08T17:58:32+09:00,2026-10,PUT,49250,75.0,0.0,-75.0,0.0,0.0,0.0,0.0,0.0,0.0,0.0,0.0,0.0,70.0,96.0,50.0,88.0,2.0,8.0,6.0,4.0,11.0,7.0,判定困難,0,判定困難,0,
2026/09/08 17:43,2026-09-08T17:58:32+09:00,2026-10,CALL,49000,0.0,0.0,0.0,0.0,0.0,0.0,0.0,0.0,0.0,0.0,0.0,0.0,0.0,0.0,0.0,0.0,0.0,0.0,0.0,0.0,0.0,0.0,判定困難,0,判定困難,0,
2026/09/08 17:43,2026-09-08T17:58:32+09:00,2026-10,PUT,49000,246.0,0.0,-246.0,7.0,3.0,-4.0,54.0,89.0,35.0,49.61,50.33,0.7199999999999989,59.0,93.0,51.0,85.0,24.0,25.0,1.0,85.0,21.0,-64.0,中間,0,判定困難,0,"OI_DECREASE,IV"
2026/09/08 17:43,2026-09-08T17:58:32+09:00,2026-10,CALL,48750,0.0,0.0,0.0,0.0,0.0,0.0,0.0,0.0,0.0,0.0,0.0,0.0,0.0,0.0,0.0,0.0,0.0,0.0,0.0,0.0,0.0,0.0,判定困難,0,判定困難,0,
2026/09/08 17:43,2026-09-08T17:58:32+09:00,2026-10,PUT,48750,24.0,0.0,-24.0,1.0,0.0,-1.0,52.0,0.0,-52.0,50.01,0.0,-50.01,60.0,92.0,50.0,78.0,32.0,2.0,-30.0,10.0,2.0,-8.0,判定困難,0,判定困難,0,IV
2026/09/08 17:43,2026-09-08T17:58:32+09:00,2026-10,CALL,48500,0.0,0.0,0.0,0.0,0.0,0.0,0.0,0.0,0.0,0.0,0.0,0.0,0.0,0.0,0.0,0.0,0.0,0.0,0.0,0.0,0.0,0.0,判定困難,0,判定困難,0,
2026/09/08 17:43,2026-09-08T17:58:32+09:00,2026-10,PUT,48500,198.0,0.0,-198.0,0.0,0.0,0.0,0.0,0.0,0.0,0.0,0.0,0.0,57.0,85.0,44.0,79.0,11.0,18.0,7.0,13.0,14.0,1.0,判定困難,0,判定困難,0,OI_DECREASE
2026/09/08 17:43,2026-09-08T17:58:32+09:00,2026-10,CALL,48250,0.0,0.0,0.0,0.0,0.0,0.0,0.0,0.0,0.0,0.0,0.0,0.0,0.0,0.0,0.0,0.0,0.0,0.0,0.0,0.0,0.0,0.0,判定困難,0,判定困難,0,
2026/09/08 17:43,2026-09-08T17:58:32+09:00,2026-10,PUT,48250,52.0,0.0,-52.0,0.0,0.0,0.0,0.0,0.0,0.0,0.0,0.0,0.0,61.0,82.0,42.0,75.0,2.0,4.0,2.0,4.0,8.0,4.0,判定困難,0,判定困難,0,
2026/09/08 17:43,2026-09-08T17:58:32+09:00,2026-10,CALL,48000,0.0,0.0,0.0,0.0,0.0,0.0,0.0,0.0,0.0,0.0,0.0,0.0,0.0,0.0,0.0,0.0,0.0,0.0,0.0,0.0,0.0,0.0,判定困難,0,判定困難,0,
2026/09/08 17:43,2026-09-08T17:58:32+09:00,2026-10,PUT,48000,747.0,0.0,-747.0,4.0,0.0,-4.0,47.0,0.0,-47.0,51.43,0.0,-51.43,50.0,79.0,45.0,72.0,1.0,27.0,26.0,1.0,24.0,23.0,判定困難,0,判定困難,0,"OI_DECREASE,IV"
2026/09/08 17:43,2026-09-08T17:58:32+09:00,2026-10,CALL,47750,0.0,0.0,0.0,0.0,0.0,0.0,0.0,0.0,0.0,0.0,0.0,0.0,0.0,0.0,0.0,0.0,0.0,0.0,0.0,0.0,0.0,0.0,判定困難,0,判定困難,0,
2026/09/08 17:43,2026-09-08T17:58:32+09:00,2026-10,PUT,47750,40.0,0.0,-40.0,0.0,0.0,0.0,0.0,0.0,0.0,0.0,0.0,0.0,57.0,76.0,39.0,69.0,2.0,2.0,0.0,4.0,10.0,6.0,判定困難,0,判定困難,0,
2026/09/08 17:43,2026-09-08T17:58:32+09:00,2026-10,CALL,47500,34.0,0.0,-34.0,0.0,0.0,0.0,0.0,0.0,0.0,0.0,0.0,0.0,0.0,0.0,0.0,0.0,0.0,0.0,0.0,0.0,0.0,0.0,判定困難,0,判定困難,0,
2026/09/08 17:43,2026-09-08T17:58:32+09:00,2026-10,PUT,47500,30.0,0.0,-30.0,0.0,0.0,0.0,0.0,0.0,0.0,0.0,0.0,0.0,48.0,73.0,38.0,65.0,12.0,20.0,8.0,16.0,20.0,4.0,判定困難,0,判定困難,0,
2026/09/08 17:43,2026-09-08T17:58:32+09:00,2026-10,CALL,47250,0.0,0.0,0.0,0.0,0.0,0.0,0.0,0.0,0.0,0.0,0.0,0.0,0.0,0.0,0.0,0.0,0.0,0.0,0.0,0.0,0.0,0.0,判定困難,0,判定困難,0,
2026/09/08 17:43,2026-09-08T17:58:32+09:00,2026-10,PUT,47250,26.0,0.0,-26.0,0.0,0.0,0.0,0.0,0.0,0.0,0.0,0.0,0.0,53.0,70.0,36.0,62.0,2.0,14.0,12.0,4.0,14.0,10.0,判定困難,0,判定困難,0,
2026/09/08 17:43,2026-09-08T17:58:32+09:00,2026-10,CALL,47000,0.0,0.0,0.0,0.0,0.0,0.0,0.0,0.0,0.0,0.0,0.0,0.0,0.0,0.0,0.0,0.0,0.0,0.0,0.0,0.0,0.0,0.0,判定困難,0,判定困難,0,
2026/09/08 17:43,2026-09-08T17:58:32+09:00,2026-10,PUT,47000,396.0,0.0,-396.0,13.0,1.0,-12.0,40.0,64.0,24.0,53.22,53.66,0.4399999999999977,42.0,67.0,38.0,60.0,1.0,2.0,1.0,27.0,28.0,1.0,Ask寄り,0,判定困難,0,OI_DECREASE
2026/09/08 17:43,2026-09-08T17:58:32+09:00,2026-10,CALL,46750,0.0,0.0,0.0,0.0,0.0,0.0,0.0,0.0,0.0,0.0,0.0,0.0,0.0,0.0,0.0,0.0,0.0,0.0,0.0,0.0,0.0,0.0,判定困難,0,判定困難,0,
2026/09/08 17:43,2026-09-08T17:58:32+09:00,2026-10,PUT,46750,131.0,0.0,-131.0,0.0,0.0,0.0,0.0,0.0,0.0,0.0,0.0,0.0,52.0,65.0,36.0,59.0,6.0,14.0,8.0,6.0,10.0,4.0,判定困難,0,判定困難,0,OI_DECREASE
2026/09/08 17:43,2026-09-08T17:58:32+09:00,2026-10,CALL,46500,0.0,0.0,0.0,0.0,0.0,0.0,0.0,0.0,0.0,0.0,0.0,0.0,0.0,0.0,0.0,0.0,0.0,0.0,0.0,0.0,0.0,0.0,判定困難,0,判定困難,0,
2026/09/08 17:43,2026-09-08T17:58:32+09:00,2026-10,PUT,46500,157.0,0.0,-157.0,0.0,0.0,0.0,0.0,0.0,0.0,0.0,0.0,0.0,42.0,62.0,33.0,56.0,25.0,2.0,-23.0,7.0,16.0,9.0,判定困難,0,判定困難,0,OI_DECREASE
2026/09/08 17:43,2026-09-08T17:58:32+09:00,2026-10,CALL,46250,0.0,0.0,0.0,0.0,0.0,0.0,0.0,0.0,0.0,0.0,0.0,0.0,0.0,0.0,0.0,0.0,0.0,0.0,0.0,0.0,0.0,0.0,判定困難,0,判定困難,0,
2026/09/08 17:43,2026-09-08T17:58:32+09:00,2026-10,PUT,46250,13.0,0.0,-13.0,0.0,0.0,0.0,0.0,0.0,0.0,0.0,0.0,0.0,47.0,60.0,21.0,53.0,6.0,14.0,8.0,6.0,14.0,8.0,判定困難,0,判定困難,0,
2026/09/08 17:43,2026-09-08T17:58:32+09:00,2026-10,CALL,46000,0.0,0.0,0.0,0.0,0.0,0.0,0.0,0.0,0.0,0.0,0.0,0.0,0.0,0.0,0.0,0.0,0.0,0.0,0.0,0.0,0.0,0.0,判定困難,0,判定困難,0,
2026/09/08 17:43,2026-09-08T17:58:32+09:00,2026-10,PUT,46000,357.0,0.0,-357.0,1.0,0.0,-1.0,34.0,0.0,-34.0,55.02,0.0,-55.02,37.0,58.0,32.0,52.0,27.0,28.0,1.0,33.0,24.0,-9.0,判定困難,0,判定困難,0,"OI_DECREASE,IV"
2026/09/08 17:43,2026-09-08T17:58:32+09:00,2026-10,CALL,45750,0.0,0.0,0.0,0.0,0.0,0.0,0.0,0.0,0.0,0.0,0.0,0.0,0.0,0.0,0.0,0.0,0.0,0.0,0.0,0.0,0.0,0.0,判定困難,0,判定困難,0,
2026/09/08 17:43,2026-09-08T17:58:32+09:00,2026-10,PUT,45750,43.0,0.0,-43.0,0.0,0.0,0.0,0.0,0.0,0.0,0.0,0.0,0.0,45.0,56.0,18.0,50.0,6.0,14.0,8.0,7.0,10.0,3.0,判定困難,0,判定困難,0,
2026/09/08 17:43,2026-09-08T17:58:32+09:00,2026-10,CALL,45500,0.0,0.0,0.0,0.0,0.0,0.0,0.0,0.0,0.0,0.0,0.0,0.0,0.0,0.0,0.0,0.0,0.0,0.0,0.0,0.0,0.0,0.0,判定困難,0,判定困難,0,
2026/09/08 17:43,2026-09-08T17:58:32+09:00,2026-10,PUT,45500,210.0,0.0,-210.0,0.0,0.0,0.0,0.0,0.0,0.0,0.0,0.0,0.0,35.0,54.0,27.0,47.0,14.0,2.0,-12.0,26.0,1.0,-25.0,判定困難,0,判定困難,0,OI_DECREASE
2026/09/08 17:43,2026-09-08T17:58:32+09:00,2026-10,CALL,45250,0.0,0.0,0.0,0.0,0.0,0.0,0.0,0.0,0.0,0.0,0.0,0.0,0.0,0.0,0.0,0.0,0.0,0.0,0.0,0.0,0.0,0.0,判定困難,0,判定困難,0,
2026/09/08 17:43,2026-09-08T17:58:32+09:00,2026-10,PUT,45250,29.0,0.0,-29.0,0.0,0.0,0.0,0.0,0.0,0.0,0.0,0.0,0.0,54.0,52.0,14.0,46.0,6.0,2.0,-4.0,6.0,10.0,4.0,判定困難,0,判定困難,0,
2026/09/08 17:43,2026-09-08T17:58:32+09:00,2026-10,CALL,45000,2.0,0.0,-2.0,0.0,0.0,0.0,0.0,0.0,0.0,0.0,0.0,0.0,0.0,0.0,0.0,0.0,0.0,0.0,0.0,0.0,0.0,0.0,判定困難,0,判定困難,0,
2026/09/08 17:43,2026-09-08T17:58:32+09:00,2026-10,PUT,45000,1703.0,0.0,-1703.0,47.0,9.0,-38.0,29.0,47.0,18.0,56.58,57.28,0.7000000000000028,32.0,50.0,27.0,43.0,27.0,6.0,-21.0,33.0,28.0,-5.0,Ask寄り,0,判定困難,0,"OI_DECREASE,IV"
2026/09/08 17:43,2026-09-08T17:58:32+09:00,2026-10,CALL,44750,0.0,0.0,0.0,0.0,0.0,0.0,0.0,0.0,0.0,0.0,0.0,0.0,0.0,0.0,0.0,0.0,0.0,0.0,0.0,0.0,0.0,0.0,判定困難,0,判定困難,0,
2026/09/08 17:43,2026-09-08T17:58:32+09:00,2026-10,PUT,44750,37.0,0.0,-37.0,0.0,0.0,0.0,0.0,0.0,0.0,0.0,0.0,0.0,34.0,51.0,25.0,38.0,6.0,2.0,-4.0,12.0,2.0,-10.0,判定困難,0,判定困難,0,
2026/09/08 17:43,2026-09-08T17:58:32+09:00,2026-10,CALL,44500,0.0,0.0,0.0,0.0,0.0,0.0,0.0,0.0,0.0,0.0,0.0,0.0,0.0,0.0,0.0,0.0,0.0,0.0,0.0,0.0,0.0,0.0,判定困難,0,判定困難,0,
2026/09/08 17:43,2026-09-08T17:58:32+09:00,2026-10,PUT,44500,1.0,0.0,-1.0,0.0,0.0,0.0,0.0,0.0,0.0,0.0,0.0,0.0,31.0,49.0,25.0,37.0,21.0,4.0,-17.0,7.0,4.0,-3.0,判定困難,0,判定困難,0,
2026/09/08 17:43,2026-09-08T17:58:32+09:00,2026-10,CALL,44250,0.0,0.0,0.0,0.0,0.0,0.0,0.0,0.0,0.0,0.0,0.0,0.0,0.0,0.0,0.0,0.0,0.0,0.0,0.0,0.0,0.0,0.0,判定困難,0,判定困難,0,
2026/09/08 17:43,2026-09-08T17:58:32+09:00,2026-10,PUT,44250,36.0,0.0,-36.0,0.0,0.0,0.0,0.0,0.0,0.0,0.0,0.0,0.0,32.0,48.0,16.0,35.0,6.0,2.0,-4.0,6.0,2.0,-4.0,判定困難,0,判定困難,0,
2026/09/08 17:43,2026-09-08T17:58:32+09:00,2026-10,CALL,44000,0.0,0.0,0.0,0.0,0.0,0.0,0.0,0.0,0.0,0.0,0.0,0.0,0.0,0.0,0.0,0.0,0.0,0.0,0.0,0.0,0.0,0.0,判定困難,0,判定困難,0,
2026/09/08 17:43,2026-09-08T17:58:32+09:00,2026-10,PUT,44000,232.0,0.0,-232.0,0.0,2.0,2.0,0.0,40.0,40.0,0.0,59.16,59.16,29.0,44.0,21.0,37.0,25.0,2.0,-23.0,28.0,28.0,0.0,Bid寄り,80000.0,既存買いポジションの決済売りの可能性：高い,60,"OI_DECREASE,IV,POSITION"
2026/09/08 17:43,2026-09-08T17:58:32+09:00,2026-10,CALL,43750,0.0,0.0,0.0,0.0,0.0,0.0,0.0,0.0,0.0,0.0,0.0,0.0,0.0,0.0,0.0,0.0,0.0,0.0,0.0,0.0,0.0,0.0,判定困難,0,判定困難,0,
2026/09/08 17:43,2026-09-08T17:58:32+09:00,2026-10,PUT,43750,13.0,0.0,-13.0,0.0,0.0,0.0,0.0,0.0,0.0,0.0,0.0,0.0,31.0,132.0,15.0,3.0,6.0,6.0,0.0,7.0,26.0,19.0,判定困難,0,判定困難,0,
2026/09/08 17:43,2026-09-08T17:58:32+09:00,2026-10,CALL,43500,0.0,0.0,0.0,0.0,0.0,0.0,0.0,0.0,0.0,0.0,0.0,0.0,0.0,0.0,0.0,0.0,0.0,0.0,0.0,0.0,0.0,0.0,判定困難,0,判定困難,0,
2026/09/08 17:43,2026-09-08T17:58:32+09:00,2026-10,PUT,43500,15.0,0.0,-15.0,0.0,0.0,0.0,0.0,0.0,0.0,0.0,0.0,0.0,27.0,130.0,19.0,3.0,28.0,6.0,-22.0,28.0,26.0,-2.0,判定困難,0,判定困難,0,
2026/09/08 17:43,2026-09-08T17:58:32+09:00,2026-10,CALL,43250,0.0,0.0,0.0,0.0,0.0,0.0,0.0,0.0,0.0,0.0,0.0,0.0,0.0,0.0,0.0,0.0,0.0,0.0,0.0,0.0,0.0,0.0,判定困難,0,判定困難,0,
2026/09/08 17:43,2026-09-08T17:58:32+09:00,2026-10,PUT,43250,15.0,0.0,-15.0,0.0,0.0,0.0,0.0,0.0,0.0,0.0,0.0,0.0,30.0,129.0,13.0,3.0,6.0,6.0,0.0,7.0,26.0,19.0,判定困難,0,判定困難,0,
2026/09/08 17:43,2026-09-08T17:58:32+09:00,2026-10,CALL,43000,0.0,0.0,0.0,0.0,0.0,0.0,0.0,0.0,0.0,0.0,0.0,0.0,0.0,0.0,0.0,0.0,0.0,0.0,0.0,0.0,0.0,0.0,判定困難,0,判定困難,0,
2026/09/08 17:43,2026-09-08T17:58:32+09:00,2026-10,PUT,43000,159.0,0.0,-159.0,36.0,0.0,-36.0,22.0,0.0,-22.0,60.43,0.0,-60.43,23.0,35.0,20.0,5.0,1.0,2.0,1.0,1.0,7.0,6.0,判定困難,0,判定困難,0,"OI_DECREASE,IV"
2026/09/08 17:43,2026-09-08T17:58:32+09:00,2026-10,CALL,42750,0.0,0.0,0.0,0.0,0.0,0.0,0.0,0.0,0.0,0.0,0.0,0.0,0.0,0.0,0.0,0.0,0.0,0.0,0.0,0.0,0.0,0.0,判定困難,0,判定困難,0,
2026/09/08 17:43,2026-09-08T17:58:32+09:00,2026-10,PUT,42750,31.0,0.0,-31.0,0.0,0.0,0.0,0.0,0.0,0.0,0.0,0.0,0.0,28.0,126.0,8.0,3.0,6.0,6.0,0.0,12.0,26.0,14.0,判定困難,0,判定困難,0,
2026/09/08 17:43,2026-09-08T17:58:32+09:00,2026-10,CALL,42000,0.0,0.0,0.0,0.0,0.0,0.0,0.0,0.0,0.0,0.0,0.0,0.0,0.0,0.0,0.0,0.0,0.0,0.0,0.0,0.0,0.0,0.0,判定困難,0,判定困難,0,
2026/09/08 17:43,2026-09-08T17:58:32+09:00,2026-10,PUT,42000,139.0,0.0,-139.0,1.0,0.0,-1.0,19.0,0.0,-19.0,62.58,0.0,-62.58,21.0,50.0,17.0,10.0,1.0,8.0,7.0,33.0,7.0,-26.0,判定困難,0,判定困難,0,"OI_DECREASE,IV"
2026/09/08 17:43,2026-09-08T17:58:32+09:00,2026-10,CALL,41000,0.0,0.0,0.0,0.0,0.0,0.0,0.0,0.0,0.0,0.0,0.0,0.0,0.0,0.0,0.0,0.0,0.0,0.0,0.0,0.0,0.0,0.0,判定困難,0,判定困難,0,
2026/09/08 17:43,2026-09-08T17:58:32+09:00,2026-10,PUT,41000,140.0,0.0,-140.0,0.0,0.0,0.0,0.0,0.0,0.0,0.0,0.0,0.0,19.0,54.0,13.0,20.0,6.0,7.0,1.0,7.0,1.0,-6.0,判定困難,0,判定困難,0,OI_DECREASE
2026/09/08 17:43,2026-09-08T17:58:32+09:00,2026-10,CALL,40000,0.0,0.0,0.0,0.0,0.0,0.0,0.0,0.0,0.0,0.0,0.0,0.0,0.0,0.0,0.0,0.0,0.0,0.0,0.0,0.0,0.0,0.0,判定困難,0,判定困難,0,
2026/09/08 17:43,2026-09-08T17:58:32+09:00,2026-10,PUT,40000,4194.0,0.0,-4194.0,20.0,0.0,-20.0,13.0,0.0,-13.0,65.86,0.0,-65.86,15.0,25.0,12.0,14.0,4.0,1.0,-3.0,13.0,6.0,-7.0,判定困難,0,判定困難,0,"OI_DECREASE,IV"
2026/09/08 17:43,2026-09-08T17:58:32+09:00,2026-10,CALL,39000,0.0,0.0,0.0,0.0,0.0,0.0,0.0,0.0,0.0,0.0,0.0,0.0,0.0,0.0,0.0,0.0,0.0,0.0,0.0,0.0,0.0,0.0,判定困難,0,判定困難,0,
2026/09/08 17:43,2026-09-08T17:58:32+09:00,2026-10,PUT,39000,104.0,0.0,-104.0,0.0,2.0,2.0,0.0,19.0,19.0,0.0,68.98,68.98,13.0,22.0,10.0,14.0,1.0,1.0,0.0,26.0,27.0,1.0,Ask寄り,38000.0,既存売りポジションの決済買いの可能性：非常に高い,85,"OI_DECREASE,IV,POSITION"
2026/09/08 17:43,2026-09-08T17:58:32+09:00,2026-10,CALL,38000,0.0,0.0,0.0,0.0,0.0,0.0,0.0,0.0,0.0,0.0,0.0,0.0,0.0,0.0,0.0,0.0,0.0,0.0,0.0,0.0,0.0,0.0,判定困難,0,判定困難,0,
2026/09/08 17:43,2026-09-08T17:58:32+09:00,2026-10,PUT,38000,15.0,0.0,-15.0,0.0,0.0,0.0,0.0,0.0,0.0,0.0,0.0,0.0,12.0,108.0,8.0,8.0,17.0,6.0,-11.0,19.0,10.0,-9.0,判定困難,0,判定困難,0,
2026/09/08 17:43,2026-09-08T17:58:32+09:00,2026-10,CALL,37000,0.0,0.0,0.0,0.0,0.0,0.0,0.0,0.0,0.0,0.0,0.0,0.0,0.0,0.0,0.0,0.0,0.0,0.0,0.0,0.0,0.0,0.0,判定困難,0,判定困難,0,
2026/09/08 17:43,2026-09-08T17:58:32+09:00,2026-10,PUT,37000,170.0,0.0,-170.0,3.0,2.0,-1.0,8.0,13.0,5.0,70.49,72.57,2.0799999999999983,10.0,15.0,8.0,9.0,27.0,3.0,-24.0,1.0,27.0,26.0,Ask寄り,0,判定困難,0,"OI_DECREASE,IV"
2026/09/08 17:43,2026-09-08T17:58:32+09:00,2026-10,CALL,36000,0.0,0.0,0.0,0.0,0.0,0.0,0.0,0.0,0.0,0.0,0.0,0.0,0.0,0.0,0.0,0.0,0.0,0.0,0.0,0.0,0.0,0.0,判定困難,0,判定困難,0,
2026/09/08 17:43,2026-09-08T17:58:32+09:00,2026-10,PUT,36000,37.0,0.0,-37.0,0.0,0.0,0.0,0.0,0.0,0.0,0.0,0.0,0.0,9.0,105.0,7.0,10.0,16.0,6.0,-10.0,2.0,10.0,8.0,判定困難,0,判定困難,0,
2026/09/08 17:43,2026-09-08T17:58:32+09:00,2026-10,CALL,35000,24.0,0.0,-24.0,0.0,0.0,0.0,0.0,0.0,0.0,0.0,0.0,0.0,0.0,0.0,0.0,0.0,0.0,0.0,0.0,0.0,0.0,0.0,判定困難,0,判定困難,0,
2026/09/08 17:43,2026-09-08T17:58:32+09:00,2026-10,PUT,35000,1997.0,0.0,-1997.0,10.0,0.0,-10.0,6.0,0.0,-6.0,75.98,0.0,-75.98,7.0,10.0,5.0,9.0,2.0,2.0,0.0,395.0,27.0,-368.0,判定困難,0,判定困難,0,"OI_DECREASE,IV"
2026/09/08 17:43,2026-09-08T17:58:32+09:00,2026-10,CALL,34000,0.0,0.0,0.0,0.0,0.0,0.0,0.0,0.0,0.0,0.0,0.0,0.0,0.0,0.0,0.0,0.0,0.0,0.0,0.0,0.0,0.0,0.0,判定困難,0,判定困難,0,
2026/09/08 17:43,2026-09-08T17:58:32+09:00,2026-10,PUT,34000,22.0,0.0,-22.0,6.0,0.0,-6.0,5.0,0.0,-5.0,77.75,0.0,-77.75,6.0,11.0,4.0,7.0,1.0,15.0,14.0,206.0,25.0,-181.0,判定困難,0,判定困難,0,IV
2026/09/08 17:43,2026-09-08T17:58:32+09:00,2026-10,CALL,33000,0.0,0.0,0.0,0.0,0.0,0.0,0.0,0.0,0.0,0.0,0.0,0.0,0.0,0.0,0.0,0.0,0.0,0.0,0.0,0.0,0.0,0.0,判定困難,0,判定困難,0,
2026/09/08 17:43,2026-09-08T17:58:32+09:00,2026-10,PUT,33000,1734.0,0.0,-1734.0,1000.0,0.0,-1000.0,4.0,0.0,-4.0,79.66,0.0,-79.66,5.0,10.0,4.0,5.0,3.0,15.0,12.0,26.0,25.0,-1.0,判定困難,0,判定困難,0,"OI_DECREASE,IV"
2026/09/08 17:43,2026-09-08T17:58:32+09:00,2026-10,CALL,32000,0.0,0.0,0.0,0.0,0.0,0.0,0.0,0.0,0.0,0.0,0.0,0.0,0.0,0.0,0.0,0.0,0.0,0.0,0.0,0.0,0.0,0.0,判定困難,0,判定困難,0,
2026/09/08 17:43,2026-09-08T17:58:32+09:00,2026-10,PUT,32000,42.0,0.0,-42.0,2.0,0.0,-2.0,4.0,0.0,-4.0,82.57,0.0,-82.57,4.0,9.0,3.0,3.0,1.0,15.0,14.0,403.0,16.0,-387.0,判定困難,0,判定困難,0,IV
2026/09/08 17:43,2026-09-08T17:58:32+09:00,2026-10,CALL,31000,0.0,0.0,0.0,0.0,0.0,0.0,0.0,0.0,0.0,0.0,0.0,0.0,0.0,0.0,0.0,0.0,0.0,0.0,0.0,0.0,0.0,0.0,判定困難,0,判定困難,0,
2026/09/08 17:43,2026-09-08T17:58:32+09:00,2026-10,PUT,31000,4.0,0.0,-4.0,0.0,0.0,0.0,0.0,0.0,0.0,0.0,0.0,0.0,7.0,8.0,3.0,2.0,15.0,15.0,0.0,15.0,15.0,0.0,判定困難,0,判定困難,0,
2026/09/08 17:43,2026-09-08T17:58:32+09:00,2026-10,CALL,30000,0.0,0.0,0.0,0.0,0.0,0.0,0.0,0.0,0.0,0.0,0.0,0.0,0.0,0.0,0.0,0.0,0.0,0.0,0.0,0.0,0.0,0.0,判定困難,0,判定困難,0,
2026/09/08 17:43,2026-09-08T17:58:32+09:00,2026-10,PUT,30000,5009.0,0.0,-5009.0,91.0,0.0,-91.0,3.0,0.0,-3.0,87.65,0.0,-87.65,4.0,6.0,2.0,4.0,5.0,15.0,10.0,367.0,3.0,-364.0,判定困難,0,判定困難,0,"OI_DECREASE,IV"
2026/09/08 17:43,2026-09-08T17:58:32+09:00,2026-10,CALL,29000,0.0,0.0,0.0,0.0,0.0,0.0,0.0,0.0,0.0,0.0,0.0,0.0,0.0,0.0,0.0,0.0,0.0,0.0,0.0,0.0,0.0,0.0,判定困難,0,判定困難,0,
2026/09/08 17:43,2026-09-08T17:58:32+09:00,2026-10,PUT,29000,11.0,0.0,-11.0,0.0,0.0,0.0,0.0,0.0,0.0,0.0,0.0,0.0,3.0,5.0,1.0,1.0,2.0,17.0,15.0,173.0,85.0,-88.0,判定困難,0,判定困難,0,
2026/09/08 17:43,2026-09-08T17:58:32+09:00,2026-10,CALL,28000,0.0,0.0,0.0,0.0,0.0,0.0,0.0,0.0,0.0,0.0,0.0,0.0,0.0,0.0,0.0,0.0,0.0,0.0,0.0,0.0,0.0,0.0,判定困難,0,判定困難,0,
2026/09/08 17:43,2026-09-08T17:58:32+09:00,2026-10,PUT,28000,19.0,0.0,-19.0,1.0,0.0,-1.0,2.0,0.0,-2.0,91.54,0.0,-91.54,3.0,6.0,2.0,2.0,84.0,17.0,-67.0,13.0,16.0,3.0,判定困難,0,判定困難,0,IV
2026/09/08 17:43,2026-09-08T17:58:32+09:00,2026-10,CALL,27000,0.0,0.0,0.0,0.0,0.0,0.0,0.0,0.0,0.0,0.0,0.0,0.0,0.0,0.0,0.0,0.0,0.0,0.0,0.0,0.0,0.0,0.0,判定困難,0,判定困難,0,
2026/09/08 17:43,2026-09-08T17:58:32+09:00,2026-10,PUT,27000,28.0,0.0,-28.0,11.0,0.0,-11.0,2.0,0.0,-2.0,95.8,0.0,-95.8,3.0,4.0,1.0,1.0,27.0,2.0,-25.0,118.0,91.0,-27.0,判定困難,0,判定困難,0,IV
2026/09/08 17:43,2026-09-08T17:58:32+09:00,2026-10,CALL,26000,0.0,0.0,0.0,0.0,0.0,0.0,0.0,0.0,0.0,0.0,0.0,0.0,0.0,0.0,0.0,0.0,0.0,0.0,0.0,0.0,0.0,0.0,判定困難,0,判定困難,0,
2026/09/08 17:43,2026-09-08T17:58:32+09:00,2026-10,PUT,26000,27.0,0.0,-27.0,0.0,0.0,0.0,0.0,0.0,0.0,0.0,0.0,0.0,3.0,3.0,1.0,1.0,3.0,1.0,-2.0,81.0,81.0,0.0,判定困難,0,判定困難,0,
2026/09/08 17:43,2026-09-08T17:58:32+09:00,2026-10,CALL,25000,0.0,0.0,0.0,0.0,0.0,0.0,0.0,0.0,0.0,0.0,0.0,0.0,0.0,0.0,0.0,0.0,0.0,0.0,0.0,0.0,0.0,0.0,判定困難,0,判定困難,0,
2026/09/08 17:43,2026-09-08T17:58:32+09:00,2026-10,PUT,25000,1476.0,0.0,-1476.0,0.0,0.0,0.0,0.0,0.0,0.0,0.0,0.0,0.0,3.0,3.0,1.0,1.0,4.0,6.0,2.0,197.0,197.0,0.0,判定困難,0,判定困難,0,OI_DECREASE
2026/09/08 17:43,2026-09-08T17:58:32+09:00,2026-10,CALL,22500,0.0,0.0,0.0,0.0,0.0,0.0,0.0,0.0,0.0,0.0,0.0,0.0,0.0,0.0,0.0,0.0,0.0,0.0,0.0,0.0,0.0,0.0,判定困難,0,判定困難,0,
2026/09/08 17:43,2026-09-08T17:58:32+09:00,2026-10,PUT,22500,49.0,0.0,-49.0,0.0,1.0,1.0,0.0,2.0,2.0,0.0,112.07,112.07,2.0,2.0,1.0,1.0,3.0,18.0,15.0,58.0,58.0,0.0,Ask側,2000.0,既存売りポジションの決済買いの可能性：高い,65,"IV,POSITION"
2026/09/08 17:43,2026-09-08T17:58:32+09:00,2026-10,CALL,20000,0.0,0.0,0.0,0.0,0.0,0.0,0.0,0.0,0.0,0.0,0.0,0.0,0.0,0.0,0.0,0.0,0.0,0.0,0.0,0.0,0.0,0.0,判定困難,0,判定困難,0,
2026/09/08 17:43,2026-09-08T17:58:32+09:00,2026-10,PUT,20000,648.0,0.0,-648.0,47.0,4.0,-43.0,1.0,2.0,1.0,120.28,124.21,3.9299999999999926,2.0,2.0,1.0,1.0,60.0,103.0,43.0,98.0,50.0,-48.0,Ask側,0,判定困難,0,"OI_DECREASE,IV"
2026/09/08 17:43,2026-09-08T17:58:32+09:00,2026-12,CALL,67500,25.0,0.0,-25.0,0.0,0.0,0.0,0.0,0.0,0.0,0.0,0.0,0.0,2960.0,2430.0,2900.0,2310.0,40.0,20.0,-20.0,20.0,20.0,0.0,判定困難,0,判定困難,0,
2026/09/08 17:43,2026-09-08T17:58:32+09:00,2026-12,PUT,67500,25.0,0.0,-25.0,0.0,0.0,0.0,0.0,0.0,0.0,0.0,0.0,0.0,4025.0,0.0,3950.0,0.0,40.0,0.0,-40.0,40.0,0.0,-40.0,判定困難,0,判定困難,0,
2026/09/08 17:43,2026-09-08T17:58:32+09:00,2026-12,CALL,67250,25.0,0.0,-25.0,0.0,0.0,0.0,0.0,0.0,0.0,0.0,0.0,0.0,3080.0,2530.0,3020.0,2410.0,40.0,20.0,-20.0,20.0,20.0,0.0,判定困難,0,判定困難,0,
2026/09/08 17:43,2026-09-08T17:58:32+09:00,2026-12,PUT,67250,25.0,0.0,-25.0,0.0,0.0,0.0,0.0,0.0,0.0,0.0,0.0,0.0,3890.0,0.0,3815.0,0.0,40.0,0.0,-40.0,40.0,0.0,-40.0,判定困難,0,判定困難,0,
2026/09/08 17:43,2026-09-08T17:58:32+09:00,2026-12,CALL,67000,1318.0,0.0,-1318.0,0.0,0.0,0.0,0.0,0.0,0.0,0.0,0.0,0.0,3200.0,2630.0,3145.0,2510.0,40.0,20.0,-20.0,1.0,20.0,19.0,判定困難,0,判定困難,0,OI_DECREASE
2026/09/08 17:43,2026-09-08T17:58:32+09:00,2026-12,PUT,67000,1590.0,0.0,-1590.0,0.0,0.0,0.0,0.0,0.0,0.0,0.0,0.0,0.0,3760.0,4640.0,3700.0,4520.0,20.0,20.0,0.0,20.0,20.0,0.0,判定困難,0,判定困難,0,OI_DECREASE
2026/09/08 17:43,2026-09-08T17:58:32+09:00,2026-12,CALL,66750,0.0,0.0,0.0,0.0,0.0,0.0,0.0,0.0,0.0,0.0,0.0,0.0,3320.0,2730.0,3265.0,2610.0,40.0,20.0,-20.0,1.0,20.0,19.0,判定困難,0,判定困難,0,
2026/09/08 17:43,2026-09-08T17:58:32+09:00,2026-12,PUT,66750,0.0,0.0,0.0,0.0,0.0,0.0,0.0,0.0,0.0,0.0,0.0,0.0,3640.0,4525.0,3575.0,4405.0,20.0,20.0,0.0,20.0,20.0,0.0,判定困難,0,判定困難,0,
2026/09/08 17:43,2026-09-08T17:58:32+09:00,2026-12,CALL,66500,2750.0,0.0,-2750.0,0.0,0.0,0.0,0.0,0.0,0.0,0.0,0.0,0.0,3445.0,2840.0,3380.0,2720.0,20.0,20.0,0.0,40.0,20.0,-20.0,判定困難,0,判定困難,0,OI_DECREASE
2026/09/08 17:43,2026-09-08T17:58:32+09:00,2026-12,PUT,66500,750.0,0.0,-750.0,0.0,0.0,0.0,0.0,0.0,0.0,0.0,0.0,0.0,3515.0,4380.0,3450.0,4260.0,20.0,20.0,0.0,60.0,20.0,-40.0,判定困難,0,判定困難,0,OI_DECREASE
2026/09/08 17:43,2026-09-08T17:58:32+09:00,2026-12,CALL,66250,15.0,0.0,-15.0,0.0,0.0,0.0,0.0,0.0,0.0,0.0,0.0,0.0,3575.0,2950.0,3515.0,2830.0,60.0,20.0,-40.0,1.0,20.0,19.0,判定困難,0,判定困難,0,
2026/09/08 17:43,2026-09-08T17:58:32+09:00,2026-12,PUT,66250,0.0,0.0,0.0,0.0,0.0,0.0,0.0,0.0,0.0,0.0,0.0,0.0,3395.0,4240.0,3330.0,4120.0,20.0,20.0,0.0,60.0,20.0,-40.0,判定困難,0,判定困難,0,
2026/09/08 17:43,2026-09-08T17:58:32+09:00,2026-12,CALL,66000,1055.0,0.0,-1055.0,0.0,0.0,0.0,0.0,0.0,0.0,0.0,0.0,0.0,3710.0,3055.0,3635.0,2935.0,40.0,20.0,-20.0,40.0,20.0,-20.0,判定困難,0,判定困難,0,OI_DECREASE
2026/09/08 17:43,2026-09-08T17:58:32+09:00,2026-12,PUT,66000,1086.0,0.0,-1086.0,0.0,0.0,0.0,0.0,0.0,0.0,0.0,0.0,0.0,3285.0,4105.0,3215.0,3985.0,80.0,20.0,-60.0,20.0,20.0,0.0,判定困難,0,判定困難,0,OI_DECREASE
2026/09/08 17:43,2026-09-08T17:58:32+09:00,2026-12,CALL,65750,0.0,0.0,0.0,0.0,0.0,0.0,0.0,0.0,0.0,0.0,0.0,0.0,0.0,3175.0,0.0,3055.0,0.0,20.0,20.0,0.0,20.0,20.0,判定困難,0,判定困難,0,
2026/09/08 17:43,2026-09-08T17:58:32+09:00,2026-12,PUT,65750,0.0,0.0,0.0,0.0,0.0,0.0,0.0,0.0,0.0,0.0,0.0,0.0,3170.0,3975.0,3100.0,3855.0,60.0,20.0,-40.0,40.0,20.0,-20.0,判定困難,0,判定困難,0,
2026/09/08 17:43,2026-09-08T17:58:32+09:00,2026-12,CALL,65500,734.0,0.0,-734.0,0.0,0.0,0.0,0.0,0.0,0.0,0.0,0.0,0.0,0.0,3295.0,0.0,3175.0,0.0,20.0,20.0,0.0,20.0,20.0,判定困難,0,判定困難,0,OI_DECREASE
2026/09/08 17:43,2026-09-08T17:58:32+09:00,2026-12,PUT,65500,605.0,0.0,-605.0,0.0,0.0,0.0,0.0,0.0,0.0,0.0,0.0,0.0,3045.0,3840.0,2985.0,3720.0,20.0,20.0,0.0,40.0,20.0,-20.0,判定困難,0,判定困難,0,OI_DECREASE
2026/09/08 17:43,2026-09-08T17:58:32+09:00,2026-12,CALL,65250,0.0,0.0,0.0,0.0,0.0,0.0,0.0,0.0,0.0,0.0,0.0,0.0,0.0,3420.0,0.0,3300.0,0.0,20.0,20.0,0.0,20.0,20.0,判定困難,0,判定困難,0,
2026/09/08 17:43,2026-09-08T17:58:32+09:00,2026-12,PUT,65250,0.0,0.0,0.0,0.0,0.0,0.0,0.0,0.0,0.0,0.0,0.0,0.0,2940.0,3715.0,2880.0,3595.0,20.0,20.0,0.0,20.0,20.0,0.0,判定困難,0,判定困難,0,
2026/09/08 17:43,2026-09-08T17:58:32+09:00,2026-12,CALL,65000,2992.0,0.0,-2992.0,0.0,0.0,0.0,0.0,0.0,0.0,0.0,0.0,0.0,0.0,3545.0,0.0,3425.0,0.0,20.0,20.0,0.0,20.0,20.0,判定困難,0,判定困難,0,OI_DECREASE
2026/09/08 17:43,2026-09-08T17:58:32+09:00,2026-12,PUT,65000,4052.0,0.0,-4052.0,0.0,0.0,0.0,0.0,0.0,0.0,0.0,0.0,0.0,2835.0,3590.0,2775.0,3470.0,20.0,20.0,0.0,20.0,20.0,0.0,判定困難,0,判定困難,0,OI_DECREASE
2026/09/08 17:43,2026-09-08T17:58:32+09:00,2026-12,CALL,64750,0.0,0.0,0.0,0.0,0.0,0.0,0.0,0.0,0.0,0.0,0.0,0.0,0.0,3675.0,0.0,3555.0,0.0,20.0,20.0,0.0,20.0,20.0,判定困難,0,判定困難,0,
2026/09/08 17:43,2026-09-08T17:58:32+09:00,2026-12,PUT,64750,0.0,0.0,0.0,0.0,0.0,0.0,0.0,0.0,0.0,0.0,0.0,0.0,2735.0,3470.0,2675.0,3350.0,20.0,20.0,0.0,20.0,20.0,0.0,判定困難,0,判定困難,0,
2026/09/08 17:43,2026-09-08T17:58:32+09:00,2026-12,CALL,64500,96.0,0.0,-96.0,0.0,0.0,0.0,0.0,0.0,0.0,0.0,0.0,0.0,0.0,3800.0,0.0,3685.0,0.0,1.0,1.0,0.0,20.0,20.0,判定困難,0,判定困難,0,
2026/09/08 17:43,2026-09-08T17:58:32+09:00,2026-12,PUT,64500,2.0,0.0,-2.0,0.0,0.0,0.0,0.0,0.0,0.0,0.0,0.0,0.0,2640.0,3355.0,2575.0,3235.0,20.0,20.0,0.0,60.0,20.0,-40.0,判定困難,0,判定困難,0,
2026/09/08 17:43,2026-09-08T17:58:32+09:00,2026-12,CALL,64250,0.0,0.0,0.0,0.0,0.0,0.0,0.0,0.0,0.0,0.0,0.0,0.0,0.0,0.0,0.0,0.0,0.0,0.0,0.0,0.0,0.0,0.0,判定困難,0,判定困難,0,
2026/09/08 17:43,2026-09-08T17:58:32+09:00,2026-12,PUT,64250,0.0,0.0,0.0,0.0,0.0,0.0,0.0,0.0,0.0,0.0,0.0,0.0,2545.0,3240.0,2480.0,3120.0,20.0,20.0,0.0,60.0,20.0,-40.0,判定困難,0,判定困難,0,
2026/09/08 17:43,2026-09-08T17:58:32+09:00,2026-12,CALL,64000,2140.0,0.0,-2140.0,0.0,0.0,0.0,0.0,0.0,0.0,0.0,0.0,0.0,0.0,0.0,0.0,0.0,0.0,0.0,0.0,0.0,0.0,0.0,判定困難,0,判定困難,0,OI_DECREASE
2026/09/08 17:43,2026-09-08T17:58:32+09:00,2026-12,PUT,64000,1956.0,0.0,-1956.0,0.0,0.0,0.0,0.0,0.0,0.0,0.0,0.0,0.0,2455.0,3130.0,2385.0,3010.0,40.0,20.0,-20.0,40.0,20.0,-20.0,判定困難,0,判定困難,0,OI_DECREASE
2026/09/08 17:43,2026-09-08T17:58:32+09:00,2026-12,CALL,63750,0.0,0.0,0.0,0.0,0.0,0.0,0.0,0.0,0.0,0.0,0.0,0.0,0.0,0.0,0.0,0.0,0.0,0.0,0.0,0.0,0.0,0.0,判定困難,0,判定困難,0,
2026/09/08 17:43,2026-09-08T17:58:32+09:00,2026-12,PUT,63750,23.0,0.0,-23.0,0.0,0.0,0.0,0.0,0.0,0.0,0.0,0.0,0.0,2365.0,3025.0,2295.0,2905.0,20.0,20.0,0.0,60.0,20.0,-40.0,判定困難,0,判定困難,0,
2026/09/08 17:43,2026-09-08T17:58:32+09:00,2026-12,CALL,63500,300.0,0.0,-300.0,0.0,0.0,0.0,0.0,0.0,0.0,0.0,0.0,0.0,0.0,0.0,0.0,0.0,0.0,0.0,0.0,0.0,0.0,0.0,判定困難,0,判定困難,0,OI_DECREASE
2026/09/08 17:43,2026-09-08T17:58:32+09:00,2026-12,PUT,63500,600.0,0.0,-600.0,0.0,0.0,0.0,0.0,0.0,0.0,0.0,0.0,0.0,2280.0,2920.0,2210.0,2800.0,40.0,20.0,-20.0,40.0,20.0,-20.0,判定困難,0,判定困難,0,OI_DECREASE
2026/09/08 17:43,2026-09-08T17:58:32+09:00,2026-12,CALL,63250,0.0,0.0,0.0,0.0,0.0,0.0,0.0,0.0,0.0,0.0,0.0,0.0,0.0,0.0,0.0,0.0,0.0,0.0,0.0,0.0,0.0,0.0,判定困難,0,判定困難,0,
2026/09/08 17:43,2026-09-08T17:58:32+09:00,2026-12,PUT,63250,0.0,0.0,0.0,0.0,0.0,0.0,0.0,0.0,0.0,0.0,0.0,0.0,2200.0,2815.0,2125.0,2695.0,60.0,20.0,-40.0,80.0,20.0,-60.0,判定困難,0,判定困難,0,
2026/09/08 17:43,2026-09-08T17:58:32+09:00,2026-12,CALL,63000,1615.0,0.0,-1615.0,0.0,0.0,0.0,0.0,0.0,0.0,0.0,0.0,0.0,0.0,0.0,0.0,0.0,0.0,0.0,0.0,0.0,0.0,0.0,判定困難,0,判定困難,0,OI_DECREASE
2026/09/08 17:43,2026-09-08T17:58:32+09:00,2026-12,PUT,63000,2493.0,0.0,-2493.0,0.0,0.0,0.0,0.0,0.0,0.0,0.0,0.0,0.0,2120.0,2715.0,2045.0,2595.0,60.0,20.0,-40.0,80.0,20.0,-60.0,判定困難,0,判定困難,0,OI_DECREASE
2026/09/08 17:43,2026-09-08T17:58:32+09:00,2026-12,CALL,62750,0.0,0.0,0.0,0.0,0.0,0.0,0.0,0.0,0.0,0.0,0.0,0.0,0.0,0.0,0.0,0.0,0.0,0.0,0.0,0.0,0.0,0.0,判定困難,0,判定困難,0,
2026/09/08 17:43,2026-09-08T17:58:32+09:00,2026-12,PUT,62750,0.0,0.0,0.0,0.0,0.0,0.0,0.0,0.0,0.0,0.0,0.0,0.0,2025.0,2620.0,1965.0,2500.0,20.0,20.0,0.0,40.0,20.0,-20.0,判定困難,0,判定困難,0,
2026/09/08 17:43,2026-09-08T17:58:32+09:00,2026-12,CALL,62500,812.0,0.0,-812.0,0.0,0.0,0.0,0.0,0.0,0.0,0.0,0.0,0.0,0.0,0.0,0.0,0.0,0.0,0.0,0.0,0.0,0.0,0.0,判定困難,0,判定困難,0,OI_DECREASE
2026/09/08 17:43,2026-09-08T17:58:32+09:00,2026-12,PUT,62500,1087.0,0.0,-1087.0,0.0,0.0,0.0,0.0,0.0,0.0,0.0,0.0,0.0,1965.0,2530.0,1890.0,2410.0,60.0,20.0,-40.0,60.0,20.0,-40.0,判定困難,0,判定困難,0,OI_DECREASE
2026/09/08 17:43,2026-09-08T17:58:32+09:00,2026-12,CALL,62250,0.0,0.0,0.0,0.0,0.0,0.0,0.0,0.0,0.0,0.0,0.0,0.0,0.0,0.0,0.0,0.0,0.0,0.0,0.0,0.0,0.0,0.0,判定困難,0,判定困難,0,
2026/09/08 17:43,2026-09-08T17:58:32+09:00,2026-12,PUT,62250,250.0,0.0,-250.0,0.0,0.0,0.0,0.0,0.0,0.0,0.0,0.0,0.0,2000.0,2445.0,1705.0,2325.0,1.0,20.0,19.0,1.0,20.0,19.0,判定困難,0,判定困難,0,OI_DECREASE
2026/09/08 17:43,2026-09-08T17:58:32+09:00,2026-12,CALL,62000,1450.0,0.0,-1450.0,0.0,0.0,0.0,0.0,0.0,0.0,0.0,0.0,0.0,0.0,0.0,0.0,0.0,0.0,0.0,0.0,0.0,0.0,0.0,判定困難,0,判定困難,0,OI_DECREASE
2026/09/08 17:43,2026-09-08T17:58:32+09:00,2026-12,PUT,62000,2461.0,0.0,-2461.0,0.0,0.0,0.0,0.0,0.0,0.0,0.0,0.0,0.0,1930.0,2360.0,1635.0,2240.0,1.0,20.0,19.0,1.0,20.0,19.0,判定困難,0,判定困難,0,OI_DECREASE
2026/09/08 17:43,2026-09-08T17:58:32+09:00,2026-12,CALL,61750,0.0,0.0,0.0,0.0,0.0,0.0,0.0,0.0,0.0,0.0,0.0,0.0,0.0,0.0,0.0,0.0,0.0,0.0,0.0,0.0,0.0,0.0,判定困難,0,判定困難,0,
2026/09/08 17:43,2026-09-08T17:58:32+09:00,2026-12,PUT,61750,0.0,0.0,0.0,0.0,0.0,0.0,0.0,0.0,0.0,0.0,0.0,0.0,1860.0,2275.0,1570.0,2155.0,1.0,20.0,19.0,1.0,20.0,19.0,判定困難,0,判定困難,0,
2026/09/08 17:43,2026-09-08T17:58:32+09:00,2026-12,CALL,61500,0.0,0.0,0.0,0.0,0.0,0.0,0.0,0.0,0.0,0.0,0.0,0.0,0.0,0.0,0.0,0.0,0.0,0.0,0.0,0.0,0.0,0.0,判定困難,0,判定困難,0,
2026/09/08 17:43,2026-09-08T17:58:32+09:00,2026-12,PUT,61500,1.0,0.0,-1.0,0.0,0.0,0.0,0.0,0.0,0.0,0.0,0.0,0.0,1795.0,2230.0,1505.0,2110.0,1.0,20.0,19.0,1.0,20.0,19.0,判定困難,0,判定困難,0,
2026/09/08 17:43,2026-09-08T17:58:32+09:00,2026-12,CALL,61250,0.0,0.0,0.0,0.0,0.0,0.0,0.0,0.0,0.0,0.0,0.0,0.0,0.0,0.0,0.0,0.0,0.0,0.0,0.0,0.0,0.0,0.0,判定困難,0,判定困難,0,
2026/09/08 17:43,2026-09-08T17:58:32+09:00,2026-12,PUT,61250,32.0,0.0,-32.0,0.0,0.0,0.0,0.0,0.0,0.0,0.0,0.0,0.0,1735.0,2150.0,1440.0,2030.0,1.0,20.0,19.0,1.0,20.0,19.0,判定困難,0,判定困難,0,
2026/09/08 17:43,2026-09-08T17:58:32+09:00,2026-12,CALL,61000,813.0,0.0,-813.0,0.0,0.0,0.0,0.0,0.0,0.0,0.0,0.0,0.0,0.0,0.0,1.0,1.0,0.0,0.0,0.0,10.0,10.0,0.0,判定困難,0,判定困難,0,OI_DECREASE
2026/09/08 17:43,2026-09-08T17:58:32+09:00,2026-12,PUT,61000,1436.0,0.0,-1436.0,0.0,0.0,0.0,0.0,0.0,0.0,0.0,0.0,0.0,1670.0,0.0,1380.0,15.0,1.0,0.0,-1.0,1.0,1.0,0.0,判定困難,0,判定困難,0,OI_DECREASE
2026/09/08 17:43,2026-09-08T17:58:32+09:00,2026-12,CALL,60750,0.0,0.0,0.0,0.0,0.0,0.0,0.0,0.0,0.0,0.0,0.0,0.0,0.0,0.0,1.0,1.0,0.0,0.0,0.0,10.0,10.0,0.0,判定困難,0,判定困難,0,
2026/09/08 17:43,2026-09-08T17:58:32+09:00,2026-12,PUT,60750,0.0,0.0,0.0,0.0,0.0,0.0,0.0,0.0,0.0,0.0,0.0,0.0,1615.0,0.0,1320.0,0.0,1.0,0.0,-1.0,1.0,0.0,-1.0,判定困難,0,判定困難,0,
2026/09/08 17:43,2026-09-08T17:58:32+09:00,2026-12,CALL,60500,102.0,0.0,-102.0,0.0,0.0,0.0,0.0,0.0,0.0,0.0,0.0,0.0,0.0,0.0,1.0,1.0,0.0,0.0,0.0,10.0,10.0,0.0,判定困難,0,判定困難,0,OI_DECREASE
2026/09/08 17:43,2026-09-08T17:58:32+09:00,2026-12,PUT,60500,200.0,0.0,-200.0,0.0,0.0,0.0,0.0,0.0,0.0,0.0,0.0,0.0,1555.0,0.0,1265.0,0.0,1.0,0.0,-1.0,1.0,0.0,-1.0,判定困難,0,判定困難,0,OI_DECREASE
2026/09/08 17:43,2026-09-08T17:58:32+09:00,2026-12,CALL,60250,0.0,0.0,0.0,0.0,0.0,0.0,0.0,0.0,0.0,0.0,0.0,0.0,0.0,0.0,0.0,0.0,0.0,0.0,0.0,0.0,0.0,0.0,判定困難,0,判定困難,0,
2026/09/08 17:43,2026-09-08T17:58:32+09:00,2026-12,PUT,60250,36.0,0.0,-36.0,0.0,0.0,0.0,0.0,0.0,0.0,0.0,0.0,0.0,1505.0,0.0,1210.0,0.0,1.0,0.0,-1.0,1.0,0.0,-1.0,判定困難,0,判定困難,0,
2026/09/08 17:43,2026-09-08T17:58:32+09:00,2026-12,CALL,60000,7264.0,0.0,-7264.0,0.0,0.0,0.0,0.0,0.0,0.0,0.0,0.0,0.0,0.0,0.0,0.0,0.0,0.0,0.0,0.0,0.0,0.0,0.0,判定困難,0,判定困難,0,OI_DECREASE
2026/09/08 17:43,2026-09-08T17:58:32+09:00,2026-12,PUT,60000,9824.0,0.0,-9824.0,1.0,0.0,-1.0,1230.0,0.0,-1230.0,27.58,0.0,-27.58,1325.0,0.0,1250.0,1230.0,6.0,0.0,-6.0,6.0,1.0,-5.0,判定困難,0,判定困難,0,"OI_DECREASE,PRICE,IV"
2026/09/08 17:43,2026-09-08T17:58:32+09:00,2026-12,CALL,59750,0.0,0.0,0.0,0.0,0.0,0.0,0.0,0.0,0.0,0.0,0.0,0.0,0.0,0.0,0.0,0.0,0.0,0.0,0.0,0.0,0.0,0.0,判定困難,0,判定困難,0,
2026/09/08 17:43,2026-09-08T17:58:32+09:00,2026-12,PUT,59750,0.0,0.0,0.0,0.0,0.0,0.0,0.0,0.0,0.0,0.0,0.0,0.0,1400.0,0.0,1110.0,0.0,1.0,0.0,-1.0,1.0,0.0,-1.0,判定困難,0,判定困難,0,
2026/09/08 17:43,2026-09-08T17:58:32+09:00,2026-12,CALL,59500,100.0,0.0,-100.0,0.0,0.0,0.0,0.0,0.0,0.0,0.0,0.0,0.0,0.0,0.0,0.0,0.0,0.0,0.0,0.0,0.0,0.0,0.0,判定困難,0,判定困難,0,OI_DECREASE
2026/09/08 17:43,2026-09-08T17:58:32+09:00,2026-12,PUT,59500,250.0,0.0,-250.0,0.0,0.0,0.0,0.0,0.0,0.0,0.0,0.0,0.0,1350.0,0.0,1060.0,0.0,1.0,0.0,-1.0,1.0,0.0,-1.0,判定困難,0,判定困難,0,OI_DECREASE
2026/09/08 17:43,2026-09-08T17:58:32+09:00,2026-12,CALL,59250,0.0,0.0,0.0,0.0,0.0,0.0,0.0,0.0,0.0,0.0,0.0,0.0,0.0,0.0,0.0,0.0,0.0,0.0,0.0,0.0,0.0,0.0,判定困難,0,判定困難,0,
2026/09/08 17:43,2026-09-08T17:58:32+09:00,2026-12,PUT,59250,60.0,0.0,-60.0,0.0,0.0,0.0,0.0,0.0,0.0,0.0,0.0,0.0,1295.0,0.0,1025.0,0.0,1.0,0.0,-1.0,1.0,0.0,-1.0,判定困難,0,判定困難,0,
2026/09/08 17:43,2026-09-08T17:58:32+09:00,2026-12,CALL,59000,1900.0,0.0,-1900.0,0.0,0.0,0.0,0.0,0.0,0.0,0.0,0.0,0.0,0.0,0.0,0.0,0.0,0.0,0.0,0.0,0.0,0.0,0.0,判定困難,0,判定困難,0,OI_DECREASE
2026/09/08 17:43,2026-09-08T17:58:32+09:00,2026-12,PUT,59000,2409.0,0.0,-2409.0,0.0,0.0,0.0,0.0,0.0,0.0,0.0,0.0,0.0,1250.0,0.0,980.0,10.0,1.0,0.0,-1.0,1.0,1.0,0.0,判定困難,0,判定困難,0,OI_DECREASE
2026/09/08 17:43,2026-09-08T17:58:32+09:00,2026-12,CALL,58750,0.0,0.0,0.0,0.0,0.0,0.0,0.0,0.0,0.0,0.0,0.0,0.0,0.0,0.0,0.0,0.0,0.0,0.0,0.0,0.0,0.0,0.0,判定困難,0,判定困難,0,
2026/09/08 17:43,2026-09-08T17:58:32+09:00,2026-12,PUT,58750,0.0,0.0,0.0,0.0,0.0,0.0,0.0,0.0,0.0,0.0,0.0,0.0,1210.0,0.0,940.0,0.0,1.0,0.0,-1.0,1.0,0.0,-1.0,判定困難,0,判定困難,0,
2026/09/08 17:43,2026-09-08T17:58:32+09:00,2026-12,CALL,58500,350.0,0.0,-350.0,0.0,0.0,0.0,0.0,0.0,0.0,0.0,0.0,0.0,0.0,0.0,0.0,0.0,0.0,0.0,0.0,0.0,0.0,0.0,判定困難,0,判定困難,0,OI_DECREASE
2026/09/08 17:43,2026-09-08T17:58:32+09:00,2026-12,PUT,58500,850.0,0.0,-850.0,0.0,0.0,0.0,0.0,0.0,0.0,0.0,0.0,0.0,1170.0,0.0,900.0,1.0,1.0,0.0,-1.0,1.0,1.0,0.0,判定困難,0,判定困難,0,OI_DECREASE
2026/09/08 17:43,2026-09-08T17:58:32+09:00,2026-12,CALL,58250,0.0,0.0,0.0,0.0,0.0,0.0,0.0,0.0,0.0,0.0,0.0,0.0,0.0,0.0,0.0,0.0,0.0,0.0,0.0,0.0,0.0,0.0,判定困難,0,判定困難,0,
2026/09/08 17:43,2026-09-08T17:58:32+09:00,2026-12,PUT,58250,65.0,0.0,-65.0,0.0,0.0,0.0,0.0,0.0,0.0,0.0,0.0,0.0,1130.0,0.0,860.0,0.0,1.0,0.0,-1.0,1.0,0.0,-1.0,判定困難,0,判定困難,0,
2026/09/08 17:43,2026-09-08T17:58:32+09:00,2026-12,CALL,58000,2603.0,0.0,-2603.0,0.0,0.0,0.0,0.0,0.0,0.0,0.0,0.0,0.0,0.0,0.0,0.0,0.0,0.0,0.0,0.0,0.0,0.0,0.0,判定困難,0,判定困難,0,OI_DECREASE
2026/09/08 17:43,2026-09-08T17:58:32+09:00,2026-12,PUT,58000,1907.0,0.0,-1907.0,0.0,0.0,0.0,0.0,0.0,0.0,0.0,0.0,0.0,1090.0,0.0,820.0,10.0,1.0,0.0,-1.0,1.0,1.0,0.0,判定困難,0,判定困難,0,OI_DECREASE
2026/09/08 17:43,2026-09-08T17:58:32+09:00,2026-12,CALL,57750,0.0,0.0,0.0,0.0,0.0,0.0,0.0,0.0,0.0,0.0,0.0,0.0,0.0,0.0,0.0,0.0,0.0,0.0,0.0,0.0,0.0,0.0,判定困難,0,判定困難,0,
2026/09/08 17:43,2026-09-08T17:58:32+09:00,2026-12,PUT,57750,0.0,0.0,0.0,0.0,0.0,0.0,0.0,0.0,0.0,0.0,0.0,0.0,1055.0,0.0,785.0,0.0,1.0,0.0,-1.0,1.0,0.0,-1.0,判定困難,0,判定困難,0,
2026/09/08 17:43,2026-09-08T17:58:32+09:00,2026-12,CALL,57500,80.0,0.0,-80.0,0.0,0.0,0.0,0.0,0.0,0.0,0.0,0.0,0.0,0.0,0.0,0.0,0.0,0.0,0.0,0.0,0.0,0.0,0.0,判定困難,0,判定困難,0,
2026/09/08 17:43,2026-09-08T17:58:32+09:00,2026-12,PUT,57500,850.0,0.0,-850.0,0.0,0.0,0.0,0.0,0.0,0.0,0.0,0.0,0.0,1020.0,0.0,750.0,0.0,1.0,0.0,-1.0,1.0,0.0,-1.0,判定困難,0,判定困難,0,OI_DECREASE
2026/09/08 17:43,2026-09-08T17:58:32+09:00,2026-12,CALL,57250,113.0,0.0,-113.0,0.0,0.0,0.0,0.0,0.0,0.0,0.0,0.0,0.0,0.0,0.0,0.0,0.0,0.0,0.0,0.0,0.0,0.0,0.0,判定困難,0,判定困難,0,OI_DECREASE
2026/09/08 17:43,2026-09-08T17:58:32+09:00,2026-12,PUT,57250,0.0,0.0,0.0,0.0,0.0,0.0,0.0,0.0,0.0,0.0,0.0,0.0,990.0,0.0,720.0,0.0,1.0,0.0,-1.0,1.0,0.0,-1.0,判定困難,0,判定困難,0,
2026/09/08 17:43,2026-09-08T17:58:32+09:00,2026-12,CALL,57000,500.0,0.0,-500.0,0.0,0.0,0.0,0.0,0.0,0.0,0.0,0.0,0.0,0.0,0.0,0.0,0.0,0.0,0.0,0.0,0.0,0.0,0.0,判定困難,0,判定困難,0,OI_DECREASE
2026/09/08 17:43,2026-09-08T17:58:32+09:00,2026-12,PUT,57000,2381.0,0.0,-2381.0,0.0,0.0,0.0,0.0,0.0,0.0,0.0,0.0,0.0,955.0,0.0,685.0,10.0,1.0,0.0,-1.0,1.0,1.0,0.0,判定困難,0,判定困難,0,OI_DECREASE
2026/09/08 17:43,2026-09-08T17:58:32+09:00,2026-12,CALL,56750,0.0,0.0,0.0,0.0,0.0,0.0,0.0,0.0,0.0,0.0,0.0,0.0,0.0,0.0,0.0,0.0,0.0,0.0,0.0,0.0,0.0,0.0,判定困難,0,判定困難,0,
2026/09/08 17:43,2026-09-08T17:58:32+09:00,2026-12,PUT,56750,0.0,0.0,0.0,0.0,0.0,0.0,0.0,0.0,0.0,0.0,0.0,0.0,925.0,0.0,655.0,0.0,1.0,0.0,-1.0,1.0,0.0,-1.0,判定困難,0,判定困難,0,
2026/09/08 17:43,2026-09-08T17:58:32+09:00,2026-12,CALL,56500,283.0,0.0,-283.0,0.0,0.0,0.0,0.0,0.0,0.0,0.0,0.0,0.0,0.0,0.0,0.0,0.0,0.0,0.0,0.0,0.0,0.0,0.0,判定困難,0,判定困難,0,OI_DECREASE
2026/09/08 17:43,2026-09-08T17:58:32+09:00,2026-12,PUT,56500,171.0,0.0,-171.0,0.0,0.0,0.0,0.0,0.0,0.0,0.0,0.0,0.0,895.0,0.0,625.0,0.0,1.0,0.0,-1.0,1.0,0.0,-1.0,判定困難,0,判定困難,0,OI_DECREASE
2026/09/08 17:43,2026-09-08T17:58:32+09:00,2026-12,CALL,56250,0.0,0.0,0.0,0.0,0.0,0.0,0.0,0.0,0.0,0.0,0.0,0.0,0.0,0.0,0.0,0.0,0.0,0.0,0.0,0.0,0.0,0.0,判定困難,0,判定困難,0,
2026/09/08 17:43,2026-09-08T17:58:32+09:00,2026-12,PUT,56250,2.0,0.0,-2.0,0.0,0.0,0.0,0.0,0.0,0.0,0.0,0.0,0.0,870.0,0.0,600.0,0.0,1.0,0.0,-1.0,1.0,0.0,-1.0,判定困難,0,判定困難,0,
2026/09/08 17:43,2026-09-08T17:58:32+09:00,2026-12,CALL,56000,791.0,0.0,-791.0,0.0,0.0,0.0,0.0,0.0,0.0,0.0,0.0,0.0,0.0,0.0,0.0,0.0,0.0,0.0,0.0,0.0,0.0,0.0,判定困難,0,判定困難,0,OI_DECREASE
2026/09/08 17:43,2026-09-08T17:58:32+09:00,2026-12,PUT,56000,2528.0,0.0,-2528.0,0.0,0.0,0.0,0.0,0.0,0.0,0.0,0.0,0.0,840.0,0.0,570.0,10.0,1.0,0.0,-1.0,1.0,1.0,0.0,判定困難,0,判定困難,0,OI_DECREASE
2026/09/08 17:43,2026-09-08T17:58:32+09:00,2026-12,CALL,55750,0.0,0.0,0.0,0.0,0.0,0.0,0.0,0.0,0.0,0.0,0.0,0.0,0.0,0.0,0.0,0.0,0.0,0.0,0.0,0.0,0.0,0.0,判定困難,0,判定困難,0,
2026/09/08 17:43,2026-09-08T17:58:32+09:00,2026-12,PUT,55750,0.0,0.0,0.0,0.0,0.0,0.0,0.0,0.0,0.0,0.0,0.0,0.0,795.0,0.0,565.0,0.0,1.0,0.0,-1.0,1.0,0.0,-1.0,判定困難,0,判定困難,0,
2026/09/08 17:43,2026-09-08T17:58:32+09:00,2026-12,CALL,55500,300.0,0.0,-300.0,0.0,0.0,0.0,0.0,0.0,0.0,0.0,0.0,0.0,0.0,0.0,0.0,0.0,0.0,0.0,0.0,0.0,0.0,0.0,判定困難,0,判定困難,0,OI_DECREASE
2026/09/08 17:43,2026-09-08T17:58:32+09:00,2026-12,PUT,55500,100.0,0.0,-100.0,0.0,0.0,0.0,0.0,0.0,0.0,0.0,0.0,0.0,770.0,0.0,540.0,0.0,1.0,0.0,-1.0,1.0,0.0,-1.0,判定困難,0,判定困難,0,OI_DECREASE
2026/09/08 17:43,2026-09-08T17:58:32+09:00,2026-12,CALL,55250,0.0,0.0,0.0,0.0,0.0,0.0,0.0,0.0,0.0,0.0,0.0,0.0,0.0,0.0,0.0,0.0,0.0,0.0,0.0,0.0,0.0,0.0,判定困難,0,判定困難,0,
2026/09/08 17:43,2026-09-08T17:58:32+09:00,2026-12,PUT,55250,0.0,0.0,0.0,0.0,0.0,0.0,0.0,0.0,0.0,0.0,0.0,0.0,745.0,0.0,520.0,0.0,1.0,0.0,-1.0,1.0,0.0,-1.0,判定困難,0,判定困難,0,
2026/09/08 17:43,2026-09-08T17:58:32+09:00,2026-12,CALL,55000,1829.0,0.0,-1829.0,0.0,0.0,0.0,0.0,0.0,0.0,0.0,0.0,0.0,0.0,0.0,0.0,0.0,0.0,0.0,0.0,0.0,0.0,0.0,判定困難,0,判定困難,0,OI_DECREASE
2026/09/08 17:43,2026-09-08T17:58:32+09:00,2026-12,PUT,55000,4826.0,0.0,-4826.0,0.0,0.0,0.0,0.0,0.0,0.0,0.0,0.0,0.0,725.0,0.0,500.0,10.0,1.0,0.0,-1.0,2.0,1.0,-1.0,判定困難,0,判定困難,0,OI_DECREASE
2026/09/08 17:43,2026-09-08T17:58:32+09:00,2026-12,CALL,54750,0.0,0.0,0.0,0.0,0.0,0.0,0.0,0.0,0.0,0.0,0.0,0.0,0.0,0.0,0.0,0.0,0.0,0.0,0.0,0.0,0.0,0.0,判定困難,0,判定困難,0,
2026/09/08 17:43,2026-09-08T17:58:32+09:00,2026-12,PUT,54750,32.0,0.0,-32.0,0.0,0.0,0.0,0.0,0.0,0.0,0.0,0.0,0.0,705.0,0.0,475.0,1.0,1.0,0.0,-1.0,1.0,1.0,0.0,判定困難,0,判定困難,0,
2026/09/08 17:43,2026-09-08T17:58:32+09:00,2026-12,CALL,54500,540.0,0.0,-540.0,0.0,0.0,0.0,0.0,0.0,0.0,0.0,0.0,0.0,0.0,0.0,0.0,0.0,0.0,0.0,0.0,0.0,0.0,0.0,判定困難,0,判定困難,0,OI_DECREASE
2026/09/08 17:43,2026-09-08T17:58:32+09:00,2026-12,PUT,54500,780.0,0.0,-780.0,0.0,0.0,0.0,0.0,0.0,0.0,0.0,0.0,0.0,680.0,0.0,455.0,0.0,1.0,0.0,-1.0,1.0,0.0,-1.0,判定困難,0,判定困難,0,OI_DECREASE
2026/09/08 17:43,2026-09-08T17:58:32+09:00,2026-12,CALL,54250,0.0,0.0,0.0,0.0,0.0,0.0,0.0,0.0,0.0,0.0,0.0,0.0,0.0,0.0,0.0,0.0,0.0,0.0,0.0,0.0,0.0,0.0,判定困難,0,判定困難,0,
2026/09/08 17:43,2026-09-08T17:58:32+09:00,2026-12,PUT,54250,0.0,0.0,0.0,0.0,0.0,0.0,0.0,0.0,0.0,0.0,0.0,0.0,660.0,0.0,435.0,0.0,1.0,0.0,-1.0,1.0,0.0,-1.0,判定困難,0,判定困難,0,
2026/09/08 17:43,2026-09-08T17:58:32+09:00,2026-12,CALL,54000,1941.0,0.0,-1941.0,0.0,0.0,0.0,0.0,0.0,0.0,0.0,0.0,0.0,0.0,0.0,0.0,0.0,0.0,0.0,0.0,0.0,0.0,0.0,判定困難,0,判定困難,0,OI_DECREASE
2026/09/08 17:43,2026-09-08T17:58:32+09:00,2026-12,PUT,54000,2663.0,0.0,-2663.0,0.0,0.0,0.0,0.0,0.0,0.0,0.0,0.0,0.0,645.0,0.0,415.0,10.0,1.0,0.0,-1.0,1.0,1.0,0.0,判定困難,0,判定困難,0,OI_DECREASE
2026/09/08 17:43,2026-09-08T17:58:32+09:00,2026-12,CALL,53750,0.0,0.0,0.0,0.0,0.0,0.0,0.0,0.0,0.0,0.0,0.0,0.0,0.0,0.0,0.0,0.0,0.0,0.0,0.0,0.0,0.0,0.0,判定困難,0,判定困難,0,
2026/09/08 17:43,2026-09-08T17:58:32+09:00,2026-12,PUT,53750,4.0,0.0,-4.0,0.0,0.0,0.0,0.0,0.0,0.0,0.0,0.0,0.0,625.0,0.0,395.0,0.0,1.0,0.0,-1.0,1.0,0.0,-1.0,判定困難,0,判定困難,0,
2026/09/08 17:43,2026-09-08T17:58:32+09:00,2026-12,CALL,53500,106.0,0.0,-106.0,0.0,0.0,0.0,0.0,0.0,0.0,0.0,0.0,0.0,0.0,0.0,0.0,0.0,0.0,0.0,0.0,0.0,0.0,0.0,判定困難,0,判定困難,0,OI_DECREASE
2026/09/08 17:43,2026-09-08T17:58:32+09:00,2026-12,PUT,53500,205.0,0.0,-205.0,0.0,0.0,0.0,0.0,0.0,0.0,0.0,0.0,0.0,605.0,0.0,380.0,0.0,1.0,0.0,-1.0,1.0,0.0,-1.0,判定困難,0,判定困難,0,OI_DECREASE
2026/09/08 17:43,2026-09-08T17:58:32+09:00,2026-12,CALL,53250,0.0,0.0,0.0,0.0,0.0,0.0,0.0,0.0,0.0,0.0,0.0,0.0,0.0,0.0,0.0,0.0,0.0,0.0,0.0,0.0,0.0,0.0,判定困難,0,判定困難,0,
2026/09/08 17:43,2026-09-08T17:58:32+09:00,2026-12,PUT,53250,187.0,0.0,-187.0,0.0,0.0,0.0,0.0,0.0,0.0,0.0,0.0,0.0,590.0,0.0,360.0,0.0,1.0,0.0,-1.0,1.0,0.0,-1.0,判定困難,0,判定困難,0,OI_DECREASE
2026/09/08 17:43,2026-09-08T17:58:32+09:00,2026-12,CALL,53000,1135.0,0.0,-1135.0,0.0,0.0,0.0,0.0,0.0,0.0,0.0,0.0,0.0,0.0,0.0,0.0,0.0,0.0,0.0,0.0,0.0,0.0,0.0,判定困難,0,判定困難,0,OI_DECREASE
2026/09/08 17:43,2026-09-08T17:58:32+09:00,2026-12,PUT,53000,1712.0,0.0,-1712.0,85.0,0.0,-85.0,450.0,0.0,-450.0,33.28,0.0,-33.28,480.0,650.0,430.0,625.0,9.0,60.0,51.0,9.0,55.0,46.0,判定困難,0,判定困難,0,"OI_DECREASE,PRICE,IV"
2026/09/08 17:43,2026-09-08T17:58:32+09:00,2026-12,CALL,52750,0.0,0.0,0.0,0.0,0.0,0.0,0.0,0.0,0.0,0.0,0.0,0.0,0.0,0.0,0.0,0.0,0.0,0.0,0.0,0.0,0.0,0.0,判定困難,0,判定困難,0,
2026/09/08 17:43,2026-09-08T17:58:32+09:00,2026-12,PUT,52750,0.0,0.0,0.0,0.0,0.0,0.0,0.0,0.0,0.0,0.0,0.0,0.0,560.0,0.0,330.0,0.0,1.0,0.0,-1.0,1.0,0.0,-1.0,判定困難,0,判定困難,0,
2026/09/08 17:43,2026-09-08T17:58:32+09:00,2026-12,CALL,52500,50.0,0.0,-50.0,0.0,0.0,0.0,0.0,0.0,0.0,0.0,0.0,0.0,0.0,0.0,0.0,0.0,0.0,0.0,0.0,0.0,0.0,0.0,判定困難,0,判定困難,0,
2026/09/08 17:43,2026-09-08T17:58:32+09:00,2026-12,PUT,52500,600.0,0.0,-600.0,0.0,0.0,0.0,0.0,0.0,0.0,0.0,0.0,0.0,545.0,0.0,315.0,0.0,1.0,0.0,-1.0,1.0,0.0,-1.0,判定困難,0,判定困難,0,OI_DECREASE
2026/09/08 17:43,2026-09-08T17:58:32+09:00,2026-12,CALL,52250,250.0,0.0,-250.0,0.0,0.0,0.0,0.0,0.0,0.0,0.0,0.0,0.0,0.0,0.0,0.0,0.0,0.0,0.0,0.0,0.0,0.0,0.0,判定困難,0,判定困難,0,OI_DECREASE
2026/09/08 17:43,2026-09-08T17:58:32+09:00,2026-12,PUT,52250,525.0,0.0,-525.0,0.0,0.0,0.0,0.0,0.0,0.0,0.0,0.0,0.0,530.0,0.0,300.0,0.0,1.0,0.0,-1.0,1.0,0.0,-1.0,判定困難,0,判定困難,0,OI_DECREASE
2026/09/08 17:43,2026-09-08T17:58:32+09:00,2026-12,CALL,52000,802.0,0.0,-802.0,0.0,0.0,0.0,0.0,0.0,0.0,0.0,0.0,0.0,0.0,0.0,0.0,0.0,0.0,0.0,0.0,0.0,0.0,0.0,判定困難,0,判定困難,0,OI_DECREASE
2026/09/08 17:43,2026-09-08T17:58:32+09:00,2026-12,PUT,52000,2766.0,0.0,-2766.0,0.0,0.0,0.0,0.0,0.0,0.0,0.0,0.0,0.0,515.0,0.0,360.0,100.0,1.0,0.0,-1.0,1.0,1.0,0.0,判定困難,0,判定困難,0,OI_DECREASE
2026/09/08 17:43,2026-09-08T17:58:32+09:00,2026-12,CALL,51750,0.0,0.0,0.0,0.0,0.0,0.0,0.0,0.0,0.0,0.0,0.0,0.0,0.0,0.0,0.0,0.0,0.0,0.0,0.0,0.0,0.0,0.0,判定困難,0,判定困難,0,
2026/09/08 17:43,2026-09-08T17:58:32+09:00,2026-12,PUT,51750,0.0,0.0,0.0,0.0,0.0,0.0,0.0,0.0,0.0,0.0,0.0,0.0,435.0,0.0,340.0,0.0,1.0,0.0,-1.0,1.0,0.0,-1.0,判定困難,0,判定困難,0,
2026/09/08 17:43,2026-09-08T17:58:32+09:00,2026-12,CALL,51500,0.0,0.0,0.0,0.0,0.0,0.0,0.0,0.0,0.0,0.0,0.0,0.0,0.0,0.0,0.0,0.0,0.0,0.0,0.0,0.0,0.0,0.0,判定困難,0,判定困難,0,
2026/09/08 17:43,2026-09-08T17:58:32+09:00,2026-12,PUT,51500,20.0,0.0,-20.0,0.0,0.0,0.0,0.0,0.0,0.0,0.0,0.0,0.0,470.0,0.0,284.0,0.0,1.0,0.0,-1.0,1.0,0.0,-1.0,判定困難,0,判定困難,0,
2026/09/08 17:43,2026-09-08T17:58:32+09:00,2026-12,CALL,51250,0.0,0.0,0.0,0.0,0.0,0.0,0.0,0.0,0.0,0.0,0.0,0.0,0.0,0.0,0.0,0.0,0.0,0.0,0.0,0.0,0.0,0.0,判定困難,0,判定困難,0,
2026/09/08 17:43,2026-09-08T17:58:32+09:00,2026-12,PUT,51250,2.0,0.0,-2.0,0.0,0.0,0.0,0.0,0.0,0.0,0.0,0.0,0.0,410.0,0.0,320.0,0.0,1.0,0.0,-1.0,1.0,0.0,-1.0,判定困難,0,判定困難,0,
2026/09/08 17:43,2026-09-08T17:58:32+09:00,2026-12,CALL,51000,731.0,0.0,-731.0,0.0,0.0,0.0,0.0,0.0,0.0,0.0,0.0,0.0,0.0,0.0,0.0,0.0,0.0,0.0,0.0,0.0,0.0,0.0,判定困難,0,判定困難,0,OI_DECREASE
2026/09/08 17:43,2026-09-08T17:58:32+09:00,2026-12,PUT,51000,1565.0,0.0,-1565.0,0.0,0.0,0.0,0.0,0.0,0.0,0.0,0.0,0.0,400.0,0.0,305.0,10.0,1.0,0.0,-1.0,1.0,1.0,0.0,判定困難,0,判定困難,0,OI_DECREASE
2026/09/08 17:43,2026-09-08T17:58:32+09:00,2026-12,CALL,50750,45.0,0.0,-45.0,0.0,0.0,0.0,0.0,0.0,0.0,0.0,0.0,0.0,0.0,0.0,0.0,0.0,0.0,0.0,0.0,0.0,0.0,0.0,判定困難,0,判定困難,0,
2026/09/08 17:43,2026-09-08T17:58:32+09:00,2026-12,PUT,50750,47.0,0.0,-47.0,0.0,0.0,0.0,0.0,0.0,0.0,0.0,0.0,0.0,435.0,0.0,250.0,0.0,1.0,0.0,-1.0,1.0,0.0,-1.0,判定困難,0,判定困難,0,
2026/09/08 17:43,2026-09-08T17:58:32+09:00,2026-12,CALL,50500,600.0,0.0,-600.0,0.0,0.0,0.0,0.0,0.0,0.0,0.0,0.0,0.0,0.0,0.0,0.0,0.0,0.0,0.0,0.0,0.0,0.0,0.0,判定困難,0,判定困難,0,OI_DECREASE
2026/09/08 17:43,2026-09-08T17:58:32+09:00,2026-12,PUT,50500,1175.0,0.0,-1175.0,0.0,0.0,0.0,0.0,0.0,0.0,0.0,0.0,0.0,425.0,0.0,239.0,0.0,1.0,0.0,-1.0,1.0,0.0,-1.0,判定困難,0,判定困難,0,OI_DECREASE
2026/09/08 17:43,2026-09-08T17:58:32+09:00,2026-12,CALL,50250,58.0,0.0,-58.0,0.0,0.0,0.0,0.0,0.0,0.0,0.0,0.0,0.0,0.0,0.0,0.0,0.0,0.0,0.0,0.0,0.0,0.0,0.0,判定困難,0,判定困難,0,
2026/09/08 17:43,2026-09-08T17:58:32+09:00,2026-12,PUT,50250,16.0,0.0,-16.0,0.0,0.0,0.0,0.0,0.0,0.0,0.0,0.0,0.0,415.0,0.0,229.0,0.0,1.0,0.0,-1.0,1.0,0.0,-1.0,判定困難,0,判定困難,0,
2026/09/08 17:43,2026-09-08T17:58:32+09:00,2026-12,CALL,50000,4442.0,0.0,-4442.0,0.0,0.0,0.0,0.0,0.0,0.0,0.0,0.0,0.0,0.0,0.0,0.0,0.0,0.0,0.0,0.0,0.0,0.0,0.0,判定困難,0,判定困難,0,OI_DECREASE
2026/09/08 17:43,2026-09-08T17:58:32+09:00,2026-12,PUT,50000,7597.0,0.0,-7597.0,0.0,0.0,0.0,0.0,0.0,0.0,0.0,0.0,0.0,405.0,0.0,225.0,225.0,1.0,0.0,-1.0,1.0,1.0,0.0,判定困難,0,判定困難,0,OI_DECREASE
2026/09/08 17:43,2026-09-08T17:58:32+09:00,2026-12,CALL,49750,0.0,0.0,0.0,0.0,0.0,0.0,0.0,0.0,0.0,0.0,0.0,0.0,0.0,0.0,0.0,0.0,0.0,0.0,0.0,0.0,0.0,0.0,判定困難,0,判定困難,0,
2026/09/08 17:43,2026-09-08T17:58:32+09:00,2026-12,PUT,49750,73.0,0.0,-73.0,0.0,0.0,0.0,0.0,0.0,0.0,0.0,0.0,0.0,395.0,0.0,209.0,0.0,1.0,0.0,-1.0,1.0,0.0,-1.0,判定困難,0,判定困難,0,
2026/09/08 17:43,2026-09-08T17:58:32+09:00,2026-12,CALL,49500,260.0,0.0,-260.0,0.0,0.0,0.0,0.0,0.0,0.0,0.0,0.0,0.0,0.0,0.0,0.0,0.0,0.0,0.0,0.0,0.0,0.0,0.0,判定困難,0,判定困難,0,OI_DECREASE
2026/09/08 17:43,2026-09-08T17:58:32+09:00,2026-12,PUT,49500,2719.0,0.0,-2719.0,0.0,0.0,0.0,0.0,0.0,0.0,0.0,0.0,0.0,385.0,0.0,200.0,0.0,1.0,0.0,-1.0,1.0,0.0,-1.0,判定困難,0,判定困難,0,OI_DECREASE
2026/09/08 17:43,2026-09-08T17:58:32+09:00,2026-12,CALL,49250,0.0,0.0,0.0,0.0,0.0,0.0,0.0,0.0,0.0,0.0,0.0,0.0,0.0,0.0,0.0,0.0,0.0,0.0,0.0,0.0,0.0,0.0,判定困難,0,判定困難,0,
2026/09/08 17:43,2026-09-08T17:58:32+09:00,2026-12,PUT,49250,202.0,0.0,-202.0,0.0,0.0,0.0,0.0,0.0,0.0,0.0,0.0,0.0,375.0,0.0,191.0,0.0,1.0,0.0,-1.0,1.0,0.0,-1.0,判定困難,0,判定困難,0,OI_DECREASE
2026/09/08 17:43,2026-09-08T17:58:32+09:00,2026-12,CALL,49000,1000.0,0.0,-1000.0,0.0,0.0,0.0,0.0,0.0,0.0,0.0,0.0,0.0,0.0,0.0,0.0,0.0,0.0,0.0,0.0,0.0,0.0,0.0,判定困難,0,判定困難,0,OI_DECREASE
2026/09/08 17:43,2026-09-08T17:58:32+09:00,2026-12,PUT,49000,3179.0,0.0,-3179.0,0.0,0.0,0.0,0.0,0.0,0.0,0.0,0.0,0.0,365.0,0.0,183.0,0.0,1.0,0.0,-1.0,1.0,0.0,-1.0,判定困難,0,判定困難,0,OI_DECREASE
2026/09/08 17:43,2026-09-08T17:58:32+09:00,2026-12,CALL,48750,0.0,0.0,0.0,0.0,0.0,0.0,0.0,0.0,0.0,0.0,0.0,0.0,0.0,0.0,0.0,0.0,0.0,0.0,0.0,0.0,0.0,0.0,判定困難,0,判定困難,0,
2026/09/08 17:43,2026-09-08T17:58:32+09:00,2026-12,PUT,48750,2.0,0.0,-2.0,0.0,0.0,0.0,0.0,0.0,0.0,0.0,0.0,0.0,360.0,0.0,175.0,0.0,1.0,0.0,-1.0,1.0,0.0,-1.0,判定困難,0,判定困難,0,
2026/09/08 17:43,2026-09-08T17:58:32+09:00,2026-12,CALL,48500,0.0,0.0,0.0,0.0,0.0,0.0,0.0,0.0,0.0,0.0,0.0,0.0,0.0,0.0,0.0,0.0,0.0,0.0,0.0,0.0,0.0,0.0,判定困難,0,判定困難,0,
2026/09/08 17:43,2026-09-08T17:58:32+09:00,2026-12,PUT,48500,302.0,0.0,-302.0,0.0,0.0,0.0,0.0,0.0,0.0,0.0,0.0,0.0,350.0,0.0,167.0,30.0,1.0,0.0,-1.0,1.0,1.0,0.0,判定困難,0,判定困難,0,OI_DECREASE
2026/09/08 17:43,2026-09-08T17:58:32+09:00,2026-12,CALL,48250,0.0,0.0,0.0,0.0,0.0,0.0,0.0,0.0,0.0,0.0,0.0,0.0,0.0,0.0,0.0,0.0,0.0,0.0,0.0,0.0,0.0,0.0,判定困難,0,判定困難,0,
2026/09/08 17:43,2026-09-08T17:58:32+09:00,2026-12,PUT,48250,3.0,0.0,-3.0,0.0,0.0,0.0,0.0,0.0,0.0,0.0,0.0,0.0,345.0,0.0,160.0,0.0,1.0,0.0,-1.0,1.0,0.0,-1.0,判定困難,0,判定困難,0,
2026/09/08 17:43,2026-09-08T17:58:32+09:00,2026-12,CALL,48000,750.0,0.0,-750.0,0.0,0.0,0.0,0.0,0.0,0.0,0.0,0.0,0.0,0.0,0.0,0.0,0.0,0.0,0.0,0.0,0.0,0.0,0.0,判定困難,0,判定困難,0,OI_DECREASE
2026/09/08 17:43,2026-09-08T17:58:32+09:00,2026-12,PUT,48000,4136.0,0.0,-4136.0,0.0,0.0,0.0,0.0,0.0,0.0,0.0,0.0,0.0,280.0,0.0,152.0,80.0,1.0,0.0,-1.0,1.0,1.0,0.0,判定困難,0,判定困難,0,OI_DECREASE
2026/09/08 17:43,2026-09-08T17:58:32+09:00,2026-12,CALL,47750,0.0,0.0,0.0,0.0,0.0,0.0,0.0,0.0,0.0,0.0,0.0,0.0,0.0,0.0,0.0,0.0,0.0,0.0,0.0,0.0,0.0,0.0,判定困難,0,判定困難,0,
2026/09/08 17:43,2026-09-08T17:58:32+09:00,2026-12,PUT,47750,2.0,0.0,-2.0,0.0,0.0,0.0,0.0,0.0,0.0,0.0,0.0,0.0,330.0,0.0,145.0,0.0,1.0,0.0,-1.0,1.0,0.0,-1.0,判定困難,0,判定困難,0,
2026/09/08 17:43,2026-09-08T17:58:32+09:00,2026-12,CALL,47500,200.0,0.0,-200.0,0.0,0.0,0.0,0.0,0.0,0.0,0.0,0.0,0.0,0.0,0.0,0.0,0.0,0.0,0.0,0.0,0.0,0.0,0.0,判定困難,0,判定困難,0,OI_DECREASE
2026/09/08 17:43,2026-09-08T17:58:32+09:00,2026-12,PUT,47500,1121.0,0.0,-1121.0,0.0,0.0,0.0,0.0,0.0,0.0,0.0,0.0,0.0,325.0,0.0,139.0,0.0,1.0,0.0,-1.0,1.0,0.0,-1.0,判定困難,0,判定困難,0,OI_DECREASE
2026/09/08 17:43,2026-09-08T17:58:32+09:00,2026-12,CALL,47250,0.0,0.0,0.0,0.0,0.0,0.0,0.0,0.0,0.0,0.0,0.0,0.0,0.0,0.0,0.0,0.0,0.0,0.0,0.0,0.0,0.0,0.0,判定困難,0,判定困難,0,
2026/09/08 17:43,2026-09-08T17:58:32+09:00,2026-12,PUT,47250,0.0,0.0,0.0,0.0,0.0,0.0,0.0,0.0,0.0,0.0,0.0,0.0,315.0,0.0,132.0,0.0,1.0,0.0,-1.0,1.0,0.0,-1.0,判定困難,0,判定困難,0,
2026/09/08 17:43,2026-09-08T17:58:32+09:00,2026-12,CALL,47000,350.0,0.0,-350.0,0.0,0.0,0.0,0.0,0.0,0.0,0.0,0.0,0.0,0.0,0.0,0.0,0.0,0.0,0.0,0.0,0.0,0.0,0.0,判定困難,0,判定困難,0,OI_DECREASE
2026/09/08 17:43,2026-09-08T17:58:32+09:00,2026-12,PUT,47000,2846.0,0.0,-2846.0,0.0,0.0,0.0,0.0,0.0,0.0,0.0,0.0,0.0,310.0,0.0,126.0,1.0,1.0,0.0,-1.0,1.0,1.0,0.0,判定困難,0,判定困難,0,OI_DECREASE
2026/09/08 17:43,2026-09-08T17:58:32+09:00,2026-12,CALL,46750,0.0,0.0,0.0,0.0,0.0,0.0,0.0,0.0,0.0,0.0,0.0,0.0,0.0,0.0,0.0,0.0,0.0,0.0,0.0,0.0,0.0,0.0,判定困難,0,判定困難,0,
2026/09/08 17:43,2026-09-08T17:58:32+09:00,2026-12,PUT,46750,0.0,0.0,0.0,0.0,0.0,0.0,0.0,0.0,0.0,0.0,0.0,0.0,305.0,0.0,120.0,0.0,1.0,0.0,-1.0,1.0,0.0,-1.0,判定困難,0,判定困難,0,
2026/09/08 17:43,2026-09-08T17:58:32+09:00,2026-12,CALL,46500,0.0,0.0,0.0,0.0,0.0,0.0,0.0,0.0,0.0,0.0,0.0,0.0,0.0,0.0,0.0,0.0,0.0,0.0,0.0,0.0,0.0,0.0,判定困難,0,判定困難,0,
2026/09/08 17:43,2026-09-08T17:58:32+09:00,2026-12,PUT,46500,0.0,0.0,0.0,0.0,0.0,0.0,0.0,0.0,0.0,0.0,0.0,0.0,253.0,0.0,167.0,0.0,1.0,0.0,-1.0,1.0,0.0,-1.0,判定困難,0,判定困難,0,
2026/09/08 17:43,2026-09-08T17:58:32+09:00,2026-12,CALL,46250,315.0,0.0,-315.0,0.0,0.0,0.0,0.0,0.0,0.0,0.0,0.0,0.0,0.0,0.0,0.0,0.0,0.0,0.0,0.0,0.0,0.0,0.0,判定困難,0,判定困難,0,OI_DECREASE
2026/09/08 17:43,2026-09-08T17:58:32+09:00,2026-12,PUT,46250,0.0,0.0,0.0,0.0,0.0,0.0,0.0,0.0,0.0,0.0,0.0,0.0,264.0,0.0,134.0,0.0,1.0,0.0,-1.0,1.0,0.0,-1.0,判定困難,0,判定困難,0,
2026/09/08 17:43,2026-09-08T17:58:32+09:00,2026-12,CALL,46000,2300.0,0.0,-2300.0,0.0,0.0,0.0,0.0,0.0,0.0,0.0,0.0,0.0,0.0,0.0,0.0,0.0,0.0,0.0,0.0,0.0,0.0,0.0,判定困難,0,判定困難,0,OI_DECREASE
2026/09/08 17:43,2026-09-08T17:58:32+09:00,2026-12,PUT,46000,3857.0,0.0,-3857.0,0.0,0.0,0.0,0.0,0.0,0.0,0.0,0.0,0.0,242.0,0.0,157.0,39.0,1.0,0.0,-1.0,1.0,1.0,0.0,判定困難,0,判定困難,0,OI_DECREASE
2026/09/08 17:43,2026-09-08T17:58:32+09:00,2026-12,CALL,45750,0.0,0.0,0.0,0.0,0.0,0.0,0.0,0.0,0.0,0.0,0.0,0.0,0.0,0.0,0.0,0.0,0.0,0.0,0.0,0.0,0.0,0.0,判定困難,0,判定困難,0,
2026/09/08 17:43,2026-09-08T17:58:32+09:00,2026-12,PUT,45750,0.0,0.0,0.0,0.0,0.0,0.0,0.0,0.0,0.0,0.0,0.0,0.0,253.0,0.0,123.0,0.0,1.0,0.0,-1.0,1.0,0.0,-1.0,判定困難,0,判定困難,0,
2026/09/08 17:43,2026-09-08T17:58:32+09:00,2026-12,CALL,45500,200.0,0.0,-200.0,0.0,0.0,0.0,0.0,0.0,0.0,0.0,0.0,0.0,0.0,0.0,0.0,0.0,0.0,0.0,0.0,0.0,0.0,0.0,判定困難,0,判定困難,0,OI_DECREASE
2026/09/08 17:43,2026-09-08T17:58:32+09:00,2026-12,PUT,45500,350.0,0.0,-350.0,0.0,0.0,0.0,0.0,0.0,0.0,0.0,0.0,0.0,248.0,0.0,118.0,0.0,1.0,0.0,-1.0,1.0,0.0,-1.0,判定困難,0,判定困難,0,OI_DECREASE
2026/09/08 17:43,2026-09-08T17:58:32+09:00,2026-12,CALL,45250,413.0,0.0,-413.0,0.0,0.0,0.0,0.0,0.0,0.0,0.0,0.0,0.0,0.0,0.0,0.0,0.0,0.0,0.0,0.0,0.0,0.0,0.0,判定困難,0,判定困難,0,OI_DECREASE
2026/09/08 17:43,2026-09-08T17:58:32+09:00,2026-12,PUT,45250,51.0,0.0,-51.0,0.0,0.0,0.0,0.0,0.0,0.0,0.0,0.0,0.0,227.0,0.0,141.0,0.0,1.0,0.0,-1.0,1.0,0.0,-1.0,判定困難,0,判定困難,0,
2026/09/08 17:43,2026-09-08T17:58:32+09:00,2026-12,CALL,45000,1842.0,0.0,-1842.0,0.0,0.0,0.0,0.0,0.0,0.0,0.0,0.0,0.0,0.0,0.0,0.0,0.0,0.0,0.0,0.0,0.0,0.0,0.0,判定困難,0,判定困難,0,OI_DECREASE
2026/09/08 17:43,2026-09-08T17:58:32+09:00,2026-12,PUT,45000,2725.0,0.0,-2725.0,0.0,0.0,0.0,0.0,0.0,0.0,0.0,0.0,0.0,238.0,500.0,108.0,3.0,1.0,1.0,0.0,1.0,1.0,0.0,判定困難,0,判定困難,0,OI_DECREASE
2026/09/08 17:43,2026-09-08T17:58:32+09:00,2026-12,CALL,44750,0.0,0.0,0.0,0.0,0.0,0.0,0.0,0.0,0.0,0.0,0.0,0.0,0.0,0.0,0.0,0.0,0.0,0.0,0.0,0.0,0.0,0.0,判定困難,0,判定困難,0,
2026/09/08 17:43,2026-09-08T17:58:32+09:00,2026-12,PUT,44750,0.0,0.0,0.0,0.0,0.0,0.0,0.0,0.0,0.0,0.0,0.0,0.0,233.0,0.0,103.0,0.0,1.0,0.0,-1.0,1.0,0.0,-1.0,判定困難,0,判定困難,0,
2026/09/08 17:43,2026-09-08T17:58:32+09:00,2026-12,CALL,44500,0.0,0.0,0.0,0.0,0.0,0.0,0.0,0.0,0.0,0.0,0.0,0.0,0.0,0.0,0.0,0.0,0.0,0.0,0.0,0.0,0.0,0.0,判定困難,0,判定困難,0,
2026/09/08 17:43,2026-09-08T17:58:32+09:00,2026-12,PUT,44500,0.0,0.0,0.0,0.0,0.0,0.0,0.0,0.0,0.0,0.0,0.0,0.0,213.0,0.0,128.0,0.0,1.0,0.0,-1.0,1.0,0.0,-1.0,判定困難,0,判定困難,0,
2026/09/08 17:43,2026-09-08T17:58:32+09:00,2026-12,CALL,44250,0.0,0.0,0.0,0.0,0.0,0.0,0.0,0.0,0.0,0.0,0.0,0.0,0.0,0.0,0.0,0.0,0.0,0.0,0.0,0.0,0.0,0.0,判定困難,0,判定困難,0,
2026/09/08 17:43,2026-09-08T17:58:32+09:00,2026-12,PUT,44250,0.0,0.0,0.0,0.0,0.0,0.0,0.0,0.0,0.0,0.0,0.0,0.0,224.0,0.0,94.0,0.0,1.0,0.0,-1.0,1.0,0.0,-1.0,判定困難,0,判定困難,0,
2026/09/08 17:43,2026-09-08T17:58:32+09:00,2026-12,CALL,44000,600.0,0.0,-600.0,0.0,0.0,0.0,0.0,0.0,0.0,0.0,0.0,0.0,0.0,0.0,0.0,0.0,0.0,0.0,0.0,0.0,0.0,0.0,判定困難,0,判定困難,0,OI_DECREASE
2026/09/08 17:43,2026-09-08T17:58:32+09:00,2026-12,PUT,44000,2800.0,0.0,-2800.0,0.0,0.0,0.0,0.0,0.0,0.0,0.0,0.0,0.0,220.0,0.0,110.0,1.0,1.0,0.0,-1.0,1.0,10.0,9.0,判定困難,0,判定困難,0,OI_DECREASE
2026/09/08 17:43,2026-09-08T17:58:32+09:00,2026-12,CALL,43750,131.0,0.0,-131.0,0.0,0.0,0.0,0.0,0.0,0.0,0.0,0.0,0.0,0.0,0.0,0.0,0.0,0.0,0.0,0.0,0.0,0.0,0.0,判定困難,0,判定困難,0,OI_DECREASE
2026/09/08 17:43,2026-09-08T17:58:32+09:00,2026-12,PUT,43750,9.0,0.0,-9.0,0.0,0.0,0.0,0.0,0.0,0.0,0.0,0.0,0.0,216.0,0.0,86.0,0.0,1.0,0.0,-1.0,1.0,0.0,-1.0,判定困難,0,判定困難,0,
2026/09/08 17:43,2026-09-08T17:58:32+09:00,2026-12,CALL,43500,0.0,0.0,0.0,0.0,0.0,0.0,0.0,0.0,0.0,0.0,0.0,0.0,0.0,0.0,0.0,0.0,0.0,0.0,0.0,0.0,0.0,0.0,判定困難,0,判定困難,0,
2026/09/08 17:43,2026-09-08T17:58:32+09:00,2026-12,PUT,43500,100.0,0.0,-100.0,0.0,0.0,0.0,0.0,0.0,0.0,0.0,0.0,0.0,211.0,0.0,82.0,0.0,1.0,0.0,-1.0,1.0,0.0,-1.0,判定困難,0,判定困難,0,OI_DECREASE
2026/09/08 17:43,2026-09-08T17:58:32+09:00,2026-12,CALL,43250,0.0,0.0,0.0,0.0,0.0,0.0,0.0,0.0,0.0,0.0,0.0,0.0,0.0,0.0,0.0,0.0,0.0,0.0,0.0,0.0,0.0,0.0,判定困難,0,判定困難,0,
2026/09/08 17:43,2026-09-08T17:58:32+09:00,2026-12,PUT,43250,0.0,0.0,0.0,0.0,0.0,0.0,0.0,0.0,0.0,0.0,0.0,0.0,207.0,0.0,78.0,0.0,1.0,0.0,-1.0,1.0,0.0,-1.0,判定困難,0,判定困難,0,
2026/09/08 17:43,2026-09-08T17:58:32+09:00,2026-12,CALL,43000,1400.0,0.0,-1400.0,0.0,0.0,0.0,0.0,0.0,0.0,0.0,0.0,0.0,0.0,0.0,0.0,0.0,0.0,0.0,0.0,0.0,0.0,0.0,判定困難,0,判定困難,0,OI_DECREASE
2026/09/08 17:43,2026-09-08T17:58:32+09:00,2026-12,PUT,43000,1682.0,0.0,-1682.0,0.0,0.0,0.0,0.0,0.0,0.0,0.0,0.0,0.0,204.0,0.0,74.0,1.0,1.0,0.0,-1.0,1.0,10.0,9.0,判定困難,0,判定困難,0,OI_DECREASE
2026/09/08 17:43,2026-09-08T17:58:32+09:00,2026-12,CALL,42750,0.0,0.0,0.0,0.0,0.0,0.0,0.0,0.0,0.0,0.0,0.0,0.0,0.0,0.0,0.0,0.0,0.0,0.0,0.0,0.0,0.0,0.0,判定困難,0,判定困難,0,
2026/09/08 17:43,2026-09-08T17:58:32+09:00,2026-12,PUT,42750,0.0,0.0,0.0,0.0,0.0,0.0,0.0,0.0,0.0,0.0,0.0,0.0,173.0,0.0,112.0,0.0,1.0,0.0,-1.0,1.0,0.0,-1.0,判定困難,0,判定困難,0,
2026/09/08 17:43,2026-09-08T17:58:32+09:00,2026-12,CALL,42500,250.0,0.0,-250.0,0.0,0.0,0.0,0.0,0.0,0.0,0.0,0.0,0.0,0.0,0.0,0.0,0.0,0.0,0.0,0.0,0.0,0.0,0.0,判定困難,0,判定困難,0,OI_DECREASE
2026/09/08 17:43,2026-09-08T17:58:32+09:00,2026-12,PUT,42500,300.0,0.0,-300.0,0.0,0.0,0.0,0.0,0.0,0.0,0.0,0.0,0.0,170.0,0.0,108.0,0.0,1.0,0.0,-1.0,1.0,0.0,-1.0,判定困難,0,判定困難,0,OI_DECREASE
2026/09/08 17:43,2026-09-08T17:58:32+09:00,2026-12,CALL,42250,0.0,0.0,0.0,0.0,0.0,0.0,0.0,0.0,0.0,0.0,0.0,0.0,0.0,0.0,0.0,0.0,0.0,0.0,0.0,0.0,0.0,0.0,判定困難,0,判定困難,0,
2026/09/08 17:43,2026-09-08T17:58:32+09:00,2026-12,PUT,42250,0.0,0.0,0.0,0.0,0.0,0.0,0.0,0.0,0.0,0.0,0.0,0.0,166.0,0.0,105.0,0.0,1.0,0.0,-1.0,1.0,0.0,-1.0,判定困難,0,判定困難,0,
2026/09/08 17:43,2026-09-08T17:58:32+09:00,2026-12,CALL,42000,1071.0,0.0,-1071.0,0.0,0.0,0.0,0.0,0.0,0.0,0.0,0.0,0.0,0.0,0.0,0.0,0.0,0.0,0.0,0.0,0.0,0.0,0.0,判定困難,0,判定困難,0,OI_DECREASE
2026/09/08 17:43,2026-09-08T17:58:32+09:00,2026-12,PUT,42000,3702.0,0.0,-3702.0,0.0,0.0,0.0,0.0,0.0,0.0,0.0,0.0,0.0,189.0,0.0,60.0,1.0,1.0,0.0,-1.0,1.0,10.0,9.0,判定困難,0,判定困難,0,OI_DECREASE
2026/09/08 17:43,2026-09-08T17:58:32+09:00,2026-12,CALL,41750,0.0,0.0,0.0,0.0,0.0,0.0,0.0,0.0,0.0,0.0,0.0,0.0,0.0,0.0,0.0,0.0,0.0,0.0,0.0,0.0,0.0,0.0,判定困難,0,判定困難,0,
2026/09/08 17:43,2026-09-08T17:58:32+09:00,2026-12,PUT,41750,0.0,0.0,0.0,0.0,0.0,0.0,0.0,0.0,0.0,0.0,0.0,0.0,186.0,0.0,57.0,0.0,1.0,0.0,-1.0,1.0,0.0,-1.0,判定困難,0,判定困難,0,
2026/09/08 17:43,2026-09-08T17:58:32+09:00,2026-12,CALL,41500,100.0,0.0,-100.0,0.0,0.0,0.0,0.0,0.0,0.0,0.0,0.0,0.0,0.0,0.0,0.0,0.0,0.0,0.0,0.0,0.0,0.0,0.0,判定困難,0,判定困難,0,OI_DECREASE
2026/09/08 17:43,2026-09-08T17:58:32+09:00,2026-12,PUT,41500,101.0,0.0,-101.0,0.0,0.0,0.0,0.0,0.0,0.0,0.0,0.0,0.0,183.0,0.0,53.0,0.0,1.0,0.0,-1.0,1.0,0.0,-1.0,判定困難,0,判定困難,0,OI_DECREASE
2026/09/08 17:43,2026-09-08T17:58:32+09:00,2026-12,CALL,41250,0.0,0.0,0.0,0.0,0.0,0.0,0.0,0.0,0.0,0.0,0.0,0.0,0.0,0.0,0.0,0.0,0.0,0.0,0.0,0.0,0.0,0.0,判定困難,0,判定困難,0,
2026/09/08 17:43,2026-09-08T17:58:32+09:00,2026-12,PUT,41250,3.0,0.0,-3.0,0.0,0.0,0.0,0.0,0.0,0.0,0.0,0.0,0.0,153.0,0.0,92.0,0.0,1.0,0.0,-1.0,1.0,0.0,-1.0,判定困難,0,判定困難,0,
2026/09/08 17:43,2026-09-08T17:58:32+09:00,2026-12,CALL,41000,1300.0,0.0,-1300.0,0.0,0.0,0.0,0.0,0.0,0.0,0.0,0.0,0.0,0.0,0.0,0.0,0.0,0.0,0.0,0.0,0.0,0.0,0.0,判定困難,0,判定困難,0,OI_DECREASE
2026/09/08 17:43,2026-09-08T17:58:32+09:00,2026-12,PUT,41000,1827.0,0.0,-1827.0,0.0,0.0,0.0,0.0,0.0,0.0,0.0,0.0,0.0,150.0,0.0,89.0,1.0,1.0,0.0,-1.0,1.0,10.0,9.0,判定困難,0,判定困難,0,OI_DECREASE
2026/09/08 17:43,2026-09-08T17:58:32+09:00,2026-12,CALL,40750,0.0,0.0,0.0,0.0,0.0,0.0,0.0,0.0,0.0,0.0,0.0,0.0,0.0,0.0,0.0,0.0,0.0,0.0,0.0,0.0,0.0,0.0,判定困難,0,判定困難,0,
2026/09/08 17:43,2026-09-08T17:58:32+09:00,2026-12,PUT,40750,0.0,0.0,0.0,0.0,0.0,0.0,0.0,0.0,0.0,0.0,0.0,0.0,147.0,0.0,86.0,0.0,1.0,0.0,-1.0,1.0,0.0,-1.0,判定困難,0,判定困難,0,
2026/09/08 17:43,2026-09-08T17:58:32+09:00,2026-12,CALL,40500,400.0,0.0,-400.0,0.0,0.0,0.0,0.0,0.0,0.0,0.0,0.0,0.0,0.0,0.0,0.0,0.0,0.0,0.0,0.0,0.0,0.0,0.0,判定困難,0,判定困難,0,OI_DECREASE
2026/09/08 17:43,2026-09-08T17:58:32+09:00,2026-12,PUT,40500,1399.0,0.0,-1399.0,0.0,0.0,0.0,0.0,0.0,0.0,0.0,0.0,0.0,171.0,0.0,41.0,0.0,1.0,0.0,-1.0,1.0,0.0,-1.0,判定困難,0,判定困難,0,OI_DECREASE
2026/09/08 17:43,2026-09-08T17:58:32+09:00,2026-12,CALL,40250,0.0,0.0,0.0,0.0,0.0,0.0,0.0,0.0,0.0,0.0,0.0,0.0,0.0,0.0,0.0,0.0,0.0,0.0,0.0,0.0,0.0,0.0,判定困難,0,判定困難,0,
2026/09/08 17:43,2026-09-08T17:58:32+09:00,2026-12,PUT,40250,5.0,0.0,-5.0,0.0,0.0,0.0,0.0,0.0,0.0,0.0,0.0,0.0,168.0,0.0,38.0,0.0,1.0,0.0,-1.0,1.0,0.0,-1.0,判定困難,0,判定困難,0,
2026/09/08 17:43,2026-09-08T17:58:32+09:00,2026-12,CALL,40000,1200.0,0.0,-1200.0,0.0,0.0,0.0,0.0,0.0,0.0,0.0,0.0,0.0,0.0,0.0,0.0,0.0,0.0,0.0,0.0,0.0,0.0,0.0,判定困難,0,判定困難,0,OI_DECREASE
2026/09/08 17:43,2026-09-08T17:58:32+09:00,2026-12,PUT,40000,5302.0,0.0,-5302.0,0.0,0.0,0.0,0.0,0.0,0.0,0.0,0.0,0.0,139.0,0.0,80.0,80.0,1.0,0.0,-1.0,1.0,1.0,0.0,判定困難,0,判定困難,0,OI_DECREASE
2026/09/08 17:43,2026-09-08T17:58:32+09:00,2026-12,CALL,39750,0.0,0.0,0.0,0.0,0.0,0.0,0.0,0.0,0.0,0.0,0.0,0.0,0.0,0.0,0.0,0.0,0.0,0.0,0.0,0.0,0.0,0.0,判定困難,0,判定困難,0,
2026/09/08 17:43,2026-09-08T17:58:32+09:00,2026-12,PUT,39750,0.0,0.0,0.0,0.0,0.0,0.0,0.0,0.0,0.0,0.0,0.0,0.0,150.0,0.0,45.0,0.0,1.0,0.0,-1.0,1.0,0.0,-1.0,判定困難,0,判定困難,0,
2026/09/08 17:43,2026-09-08T17:58:32+09:00,2026-12,CALL,39500,500.0,0.0,-500.0,0.0,0.0,0.0,0.0,0.0,0.0,0.0,0.0,0.0,0.0,0.0,0.0,0.0,0.0,0.0,0.0,0.0,0.0,0.0,判定困難,0,判定困難,0,OI_DECREASE
2026/09/08 17:43,2026-09-08T17:58:32+09:00,2026-12,PUT,39500,1008.0,0.0,-1008.0,0.0,0.0,0.0,0.0,0.0,0.0,0.0,0.0,0.0,148.0,0.0,42.0,1.0,1.0,0.0,-1.0,1.0,10.0,9.0,判定困難,0,判定困難,0,OI_DECREASE
2026/09/08 17:43,2026-09-08T17:58:32+09:00,2026-12,CALL,39250,0.0,0.0,0.0,0.0,0.0,0.0,0.0,0.0,0.0,0.0,0.0,0.0,0.0,0.0,0.0,0.0,0.0,0.0,0.0,0.0,0.0,0.0,判定困難,0,判定困難,0,
2026/09/08 17:43,2026-09-08T17:58:32+09:00,2026-12,PUT,39250,650.0,0.0,-650.0,0.0,0.0,0.0,0.0,0.0,0.0,0.0,0.0,0.0,145.0,0.0,40.0,0.0,1.0,0.0,-1.0,1.0,0.0,-1.0,判定困難,0,判定困難,0,OI_DECREASE
2026/09/08 17:43,2026-09-08T17:58:32+09:00,2026-12,CALL,39000,750.0,0.0,-750.0,0.0,0.0,0.0,0.0,0.0,0.0,0.0,0.0,0.0,0.0,0.0,0.0,0.0,0.0,0.0,0.0,0.0,0.0,0.0,判定困難,0,判定困難,0,OI_DECREASE
2026/09/08 17:43,2026-09-08T17:58:32+09:00,2026-12,PUT,39000,2405.0,0.0,-2405.0,0.0,0.0,0.0,0.0,0.0,0.0,0.0,0.0,0.0,143.0,0.0,37.0,1.0,1.0,0.0,-1.0,1.0,10.0,9.0,判定困難,0,判定困難,0,OI_DECREASE
2026/09/08 17:43,2026-09-08T17:58:32+09:00,2026-12,CALL,38750,50.0,0.0,-50.0,0.0,0.0,0.0,0.0,0.0,0.0,0.0,0.0,0.0,0.0,0.0,0.0,0.0,0.0,0.0,0.0,0.0,0.0,0.0,判定困難,0,判定困難,0,
2026/09/08 17:43,2026-09-08T17:58:32+09:00,2026-12,PUT,38750,50.0,0.0,-50.0,0.0,0.0,0.0,0.0,0.0,0.0,0.0,0.0,0.0,140.0,0.0,35.0,0.0,1.0,0.0,-1.0,1.0,0.0,-1.0,判定困難,0,判定困難,0,
2026/09/08 17:43,2026-09-08T17:58:32+09:00,2026-12,CALL,38500,700.0,0.0,-700.0,0.0,0.0,0.0,0.0,0.0,0.0,0.0,0.0,0.0,0.0,0.0,0.0,0.0,0.0,0.0,0.0,0.0,0.0,0.0,判定困難,0,判定困難,0,OI_DECREASE
2026/09/08 17:43,2026-09-08T17:58:32+09:00,2026-12,PUT,38500,1150.0,0.0,-1150.0,0.0,0.0,0.0,0.0,0.0,0.0,0.0,0.0,0.0,123.0,0.0,62.0,0.0,1.0,0.0,-1.0,1.0,0.0,-1.0,判定困難,0,判定困難,0,OI_DECREASE
2026/09/08 17:43,2026-09-08T17:58:32+09:00,2026-12,CALL,38250,0.0,0.0,0.0,0.0,0.0,0.0,0.0,0.0,0.0,0.0,0.0,0.0,0.0,0.0,0.0,0.0,0.0,0.0,0.0,0.0,0.0,0.0,判定困難,0,判定困難,0,
2026/09/08 17:43,2026-09-08T17:58:32+09:00,2026-12,PUT,38250,0.0,0.0,0.0,0.0,0.0,0.0,0.0,0.0,0.0,0.0,0.0,0.0,136.0,0.0,30.0,0.0,1.0,0.0,-1.0,1.0,0.0,-1.0,判定困難,0,判定困難,0,
2026/09/08 17:43,2026-09-08T17:58:32+09:00,2026-12,CALL,38000,1225.0,0.0,-1225.0,0.0,0.0,0.0,0.0,0.0,0.0,0.0,0.0,0.0,0.0,0.0,0.0,0.0,0.0,0.0,0.0,0.0,0.0,0.0,判定困難,0,判定困難,0,OI_DECREASE
2026/09/08 17:43,2026-09-08T17:58:32+09:00,2026-12,PUT,38000,2686.0,0.0,-2686.0,0.0,0.0,0.0,0.0,0.0,0.0,0.0,0.0,0.0,133.0,0.0,28.0,3.0,1.0,0.0,-1.0,1.0,1.0,0.0,判定困難,0,判定困難,0,OI_DECREASE
2026/09/08 17:43,2026-09-08T17:58:32+09:00,2026-12,CALL,37750,100.0,0.0,-100.0,0.0,0.0,0.0,0.0,0.0,0.0,0.0,0.0,0.0,0.0,0.0,0.0,0.0,0.0,0.0,0.0,0.0,0.0,0.0,判定困難,0,判定困難,0,OI_DECREASE
2026/09/08 17:43,2026-09-08T17:58:32+09:00,2026-12,PUT,37750,100.0,0.0,-100.0,0.0,0.0,0.0,0.0,0.0,0.0,0.0,0.0,0.0,116.0,0.0,55.0,0.0,1.0,0.0,-1.0,1.0,0.0,-1.0,判定困難,0,判定困難,0,OI_DECREASE
2026/09/08 17:43,2026-09-08T17:58:32+09:00,2026-12,CALL,37500,88.0,0.0,-88.0,0.0,0.0,0.0,0.0,0.0,0.0,0.0,0.0,0.0,0.0,0.0,0.0,0.0,0.0,0.0,0.0,0.0,0.0,0.0,判定困難,0,判定困難,0,
2026/09/08 17:43,2026-09-08T17:58:32+09:00,2026-12,PUT,37500,188.0,0.0,-188.0,0.0,0.0,0.0,0.0,0.0,0.0,0.0,0.0,0.0,114.0,0.0,53.0,0.0,1.0,0.0,-1.0,1.0,0.0,-1.0,判定困難,0,判定困難,0,OI_DECREASE
2026/09/08 17:43,2026-09-08T17:58:32+09:00,2026-12,CALL,37250,0.0,0.0,0.0,0.0,0.0,0.0,0.0,0.0,0.0,0.0,0.0,0.0,0.0,0.0,0.0,0.0,0.0,0.0,0.0,0.0,0.0,0.0,判定困難,0,判定困難,0,
2026/09/08 17:43,2026-09-08T17:58:32+09:00,2026-12,PUT,37250,0.0,0.0,0.0,0.0,0.0,0.0,0.0,0.0,0.0,0.0,0.0,0.0,112.0,0.0,51.0,0.0,1.0,0.0,-1.0,1.0,0.0,-1.0,判定困難,0,判定困難,0,
2026/09/08 17:43,2026-09-08T17:58:32+09:00,2026-12,CALL,37000,450.0,0.0,-450.0,0.0,0.0,0.0,0.0,0.0,0.0,0.0,0.0,0.0,0.0,0.0,0.0,0.0,0.0,0.0,0.0,0.0,0.0,0.0,判定困難,0,判定困難,0,OI_DECREASE
2026/09/08 17:43,2026-09-08T17:58:32+09:00,2026-12,PUT,37000,2535.0,0.0,-2535.0,0.0,0.0,0.0,0.0,0.0,0.0,0.0,0.0,0.0,107.0,0.0,52.0,1.0,1.0,0.0,-1.0,1.0,10.0,9.0,判定困難,0,判定困難,0,OI_DECREASE
2026/09/08 17:43,2026-09-08T17:58:32+09:00,2026-12,CALL,36750,0.0,0.0,0.0,0.0,0.0,0.0,0.0,0.0,0.0,0.0,0.0,0.0,0.0,0.0,0.0,0.0,0.0,0.0,0.0,0.0,0.0,0.0,判定困難,0,判定困難,0,
2026/09/08 17:43,2026-09-08T17:58:32+09:00,2026-12,PUT,36750,400.0,0.0,-400.0,0.0,0.0,0.0,0.0,0.0,0.0,0.0,0.0,0.0,105.0,0.0,50.0,0.0,1.0,0.0,-1.0,1.0,0.0,-1.0,判定困難,0,判定困難,0,OI_DECREASE
2026/09/08 17:43,2026-09-08T17:58:32+09:00,2026-12,CALL,36500,252.0,0.0,-252.0,0.0,0.0,0.0,0.0,0.0,0.0,0.0,0.0,0.0,0.0,0.0,0.0,0.0,0.0,0.0,0.0,0.0,0.0,0.0,判定困難,0,判定困難,0,OI_DECREASE
2026/09/08 17:43,2026-09-08T17:58:32+09:00,2026-12,PUT,36500,225.0,0.0,-225.0,0.0,0.0,0.0,0.0,0.0,0.0,0.0,0.0,0.0,103.0,0.0,48.0,0.0,1.0,0.0,-1.0,1.0,0.0,-1.0,判定困難,0,判定困難,0,OI_DECREASE
2026/09/08 17:43,2026-09-08T17:58:32+09:00,2026-12,CALL,36250,0.0,0.0,0.0,0.0,0.0,0.0,0.0,0.0,0.0,0.0,0.0,0.0,0.0,0.0,0.0,0.0,0.0,0.0,0.0,0.0,0.0,0.0,判定困難,0,判定困難,0,
2026/09/08 17:43,2026-09-08T17:58:32+09:00,2026-12,PUT,36250,0.0,0.0,0.0,0.0,0.0,0.0,0.0,0.0,0.0,0.0,0.0,0.0,101.0,0.0,46.0,0.0,1.0,0.0,-1.0,1.0,0.0,-1.0,判定困難,0,判定困難,0,
2026/09/08 17:43,2026-09-08T17:58:32+09:00,2026-12,CALL,36000,975.0,0.0,-975.0,0.0,0.0,0.0,0.0,0.0,0.0,0.0,0.0,0.0,0.0,0.0,0.0,0.0,0.0,0.0,0.0,0.0,0.0,0.0,判定困難,0,判定困難,0,OI_DECREASE
2026/09/08 17:43,2026-09-08T17:58:32+09:00,2026-12,PUT,36000,2905.0,0.0,-2905.0,0.0,0.0,0.0,0.0,0.0,0.0,0.0,0.0,0.0,99.0,0.0,44.0,1.0,1.0,0.0,-1.0,1.0,10.0,9.0,判定困難,0,判定困難,0,OI_DECREASE
2026/09/08 17:43,2026-09-08T17:58:32+09:00,2026-12,CALL,35750,0.0,0.0,0.0,0.0,0.0,0.0,0.0,0.0,0.0,0.0,0.0,0.0,0.0,0.0,0.0,0.0,0.0,0.0,0.0,0.0,0.0,0.0,判定困難,0,判定困難,0,
2026/09/08 17:43,2026-09-08T17:58:32+09:00,2026-12,PUT,35750,0.0,0.0,0.0,0.0,0.0,0.0,0.0,0.0,0.0,0.0,0.0,0.0,97.0,0.0,42.0,0.0,1.0,0.0,-1.0,1.0,0.0,-1.0,判定困難,0,判定困難,0,
2026/09/08 17:43,2026-09-08T17:58:32+09:00,2026-12,CALL,35500,0.0,0.0,0.0,0.0,0.0,0.0,0.0,0.0,0.0,0.0,0.0,0.0,0.0,0.0,0.0,0.0,0.0,0.0,0.0,0.0,0.0,0.0,判定困難,0,判定困難,0,
2026/09/08 17:43,2026-09-08T17:58:32+09:00,2026-12,PUT,35500,0.0,0.0,0.0,0.0,0.0,0.0,0.0,0.0,0.0,0.0,0.0,0.0,114.0,0.0,8.0,0.0,1.0,0.0,-1.0,1.0,0.0,-1.0,判定困難,0,判定困難,0,
2026/09/08 17:43,2026-09-08T17:58:32+09:00,2026-12,CALL,35250,0.0,0.0,0.0,0.0,0.0,0.0,0.0,0.0,0.0,0.0,0.0,0.0,0.0,0.0,0.0,0.0,0.0,0.0,0.0,0.0,0.0,0.0,判定困難,0,判定困難,0,
2026/09/08 17:43,2026-09-08T17:58:32+09:00,2026-12,PUT,35250,0.0,0.0,0.0,0.0,0.0,0.0,0.0,0.0,0.0,0.0,0.0,0.0,112.0,0.0,7.0,0.0,1.0,0.0,-1.0,1.0,0.0,-1.0,判定困難,0,判定困難,0,
2026/09/08 17:43,2026-09-08T17:58:32+09:00,2026-12,CALL,35000,435.0,0.0,-435.0,0.0,0.0,0.0,0.0,0.0,0.0,0.0,0.0,0.0,0.0,0.0,0.0,0.0,0.0,0.0,0.0,0.0,0.0,0.0,判定困難,0,判定困難,0,OI_DECREASE
2026/09/08 17:43,2026-09-08T17:58:32+09:00,2026-12,PUT,35000,5037.0,0.0,-5037.0,0.0,0.0,0.0,0.0,0.0,0.0,0.0,0.0,0.0,92.0,0.0,40.0,45.0,1.0,0.0,-1.0,1.0,2.0,1.0,判定困難,0,判定困難,0,OI_DECREASE
2026/09/08 17:43,2026-09-08T17:58:32+09:00,2026-12,CALL,34750,0.0,0.0,0.0,0.0,0.0,0.0,0.0,0.0,0.0,0.0,0.0,0.0,0.0,0.0,0.0,0.0,0.0,0.0,0.0,0.0,0.0,0.0,判定困難,0,判定困難,0,
2026/09/08 17:43,2026-09-08T17:58:32+09:00,2026-12,PUT,34750,1.0,0.0,-1.0,0.0,0.0,0.0,0.0,0.0,0.0,0.0,0.0,0.0,90.0,0.0,39.0,0.0,1.0,0.0,-1.0,1.0,0.0,-1.0,判定困難,0,判定困難,0,
2026/09/08 17:43,2026-09-08T17:58:32+09:00,2026-12,CALL,34500,400.0,0.0,-400.0,0.0,0.0,0.0,0.0,0.0,0.0,0.0,0.0,0.0,0.0,0.0,0.0,0.0,0.0,0.0,0.0,0.0,0.0,0.0,判定困難,0,判定困難,0,OI_DECREASE
2026/09/08 17:43,2026-09-08T17:58:32+09:00,2026-12,PUT,34500,560.0,0.0,-560.0,0.0,0.0,0.0,0.0,0.0,0.0,0.0,0.0,0.0,107.0,0.0,2.0,0.0,1.0,0.0,-1.0,1.0,0.0,-1.0,判定困難,0,判定困難,0,OI_DECREASE
2026/09/08 17:43,2026-09-08T17:58:32+09:00,2026-12,CALL,34250,0.0,0.0,0.0,0.0,0.0,0.0,0.0,0.0,0.0,0.0,0.0,0.0,0.0,0.0,0.0,0.0,0.0,0.0,0.0,0.0,0.0,0.0,判定困難,0,判定困難,0,
2026/09/08 17:43,2026-09-08T17:58:32+09:00,2026-12,PUT,34250,0.0,0.0,0.0,0.0,0.0,0.0,0.0,0.0,0.0,0.0,0.0,0.0,87.0,0.0,32.0,0.0,1.0,0.0,-1.0,1.0,0.0,-1.0,判定困難,0,判定困難,0,
2026/09/08 17:43,2026-09-08T17:58:32+09:00,2026-12,CALL,34000,280.0,0.0,-280.0,0.0,0.0,0.0,0.0,0.0,0.0,0.0,0.0,0.0,0.0,0.0,0.0,0.0,0.0,0.0,0.0,0.0,0.0,0.0,判定困難,0,判定困難,0,OI_DECREASE
2026/09/08 17:43,2026-09-08T17:58:32+09:00,2026-12,PUT,34000,2820.0,0.0,-2820.0,0.0,0.0,0.0,0.0,0.0,0.0,0.0,0.0,0.0,104.0,0.0,5.0,1.0,1.0,0.0,-1.0,1.0,10.0,9.0,判定困難,0,判定困難,0,OI_DECREASE
2026/09/08 17:43,2026-09-08T17:58:32+09:00,2026-12,CALL,33750,0.0,0.0,0.0,0.0,0.0,0.0,0.0,0.0,0.0,0.0,0.0,0.0,0.0,0.0,0.0,0.0,0.0,0.0,0.0,0.0,0.0,0.0,判定困難,0,判定困難,0,
2026/09/08 17:43,2026-09-08T17:58:32+09:00,2026-12,PUT,33750,0.0,0.0,0.0,0.0,0.0,0.0,0.0,0.0,0.0,0.0,0.0,0.0,84.0,0.0,29.0,0.0,1.0,0.0,-1.0,1.0,0.0,-1.0,判定困難,0,判定困難,0,
2026/09/08 17:43,2026-09-08T17:58:32+09:00,2026-12,CALL,33500,0.0,0.0,0.0,0.0,0.0,0.0,0.0,0.0,0.0,0.0,0.0,0.0,0.0,0.0,0.0,0.0,0.0,0.0,0.0,0.0,0.0,0.0,判定困難,0,判定困難,0,
2026/09/08 17:43,2026-09-08T17:58:32+09:00,2026-12,PUT,33500,72.0,0.0,-72.0,0.0,0.0,0.0,0.0,0.0,0.0,0.0,0.0,0.0,82.0,0.0,27.0,0.0,1.0,0.0,-1.0,1.0,0.0,-1.0,判定困難,0,判定困難,0,
2026/09/08 17:43,2026-09-08T17:58:32+09:00,2026-12,CALL,33250,0.0,0.0,0.0,0.0,0.0,0.0,0.0,0.0,0.0,0.0,0.0,0.0,0.0,0.0,0.0,0.0,0.0,0.0,0.0,0.0,0.0,0.0,判定困難,0,判定困難,0,
2026/09/08 17:43,2026-09-08T17:58:32+09:00,2026-12,PUT,33250,37.0,0.0,-37.0,0.0,0.0,0.0,0.0,0.0,0.0,0.0,0.0,0.0,81.0,0.0,26.0,0.0,1.0,0.0,-1.0,1.0,0.0,-1.0,判定困難,0,判定困難,0,
2026/09/08 17:43,2026-09-08T17:58:32+09:00,2026-12,CALL,33000,1950.0,0.0,-1950.0,0.0,0.0,0.0,0.0,0.0,0.0,0.0,0.0,0.0,0.0,0.0,0.0,0.0,0.0,0.0,0.0,0.0,0.0,0.0,判定困難,0,判定困難,0,OI_DECREASE
2026/09/08 17:43,2026-09-08T17:58:32+09:00,2026-12,PUT,33000,3362.0,0.0,-3362.0,0.0,0.0,0.0,0.0,0.0,0.0,0.0,0.0,0.0,90.0,0.0,15.0,15.0,1.0,0.0,-1.0,1.0,1.0,0.0,判定困難,0,判定困難,0,OI_DECREASE
2026/09/08 17:43,2026-09-08T17:58:32+09:00,2026-12,CALL,32750,0.0,0.0,0.0,0.0,0.0,0.0,0.0,0.0,0.0,0.0,0.0,0.0,0.0,0.0,0.0,0.0,0.0,0.0,0.0,0.0,0.0,0.0,判定困難,0,判定困難,0,
2026/09/08 17:43,2026-09-08T17:58:32+09:00,2026-12,PUT,32750,0.0,0.0,0.0,0.0,0.0,0.0,0.0,0.0,0.0,0.0,0.0,0.0,78.0,0.0,23.0,0.0,1.0,0.0,-1.0,1.0,0.0,-1.0,判定困難,0,判定困難,0,
2026/09/08 17:43,2026-09-08T17:58:32+09:00,2026-12,CALL,32500,250.0,0.0,-250.0,0.0,0.0,0.0,0.0,0.0,0.0,0.0,0.0,0.0,0.0,0.0,0.0,0.0,0.0,0.0,0.0,0.0,0.0,0.0,判定困難,0,判定困難,0,OI_DECREASE
2026/09/08 17:43,2026-09-08T17:58:32+09:00,2026-12,PUT,32500,900.0,0.0,-900.0,0.0,0.0,0.0,0.0,0.0,0.0,0.0,0.0,0.0,88.0,0.0,0.0,0.0,1.0,0.0,-1.0,0.0,0.0,0.0,判定困難,0,判定困難,0,OI_DECREASE
2026/09/08 17:43,2026-09-08T17:58:32+09:00,2026-12,CALL,32250,0.0,0.0,0.0,0.0,0.0,0.0,0.0,0.0,0.0,0.0,0.0,0.0,0.0,0.0,0.0,0.0,0.0,0.0,0.0,0.0,0.0,0.0,判定困難,0,判定困難,0,
2026/09/08 17:43,2026-09-08T17:58:32+09:00,2026-12,PUT,32250,600.0,0.0,-600.0,0.0,0.0,0.0,0.0,0.0,0.0,0.0,0.0,0.0,75.0,0.0,20.0,0.0,1.0,0.0,-1.0,1.0,0.0,-1.0,判定困難,0,判定困難,0,OI_DECREASE
2026/09/08 17:43,2026-09-08T17:58:32+09:00,2026-12,CALL,32000,700.0,0.0,-700.0,0.0,0.0,0.0,0.0,0.0,0.0,0.0,0.0,0.0,0.0,0.0,0.0,0.0,0.0,0.0,0.0,0.0,0.0,0.0,判定困難,0,判定困難,0,OI_DECREASE
2026/09/08 17:43,2026-09-08T17:58:32+09:00,2026-12,PUT,32000,4655.0,0.0,-4655.0,0.0,0.0,0.0,0.0,0.0,0.0,0.0,0.0,0.0,74.0,0.0,19.0,1.0,1.0,0.0,-1.0,1.0,10.0,9.0,判定困難,0,判定困難,0,OI_DECREASE
2026/09/08 17:43,2026-09-08T17:58:32+09:00,2026-12,CALL,31750,0.0,0.0,0.0,0.0,0.0,0.0,0.0,0.0,0.0,0.0,0.0,0.0,0.0,0.0,0.0,0.0,0.0,0.0,0.0,0.0,0.0,0.0,判定困難,0,判定困難,0,
2026/09/08 17:43,2026-09-08T17:58:32+09:00,2026-12,PUT,31750,0.0,0.0,0.0,0.0,0.0,0.0,0.0,0.0,0.0,0.0,0.0,0.0,73.0,0.0,18.0,0.0,1.0,0.0,-1.0,1.0,0.0,-1.0,判定困難,0,判定困難,0,
2026/09/08 17:43,2026-09-08T17:58:32+09:00,2026-12,CALL,31500,50.0,0.0,-50.0,0.0,0.0,0.0,0.0,0.0,0.0,0.0,0.0,0.0,0.0,0.0,0.0,0.0,0.0,0.0,0.0,0.0,0.0,0.0,判定困難,0,判定困難,0,
2026/09/08 17:43,2026-09-08T17:58:32+09:00,2026-12,PUT,31500,350.0,0.0,-350.0,0.0,0.0,0.0,0.0,0.0,0.0,0.0,0.0,0.0,83.0,0.0,0.0,0.0,1.0,0.0,-1.0,0.0,0.0,0.0,判定困難,0,判定困難,0,OI_DECREASE
2026/09/08 17:43,2026-09-08T17:58:32+09:00,2026-12,CALL,31250,0.0,0.0,0.0,0.0,0.0,0.0,0.0,0.0,0.0,0.0,0.0,0.0,0.0,0.0,0.0,0.0,0.0,0.0,0.0,0.0,0.0,0.0,判定困難,0,判定困難,0,
2026/09/08 17:43,2026-09-08T17:58:32+09:00,2026-12,PUT,31250,0.0,0.0,0.0,0.0,0.0,0.0,0.0,0.0,0.0,0.0,0.0,0.0,70.0,0.0,15.0,0.0,1.0,0.0,-1.0,1.0,0.0,-1.0,判定困難,0,判定困難,0,
2026/09/08 17:43,2026-09-08T17:58:32+09:00,2026-12,CALL,31000,241.0,0.0,-241.0,0.0,0.0,0.0,0.0,0.0,0.0,0.0,0.0,0.0,0.0,0.0,0.0,0.0,0.0,0.0,0.0,0.0,0.0,0.0,判定困難,0,判定困難,0,OI_DECREASE
2026/09/08 17:43,2026-09-08T17:58:32+09:00,2026-12,PUT,31000,2037.0,0.0,-2037.0,0.0,0.0,0.0,0.0,0.0,0.0,0.0,0.0,0.0,69.0,0.0,14.0,1.0,1.0,0.0,-1.0,1.0,10.0,9.0,判定困難,0,判定困難,0,OI_DECREASE
2026/09/08 17:43,2026-09-08T17:58:32+09:00,2026-12,CALL,30750,0.0,0.0,0.0,0.0,0.0,0.0,0.0,0.0,0.0,0.0,0.0,0.0,0.0,0.0,0.0,0.0,0.0,0.0,0.0,0.0,0.0,0.0,判定困難,0,判定困難,0,
2026/09/08 17:43,2026-09-08T17:58:32+09:00,2026-12,PUT,30750,0.0,0.0,0.0,0.0,0.0,0.0,0.0,0.0,0.0,0.0,0.0,0.0,68.0,0.0,13.0,0.0,1.0,0.0,-1.0,1.0,0.0,-1.0,判定困難,0,判定困難,0,
2026/09/08 17:43,2026-09-08T17:58:32+09:00,2026-12,CALL,30500,50.0,0.0,-50.0,0.0,0.0,0.0,0.0,0.0,0.0,0.0,0.0,0.0,0.0,0.0,0.0,0.0,0.0,0.0,0.0,0.0,0.0,0.0,判定困難,0,判定困難,0,
2026/09/08 17:43,2026-09-08T17:58:32+09:00,2026-12,PUT,30500,51.0,0.0,-51.0,0.0,0.0,0.0,0.0,0.0,0.0,0.0,0.0,0.0,58.0,220.0,21.0,0.0,1.0,1.0,0.0,1.0,0.0,-1.0,判定困難,0,判定困難,0,
2026/09/08 17:43,2026-09-08T17:58:32+09:00,2026-12,CALL,30250,0.0,0.0,0.0,0.0,0.0,0.0,0.0,0.0,0.0,0.0,0.0,0.0,0.0,0.0,0.0,0.0,0.0,0.0,0.0,0.0,0.0,0.0,判定困難,0,判定困難,0,
2026/09/08 17:43,2026-09-08T17:58:32+09:00,2026-12,PUT,30250,0.0,0.0,0.0,0.0,0.0,0.0,0.0,0.0,0.0,0.0,0.0,0.0,77.0,0.0,0.0,0.0,1.0,0.0,-1.0,0.0,0.0,0.0,判定困難,0,判定困難,0,
2026/09/08 17:43,2026-09-08T17:58:32+09:00,2026-12,CALL,30000,1303.0,0.0,-1303.0,0.0,0.0,0.0,0.0,0.0,0.0,0.0,0.0,0.0,0.0,0.0,0.0,0.0,0.0,0.0,0.0,0.0,0.0,0.0,判定困難,0,判定困難,0,OI_DECREASE
2026/09/08 17:43,2026-09-08T17:58:32+09:00,2026-12,PUT,30000,6702.0,0.0,-6702.0,0.0,2.0,2.0,0.0,44.0,44.0,0.0,64.46,64.46,44.0,50.0,20.0,31.0,1.0,3.0,2.0,4.0,12.0,8.0,Ask寄り,88000.0,既存売りポジションの決済買いの可能性：非常に高い,85,"OI_DECREASE,IV,POSITION"
2026/09/08 17:43,2026-09-08T17:58:32+09:00,2026-12,CALL,29750,0.0,0.0,0.0,0.0,0.0,0.0,0.0,0.0,0.0,0.0,0.0,0.0,0.0,0.0,0.0,0.0,0.0,0.0,0.0,0.0,0.0,0.0,判定困難,0,判定困難,0,
2026/09/08 17:43,2026-09-08T17:58:32+09:00,2026-12,PUT,29750,0.0,0.0,0.0,0.0,0.0,0.0,0.0,0.0,0.0,0.0,0.0,0.0,54.0,0.0,17.0,0.0,1.0,0.0,-1.0,1.0,0.0,-1.0,判定困難,0,判定困難,0,
2026/09/08 17:43,2026-09-08T17:58:32+09:00,2026-12,CALL,29500,0.0,0.0,0.0,0.0,0.0,0.0,0.0,0.0,0.0,0.0,0.0,0.0,0.0,0.0,0.0,0.0,0.0,0.0,0.0,0.0,0.0,0.0,判定困難,0,判定困難,0,
2026/09/08 17:43,2026-09-08T17:58:32+09:00,2026-12,PUT,29500,0.0,0.0,0.0,0.0,0.0,0.0,0.0,0.0,0.0,0.0,0.0,0.0,53.0,0.0,16.0,0.0,1.0,0.0,-1.0,1.0,0.0,-1.0,判定困難,0,判定困難,0,
2026/09/08 17:43,2026-09-08T17:58:32+09:00,2026-12,CALL,29250,0.0,0.0,0.0,0.0,0.0,0.0,0.0,0.0,0.0,0.0,0.0,0.0,0.0,0.0,0.0,0.0,0.0,0.0,0.0,0.0,0.0,0.0,判定困難,0,判定困難,0,
2026/09/08 17:43,2026-09-08T17:58:32+09:00,2026-12,PUT,29250,0.0,0.0,0.0,0.0,0.0,0.0,0.0,0.0,0.0,0.0,0.0,0.0,52.0,0.0,15.0,0.0,1.0,0.0,-1.0,1.0,0.0,-1.0,判定困難,0,判定困難,0,
2026/09/08 17:43,2026-09-08T17:58:32+09:00,2026-12,CALL,29000,150.0,0.0,-150.0,0.0,0.0,0.0,0.0,0.0,0.0,0.0,0.0,0.0,0.0,0.0,0.0,0.0,0.0,0.0,0.0,0.0,0.0,0.0,判定困難,0,判定困難,0,OI_DECREASE
2026/09/08 17:43,2026-09-08T17:58:32+09:00,2026-12,PUT,29000,1450.0,0.0,-1450.0,0.0,0.0,0.0,0.0,0.0,0.0,0.0,0.0,0.0,51.0,0.0,14.0,5.0,1.0,0.0,-1.0,1.0,1.0,0.0,判定困難,0,判定困難,0,OI_DECREASE
2026/09/08 17:43,2026-09-08T17:58:32+09:00,2026-12,CALL,28750,0.0,0.0,0.0,0.0,0.0,0.0,0.0,0.0,0.0,0.0,0.0,0.0,0.0,0.0,0.0,0.0,0.0,0.0,0.0,0.0,0.0,0.0,判定困難,0,判定困難,0,
2026/09/08 17:43,2026-09-08T17:58:32+09:00,2026-12,PUT,28750,0.0,0.0,0.0,0.0,0.0,0.0,0.0,0.0,0.0,0.0,0.0,0.0,50.0,0.0,13.0,0.0,1.0,0.0,-1.0,1.0,0.0,-1.0,判定困難,0,判定困難,0,
2026/09/08 17:43,2026-09-08T17:58:32+09:00,2026-12,CALL,28500,125.0,0.0,-125.0,0.0,0.0,0.0,0.0,0.0,0.0,0.0,0.0,0.0,0.0,0.0,0.0,0.0,0.0,0.0,0.0,0.0,0.0,0.0,判定困難,0,判定困難,0,OI_DECREASE
2026/09/08 17:43,2026-09-08T17:58:32+09:00,2026-12,PUT,28500,400.0,0.0,-400.0,0.0,0.0,0.0,0.0,0.0,0.0,0.0,0.0,0.0,49.0,0.0,12.0,0.0,1.0,0.0,-1.0,1.0,0.0,-1.0,判定困難,0,判定困難,0,OI_DECREASE
2026/09/08 17:43,2026-09-08T17:58:32+09:00,2026-12,CALL,28250,0.0,0.0,0.0,0.0,0.0,0.0,0.0,0.0,0.0,0.0,0.0,0.0,0.0,0.0,0.0,0.0,0.0,0.0,0.0,0.0,0.0,0.0,判定困難,0,判定困難,0,
2026/09/08 17:43,2026-09-08T17:58:32+09:00,2026-12,PUT,28250,0.0,0.0,0.0,0.0,0.0,0.0,0.0,0.0,0.0,0.0,0.0,0.0,48.0,0.0,11.0,0.0,1.0,0.0,-1.0,1.0,0.0,-1.0,判定困難,0,判定困難,0,
2026/09/08 17:43,2026-09-08T17:58:32+09:00,2026-12,CALL,28000,75.0,0.0,-75.0,0.0,0.0,0.0,0.0,0.0,0.0,0.0,0.0,0.0,0.0,0.0,0.0,0.0,0.0,0.0,0.0,0.0,0.0,0.0,判定困難,0,判定困難,0,
2026/09/08 17:43,2026-09-08T17:58:32+09:00,2026-12,PUT,28000,1327.0,0.0,-1327.0,4.0,0.0,-4.0,15.0,0.0,-15.0,62.71,0.0,-62.71,40.0,0.0,12.0,11.0,54.0,0.0,-54.0,12.0,1.0,-11.0,判定困難,0,判定困難,0,"OI_DECREASE,IV"
2026/09/08 17:43,2026-09-08T17:58:32+09:00,2026-12,CALL,27750,0.0,0.0,0.0,0.0,0.0,0.0,0.0,0.0,0.0,0.0,0.0,0.0,0.0,0.0,0.0,0.0,0.0,0.0,0.0,0.0,0.0,0.0,判定困難,0,判定困難,0,
2026/09/08 17:43,2026-09-08T17:58:32+09:00,2026-12,PUT,27750,72.0,0.0,-72.0,0.0,0.0,0.0,0.0,0.0,0.0,0.0,0.0,0.0,47.0,0.0,10.0,0.0,1.0,0.0,-1.0,1.0,0.0,-1.0,判定困難,0,判定困難,0,
2026/09/08 17:43,2026-09-08T17:58:32+09:00,2026-12,CALL,27500,0.0,0.0,0.0,0.0,0.0,0.0,0.0,0.0,0.0,0.0,0.0,0.0,0.0,0.0,0.0,0.0,0.0,0.0,0.0,0.0,0.0,0.0,判定困難,0,判定困難,0,
2026/09/08 17:43,2026-09-08T17:58:32+09:00,2026-12,PUT,27500,25.0,0.0,-25.0,0.0,0.0,0.0,0.0,0.0,0.0,0.0,0.0,0.0,46.0,0.0,9.0,0.0,1.0,0.0,-1.0,1.0,0.0,-1.0,判定困難,0,判定困難,0,
2026/09/08 17:43,2026-09-08T17:58:32+09:00,2026-12,CALL,27250,0.0,0.0,0.0,0.0,0.0,0.0,0.0,0.0,0.0,0.0,0.0,0.0,0.0,0.0,0.0,0.0,0.0,0.0,0.0,0.0,0.0,0.0,判定困難,0,判定困難,0,
2026/09/08 17:43,2026-09-08T17:58:32+09:00,2026-12,PUT,27250,0.0,0.0,0.0,0.0,0.0,0.0,0.0,0.0,0.0,0.0,0.0,0.0,45.0,0.0,8.0,0.0,1.0,0.0,-1.0,1.0,0.0,-1.0,判定困難,0,判定困難,0,
2026/09/08 17:43,2026-09-08T17:58:32+09:00,2026-12,CALL,27000,250.0,0.0,-250.0,0.0,0.0,0.0,0.0,0.0,0.0,0.0,0.0,0.0,0.0,0.0,0.0,0.0,0.0,0.0,0.0,0.0,0.0,0.0,判定困難,0,判定困難,0,OI_DECREASE
2026/09/08 17:43,2026-09-08T17:58:32+09:00,2026-12,PUT,27000,2630.0,0.0,-2630.0,4.0,0.0,-4.0,10.0,0.0,-10.0,62.52,0.0,-62.52,35.0,0.0,13.0,4.0,54.0,0.0,-54.0,12.0,5.0,-7.0,判定困難,0,判定困難,0,"OI_DECREASE,IV"
2026/09/08 17:43,2026-09-08T17:58:32+09:00,2026-12,CALL,26750,0.0,0.0,0.0,0.0,0.0,0.0,0.0,0.0,0.0,0.0,0.0,0.0,0.0,0.0,0.0,0.0,0.0,0.0,0.0,0.0,0.0,0.0,判定困難,0,判定困難,0,
2026/09/08 17:43,2026-09-08T17:58:32+09:00,2026-12,PUT,26750,0.0,0.0,0.0,0.0,0.0,0.0,0.0,0.0,0.0,0.0,0.0,0.0,37.0,0.0,12.0,0.0,1.0,0.0,-1.0,1.0,0.0,-1.0,判定困難,0,判定困難,0,
2026/09/08 17:43,2026-09-08T17:58:32+09:00,2026-12,CALL,26500,0.0,0.0,0.0,0.0,0.0,0.0,0.0,0.0,0.0,0.0,0.0,0.0,0.0,0.0,0.0,0.0,0.0,0.0,0.0,0.0,0.0,0.0,判定困難,0,判定困難,0,
2026/09/08 17:43,2026-09-08T17:58:32+09:00,2026-12,PUT,26500,1.0,0.0,-1.0,0.0,0.0,0.0,0.0,0.0,0.0,0.0,0.0,0.0,48.0,0.0,10.0,10.0,1.0,0.0,-1.0,2.0,2.0,0.0,判定困難,0,判定困難,0,
2026/09/08 17:43,2026-09-08T17:58:32+09:00,2026-12,CALL,26250,0.0,0.0,0.0,0.0,0.0,0.0,0.0,0.0,0.0,0.0,0.0,0.0,0.0,0.0,0.0,0.0,0.0,0.0,0.0,0.0,0.0,0.0,判定困難,0,判定困難,0,
2026/09/08 17:43,2026-09-08T17:58:32+09:00,2026-12,PUT,26250,0.0,0.0,0.0,0.0,0.0,0.0,0.0,0.0,0.0,0.0,0.0,0.0,36.0,0.0,11.0,0.0,1.0,0.0,-1.0,1.0,0.0,-1.0,判定困難,0,判定困難,0,
2026/09/08 17:43,2026-09-08T17:58:32+09:00,2026-12,CALL,26000,350.0,0.0,-350.0,0.0,0.0,0.0,0.0,0.0,0.0,0.0,0.0,0.0,0.0,0.0,0.0,0.0,0.0,0.0,0.0,0.0,0.0,0.0,判定困難,0,判定困難,0,OI_DECREASE
2026/09/08 17:43,2026-09-08T17:58:32+09:00,2026-12,PUT,26000,1425.0,0.0,-1425.0,0.0,0.0,0.0,0.0,0.0,0.0,0.0,0.0,0.0,35.0,50.0,10.0,1.0,1.0,1.0,0.0,1.0,10.0,9.0,判定困難,0,判定困難,0,OI_DECREASE
2026/09/08 17:43,2026-09-08T17:58:32+09:00,2026-12,CALL,25750,0.0,0.0,0.0,0.0,0.0,0.0,0.0,0.0,0.0,0.0,0.0,0.0,0.0,0.0,0.0,0.0,0.0,0.0,0.0,0.0,0.0,0.0,判定困難,0,判定困難,0,
2026/09/08 17:43,2026-09-08T17:58:32+09:00,2026-12,PUT,25750,0.0,0.0,0.0,0.0,0.0,0.0,0.0,0.0,0.0,0.0,0.0,0.0,34.0,0.0,9.0,0.0,1.0,0.0,-1.0,1.0,0.0,-1.0,判定困難,0,判定困難,0,
2026/09/08 17:43,2026-09-08T17:58:32+09:00,2026-12,CALL,25500,0.0,0.0,0.0,0.0,0.0,0.0,0.0,0.0,0.0,0.0,0.0,0.0,0.0,0.0,0.0,0.0,0.0,0.0,0.0,0.0,0.0,0.0,判定困難,0,判定困難,0,
2026/09/08 17:43,2026-09-08T17:58:32+09:00,2026-12,PUT,25500,2.0,0.0,-2.0,0.0,0.0,0.0,0.0,0.0,0.0,0.0,0.0,0.0,46.0,0.0,0.0,0.0,1.0,0.0,-1.0,0.0,0.0,0.0,判定困難,0,判定困難,0,
2026/09/08 17:43,2026-09-08T17:58:32+09:00,2026-12,CALL,25250,0.0,0.0,0.0,0.0,0.0,0.0,0.0,0.0,0.0,0.0,0.0,0.0,0.0,0.0,0.0,0.0,0.0,0.0,0.0,0.0,0.0,0.0,判定困難,0,判定困難,0,
2026/09/08 17:43,2026-09-08T17:58:32+09:00,2026-12,PUT,25250,1.0,0.0,-1.0,0.0,0.0,0.0,0.0,0.0,0.0,0.0,0.0,0.0,33.0,0.0,8.0,0.0,1.0,0.0,-1.0,1.0,0.0,-1.0,判定困難,0,判定困難,0,
2026/09/08 17:43,2026-09-08T17:58:32+09:00,2026-12,CALL,25000,300.0,0.0,-300.0,0.0,0.0,0.0,0.0,0.0,0.0,0.0,0.0,0.0,0.0,0.0,0.0,0.0,0.0,0.0,0.0,0.0,0.0,0.0,判定困難,0,判定困難,0,OI_DECREASE
2026/09/08 17:43,2026-09-08T17:58:32+09:00,2026-12,PUT,25000,2014.0,0.0,-2014.0,0.0,0.0,0.0,0.0,0.0,0.0,0.0,0.0,0.0,30.0,30.0,7.0,6.0,1.0,1.0,0.0,1.0,8.0,7.0,判定困難,0,判定困難,0,OI_DECREASE
2026/09/08 17:43,2026-09-08T17:58:32+09:00,2026-12,CALL,24750,0.0,0.0,0.0,0.0,0.0,0.0,0.0,0.0,0.0,0.0,0.0,0.0,0.0,0.0,0.0,0.0,0.0,0.0,0.0,0.0,0.0,0.0,判定困難,0,判定困難,0,
2026/09/08 17:43,2026-09-08T17:58:32+09:00,2026-12,PUT,24750,1.0,0.0,-1.0,0.0,0.0,0.0,0.0,0.0,0.0,0.0,0.0,0.0,31.0,0.0,6.0,0.0,1.0,0.0,-1.0,1.0,0.0,-1.0,判定困難,0,判定困難,0,
2026/09/08 17:43,2026-09-08T17:58:32+09:00,2026-12,CALL,24500,0.0,0.0,0.0,0.0,0.0,0.0,0.0,0.0,0.0,0.0,0.0,0.0,0.0,0.0,0.0,0.0,0.0,0.0,0.0,0.0,0.0,0.0,判定困難,0,判定困難,0,
2026/09/08 17:43,2026-09-08T17:58:32+09:00,2026-12,PUT,24500,250.0,0.0,-250.0,0.0,0.0,0.0,0.0,0.0,0.0,0.0,0.0,0.0,31.0,0.0,6.0,0.0,1.0,0.0,-1.0,1.0,0.0,-1.0,判定困難,0,判定困難,0,OI_DECREASE
2026/09/08 17:43,2026-09-08T17:58:32+09:00,2026-12,CALL,24250,0.0,0.0,0.0,0.0,0.0,0.0,0.0,0.0,0.0,0.0,0.0,0.0,0.0,0.0,0.0,0.0,0.0,0.0,0.0,0.0,0.0,0.0,判定困難,0,判定困難,0,
2026/09/08 17:43,2026-09-08T17:58:32+09:00,2026-12,PUT,24250,0.0,0.0,0.0,0.0,0.0,0.0,0.0,0.0,0.0,0.0,0.0,0.0,30.0,0.0,5.0,0.0,1.0,0.0,-1.0,1.0,0.0,-1.0,判定困難,0,判定困難,0,
2026/09/08 17:43,2026-09-08T17:58:32+09:00,2026-12,CALL,24000,0.0,0.0,0.0,0.0,0.0,0.0,0.0,0.0,0.0,0.0,0.0,0.0,0.0,0.0,0.0,0.0,0.0,0.0,0.0,0.0,0.0,0.0,判定困難,0,判定困難,0,
2026/09/08 17:43,2026-09-08T17:58:32+09:00,2026-12,PUT,24000,405.0,0.0,-405.0,0.0,0.0,0.0,0.0,0.0,0.0,0.0,0.0,0.0,29.0,40.0,4.0,0.0,1.0,1.0,0.0,1.0,0.0,-1.0,判定困難,0,判定困難,0,OI_DECREASE
2026/09/08 17:43,2026-09-08T17:58:32+09:00,2026-12,CALL,23750,0.0,0.0,0.0,0.0,0.0,0.0,0.0,0.0,0.0,0.0,0.0,0.0,0.0,0.0,0.0,0.0,0.0,0.0,0.0,0.0,0.0,0.0,判定困難,0,判定困難,0,
2026/09/08 17:43,2026-09-08T17:58:32+09:00,2026-12,PUT,23750,0.0,0.0,0.0,0.0,0.0,0.0,0.0,0.0,0.0,0.0,0.0,0.0,29.0,0.0,4.0,0.0,1.0,0.0,-1.0,1.0,0.0,-1.0,判定困難,0,判定困難,0,
2026/09/08 17:43,2026-09-08T17:58:32+09:00,2026-12,CALL,23500,0.0,0.0,0.0,0.0,0.0,0.0,0.0,0.0,0.0,0.0,0.0,0.0,0.0,0.0,0.0,0.0,0.0,0.0,0.0,0.0,0.0,0.0,判定困難,0,判定困難,0,
2026/09/08 17:43,2026-09-08T17:58:32+09:00,2026-12,PUT,23500,127.0,0.0,-127.0,0.0,0.0,0.0,0.0,0.0,0.0,0.0,0.0,0.0,28.0,0.0,3.0,0.0,1.0,0.0,-1.0,1.0,0.0,-1.0,判定困難,0,判定困難,0,OI_DECREASE
2026/09/08 17:43,2026-09-08T17:58:32+09:00,2026-12,CALL,23250,0.0,0.0,0.0,0.0,0.0,0.0,0.0,0.0,0.0,0.0,0.0,0.0,0.0,0.0,0.0,0.0,0.0,0.0,0.0,0.0,0.0,0.0,判定困難,0,判定困難,0,
2026/09/08 17:43,2026-09-08T17:58:32+09:00,2026-12,PUT,23250,0.0,0.0,0.0,0.0,0.0,0.0,0.0,0.0,0.0,0.0,0.0,0.0,28.0,0.0,7.0,7.0,1.0,0.0,-1.0,1.0,1.0,0.0,判定困難,0,判定困難,0,
2026/09/08 17:43,2026-09-08T17:58:32+09:00,2026-12,CALL,23000,0.0,0.0,0.0,0.0,0.0,0.0,0.0,0.0,0.0,0.0,0.0,0.0,0.0,0.0,0.0,0.0,0.0,0.0,0.0,0.0,0.0,0.0,判定困難,0,判定困難,0,
2026/09/08 17:43,2026-09-08T17:58:32+09:00,2026-12,PUT,23000,2106.0,0.0,-2106.0,0.0,0.0,0.0,0.0,0.0,0.0,0.0,0.0,0.0,27.0,0.0,2.0,2.0,1.0,0.0,-1.0,2.0,1.0,-1.0,判定困難,0,判定困難,0,OI_DECREASE
2026/09/08 17:43,2026-09-08T17:58:32+09:00,2026-12,CALL,22750,0.0,0.0,0.0,0.0,0.0,0.0,0.0,0.0,0.0,0.0,0.0,0.0,0.0,0.0,0.0,0.0,0.0,0.0,0.0,0.0,0.0,0.0,判定困難,0,判定困難,0,
2026/09/08 17:43,2026-09-08T17:58:32+09:00,2026-12,PUT,22750,0.0,0.0,0.0,0.0,0.0,0.0,0.0,0.0,0.0,0.0,0.0,0.0,27.0,0.0,2.0,0.0,1.0,0.0,-1.0,1.0,0.0,-1.0,判定困難,0,判定困難,0,
2026/09/08 17:43,2026-09-08T17:58:32+09:00,2026-12,CALL,22500,0.0,0.0,0.0,0.0,0.0,0.0,0.0,0.0,0.0,0.0,0.0,0.0,0.0,0.0,0.0,0.0,0.0,0.0,0.0,0.0,0.0,0.0,判定困難,0,判定困難,0,
2026/09/08 17:43,2026-09-08T17:58:32+09:00,2026-12,PUT,22500,150.0,0.0,-150.0,0.0,0.0,0.0,0.0,0.0,0.0,0.0,0.0,0.0,26.0,0.0,1.0,0.0,1.0,0.0,-1.0,1.0,0.0,-1.0,判定困難,0,判定困難,0,OI_DECREASE
2026/09/08 17:43,2026-09-08T17:58:32+09:00,2026-12,CALL,22250,0.0,0.0,0.0,0.0,0.0,0.0,0.0,0.0,0.0,0.0,0.0,0.0,0.0,0.0,0.0,0.0,0.0,0.0,0.0,0.0,0.0,0.0,判定困難,0,判定困難,0,
2026/09/08 17:43,2026-09-08T17:58:32+09:00,2026-12,PUT,22250,0.0,0.0,0.0,0.0,0.0,0.0,0.0,0.0,0.0,0.0,0.0,0.0,26.0,0.0,1.0,0.0,1.0,0.0,-1.0,1.0,0.0,-1.0,判定困難,0,判定困難,0,
2026/09/08 17:43,2026-09-08T17:58:32+09:00,2026-12,CALL,22000,100.0,0.0,-100.0,0.0,0.0,0.0,0.0,0.0,0.0,0.0,0.0,0.0,0.0,0.0,0.0,0.0,0.0,0.0,0.0,0.0,0.0,0.0,判定困難,0,判定困難,0,OI_DECREASE
2026/09/08 17:43,2026-09-08T17:58:32+09:00,2026-12,PUT,22000,1716.0,0.0,-1716.0,0.0,0.0,0.0,0.0,0.0,0.0,0.0,0.0,0.0,25.0,100.0,1.0,1.0,1.0,1.0,0.0,2.0,2.0,0.0,判定困難,0,判定困難,0,OI_DECREASE
2026/09/08 17:43,2026-09-08T17:58:32+09:00,2026-12,CALL,21750,0.0,0.0,0.0,0.0,0.0,0.0,0.0,0.0,0.0,0.0,0.0,0.0,0.0,0.0,0.0,0.0,0.0,0.0,0.0,0.0,0.0,0.0,判定困難,0,判定困難,0,
2026/09/08 17:43,2026-09-08T17:58:32+09:00,2026-12,PUT,21750,0.0,0.0,0.0,0.0,0.0,0.0,0.0,0.0,0.0,0.0,0.0,0.0,25.0,0.0,0.0,0.0,1.0,0.0,-1.0,0.0,0.0,0.0,判定困難,0,判定困難,0,
2026/09/08 17:43,2026-09-08T17:58:32+09:00,2026-12,CALL,21500,0.0,0.0,0.0,0.0,0.0,0.0,0.0,0.0,0.0,0.0,0.0,0.0,0.0,0.0,0.0,0.0,0.0,0.0,0.0,0.0,0.0,0.0,判定困難,0,判定困難,0,
2026/09/08 17:43,2026-09-08T17:58:32+09:00,2026-12,PUT,21500,500.0,0.0,-500.0,0.0,0.0,0.0,0.0,0.0,0.0,0.0,0.0,0.0,24.0,0.0,0.0,0.0,1.0,0.0,-1.0,0.0,0.0,0.0,判定困難,0,判定困難,0,OI_DECREASE
2026/09/08 17:43,2026-09-08T17:58:32+09:00,2026-12,CALL,21250,0.0,0.0,0.0,0.0,0.0,0.0,0.0,0.0,0.0,0.0,0.0,0.0,0.0,0.0,0.0,0.0,0.0,0.0,0.0,0.0,0.0,0.0,判定困難,0,判定困難,0,
2026/09/08 17:43,2026-09-08T17:58:32+09:00,2026-12,PUT,21250,0.0,0.0,0.0,0.0,0.0,0.0,0.0,0.0,0.0,0.0,0.0,0.0,24.0,0.0,0.0,0.0,1.0,0.0,-1.0,0.0,0.0,0.0,判定困難,0,判定困難,0,
2026/09/08 17:43,2026-09-08T17:58:32+09:00,2026-12,CALL,21000,0.0,0.0,0.0,0.0,0.0,0.0,0.0,0.0,0.0,0.0,0.0,0.0,0.0,0.0,0.0,0.0,0.0,0.0,0.0,0.0,0.0,0.0,判定困難,0,判定困難,0,
2026/09/08 17:43,2026-09-08T17:58:32+09:00,2026-12,PUT,21000,350.0,0.0,-350.0,0.0,0.0,0.0,0.0,0.0,0.0,0.0,0.0,0.0,23.0,0.0,0.0,0.0,1.0,0.0,-1.0,0.0,0.0,0.0,判定困難,0,判定困難,0,OI_DECREASE
2026/09/08 17:43,2026-09-08T17:58:32+09:00,2026-12,CALL,20750,0.0,0.0,0.0,0.0,0.0,0.0,0.0,0.0,0.0,0.0,0.0,0.0,0.0,0.0,0.0,0.0,0.0,0.0,0.0,0.0,0.0,0.0,判定困難,0,判定困難,0,
2026/09/08 17:43,2026-09-08T17:58:32+09:00,2026-12,PUT,20750,0.0,0.0,0.0,0.0,0.0,0.0,0.0,0.0,0.0,0.0,0.0,0.0,23.0,0.0,0.0,0.0,1.0,0.0,-1.0,0.0,0.0,0.0,判定困難,0,判定困難,0,
2026/09/08 17:43,2026-09-08T17:58:32+09:00,2026-12,CALL,20500,0.0,0.0,0.0,0.0,0.0,0.0,0.0,0.0,0.0,0.0,0.0,0.0,0.0,0.0,0.0,0.0,0.0,0.0,0.0,0.0,0.0,0.0,判定困難,0,判定困難,0,
2026/09/08 17:43,2026-09-08T17:58:32+09:00,2026-12,PUT,20500,0.0,0.0,0.0,0.0,0.0,0.0,0.0,0.0,0.0,0.0,0.0,0.0,19.0,0.0,0.0,0.0,1.0,0.0,-1.0,0.0,0.0,0.0,判定困難,0,判定困難,0,
2026/09/08 17:43,2026-09-08T17:58:32+09:00,2026-12,CALL,20250,0.0,0.0,0.0,0.0,0.0,0.0,0.0,0.0,0.0,0.0,0.0,0.0,0.0,0.0,0.0,0.0,0.0,0.0,0.0,0.0,0.0,0.0,判定困難,0,判定困難,0,
2026/09/08 17:43,2026-09-08T17:58:32+09:00,2026-12,PUT,20250,3.0,0.0,-3.0,0.0,0.0,0.0,0.0,0.0,0.0,0.0,0.0,0.0,19.0,0.0,0.0,0.0,1.0,0.0,-1.0,0.0,0.0,0.0,判定困難,0,判定困難,0,
2026/09/08 17:43,2026-09-08T17:58:32+09:00,2026-12,CALL,20000,150.0,0.0,-150.0,0.0,0.0,0.0,0.0,0.0,0.0,0.0,0.0,0.0,0.0,0.0,0.0,0.0,0.0,0.0,0.0,0.0,0.0,0.0,判定困難,0,判定困難,0,OI_DECREASE
2026/09/08 17:43,2026-09-08T17:58:32+09:00,2026-12,PUT,20000,2418.0,0.0,-2418.0,3.0,0.0,-3.0,9.0,0.0,-9.0,82.46,0.0,-82.46,10.0,20.0,9.0,9.0,1.0,1.0,0.0,12.0,1.0,-11.0,判定困難,0,判定困難,0,"OI_DECREASE,IV"
2026/09/08 17:43,2026-09-08T17:58:32+09:00,2026-12,CALL,19750,0.0,0.0,0.0,0.0,0.0,0.0,0.0,0.0,0.0,0.0,0.0,0.0,0.0,0.0,0.0,0.0,0.0,0.0,0.0,0.0,0.0,0.0,判定困難,0,判定困難,0,
2026/09/08 17:43,2026-09-08T17:58:32+09:00,2026-12,PUT,19750,0.0,0.0,0.0,0.0,0.0,0.0,0.0,0.0,0.0,0.0,0.0,0.0,18.0,0.0,0.0,0.0,1.0,0.0,-1.0,0.0,0.0,0.0,判定困難,0,判定困難,0,
2026/09/08 17:43,2026-09-08T17:58:32+09:00,2026-12,CALL,19500,0.0,0.0,0.0,0.0,0.0,0.0,0.0,0.0,0.0,0.0,0.0,0.0,0.0,0.0,0.0,0.0,0.0,0.0,0.0,0.0,0.0,0.0,判定困難,0,判定困難,0,
2026/09/08 17:43,2026-09-08T17:58:32+09:00,2026-12,PUT,19500,0.0,0.0,0.0,0.0,0.0,0.0,0.0,0.0,0.0,0.0,0.0,0.0,18.0,0.0,0.0,0.0,1.0,0.0,-1.0,0.0,0.0,0.0,判定困難,0,判定困難,0,
2026/09/08 17:43,2026-09-08T17:58:32+09:00,2026-12,CALL,19250,0.0,0.0,0.0,0.0,0.0,0.0,0.0,0.0,0.0,0.0,0.0,0.0,0.0,0.0,0.0,0.0,0.0,0.0,0.0,0.0,0.0,0.0,判定困難,0,判定困難,0,
2026/09/08 17:43,2026-09-08T17:58:32+09:00,2026-12,PUT,19250,0.0,0.0,0.0,0.0,0.0,0.0,0.0,0.0,0.0,0.0,0.0,0.0,17.0,0.0,0.0,0.0,1.0,0.0,-1.0,0.0,0.0,0.0,判定困難,0,判定困難,0,
2026/09/08 17:43,2026-09-08T17:58:32+09:00,2026-12,CALL,19000,0.0,0.0,0.0,0.0,0.0,0.0,0.0,0.0,0.0,0.0,0.0,0.0,0.0,0.0,0.0,0.0,0.0,0.0,0.0,0.0,0.0,0.0,判定困難,0,判定困難,0,
2026/09/08 17:43,2026-09-08T17:58:32+09:00,2026-12,PUT,19000,650.0,0.0,-650.0,0.0,0.0,0.0,0.0,0.0,0.0,0.0,0.0,0.0,17.0,0.0,1.0,1.0,1.0,0.0,-1.0,1.0,1.0,0.0,判定困難,0,判定困難,0,OI_DECREASE
2026/09/08 17:43,2026-09-08T17:58:32+09:00,2026-12,CALL,18750,0.0,0.0,0.0,0.0,0.0,0.0,0.0,0.0,0.0,0.0,0.0,0.0,0.0,0.0,0.0,0.0,0.0,0.0,0.0,0.0,0.0,0.0,判定困難,0,判定困難,0,
2026/09/08 17:43,2026-09-08T17:58:32+09:00,2026-12,PUT,18750,0.0,0.0,0.0,0.0,0.0,0.0,0.0,0.0,0.0,0.0,0.0,0.0,17.0,0.0,0.0,0.0,1.0,0.0,-1.0,0.0,0.0,0.0,判定困難,0,判定困難,0,
2026/09/08 17:43,2026-09-08T17:58:32+09:00,2026-12,CALL,18500,0.0,0.0,0.0,0.0,0.0,0.0,0.0,0.0,0.0,0.0,0.0,0.0,0.0,0.0,0.0,0.0,0.0,0.0,0.0,0.0,0.0,0.0,判定困難,0,判定困難,0,
2026/09/08 17:43,2026-09-08T17:58:32+09:00,2026-12,PUT,18500,0.0,0.0,0.0,0.0,0.0,0.0,0.0,0.0,0.0,0.0,0.0,0.0,16.0,0.0,0.0,0.0,1.0,0.0,-1.0,0.0,0.0,0.0,判定困難,0,判定困難,0,
2026/09/08 17:43,2026-09-08T17:58:32+09:00,2026-12,CALL,18250,0.0,0.0,0.0,0.0,0.0,0.0,0.0,0.0,0.0,0.0,0.0,0.0,0.0,0.0,0.0,0.0,0.0,0.0,0.0,0.0,0.0,0.0,判定困難,0,判定困難,0,
2026/09/08 17:43,2026-09-08T17:58:32+09:00,2026-12,PUT,18250,0.0,0.0,0.0,0.0,0.0,0.0,0.0,0.0,0.0,0.0,0.0,0.0,16.0,0.0,0.0,0.0,1.0,0.0,-1.0,0.0,0.0,0.0,判定困難,0,判定困難,0,
2026/09/08 17:43,2026-09-08T17:58:32+09:00,2026-12,CALL,18000,0.0,0.0,0.0,0.0,0.0,0.0,0.0,0.0,0.0,0.0,0.0,0.0,0.0,0.0,0.0,0.0,0.0,0.0,0.0,0.0,0.0,0.0,判定困難,0,判定困難,0,
2026/09/08 17:43,2026-09-08T17:58:32+09:00,2026-12,PUT,18000,153.0,0.0,-153.0,0.0,0.0,0.0,0.0,0.0,0.0,0.0,0.0,0.0,16.0,0.0,2.0,2.0,1.0,0.0,-1.0,1.0,1.0,0.0,判定困難,0,判定困難,0,OI_DECREASE
2026/09/08 17:43,2026-09-08T17:58:32+09:00,2026-12,CALL,17750,0.0,0.0,0.0,0.0,0.0,0.0,0.0,0.0,0.0,0.0,0.0,0.0,0.0,0.0,0.0,0.0,0.0,0.0,0.0,0.0,0.0,0.0,判定困難,0,判定困難,0,
2026/09/08 17:43,2026-09-08T17:58:32+09:00,2026-12,PUT,17750,0.0,0.0,0.0,0.0,0.0,0.0,0.0,0.0,0.0,0.0,0.0,0.0,16.0,0.0,0.0,0.0,1.0,0.0,-1.0,0.0,0.0,0.0,判定困難,0,判定困難,0,
2026/09/08 17:43,2026-09-08T17:58:32+09:00,2026-12,CALL,17500,0.0,0.0,0.0,0.0,0.0,0.0,0.0,0.0,0.0,0.0,0.0,0.0,0.0,0.0,0.0,0.0,0.0,0.0,0.0,0.0,0.0,0.0,判定困難,0,判定困難,0,
2026/09/08 17:43,2026-09-08T17:58:32+09:00,2026-12,PUT,17500,0.0,0.0,0.0,0.0,0.0,0.0,0.0,0.0,0.0,0.0,0.0,0.0,15.0,0.0,0.0,0.0,1.0,0.0,-1.0,0.0,0.0,0.0,判定困難,0,判定困難,0,
2026/09/08 17:43,2026-09-08T17:58:32+09:00,2026-12,CALL,17250,0.0,0.0,0.0,0.0,0.0,0.0,0.0,0.0,0.0,0.0,0.0,0.0,0.0,0.0,0.0,0.0,0.0,0.0,0.0,0.0,0.0,0.0,判定困難,0,判定困難,0,
2026/09/08 17:43,2026-09-08T17:58:32+09:00,2026-12,PUT,17250,0.0,0.0,0.0,0.0,0.0,0.0,0.0,0.0,0.0,0.0,0.0,0.0,15.0,0.0,0.0,0.0,1.0,0.0,-1.0,0.0,0.0,0.0,判定困難,0,判定困難,0,
2026/09/08 17:43,2026-09-08T17:58:32+09:00,2026-12,CALL,17000,0.0,0.0,0.0,0.0,0.0,0.0,0.0,0.0,0.0,0.0,0.0,0.0,0.0,0.0,0.0,0.0,0.0,0.0,0.0,0.0,0.0,0.0,判定困難,0,判定困難,0,
2026/09/08 17:43,2026-09-08T17:58:32+09:00,2026-12,PUT,17000,3.0,0.0,-3.0,0.0,0.0,0.0,0.0,0.0,0.0,0.0,0.0,0.0,15.0,0.0,0.0,0.0,1.0,0.0,-1.0,0.0,0.0,0.0,判定困難,0,判定困難,0,
2026/09/08 17:43,2026-09-08T17:58:32+09:00,2026-12,CALL,16750,0.0,0.0,0.0,0.0,0.0,0.0,0.0,0.0,0.0,0.0,0.0,0.0,0.0,0.0,0.0,0.0,0.0,0.0,0.0,0.0,0.0,0.0,判定困難,0,判定困難,0,
2026/09/08 17:43,2026-09-08T17:58:32+09:00,2026-12,PUT,16750,0.0,0.0,0.0,0.0,0.0,0.0,0.0,0.0,0.0,0.0,0.0,0.0,14.0,0.0,0.0,0.0,1.0,0.0,-1.0,0.0,0.0,0.0,判定困難,0,判定困難,0,
2026/09/08 17:43,2026-09-08T17:58:32+09:00,2026-12,CALL,16500,0.0,0.0,0.0,0.0,0.0,0.0,0.0,0.0,0.0,0.0,0.0,0.0,0.0,0.0,0.0,0.0,0.0,0.0,0.0,0.0,0.0,0.0,判定困難,0,判定困難,0,
2026/09/08 17:43,2026-09-08T17:58:32+09:00,2026-12,PUT,16500,1.0,0.0,-1.0,0.0,0.0,0.0,0.0,0.0,0.0,0.0,0.0,0.0,14.0,0.0,0.0,0.0,1.0,0.0,-1.0,0.0,0.0,0.0,判定困難,0,判定困難,0,
2026/09/08 17:43,2026-09-08T17:58:32+09:00,2026-12,CALL,16250,0.0,0.0,0.0,0.0,0.0,0.0,0.0,0.0,0.0,0.0,0.0,0.0,0.0,0.0,0.0,0.0,0.0,0.0,0.0,0.0,0.0,0.0,判定困難,0,判定困難,0,
2026/09/08 17:43,2026-09-08T17:58:32+09:00,2026-12,PUT,16250,0.0,0.0,0.0,0.0,0.0,0.0,0.0,0.0,0.0,0.0,0.0,0.0,14.0,0.0,0.0,0.0,1.0,0.0,-1.0,0.0,0.0,0.0,判定困難,0,判定困難,0,
2026/09/08 17:43,2026-09-08T17:58:32+09:00,2026-12,CALL,16000,0.0,0.0,0.0,0.0,0.0,0.0,0.0,0.0,0.0,0.0,0.0,0.0,0.0,0.0,0.0,0.0,0.0,0.0,0.0,0.0,0.0,0.0,判定困難,0,判定困難,0,
2026/09/08 17:43,2026-09-08T17:58:32+09:00,2026-12,PUT,16000,3.0,0.0,-3.0,0.0,0.0,0.0,0.0,0.0,0.0,0.0,0.0,0.0,14.0,0.0,1.0,1.0,1.0,0.0,-1.0,1.0,1.0,0.0,判定困難,0,判定困難,0,
2026/09/08 17:43,2026-09-08T17:58:32+09:00,2026-12,CALL,15750,0.0,0.0,0.0,0.0,0.0,0.0,0.0,0.0,0.0,0.0,0.0,0.0,0.0,0.0,0.0,0.0,0.0,0.0,0.0,0.0,0.0,0.0,判定困難,0,判定困難,0,
2026/09/08 17:43,2026-09-08T17:58:32+09:00,2026-12,PUT,15750,0.0,0.0,0.0,0.0,0.0,0.0,0.0,0.0,0.0,0.0,0.0,0.0,14.0,0.0,0.0,0.0,1.0,0.0,-1.0,0.0,0.0,0.0,判定困難,0,判定困難,0,
2026/09/08 17:43,2026-09-08T17:58:32+09:00,2026-12,CALL,15500,0.0,0.0,0.0,0.0,0.0,0.0,0.0,0.0,0.0,0.0,0.0,0.0,0.0,0.0,0.0,0.0,0.0,0.0,0.0,0.0,0.0,0.0,判定困難,0,判定困難,0,
2026/09/08 17:43,2026-09-08T17:58:32+09:00,2026-12,PUT,15500,0.0,0.0,0.0,0.0,0.0,0.0,0.0,0.0,0.0,0.0,0.0,0.0,13.0,0.0,0.0,0.0,1.0,0.0,-1.0,0.0,0.0,0.0,判定困難,0,判定困難,0,
2026/09/08 17:43,2026-09-08T17:58:32+09:00,2026-12,CALL,15250,0.0,0.0,0.0,0.0,0.0,0.0,0.0,0.0,0.0,0.0,0.0,0.0,0.0,0.0,0.0,0.0,0.0,0.0,0.0,0.0,0.0,0.0,判定困難,0,判定困難,0,
2026/09/08 17:43,2026-09-08T17:58:32+09:00,2026-12,PUT,15250,0.0,0.0,0.0,0.0,0.0,0.0,0.0,0.0,0.0,0.0,0.0,0.0,13.0,0.0,0.0,0.0,1.0,0.0,-1.0,0.0,0.0,0.0,判定困難,0,判定困難,0,
2026/09/08 17:43,2026-09-08T17:58:32+09:00,2026-12,CALL,15000,0.0,0.0,0.0,0.0,0.0,0.0,0.0,0.0,0.0,0.0,0.0,0.0,0.0,0.0,0.0,0.0,0.0,0.0,0.0,0.0,0.0,0.0,判定困難,0,判定困難,0,
2026/09/08 17:43,2026-09-08T17:58:32+09:00,2026-12,PUT,15000,5.0,0.0,-5.0,0.0,0.0,0.0,0.0,0.0,0.0,0.0,0.0,0.0,13.0,0.0,2.0,2.0,1.0,0.0,-1.0,1.0,1.0,0.0,判定困難,0,判定困難,0,
2026/09/08 17:43,2026-09-08T17:58:32+09:00,2026-12,CALL,14750,0.0,0.0,0.0,0.0,0.0,0.0,0.0,0.0,0.0,0.0,0.0,0.0,0.0,0.0,0.0,0.0,0.0,0.0,0.0,0.0,0.0,0.0,判定困難,0,判定困難,0,
2026/09/08 17:43,2026-09-08T17:58:32+09:00,2026-12,PUT,14750,1.0,0.0,-1.0,0.0,0.0,0.0,0.0,0.0,0.0,0.0,0.0,0.0,13.0,0.0,0.0,0.0,1.0,0.0,-1.0,0.0,0.0,0.0,判定困難,0,判定困難,0,
2026/09/08 17:43,2026-09-08T17:58:32+09:00,2026-12,CALL,14500,0.0,0.0,0.0,0.0,0.0,0.0,0.0,0.0,0.0,0.0,0.0,0.0,0.0,0.0,0.0,0.0,0.0,0.0,0.0,0.0,0.0,0.0,判定困難,0,判定困難,0,
2026/09/08 17:43,2026-09-08T17:58:32+09:00,2026-12,PUT,14500,1.0,0.0,-1.0,0.0,0.0,0.0,0.0,0.0,0.0,0.0,0.0,0.0,13.0,0.0,0.0,0.0,1.0,0.0,-1.0,0.0,0.0,0.0,判定困難,0,判定困難,0,
2026/09/08 17:43,2026-09-08T17:58:32+09:00,2026-12,CALL,14250,0.0,0.0,0.0,0.0,0.0,0.0,0.0,0.0,0.0,0.0,0.0,0.0,0.0,0.0,0.0,0.0,0.0,0.0,0.0,0.0,0.0,0.0,判定困難,0,判定困難,0,
2026/09/08 17:43,2026-09-08T17:58:32+09:00,2026-12,PUT,14250,0.0,0.0,0.0,0.0,0.0,0.0,0.0,0.0,0.0,0.0,0.0,0.0,18.0,0.0,0.0,0.0,1.0,0.0,-1.0,0.0,0.0,0.0,判定困難,0,判定困難,0,
2026/09/08 17:43,2026-09-08T17:58:32+09:00,2026-12,CALL,14000,0.0,0.0,0.0,0.0,0.0,0.0,0.0,0.0,0.0,0.0,0.0,0.0,0.0,0.0,0.0,0.0,0.0,0.0,0.0,0.0,0.0,0.0,判定困難,0,判定困難,0,
2026/09/08 17:43,2026-09-08T17:58:32+09:00,2026-12,PUT,14000,11.0,0.0,-11.0,0.0,0.0,0.0,0.0,0.0,0.0,0.0,0.0,0.0,18.0,0.0,2.0,2.0,1.0,0.0,-1.0,1.0,1.0,0.0,判定困難,0,判定困難,0,
2026/09/08 17:43,2026-09-08T17:58:32+09:00,2026-12,CALL,13750,0.0,0.0,0.0,0.0,0.0,0.0,0.0,0.0,0.0,0.0,0.0,0.0,0.0,0.0,0.0,0.0,0.0,0.0,0.0,0.0,0.0,0.0,判定困難,0,判定困難,0,
2026/09/08 17:43,2026-09-08T17:58:32+09:00,2026-12,PUT,13750,0.0,0.0,0.0,0.0,0.0,0.0,0.0,0.0,0.0,0.0,0.0,0.0,18.0,0.0,0.0,0.0,1.0,0.0,-1.0,0.0,0.0,0.0,判定困難,0,判定困難,0,
2026/09/08 17:43,2026-09-08T17:58:32+09:00,2026-12,CALL,13500,0.0,0.0,0.0,0.0,0.0,0.0,0.0,0.0,0.0,0.0,0.0,0.0,0.0,0.0,0.0,0.0,0.0,0.0,0.0,0.0,0.0,0.0,判定困難,0,判定困難,0,
2026/09/08 17:43,2026-09-08T17:58:32+09:00,2026-12,PUT,13500,100.0,0.0,-100.0,0.0,0.0,0.0,0.0,0.0,0.0,0.0,0.0,0.0,18.0,0.0,1.0,1.0,1.0,0.0,-1.0,100.0,100.0,0.0,判定困難,0,判定困難,0,OI_DECREASE
2026/09/08 17:43,2026-09-08T17:58:32+09:00,2026-12,CALL,13250,0.0,0.0,0.0,0.0,0.0,0.0,0.0,0.0,0.0,0.0,0.0,0.0,0.0,0.0,0.0,0.0,0.0,0.0,0.0,0.0,0.0,0.0,判定困難,0,判定困難,0,
2026/09/08 17:43,2026-09-08T17:58:32+09:00,2026-12,PUT,13250,0.0,0.0,0.0,0.0,0.0,0.0,0.0,0.0,0.0,0.0,0.0,0.0,18.0,0.0,0.0,0.0,1.0,0.0,-1.0,0.0,0.0,0.0,判定困難,0,判定困難,0,
2026/09/08 17:43,2026-09-08T17:58:32+09:00,2026-12,CALL,13000,0.0,0.0,0.0,0.0,0.0,0.0,0.0,0.0,0.0,0.0,0.0,0.0,0.0,0.0,0.0,0.0,0.0,0.0,0.0,0.0,0.0,0.0,判定困難,0,判定困難,0,
2026/09/08 17:43,2026-09-08T17:58:32+09:00,2026-12,PUT,13000,5.0,0.0,-5.0,0.0,0.0,0.0,0.0,0.0,0.0,0.0,0.0,0.0,18.0,0.0,3.0,4.0,1.0,0.0,-1.0,4.0,1.0,-3.0,判定困難,0,判定困難,0,
2026/09/08 17:43,2026-09-08T17:58:32+09:00,2026-12,CALL,12750,0.0,0.0,0.0,0.0,0.0,0.0,0.0,0.0,0.0,0.0,0.0,0.0,0.0,0.0,0.0,0.0,0.0,0.0,0.0,0.0,0.0,0.0,判定困難,0,判定困難,0,
2026/09/08 17:43,2026-09-08T17:58:32+09:00,2026-12,PUT,12750,0.0,0.0,0.0,0.0,0.0,0.0,0.0,0.0,0.0,0.0,0.0,0.0,18.0,0.0,1.0,1.0,1.0,0.0,-1.0,1.0,1.0,0.0,判定困難,0,判定困難,0,
2026/09/08 17:43,2026-09-08T17:58:32+09:00,2026-12,CALL,12500,84.0,0.0,-84.0,0.0,0.0,0.0,0.0,0.0,0.0,0.0,0.0,0.0,0.0,0.0,0.0,0.0,0.0,0.0,0.0,0.0,0.0,0.0,判定困難,0,判定困難,0,
2026/09/08 17:43,2026-09-08T17:58:32+09:00,2026-12,PUT,12500,821.0,0.0,-821.0,4.0,3.0,-1.0,3.0,6.0,3.0,103.32,108.61,5.290000000000006,3.0,6.0,2.0,5.0,6.0,3.0,-3.0,356.0,3.0,-353.0,Ask側,0,判定困難,0,"OI_DECREASE,IV"
