qri_update_time,collected_at,trading_day,last_trading_day,contract,option_type,strike,settlement,open_interest,volume,ask_iv,bid_iv,ask_price,ask_quantity,bid_price,bid_quantity,iv,change,change_percent,last_price,trade_time
2026/10/02 15:01,2026-10-02T15:16:46+09:00,2026/10/02,2026/10/08,2026-10,CALL,80000,1,1876,1,36.92,,1,225,,,36.41,0,0,1,10/01 19:30
2026/10/02 15:01,2026-10-02T15:16:46+09:00,2026/10/02,2026/10/08,2026-10,PUT,80000,11150,,,,,,,,,,,,,
2026/10/02 15:01,2026-10-02T15:16:46+09:00,2026/10/02,2026/10/08,2026-10,CALL,79500,1,48,,35.58,,1,138,,,,,,,
2026/10/02 15:01,2026-10-02T15:16:46+09:00,2026/10/02,2026/10/08,2026-10,PUT,79500,10650,,,,,,,,,,,,,
2026/10/02 15:01,2026-10-02T15:16:46+09:00,2026/10/02,2026/10/08,2026-10,CALL,79000,1,170,20,34.24,,1,155,,,33.76,0,0,1,10/02 09:03
2026/10/02 15:01,2026-10-02T15:16:46+09:00,2026/10/02,2026/10/08,2026-10,PUT,79000,10150,1,,,,,,,,,,,,
2026/10/02 15:01,2026-10-02T15:16:46+09:00,2026/10/02,2026/10/08,2026-10,CALL,78500,1,454,1,32.88,,1,119,,,33.67,0,0,1,10/01 23:30
2026/10/02 15:01,2026-10-02T15:16:46+09:00,2026/10/02,2026/10/08,2026-10,PUT,78500,9650,,,,,,,,,,,,,
2026/10/02 15:01,2026-10-02T15:16:46+09:00,2026/10/02,2026/10/08,2026-10,CALL,78000,2,732,67,31.5,,1,117,,,31.47,-1,-50,1,10/02 02:56
2026/10/02 15:01,2026-10-02T15:16:46+09:00,2026/10/02,2026/10/08,2026-10,PUT,78000,9150,,,,,,,,,,,,,
2026/10/02 15:01,2026-10-02T15:16:46+09:00,2026/10/02,2026/10/08,2026-10,CALL,77500,1,151,3,30.12,,1,65,,,30.39,0,0,1,10/02 03:04
2026/10/02 15:01,2026-10-02T15:16:46+09:00,2026/10/02,2026/10/08,2026-10,PUT,77500,8650,,,,,,,,,,,,,
2026/10/02 15:01,2026-10-02T15:16:46+09:00,2026/10/02,2026/10/08,2026-10,CALL,77000,2,1264,18,28.71,,1,30,,,28.55,-1,-50,1,10/02 14:20
2026/10/02 15:01,2026-10-02T15:16:46+09:00,2026/10/02,2026/10/08,2026-10,PUT,77000,8150,,,,,,,,,,,,,
2026/10/02 15:01,2026-10-02T15:16:46+09:00,2026/10/02,2026/10/08,2026-10,CALL,76500,3,87,4,29.05,27.3,2,42,1,24,27.49,-1,-50,1,10/02 14:31
2026/10/02 15:01,2026-10-02T15:16:46+09:00,2026/10/02,2026/10/08,2026-10,PUT,76500,7655,,,,,,,,,,,,,
2026/10/02 15:01,2026-10-02T15:16:46+09:00,2026/10/02,2026/10/08,2026-10,CALL,76250,3,254,1,28.3,26.58,2,10,1,29,28.23,-1,-33.33,2,10/02 11:44
2026/10/02 15:01,2026-10-02T15:16:46+09:00,2026/10/02,2026/10/08,2026-10,PUT,76250,7405,,,,,,,,,,,,,
2026/10/02 15:01,2026-10-02T15:16:46+09:00,2026/10/02,2026/10/08,2026-10,CALL,76000,4,1075,78,27.54,25.86,2,29,1,139,27.53,-2,-50,2,10/02 13:34
2026/10/02 15:01,2026-10-02T15:16:46+09:00,2026/10/02,2026/10/08,2026-10,PUT,76000,7155,,,,,,,3,10,,,,,
2026/10/02 15:01,2026-10-02T15:16:46+09:00,2026/10/02,2026/10/08,2026-10,CALL,75750,4,132,,31.94,25.14,10,17,1,54,,,,,
2026/10/02 15:01,2026-10-02T15:16:46+09:00,2026/10/02,2026/10/08,2026-10,PUT,75750,6905,,,,,,,3,10,,,,,
2026/10/02 15:01,2026-10-02T15:16:46+09:00,2026/10/02,2026/10/08,2026-10,CALL,75500,7,198,4,27.08,26.01,3,16,2,22,27.32,-4,-57.14,3,10/02 14:32
2026/10/02 15:01,2026-10-02T15:16:46+09:00,2026/10/02,2026/10/08,2026-10,PUT,75500,6655,,,,,,,3,10,,,,,
2026/10/02 15:01,2026-10-02T15:16:46+09:00,2026/10/02,2026/10/08,2026-10,CALL,75250,8,176,2,26.29,25.24,3,10,2,25,27.27,-3,-37.5,5,10/01 20:16
2026/10/02 15:01,2026-10-02T15:16:46+09:00,2026/10/02,2026/10/08,2026-10,PUT,75250,6410,,,,,,,3,10,,,,,
2026/10/02 15:01,2026-10-02T15:16:46+09:00,2026/10/02,2026/10/08,2026-10,CALL,75000,9,2615,364,26.28,25.48,4,122,3,113,25.91,-5,-55.56,4,10/02 14:02
2026/10/02 15:01,2026-10-02T15:16:46+09:00,2026/10/02,2026/10/08,2026-10,PUT,75000,6160,,,,,,,3,10,,,,,
2026/10/02 15:01,2026-10-02T15:16:46+09:00,2026/10/02,2026/10/08,2026-10,CALL,74750,12,132,4,26.09,25.45,5,15,4,15,25.79,-7,-58.33,5,10/02 12:30
2026/10/02 15:01,2026-10-02T15:16:46+09:00,2026/10/02,2026/10/08,2026-10,PUT,74750,5910,,,,,,,3,10,,,,,
2026/10/02 15:01,2026-10-02T15:16:46+09:00,2026/10/02,2026/10/08,2026-10,CALL,74500,14,576,99,25.78,25.24,6,91,5,23,24.88,-9,-64.29,5,10/02 14:01
2026/10/02 15:01,2026-10-02T15:16:46+09:00,2026/10/02,2026/10/08,2026-10,PUT,74500,5665,,,,,,,3,10,,,,,
2026/10/02 15:01,2026-10-02T15:16:46+09:00,2026/10/02,2026/10/08,2026-10,CALL,74250,21,245,4,25.8,24.91,8,31,6,20,25.49,-8,-38.1,13,10/02 09:24
2026/10/02 15:01,2026-10-02T15:16:46+09:00,2026/10/02,2026/10/08,2026-10,PUT,74250,5420,,,,,,,3,10,,,,,
2026/10/02 15:01,2026-10-02T15:16:46+09:00,2026/10/02,2026/10/08,2026-10,CALL,74000,25,1233,284,25.27,24.89,9,52,8,16,25.49,-16,-64,9,10/02 14:46
2026/10/02 15:01,2026-10-02T15:16:46+09:00,2026/10/02,2026/10/08,2026-10,PUT,74000,5175,,,,,,,3,10,,,,,
2026/10/02 15:01,2026-10-02T15:16:46+09:00,2026/10/02,2026/10/08,2026-10,CALL,73750,36,237,19,25.58,24.35,13,34,9,31,24.93,-26,-72.22,10,10/02 14:30
2026/10/02 15:01,2026-10-02T15:16:46+09:00,2026/10/02,2026/10/08,2026-10,PUT,73750,4930,,,53.79,,5890,4,5105,4,,,,,
2026/10/02 15:01,2026-10-02T15:16:46+09:00,2026/10/02,2026/10/08,2026-10,CALL,73500,40,303,115,25.13,24.62,15,8,13,11,24.77,-26,-65,14,10/02 15:00
2026/10/02 15:01,2026-10-02T15:16:46+09:00,2026/10/02,2026/10/08,2026-10,PUT,73500,4690,,,40.22,,5400,4,4940,4,,,,,
2026/10/02 15:01,2026-10-02T15:16:46+09:00,2026/10/02,2026/10/08,2026-10,CALL,73250,54,98,41,25.21,24.14,20,9,15,25,24.59,-35,-64.81,19,10/02 13:16
2026/10/02 15:01,2026-10-02T15:16:46+09:00,2026/10/02,2026/10/08,2026-10,PUT,73250,4450,,,51.5,,5410,4,4700,11,,,,,
2026/10/02 15:01,2026-10-02T15:16:46+09:00,2026/10/02,2026/10/08,2026-10,CALL,73000,60,2147,639,24.9,24.55,24,3,22,57,24.61,-37,-61.67,23,10/02 15:00
2026/10/02 15:01,2026-10-02T15:16:46+09:00,2026/10/02,2026/10/08,2026-10,PUT,73000,4215,,,47.15,,5095,11,4465,26,,,,,
2026/10/02 15:01,2026-10-02T15:16:46+09:00,2026/10/02,2026/10/08,2026-10,CALL,72750,82,42,24,24.75,24.46,30,3,28,24,24.51,-51,-62.2,31,10/02 14:19
2026/10/02 15:01,2026-10-02T15:16:46+09:00,2026/10/02,2026/10/08,2026-10,PUT,72750,3975,,,40.81,,4740,5,4225,11,,,,,
2026/10/02 15:01,2026-10-02T15:16:46+09:00,2026/10/02,2026/10/08,2026-10,CALL,72500,94,467,120,24.68,24.44,38,3,36,2,24.44,-57,-60.64,37,10/02 15:00
2026/10/02 15:01,2026-10-02T15:16:46+09:00,2026/10/02,2026/10/08,2026-10,PUT,72500,3745,1,,43.33,,4580,6,3995,16,,,,,
2026/10/02 15:01,2026-10-02T15:16:46+09:00,2026/10/02,2026/10/08,2026-10,CALL,72250,118,108,43,24.73,24.42,49,3,46,7,24.36,-91,-66.91,45,10/02 14:58
2026/10/02 15:01,2026-10-02T15:16:46+09:00,2026/10/02,2026/10/08,2026-10,PUT,72250,3515,,,44.74,,4405,5,3765,11,,,,,
2026/10/02 15:01,2026-10-02T15:16:46+09:00,2026/10/02,2026/10/08,2026-10,CALL,72125,128,3,3,24.98,24.03,58,21,48,21,24.36,-62,-53.91,53,10/02 13:57
2026/10/02 15:01,2026-10-02T15:16:46+09:00,2026/10/02,2026/10/08,2026-10,PUT,72125,3405,,,41.51,,4220,6,3655,6,,,,,
2026/10/02 15:01,2026-10-02T15:16:46+09:00,2026/10/02,2026/10/08,2026-10,CALL,72000,138,3642,848,24.54,24.37,60,1,58,6,24.45,-79,-57.25,59,10/02 14:59
2026/10/02 15:01,2026-10-02T15:16:46+09:00,2026/10/02,2026/10/08,2026-10,PUT,72000,3290,1,,39.45,,4065,11,3540,26,,,,,
2026/10/02 15:01,2026-10-02T15:16:46+09:00,2026/10/02,2026/10/08,2026-10,CALL,71875,155,3,1,24.91,24,72,16,61,19,26.16,-61,-42.36,83,10/01 19:08
2026/10/02 15:01,2026-10-02T15:16:46+09:00,2026/10/02,2026/10/08,2026-10,PUT,71875,3180,,,40.83,,3995,5,3430,6,,,,,
2026/10/02 15:01,2026-10-02T15:16:46+09:00,2026/10/02,2026/10/08,2026-10,CALL,71750,173,28,37,24.71,24.34,78,3,73,1,24.32,-111,-59.68,75,10/02 14:12
2026/10/02 15:01,2026-10-02T15:16:46+09:00,2026/10/02,2026/10/08,2026-10,PUT,71750,3065,,,43.9,,3975,4,3315,11,,,,,
2026/10/02 15:01,2026-10-02T15:16:46+09:00,2026/10/02,2026/10/08,2026-10,CALL,71625,186,5,9,24.83,24.05,89,14,78,14,24.64,-38,-31.4,83,10/02 10:21
2026/10/02 15:01,2026-10-02T15:16:46+09:00,2026/10/02,2026/10/08,2026-10,PUT,71625,2960,,,34.25,,3625,1,3210,6,,,,,
2026/10/02 15:01,2026-10-02T15:16:46+09:00,2026/10/02,2026/10/08,2026-10,CALL,71500,207,815,190,24.55,24.29,95,3,91,1,24.45,-114,-55.07,93,10/02 14:24
2026/10/02 15:01,2026-10-02T15:16:46+09:00,2026/10/02,2026/10/08,2026-10,PUT,71500,2850,,,35.3,,3545,4,3100,16,,,,,
2026/10/02 15:01,2026-10-02T15:16:46+09:00,2026/10/02,2026/10/08,2026-10,CALL,71375,223,,,24.91,23.99,112,1,97,5,,,,,
2026/10/02 15:01,2026-10-02T15:16:46+09:00,2026/10/02,2026/10/08,2026-10,PUT,71375,2745,,,41.52,,3610,1,2995,6,,,,,
2026/10/02 15:01,2026-10-02T15:16:46+09:00,2026/10/02,2026/10/08,2026-10,CALL,71250,259,154,22,24.66,24.25,120,3,113,4,24.23,-149,-57.53,110,10/02 14:41
2026/10/02 15:01,2026-10-02T15:16:46+09:00,2026/10/02,2026/10/08,2026-10,PUT,71250,2640,,,32.19,,3260,5,2890,11,,,,,
2026/10/02 15:01,2026-10-02T15:16:46+09:00,2026/10/02,2026/10/08,2026-10,CALL,71125,265,2,3,24.8,23.98,136,14,121,19,24.34,,,137,10/02 12:30
2026/10/02 15:01,2026-10-02T15:16:46+09:00,2026/10/02,2026/10/08,2026-10,PUT,71125,2535,,,39.14,,3345,5,2785,6,,,,,
2026/10/02 15:01,2026-10-02T15:16:46+09:00,2026/10/02,2026/10/08,2026-10,CALL,71000,283,1890,501,24.56,24.25,146,3,140,10,24.16,-146,-51.59,137,10/02 14:58
2026/10/02 15:01,2026-10-02T15:16:46+09:00,2026/10/02,2026/10/08,2026-10,PUT,71000,2435,,,40.72,,3295,23,2685,26,,,,,
2026/10/02 15:01,2026-10-02T15:16:46+09:00,2026/10/02,2026/10/08,2026-10,CALL,70875,315,2,5,24.66,24.08,164,3,152,3,24.23,,,151,10/02 14:33
2026/10/02 15:01,2026-10-02T15:16:46+09:00,2026/10/02,2026/10/08,2026-10,PUT,70875,2335,,,38.26,,3125,1,2585,6,,,,,
2026/10/02 15:01,2026-10-02T15:16:46+09:00,2026/10/02,2026/10/08,2026-10,CALL,70750,345,291,29,24.56,24.24,179,3,172,2,24.41,-165,-48.53,175,10/02 14:24
2026/10/02 15:01,2026-10-02T15:16:46+09:00,2026/10/02,2026/10/08,2026-10,PUT,70750,2235,,,35.27,11.56,2940,5,2485,11,,,,,
2026/10/02 15:01,2026-10-02T15:16:46+09:00,2026/10/02,2026/10/08,2026-10,CALL,70625,370,25,2,24.66,24.14,200,3,188,2,25.42,167,141.53,285,10/01 19:46
2026/10/02 15:01,2026-10-02T15:16:46+09:00,2026/10/02,2026/10/08,2026-10,PUT,70625,2140,,,31.55,15.38,2735,1,2390,6,,,,,
2026/10/02 15:01,2026-10-02T15:16:46+09:00,2026/10/02,2026/10/08,2026-10,CALL,70500,410,381,120,24.44,24.2,215,2,209,5,24.29,-239,-53.71,206,10/02 14:33
2026/10/02 15:01,2026-10-02T15:16:46+09:00,2026/10/02,2026/10/08,2026-10,PUT,70500,2045,,,30.09,17.03,2595,6,2295,16,,,,,
2026/10/02 15:01,2026-10-02T15:16:46+09:00,2026/10/02,2026/10/08,2026-10,CALL,70375,435,128,1,24.73,24.02,244,3,226,3,25.66,92,59.74,246,10/01 17:13
2026/10/02 15:01,2026-10-02T15:16:46+09:00,2026/10/02,2026/10/08,2026-10,PUT,70375,1950,,,31.68,14.93,2545,1,2150,6,,,,,
2026/10/02 15:01,2026-10-02T15:16:46+09:00,2026/10/02,2026/10/08,2026-10,CALL,70250,455,41,20,24.55,24.22,263,2,254,3,24.32,-190,-41.76,265,10/02 12:28
2026/10/02 15:01,2026-10-02T15:16:46+09:00,2026/10/02,2026/10/08,2026-10,PUT,70250,1860,,,31.02,16.51,2430,4,2060,11,,,,,
2026/10/02 15:01,2026-10-02T15:16:46+09:00,2026/10/02,2026/10/08,2026-10,CALL,70125,505,7,2,24.65,24.04,291,2,274,1,26.28,194,101.57,385,10/01 21:23
2026/10/02 15:01,2026-10-02T15:16:46+09:00,2026/10/02,2026/10/08,2026-10,PUT,70125,1770,,,29.03,17.57,2275,1,1970,6,,,,,
2026/10/02 15:01,2026-10-02T15:16:46+09:00,2026/10/02,2026/10/08,2026-10,CALL,70000,550,2613,872,24.53,24.19,315,4,305,4,24.36,-240,-43.64,310,10/02 14:59
2026/10/02 15:01,2026-10-02T15:16:46+09:00,2026/10/02,2026/10/08,2026-10,PUT,70000,1680,112,,34.68,18.33,2365,8,1880,26,,,,,
2026/10/02 15:01,2026-10-02T15:16:46+09:00,2026/10/02,2026/10/08,2026-10,CALL,69875,595,117,,24.89,24.06,355,1,330,1,,,,,
2026/10/02 15:01,2026-10-02T15:16:46+09:00,2026/10/02,2026/10/08,2026-10,PUT,69875,1600,,,29.5,19.27,2105,5,1800,6,,,,,
2026/10/02 15:01,2026-10-02T15:16:46+09:00,2026/10/02,2026/10/08,2026-10,CALL,69750,645,99,44,24.52,24.2,375,4,365,4,24.49,-170,-30.63,385,10/02 10:55
2026/10/02 15:01,2026-10-02T15:16:46+09:00,2026/10/02,2026/10/08,2026-10,PUT,69750,1525,,,29.78,20.17,2025,5,1725,11,,,,,
2026/10/02 15:01,2026-10-02T15:16:46+09:00,2026/10/02,2026/10/08,2026-10,CALL,69625,685,99,7,24.73,23.79,415,2,385,2,26.2,,,360,10/02 01:06
2026/10/02 15:01,2026-10-02T15:16:46+09:00,2026/10/02,2026/10/08,2026-10,PUT,69625,1435,,,28.81,20.4,1905,5,1635,6,,,,,
2026/10/02 15:01,2026-10-02T15:16:46+09:00,2026/10/02,2026/10/08,2026-10,CALL,69500,760,510,78,24.7,24.25,450,6,435,4,24.4,-320,-42.11,440,10/02 14:59
2026/10/02 15:01,2026-10-02T15:16:46+09:00,2026/10/02,2026/10/08,2026-10,PUT,69500,1365,1,,30.28,21.32,1870,4,1570,4,,,,,
2026/10/02 15:01,2026-10-02T15:16:46+09:00,2026/10/02,2026/10/08,2026-10,CALL,69375,790,3,2,24.91,23.88,495,1,460,1,26.62,310,88.57,660,10/01 20:51
2026/10/02 15:01,2026-10-02T15:16:46+09:00,2026/10/02,2026/10/08,2026-10,PUT,69375,1285,,,27.23,21.48,1680,1,1485,6,,,,,
2026/10/02 15:01,2026-10-02T15:16:46+09:00,2026/10/02,2026/10/08,2026-10,CALL,69250,840,33,4,24.75,24.32,530,4,515,4,24.46,-180,-25.71,520,10/02 14:15
2026/10/02 15:01,2026-10-02T15:16:46+09:00,2026/10/02,2026/10/08,2026-10,PUT,69250,1230,1,,27.88,22.58,1620,4,1435,4,,,,,
2026/10/02 15:01,2026-10-02T15:16:46+09:00,2026/10/02,2026/10/08,2026-10,CALL,69125,890,7,,24.95,23.83,580,1,540,1,,,,,
2026/10/02 15:01,2026-10-02T15:16:46+09:00,2026/10/02,2026/10/08,2026-10,PUT,69125,1150,,,27.61,22.55,1530,5,1350,6,,,,,
2026/10/02 15:01,2026-10-02T15:16:46+09:00,2026/10/02,2026/10/08,2026-10,CALL,69000,940,2777,226,24.81,24.39,620,3,605,35,24.81,-320,-34.04,620,10/02 14:59
2026/10/02 15:01,2026-10-02T15:16:46+09:00,2026/10/02,2026/10/08,2026-10,PUT,69000,1060,242,43,25.22,23.14,1365,18,1290,18,23.22,250,24.63,1265,10/02 14:13
2026/10/02 15:01,2026-10-02T15:16:46+09:00,2026/10/02,2026/10/08,2026-10,CALL,68875,1010,159,4,25.14,24.05,680,2,640,2,24.23,-140,-16.87,690,10/02 13:25
2026/10/02 15:01,2026-10-02T15:16:46+09:00,2026/10/02,2026/10/08,2026-10,PUT,68875,1015,,,26.77,23.23,1345,1,1215,6,,,,,
2026/10/02 15:01,2026-10-02T15:16:46+09:00,2026/10/02,2026/10/08,2026-10,CALL,68750,1065,367,65,24.99,24.59,725,2,710,2,24.65,-430,-38.57,685,10/02 14:32
2026/10/02 15:01,2026-10-02T15:16:46+09:00,2026/10/02,2026/10/08,2026-10,PUT,68750,935,4,2,25.8,22.56,1235,18,1115,18,24.83,135,14.75,1050,10/02 09:31
2026/10/02 15:01,2026-10-02T15:16:46+09:00,2026/10/02,2026/10/08,2026-10,CALL,68625,1145,1,,25.72,23.85,805,1,735,1,,,,,
2026/10/02 15:01,2026-10-02T15:16:46+09:00,2026/10/02,2026/10/08,2026-10,PUT,68625,900,62,,26.92,22.77,1205,13,1050,14,,,,,
2026/10/02 15:01,2026-10-02T15:16:46+09:00,2026/10/02,2026/10/08,2026-10,CALL,68500,1290,1442,108,25.17,24.77,840,2,825,1,24.74,-480,-37.21,810,10/02 14:28
2026/10/02 15:01,2026-10-02T15:16:46+09:00,2026/10/02,2026/10/08,2026-10,PUT,68500,815,122,45,26.63,24.24,1125,25,1035,1,24.65,230,28.22,1045,10/02 13:56
2026/10/02 15:01,2026-10-02T15:16:46+09:00,2026/10/02,2026/10/08,2026-10,CALL,68375,1390,14,4,26.15,24.42,935,8,870,2,26.78,-330,-23.74,1060,10/01 21:13
2026/10/02 15:01,2026-10-02T15:16:46+09:00,2026/10/02,2026/10/08,2026-10,PUT,68375,795,61,,26.55,22.96,1055,13,920,14,,,,,
2026/10/02 15:01,2026-10-02T15:16:46+09:00,2026/10/02,2026/10/08,2026-10,CALL,68250,1355,102,22,25.47,24.93,970,1,950,1,25.01,-490,-34.63,925,10/02 14:38
2026/10/02 15:01,2026-10-02T15:16:46+09:00,2026/10/02,2026/10/08,2026-10,PUT,68250,725,1,1,25.07,24.54,935,2,915,2,26.55,490,71.01,1180,10/02 02:03
2026/10/02 15:01,2026-10-02T15:16:46+09:00,2026/10/02,2026/10/08,2026-10,CALL,68125,1440,70,4,26.97,23.25,1090,7,950,8,26.84,-520,-40,780,10/02 00:35
2026/10/02 15:01,2026-10-02T15:16:46+09:00,2026/10/02,2026/10/08,2026-10,PUT,68125,700,,1,25.64,24.58,895,8,855,2,25.18,,,770,10/02 09:32
2026/10/02 15:01,2026-10-02T15:16:46+09:00,2026/10/02,2026/10/08,2026-10,CALL,68000,1520,2237,66,26.55,24.15,1140,26,1050,18,25.1,-470,-30.92,1050,10/02 14:32
2026/10/02 15:01,2026-10-02T15:16:46+09:00,2026/10/02,2026/10/08,2026-10,PUT,68000,620,815,230,25.22,24.82,820,2,805,23,25.22,200,32.26,820,10/02 14:59
2026/10/02 15:01,2026-10-02T15:16:46+09:00,2026/10/02,2026/10/08,2026-10,CALL,67875,1590,21,2,27.14,23.64,1230,13,1100,13,25.6,,,1190,10/02 13:22
2026/10/02 15:01,2026-10-02T15:16:46+09:00,2026/10/02,2026/10/08,2026-10,PUT,67875,610,,,25.8,24.45,785,1,735,2,,,,,
2026/10/02 15:01,2026-10-02T15:16:46+09:00,2026/10/02,2026/10/08,2026-10,CALL,67750,1670,1055,9,26.31,22.35,1270,7,1125,11,25.83,360,38.3,1300,10/02 10:57
2026/10/02 15:01,2026-10-02T15:16:46+09:00,2026/10/02,2026/10/08,2026-10,PUT,67750,555,122,7,25.36,25.09,715,1,705,1,25.45,85,13.82,700,10/02 14:13
2026/10/02 15:01,2026-10-02T15:16:46+09:00,2026/10/02,2026/10/08,2026-10,CALL,67625,1760,94,,32.25,19.67,1560,6,1105,5,,,,,
2026/10/02 15:01,2026-10-02T15:16:46+09:00,2026/10/02,2026/10/08,2026-10,PUT,67625,535,6,1,26.09,24.98,690,2,650,2,25.26,,,660,10/02 14:14
2026/10/02 15:01,2026-10-02T15:16:46+09:00,2026/10/02,2026/10/08,2026-10,CALL,67500,1900,1102,13,28.71,22.68,1505,23,1290,23,25.82,-470,-24.74,1430,10/02 12:27
2026/10/02 15:01,2026-10-02T15:16:46+09:00,2026/10/02,2026/10/08,2026-10,PUT,67500,480,253,67,25.5,25.22,620,1,610,26,25.76,155,33.33,620,10/02 15:00
2026/10/02 15:01,2026-10-02T15:16:46+09:00,2026/10/02,2026/10/08,2026-10,CALL,67375,1940,83,1,33.15,21.77,1740,6,1340,6,27.81,475,44.6,1540,10/01 18:55
2026/10/02 15:01,2026-10-02T15:16:46+09:00,2026/10/02,2026/10/08,2026-10,PUT,67375,465,,,25.97,25.25,590,1,565,2,,,,,
2026/10/02 15:01,2026-10-02T15:16:46+09:00,2026/10/02,2026/10/08,2026-10,CALL,67250,2030,54,2,26.97,21.64,1600,7,1420,11,27.14,-260,-15.48,1420,10/01 23:47
2026/10/02 15:01,2026-10-02T15:16:46+09:00,2026/10/02,2026/10/08,2026-10,PUT,67250,415,6,1,25.95,25.51,545,4,530,4,26.39,290,72.5,690,10/02 02:06
2026/10/02 15:01,2026-10-02T15:16:46+09:00,2026/10/02,2026/10/08,2026-10,CALL,67125,2150,54,,33.29,17.67,1900,6,1385,5,,,,,
2026/10/02 15:01,2026-10-02T15:16:46+09:00,2026/10/02,2026/10/08,2026-10,PUT,67125,395,,,26.3,25.55,515,1,490,2,,,,,
2026/10/02 15:01,2026-10-02T15:16:46+09:00,2026/10/02,2026/10/08,2026-10,CALL,67000,2300,1518,16,32.26,20.25,1945,26,1555,26,26.12,-550,-23.91,1750,10/02 12:47
2026/10/02 15:01,2026-10-02T15:16:46+09:00,2026/10/02,2026/10/08,2026-10,PUT,67000,360,1156,265,26.14,25.84,470,1,460,31,26.21,105,29.17,465,10/02 15:00
2026/10/02 15:01,2026-10-02T15:16:46+09:00,2026/10/02,2026/10/08,2026-10,CALL,66875,2325,35,,33.67,16.14,2075,6,1540,5,,,,,
2026/10/02 15:01,2026-10-02T15:16:46+09:00,2026/10/02,2026/10/08,2026-10,PUT,66875,320,5,,26.69,25.9,450,1,425,1,,,,,
2026/10/02 15:01,2026-10-02T15:16:46+09:00,2026/10/02,2026/10/08,2026-10,CALL,66750,2420,148,2,33.7,20.39,2160,4,1750,11,28.26,,,1550,10/02 00:34
2026/10/02 15:01,2026-10-02T15:16:46+09:00,2026/10/02,2026/10/08,2026-10,PUT,66750,305,16,6,26.55,26.06,410,4,395,6,26.74,20,6.56,325,10/02 09:22
2026/10/02 15:01,2026-10-02T15:16:46+09:00,2026/10/02,2026/10/08,2026-10,CALL,66625,2525,66,,34.61,17.53,2275,6,1780,1,,,,,
2026/10/02 15:01,2026-10-02T15:16:46+09:00,2026/10/02,2026/10/08,2026-10,PUT,66625,298,,,26.83,26.33,385,2,370,2,,,,,
2026/10/02 15:01,2026-10-02T15:16:46+09:00,2026/10/02,2026/10/08,2026-10,CALL,66500,2700,282,,37.34,10.67,2450,16,1785,6,,,,,
2026/10/02 15:01,2026-10-02T15:16:46+09:00,2026/10/02,2026/10/08,2026-10,PUT,66500,256,258,180,26.89,26.37,355,4,340,35,26.87,109,42.58,365,10/02 14:54
2026/10/02 15:01,2026-10-02T15:16:46+09:00,2026/10/02,2026/10/08,2026-10,CALL,66375,2735,95,,35.72,,2485,6,1885,1,,,,,
2026/10/02 15:01,2026-10-02T15:16:46+09:00,2026/10/02,2026/10/08,2026-10,PUT,66375,255,2,1,27.24,26.71,335,2,320,2,28.14,26,9.89,289,10/01 19:47
2026/10/02 15:01,2026-10-02T15:16:46+09:00,2026/10/02,2026/10/08,2026-10,CALL,66250,2840,85,,36.23,,2590,11,1975,4,,,,,
2026/10/02 15:01,2026-10-02T15:16:46+09:00,2026/10/02,2026/10/08,2026-10,PUT,66250,227,145,13,27.18,26.92,305,4,298,1,27.54,98,45.16,315,10/02 13:38
2026/10/02 15:01,2026-10-02T15:16:46+09:00,2026/10/02,2026/10/08,2026-10,CALL,66125,2950,35,,36.88,,2700,6,2070,5,,,,,
2026/10/02 15:01,2026-10-02T15:16:46+09:00,2026/10/02,2026/10/08,2026-10,PUT,66125,222,86,,27.61,26.84,290,18,270,18,,,,,
2026/10/02 15:01,2026-10-02T15:16:46+09:00,2026/10/02,2026/10/08,2026-10,CALL,66000,3100,3171,10,35.3,17.49,2745,26,2330,26,25.44,-605,-19.52,2495,10/02 09:07
2026/10/02 15:01,2026-10-02T15:16:46+09:00,2026/10/02,2026/10/08,2026-10,PUT,66000,195,1213,428,27.57,27.21,264,3,255,4,27.59,65,33.33,260,10/02 15:00
2026/10/02 15:01,2026-10-02T15:16:46+09:00,2026/10/02,2026/10/08,2026-10,CALL,65875,3170,84,,38.09,,2920,6,2265,5,,,,,
2026/10/02 15:01,2026-10-02T15:16:46+09:00,2026/10/02,2026/10/08,2026-10,PUT,65875,192,19,,28,27.29,251,1,234,3,,,,,
2026/10/02 15:01,2026-10-02T15:16:46+09:00,2026/10/02,2026/10/08,2026-10,CALL,65750,3275,134,,38.49,,3025,11,2365,4,,,,,
2026/10/02 15:01,2026-10-02T15:16:46+09:00,2026/10/02,2026/10/08,2026-10,PUT,65750,160,160,,28.01,27.61,229,3,220,3,,,,,
2026/10/02 15:01,2026-10-02T15:16:46+09:00,2026/10/02,2026/10/08,2026-10,CALL,65625,3390,31,,39.21,,3140,6,2640,1,,,,,
2026/10/02 15:01,2026-10-02T15:16:46+09:00,2026/10/02,2026/10/08,2026-10,PUT,65625,165,5,,28.21,27.71,213,2,202,3,,,,,
2026/10/02 15:01,2026-10-02T15:16:46+09:00,2026/10/02,2026/10/08,2026-10,CALL,65500,3505,243,2,38.1,,3205,16,2765,16,28.78,-450,-13.01,3010,10/02 12:19
2026/10/02 15:01,2026-10-02T15:16:46+09:00,2026/10/02,2026/10/08,2026-10,PUT,65500,136,283,308,28.37,28.04,197,3,190,3,28.41,57,41.91,193,10/02 14:21
2026/10/02 15:01,2026-10-02T15:16:46+09:00,2026/10/02,2026/10/08,2026-10,CALL,65375,3615,7,,40.42,,3365,6,2835,1,,,,,
2026/10/02 15:01,2026-10-02T15:16:46+09:00,2026/10/02,2026/10/08,2026-10,PUT,65375,137,247,3,28.82,28.08,188,14,173,19,28.56,-46,-19.49,190,10/02 14:37
2026/10/02 15:01,2026-10-02T15:16:46+09:00,2026/10/02,2026/10/08,2026-10,CALL,65250,3735,45,,41.28,,3485,11,2960,5,,,,,
2026/10/02 15:01,2026-10-02T15:16:46+09:00,2026/10/02,2026/10/08,2026-10,PUT,65250,118,140,7,28.73,28.47,169,1,164,3,29.56,140,118.64,258,10/02 00:30
2026/10/02 15:01,2026-10-02T15:16:46+09:00,2026/10/02,2026/10/08,2026-10,CALL,65125,3850,4,,41.93,,3600,5,2895,5,,,,,
2026/10/02 15:01,2026-10-02T15:16:46+09:00,2026/10/02,2026/10/08,2026-10,PUT,65125,123,4,56,29.32,28.5,164,19,149,14,29.55,,,159,10/02 13:59
2026/10/02 15:01,2026-10-02T15:16:46+09:00,2026/10/02,2026/10/08,2026-10,CALL,65000,3965,1341,,42.57,,3715,26,2970,26,,,,,
2026/10/02 15:01,2026-10-02T15:16:46+09:00,2026/10/02,2026/10/08,2026-10,PUT,65000,107,2372,582,29.16,28.99,146,2,143,1,29.26,38,35.51,145,10/02 15:00
2026/10/02 15:01,2026-10-02T15:16:46+09:00,2026/10/02,2026/10/08,2026-10,CALL,64875,4085,7,,43.38,,3835,6,3250,5,,,,,
2026/10/02 15:01,2026-10-02T15:16:46+09:00,2026/10/02,2026/10/08,2026-10,PUT,64875,107,11,1,29.69,28.91,141,14,128,14,29.33,24,23.3,127,10/02 12:30
2026/10/02 15:01,2026-10-02T15:16:46+09:00,2026/10/02,2026/10/08,2026-10,CALL,64750,4200,755,,43.99,,3950,11,3475,5,,,,,
2026/10/02 15:01,2026-10-02T15:16:46+09:00,2026/10/02,2026/10/08,2026-10,PUT,64750,91,35,6,29.65,29.4,127,2,123,1,29.91,115,135.29,200,10/02 00:33
2026/10/02 15:01,2026-10-02T15:16:46+09:00,2026/10/02,2026/10/08,2026-10,CALL,64625,4320,687,,44.79,,4070,6,3570,1,,,,,
2026/10/02 15:01,2026-10-02T15:16:46+09:00,2026/10/02,2026/10/08,2026-10,PUT,64625,94,3,1,30.26,29.4,124,19,111,14,29.28,-22,-17.6,103,10/01 17:00
2026/10/02 15:01,2026-10-02T15:16:46+09:00,2026/10/02,2026/10/08,2026-10,CALL,64500,4440,211,,45.57,,4190,14,3675,6,,,,,
2026/10/02 15:01,2026-10-02T15:16:46+09:00,2026/10/02,2026/10/08,2026-10,PUT,64500,77,1015,105,30.04,29.83,109,1,106,1,30.12,34,44.16,111,10/02 14:58
2026/10/02 15:01,2026-10-02T15:16:46+09:00,2026/10/02,2026/10/08,2026-10,CALL,64375,4560,61,,46.35,,4310,6,3850,1,,,,,
2026/10/02 15:01,2026-10-02T15:16:46+09:00,2026/10/02,2026/10/08,2026-10,PUT,64375,81,2,5,30.88,29.79,110,14,95,17,30.36,-3,-2.91,100,10/02 12:46
2026/10/02 15:01,2026-10-02T15:16:46+09:00,2026/10/02,2026/10/08,2026-10,CALL,64250,4675,6,,46.9,,4425,11,3960,5,,,,,
2026/10/02 15:01,2026-10-02T15:16:46+09:00,2026/10/02,2026/10/08,2026-10,PUT,64250,67,286,112,30.55,30.32,95,3,92,5,30.53,26,38.81,93,10/02 15:00
2026/10/02 15:01,2026-10-02T15:16:46+09:00,2026/10/02,2026/10/08,2026-10,CALL,64125,4800,1,,47.87,,4550,6,3855,6,,,,,
2026/10/02 15:01,2026-10-02T15:16:46+09:00,2026/10/02,2026/10/08,2026-10,PUT,64125,72,1058,10,30.83,30.33,89,6,83,14,30.96,20,29.41,88,10/02 10:52
2026/10/02 15:01,2026-10-02T15:16:46+09:00,2026/10/02,2026/10/08,2026-10,CALL,64000,4920,726,1,41.84,,4525,26,4145,26,31.4,-650,-13.09,4315,10/02 14:36
2026/10/02 15:01,2026-10-02T15:16:46+09:00,2026/10/02,2026/10/08,2026-10,PUT,64000,61,2049,605,30.98,30.81,82,6,80,10,31.03,20,32.79,81,10/02 15:00
2026/10/02 15:01,2026-10-02T15:16:46+09:00,2026/10/02,2026/10/08,2026-10,CALL,63875,5040,50,,49.36,,4790,6,4200,5,,,,,
2026/10/02 15:01,2026-10-02T15:16:46+09:00,2026/10/02,2026/10/08,2026-10,PUT,63875,63,484,20,31.45,30.82,79,7,72,16,31.27,4,5.71,74,10/02 14:20
2026/10/02 15:01,2026-10-02T15:16:46+09:00,2026/10/02,2026/10/08,2026-10,CALL,63750,5160,4,,50.09,,4910,11,4400,5,,,,,
2026/10/02 15:01,2026-10-02T15:16:46+09:00,2026/10/02,2026/10/08,2026-10,PUT,63750,53,132,17,31.63,31.35,73,3,70,1,31.44,20,40.82,69,10/02 14:21
2026/10/02 15:01,2026-10-02T15:16:46+09:00,2026/10/02,2026/10/08,2026-10,CALL,63625,5285,1,,51.05,,5035,5,4515,1,,,,,
2026/10/02 15:01,2026-10-02T15:16:46+09:00,2026/10/02,2026/10/08,2026-10,PUT,63625,57,,5,32.25,31.36,72,21,63,16,32.05,,,93,10/01 23:52
2026/10/02 15:01,2026-10-02T15:16:46+09:00,2026/10/02,2026/10/08,2026-10,CALL,63500,5405,11,,51.77,,5155,16,4610,6,,,,,
2026/10/02 15:01,2026-10-02T15:16:46+09:00,2026/10/02,2026/10/08,2026-10,PUT,63500,44,284,131,32.17,31.75,64,3,60,3,32.09,21,47.73,65,10/02 14:56
2026/10/02 15:01,2026-10-02T15:16:46+09:00,2026/10/02,2026/10/08,2026-10,CALL,63375,5525,,,52.48,,5275,6,4570,1,,,,,
2026/10/02 15:01,2026-10-02T15:16:46+09:00,2026/10/02,2026/10/08,2026-10,PUT,63375,50,300,3,32.76,31.89,63,21,55,16,34.27,25,52.08,73,10/01 20:29
2026/10/02 15:01,2026-10-02T15:16:46+09:00,2026/10/02,2026/10/08,2026-10,CALL,63250,5650,6,,53.42,,5400,11,4920,10,,,,,
2026/10/02 15:01,2026-10-02T15:16:46+09:00,2026/10/02,2026/10/08,2026-10,PUT,63250,42,256,4,32.69,32.34,56,2,53,8,32.75,14,35,54,10/02 14:18
2026/10/02 15:01,2026-10-02T15:16:46+09:00,2026/10/02,2026/10/08,2026-10,CALL,63125,5770,,,54.11,,5520,6,4895,1,,,,,
2026/10/02 15:01,2026-10-02T15:16:46+09:00,2026/10/02,2026/10/08,2026-10,PUT,63125,44,3,3,33.37,32.4,56,22,48,17,33.31,5,10,55,10/02 10:25
2026/10/02 15:01,2026-10-02T15:16:46+09:00,2026/10/02,2026/10/08,2026-10,CALL,63000,5895,158,1,45.93,,5475,26,5155,26,34.24,,,5275,10/02 14:39
2026/10/02 15:01,2026-10-02T15:16:46+09:00,2026/10/02,2026/10/08,2026-10,PUT,63000,37,1806,625,33.2,32.94,49,3,47,3,33.21,14,37.84,51,10/02 14:51
2026/10/02 15:01,2026-10-02T15:16:46+09:00,2026/10/02,2026/10/08,2026-10,CALL,62875,6020,,,55.98,,5770,6,5135,1,,,,,
2026/10/02 15:01,2026-10-02T15:16:46+09:00,2026/10/02,2026/10/08,2026-10,PUT,62875,42,90,2,34,32.93,50,22,42,17,34.57,-29,-37.18,49,10/02 11:13
2026/10/02 15:01,2026-10-02T15:16:46+09:00,2026/10/02,2026/10/08,2026-10,CALL,62750,6140,,,56.66,,5890,7,5415,1,,,,,
2026/10/02 15:01,2026-10-02T15:16:46+09:00,2026/10/02,2026/10/08,2026-10,PUT,62750,31,370,21,33.87,33.59,44,3,42,2,33.92,11,35.48,42,10/02 13:13
2026/10/02 15:01,2026-10-02T15:16:46+09:00,2026/10/02,2026/10/08,2026-10,CALL,62625,6265,,,57.59,,6015,6,5355,1,,,,,
2026/10/02 15:01,2026-10-02T15:16:46+09:00,2026/10/02,2026/10/08,2026-10,PUT,62625,38,693,,34.67,33.49,45,22,37,17,,,,,
2026/10/02 15:01,2026-10-02T15:16:46+09:00,2026/10/02,2026/10/08,2026-10,CALL,62500,6385,,,58.26,,6135,12,5575,2,,,,,
2026/10/02 15:01,2026-10-02T15:16:46+09:00,2026/10/02,2026/10/08,2026-10,PUT,62500,29,1739,79,34.45,34.14,39,3,37,2,34.34,11,37.93,40,10/02 14:39
2026/10/02 15:01,2026-10-02T15:16:46+09:00,2026/10/02,2026/10/08,2026-10,CALL,62375,6510,,,59.18,,6260,6,5495,5,,,,,
2026/10/02 15:01,2026-10-02T15:16:46+09:00,2026/10/02,2026/10/08,2026-10,PUT,62375,35,6,5,35.56,34.11,42,23,33,23,36.81,,,50,10/01 18:09
2026/10/02 15:01,2026-10-02T15:16:46+09:00,2026/10/02,2026/10/08,2026-10,CALL,62250,6635,,,60.1,,6385,7,5820,1,,,,,
2026/10/02 15:01,2026-10-02T15:16:46+09:00,2026/10/02,2026/10/08,2026-10,PUT,62250,29,114,13,35.09,34.75,35,3,33,2,35.21,4,13.79,33,10/02 13:14
2026/10/02 15:01,2026-10-02T15:16:46+09:00,2026/10/02,2026/10/08,2026-10,CALL,62125,6760,,,61.02,,6510,5,5890,1,,,,,
2026/10/02 15:01,2026-10-02T15:16:46+09:00,2026/10/02,2026/10/08,2026-10,PUT,62125,30,61,56,36.07,34.84,37,20,30,20,35.38,,,34,10/02 13:46
2026/10/02 15:01,2026-10-02T15:16:46+09:00,2026/10/02,2026/10/08,2026-10,CALL,62000,6880,49,,61.67,,6630,18,6150,18,,,,,
2026/10/02 15:01,2026-10-02T15:16:46+09:00,2026/10/02,2026/10/08,2026-10,PUT,62000,24,1941,563,35.66,35.27,31,2,29,55,35.58,6,25,30,10/02 15:00
2026/10/02 15:01,2026-10-02T15:16:46+09:00,2026/10/02,2026/10/08,2026-10,CALL,61875,7005,,,62.58,,6755,6,6065,5,,,,,
2026/10/02 15:01,2026-10-02T15:16:46+09:00,2026/10/02,2026/10/08,2026-10,PUT,61875,26,88,,36.84,35.07,34,24,25,24,,,,,
2026/10/02 15:01,2026-10-02T15:16:46+09:00,2026/10/02,2026/10/08,2026-10,CALL,61750,7130,,,,,,,3,10,,,,,
2026/10/02 15:01,2026-10-02T15:16:46+09:00,2026/10/02,2026/10/08,2026-10,PUT,61750,24,314,8,36.12,35.9,27,1,26,5,36.3,8,38.1,29,10/02 14:53
2026/10/02 15:01,2026-10-02T15:16:46+09:00,2026/10/02,2026/10/08,2026-10,CALL,61625,7250,,,,,,,,,,,,,
2026/10/02 15:01,2026-10-02T15:16:46+09:00,2026/10/02,2026/10/08,2026-10,PUT,61625,24,108,,38.3,35.84,35,24,23,24,,,,,
2026/10/02 15:01,2026-10-02T15:16:46+09:00,2026/10/02,2026/10/08,2026-10,CALL,61500,7375,,,,,,,,,,,,,
2026/10/02 15:01,2026-10-02T15:16:46+09:00,2026/10/02,2026/10/08,2026-10,PUT,61500,20,516,105,37.14,36.69,26,5,24,8,36.85,6,30,26,10/02 14:47
2026/10/02 15:01,2026-10-02T15:16:46+09:00,2026/10/02,2026/10/08,2026-10,CALL,61375,7500,,,,,,,,,,,,,
2026/10/02 15:01,2026-10-02T15:16:46+09:00,2026/10/02,2026/10/08,2026-10,PUT,61375,22,141,,37.53,36.57,25,24,21,21,,,,,
2026/10/02 15:01,2026-10-02T15:16:46+09:00,2026/10/02,2026/10/08,2026-10,CALL,61250,7625,,,,,,,,,,,,,
2026/10/02 15:01,2026-10-02T15:16:46+09:00,2026/10/02,2026/10/08,2026-10,PUT,61250,19,114,22,38.15,36.91,25,25,20,28,37.55,3,15.79,22,10/02 11:52
2026/10/02 15:01,2026-10-02T15:16:46+09:00,2026/10/02,2026/10/08,2026-10,CALL,61125,7745,,,,,,,,,,,,,
2026/10/02 15:01,2026-10-02T15:16:46+09:00,2026/10/02,2026/10/08,2026-10,PUT,61125,21,1230,,38.52,37.23,24,21,19,24,,,,,
2026/10/02 15:01,2026-10-02T15:16:46+09:00,2026/10/02,2026/10/08,2026-10,CALL,61000,7870,201,,,,,,,,,,,,
2026/10/02 15:01,2026-10-02T15:16:46+09:00,2026/10/02,2026/10/08,2026-10,PUT,61000,17,1843,444,38.37,37.83,21,4,19,59,38.1,3,17.65,20,10/02 14:59
2026/10/02 15:01,2026-10-02T15:16:46+09:00,2026/10/02,2026/10/08,2026-10,CALL,60875,7995,,,,,,,,,,,,,
2026/10/02 15:01,2026-10-02T15:16:46+09:00,2026/10/02,2026/10/08,2026-10,PUT,60875,19,500,,38.98,37.83,21,24,17,24,,,,,
2026/10/02 15:01,2026-10-02T15:16:46+09:00,2026/10/02,2026/10/08,2026-10,CALL,60750,8120,,,,,,,,,,,,,
2026/10/02 15:01,2026-10-02T15:16:46+09:00,2026/10/02,2026/10/08,2026-10,PUT,60750,18,459,2,39.3,38.1,20,25,16,28,38.62,-2,-10.53,17,10/02 12:16
2026/10/02 15:01,2026-10-02T15:16:46+09:00,2026/10/02,2026/10/08,2026-10,CALL,60625,8245,,,,,,,,,,,,,
2026/10/02 15:01,2026-10-02T15:16:46+09:00,2026/10/02,2026/10/08,2026-10,PUT,60625,17,159,,39.61,38.68,19,24,16,24,,,,,
2026/10/02 15:01,2026-10-02T15:16:46+09:00,2026/10/02,2026/10/08,2026-10,CALL,60500,8370,100,,,,,,,,,,,,
2026/10/02 15:01,2026-10-02T15:16:46+09:00,2026/10/02,2026/10/08,2026-10,PUT,60500,16,559,23,39.59,39.27,17,3,16,8,39.74,4,28.57,18,10/02 14:45
2026/10/02 15:01,2026-10-02T15:16:46+09:00,2026/10/02,2026/10/08,2026-10,CALL,60375,8490,,,,,,,,,,,,,
2026/10/02 15:01,2026-10-02T15:16:46+09:00,2026/10/02,2026/10/08,2026-10,PUT,60375,15,664,,40.5,39.15,18,24,14,24,,,,,
2026/10/02 15:01,2026-10-02T15:16:46+09:00,2026/10/02,2026/10/08,2026-10,CALL,60250,8615,,,,,,,,,,,,,
2026/10/02 15:01,2026-10-02T15:16:46+09:00,2026/10/02,2026/10/08,2026-10,PUT,60250,15,178,11,41.1,39.73,18,25,14,5,39.44,0,0,13,10/02 13:29
2026/10/02 15:01,2026-10-02T15:16:46+09:00,2026/10/02,2026/10/08,2026-10,CALL,60125,8740,,,,,,,,,,,,,
2026/10/02 15:01,2026-10-02T15:16:46+09:00,2026/10/02,2026/10/08,2026-10,PUT,60125,14,50,,41.03,39.92,16,24,13,24,,,,,
2026/10/02 15:01,2026-10-02T15:16:46+09:00,2026/10/02,2026/10/08,2026-10,CALL,60000,8865,9,,,,,,,,,,,,
2026/10/02 15:01,2026-10-02T15:16:46+09:00,2026/10/02,2026/10/08,2026-10,PUT,60000,13,11164,690,41.26,40.49,15,48,13,63,40.59,2,18.18,13,10/02 15:00
2026/10/02 15:01,2026-10-02T15:16:46+09:00,2026/10/02,2026/10/08,2026-10,CALL,59875,8990,,,,,,,,,,,,,
2026/10/02 15:01,2026-10-02T15:16:46+09:00,2026/10/02,2026/10/08,2026-10,PUT,59875,13,163,,41.84,40.65,15,24,12,21,,,,,
2026/10/02 15:01,2026-10-02T15:16:46+09:00,2026/10/02,2026/10/08,2026-10,CALL,59750,9115,,,,,,,,,,,,,
2026/10/02 15:01,2026-10-02T15:16:46+09:00,2026/10/02,2026/10/08,2026-10,PUT,59750,12,113,3,42.04,40.77,14,28,11,25,41.48,-1,-7.14,13,10/02 13:47
2026/10/02 15:01,2026-10-02T15:16:46+09:00,2026/10/02,2026/10/08,2026-10,CALL,59625,9235,,,,,,,,,,,,,
2026/10/02 15:01,2026-10-02T15:16:46+09:00,2026/10/02,2026/10/08,2026-10,PUT,59625,12,141,,42.62,40.86,14,21,10,24,,,,,
2026/10/02 15:01,2026-10-02T15:16:46+09:00,2026/10/02,2026/10/08,2026-10,CALL,59500,9360,14,,,,,,,,,,,,
2026/10/02 15:01,2026-10-02T15:16:46+09:00,2026/10/02,2026/10/08,2026-10,PUT,59500,11,844,39,42.36,41.91,12,3,11,8,42.23,1,9.09,12,10/02 14:56
2026/10/02 15:01,2026-10-02T15:16:46+09:00,2026/10/02,2026/10/08,2026-10,CALL,59375,9485,,,,,,,,,,,,,
2026/10/02 15:01,2026-10-02T15:16:46+09:00,2026/10/02,2026/10/08,2026-10,PUT,59375,10,2,,43.37,41.98,13,24,10,24,,,,,
2026/10/02 15:01,2026-10-02T15:16:46+09:00,2026/10/02,2026/10/08,2026-10,CALL,59250,9610,,,,,,,,,,,,,
2026/10/02 15:01,2026-10-02T15:16:46+09:00,2026/10/02,2026/10/08,2026-10,PUT,59250,9,200,,43.04,42.54,11,15,10,1,,,,,
2026/10/02 15:01,2026-10-02T15:16:46+09:00,2026/10/02,2026/10/08,2026-10,CALL,59125,9735,,,,,,,,,,,,,
2026/10/02 15:01,2026-10-02T15:16:46+09:00,2026/10/02,2026/10/08,2026-10,PUT,59125,8,116,,44.08,42.56,12,33,9,33,,,,,
2026/10/02 15:01,2026-10-02T15:16:46+09:00,2026/10/02,2026/10/08,2026-10,CALL,59000,9855,,,,,,,,,,,,,
2026/10/02 15:01,2026-10-02T15:16:46+09:00,2026/10/02,2026/10/08,2026-10,PUT,59000,9,1611,188,43.67,43.12,10,15,9,30,43.57,1,11.11,10,10/02 14:41
2026/10/02 15:01,2026-10-02T15:16:46+09:00,2026/10/02,2026/10/08,2026-10,CALL,58875,9980,,,,,,,,,,,,,
2026/10/02 15:01,2026-10-02T15:16:46+09:00,2026/10/02,2026/10/08,2026-10,PUT,58875,7,19,9,44.74,43.08,11,33,8,33,43.77,-11,-55,9,10/02 13:29
2026/10/02 15:01,2026-10-02T15:16:46+09:00,2026/10/02,2026/10/08,2026-10,CALL,58750,10105,,,,,,,,,,,,,
2026/10/02 15:01,2026-10-02T15:16:46+09:00,2026/10/02,2026/10/08,2026-10,PUT,58750,8,67,3,44.79,43.63,10,15,8,20,44.46,0,0,9,10/02 14:18
2026/10/02 15:01,2026-10-02T15:16:46+09:00,2026/10/02,2026/10/08,2026-10,CALL,58625,10230,,,,,,,,,,,,,
2026/10/02 15:01,2026-10-02T15:16:46+09:00,2026/10/02,2026/10/08,2026-10,PUT,58625,7,59,,45.36,44.19,10,33,8,33,,,,,
2026/10/02 15:01,2026-10-02T15:16:46+09:00,2026/10/02,2026/10/08,2026-10,CALL,58500,10350,,,,,,,,,,,,,
2026/10/02 15:01,2026-10-02T15:16:46+09:00,2026/10/02,2026/10/08,2026-10,PUT,58500,8,807,46,45.36,44.07,9,15,7,23,45.04,0,0,8,10/02 14:19
2026/10/02 15:01,2026-10-02T15:16:46+09:00,2026/10/02,2026/10/08,2026-10,CALL,58375,10475,,,,,,,,,,,,,
2026/10/02 15:01,2026-10-02T15:16:46+09:00,2026/10/02,2026/10/08,2026-10,PUT,58375,6,487,13,45.92,44.61,9,15,7,19,45.09,0,0,8,10/02 14:52
2026/10/02 15:01,2026-10-02T15:16:46+09:00,2026/10/02,2026/10/08,2026-10,CALL,58250,10600,,,,,,,,,,,,,
2026/10/02 15:01,2026-10-02T15:16:46+09:00,2026/10/02,2026/10/08,2026-10,PUT,58250,7,143,4,45.85,45.16,8,20,7,37,45.53,-3,-30,7,10/02 14:02
2026/10/02 15:01,2026-10-02T15:16:46+09:00,2026/10/02,2026/10/08,2026-10,CALL,58000,10850,,,,,,,,,,,,,
2026/10/02 15:01,2026-10-02T15:16:46+09:00,2026/10/02,2026/10/08,2026-10,PUT,58000,7,2270,161,46.26,45.48,7,10,6,128,46.22,0,0,7,10/02 14:58
2026/10/02 15:01,2026-10-02T15:16:46+09:00,2026/10/02,2026/10/08,2026-10,CALL,57750,11100,,,,,,,,,,,,,
2026/10/02 15:01,2026-10-02T15:16:46+09:00,2026/10/02,2026/10/08,2026-10,PUT,57750,6,84,6,47.36,46.57,7,19,6,31,46.78,-2,-25,6,10/02 13:19
2026/10/02 15:01,2026-10-02T15:16:46+09:00,2026/10/02,2026/10/08,2026-10,CALL,57500,11350,,,,,,,,,,,,,
2026/10/02 15:01,2026-10-02T15:16:46+09:00,2026/10/02,2026/10/08,2026-10,PUT,57500,7,502,15,48.46,46.74,7,15,5,23,47.42,-1,-14.29,6,10/02 14:47
2026/10/02 15:01,2026-10-02T15:16:46+09:00,2026/10/02,2026/10/08,2026-10,CALL,57250,11600,,,,,,,,,,,,,
2026/10/02 15:01,2026-10-02T15:16:46+09:00,2026/10/02,2026/10/08,2026-10,PUT,57250,5,165,21,48.74,46.73,6,21,4,37,47.92,-1,-16.67,5,10/02 13:22
2026/10/02 15:01,2026-10-02T15:16:46+09:00,2026/10/02,2026/10/08,2026-10,CALL,57000,11850,1,,,,,,,,,,,,
2026/10/02 15:01,2026-10-02T15:16:46+09:00,2026/10/02,2026/10/08,2026-10,PUT,57000,6,1593,134,49.83,47.79,6,106,4,158,48.75,-1,-16.67,5,10/02 14:45
2026/10/02 15:01,2026-10-02T15:16:46+09:00,2026/10/02,2026/10/08,2026-10,CALL,56750,12100,,,,,,,,,,,,,
2026/10/02 15:01,2026-10-02T15:16:46+09:00,2026/10/02,2026/10/08,2026-10,PUT,56750,4,126,20,50.93,48.85,6,62,4,20,49.75,-1,-16.67,5,10/02 14:30
2026/10/02 15:01,2026-10-02T15:16:46+09:00,2026/10/02,2026/10/08,2026-10,CALL,56500,12350,,,,,,,,,,,,,
2026/10/02 15:01,2026-10-02T15:16:46+09:00,2026/10/02,2026/10/08,2026-10,PUT,56500,4,655,31,51.05,49.91,5,15,4,15,49.94,-1,-20,4,10/02 13:56
2026/10/02 15:01,2026-10-02T15:16:46+09:00,2026/10/02,2026/10/08,2026-10,CALL,56250,12600,,,,,,,,,,,,,
2026/10/02 15:01,2026-10-02T15:16:46+09:00,2026/10/02,2026/10/08,2026-10,PUT,56250,4,75,10,50.97,49.57,4,1,3,120,51.26,-1,-20,4,10/02 13:24
2026/10/02 15:01,2026-10-02T15:16:46+09:00,2026/10/02,2026/10/08,2026-10,CALL,56000,12850,,,,,,,,,,,,,
2026/10/02 15:01,2026-10-02T15:16:46+09:00,2026/10/02,2026/10/08,2026-10,PUT,56000,4,1828,107,52.04,50.61,4,68,3,127,52.14,0,0,4,10/02 11:59
2026/10/02 15:01,2026-10-02T15:16:46+09:00,2026/10/02,2026/10/08,2026-10,CALL,55750,13100,,,,,,,,,,,,,
2026/10/02 15:01,2026-10-02T15:16:46+09:00,2026/10/02,2026/10/08,2026-10,PUT,55750,3,81,7,53.11,51.65,4,17,3,20,52.35,-1,-25,3,10/02 09:50
2026/10/02 15:01,2026-10-02T15:16:46+09:00,2026/10/02,2026/10/08,2026-10,CALL,55500,13350,,,,,,,,,,,,,
2026/10/02 15:01,2026-10-02T15:16:46+09:00,2026/10/02,2026/10/08,2026-10,PUT,55500,4,325,38,54.18,52.7,4,102,3,1,52.95,-1,-25,3,10/02 14:00
2026/10/02 15:01,2026-10-02T15:16:46+09:00,2026/10/02,2026/10/08,2026-10,CALL,55250,13600,,,,,,,,,,,,,
2026/10/02 15:01,2026-10-02T15:16:46+09:00,2026/10/02,2026/10/08,2026-10,PUT,55250,3,169,4,55.26,51.8,4,15,2,205,54.27,-2,-40,3,10/02 11:08
2026/10/02 15:01,2026-10-02T15:16:46+09:00,2026/10/02,2026/10/08,2026-10,CALL,55000,13850,4,,,,,,,,,,,,
2026/10/02 15:01,2026-10-02T15:16:46+09:00,2026/10/02,2026/10/08,2026-10,PUT,55000,3,3481,256,54.81,52.82,3,20,2,87,54.94,-1,-25,3,10/02 13:51
2026/10/02 15:01,2026-10-02T15:16:46+09:00,2026/10/02,2026/10/08,2026-10,CALL,54750,14100,,,,,,,,,,,,,
2026/10/02 15:01,2026-10-02T15:16:46+09:00,2026/10/02,2026/10/08,2026-10,PUT,54750,2,78,11,55.86,53.85,3,1,2,43,56.66,0,0,3,10/02 09:16
2026/10/02 15:01,2026-10-02T15:16:46+09:00,2026/10/02,2026/10/08,2026-10,CALL,54500,14350,,,,,,,,,,,,,
2026/10/02 15:01,2026-10-02T15:16:46+09:00,2026/10/02,2026/10/08,2026-10,PUT,54500,2,512,42,56.93,54.88,3,11,2,21,58.74,0,0,4,10/02 10:56
2026/10/02 15:01,2026-10-02T15:16:46+09:00,2026/10/02,2026/10/08,2026-10,CALL,54250,14600,,,,,,,,,,,,,
2026/10/02 15:01,2026-10-02T15:16:46+09:00,2026/10/02,2026/10/08,2026-10,PUT,54250,2,217,,57.99,55.91,3,6,2,5,,,,,
2026/10/02 15:01,2026-10-02T15:16:46+09:00,2026/10/02,2026/10/08,2026-10,CALL,54000,14850,,,,,,,,,,,,,
2026/10/02 15:01,2026-10-02T15:16:46+09:00,2026/10/02,2026/10/08,2026-10,PUT,54000,2,1390,161,59.06,56.95,3,36,2,88,58.96,0,0,3,10/02 14:28
2026/10/02 15:01,2026-10-02T15:16:46+09:00,2026/10/02,2026/10/08,2026-10,CALL,53750,15100,,,,,,,,,,,,,
2026/10/02 15:01,2026-10-02T15:16:46+09:00,2026/10/02,2026/10/08,2026-10,PUT,53750,2,162,22,60.13,57.98,3,1,2,10,57.55,-2,-50,2,10/01 23:39
2026/10/02 15:01,2026-10-02T15:16:46+09:00,2026/10/02,2026/10/08,2026-10,CALL,53500,15350,,,,,,,,,,,,,
2026/10/02 15:01,2026-10-02T15:16:46+09:00,2026/10/02,2026/10/08,2026-10,PUT,53500,2,1429,28,61.21,59.03,3,10,2,4,60.32,-1,-33.33,2,10/02 09:20
2026/10/02 15:01,2026-10-02T15:16:46+09:00,2026/10/02,2026/10/08,2026-10,CALL,53250,15600,,,,,,,,,,,,,
2026/10/02 15:01,2026-10-02T15:16:46+09:00,2026/10/02,2026/10/08,2026-10,PUT,53250,2,128,9,62.29,56.72,3,7,1,38,60.46,-1,-33.33,2,10/02 13:03
2026/10/02 15:01,2026-10-02T15:16:46+09:00,2026/10/02,2026/10/08,2026-10,CALL,53000,15850,34,,,,,,,,,,,,
2026/10/02 15:01,2026-10-02T15:16:46+09:00,2026/10/02,2026/10/08,2026-10,PUT,53000,2,1505,187,61.13,57.72,2,64,1,104,60.95,-1,-33.33,2,10/02 14:37
2026/10/02 15:01,2026-10-02T15:16:46+09:00,2026/10/02,2026/10/08,2026-10,CALL,52750,16100,,,,,,,,,,,,,
2026/10/02 15:01,2026-10-02T15:16:46+09:00,2026/10/02,2026/10/08,2026-10,PUT,52750,2,117,6,71.91,58.72,9,17,1,38,64.02,0,0,3,10/01 17:50
2026/10/02 15:01,2026-10-02T15:16:46+09:00,2026/10/02,2026/10/08,2026-10,CALL,52500,16350,,,,,,,,,,,,,
2026/10/02 15:01,2026-10-02T15:16:46+09:00,2026/10/02,2026/10/08,2026-10,PUT,52500,2,615,9,63.24,59.73,2,8,1,122,63.26,-1,-33.33,2,10/02 13:40
2026/10/02 15:01,2026-10-02T15:16:46+09:00,2026/10/02,2026/10/08,2026-10,CALL,52250,16600,,,,,,,,,,,,,
2026/10/02 15:01,2026-10-02T15:16:46+09:00,2026/10/02,2026/10/08,2026-10,PUT,52250,2,65,2,74.31,60.74,9,17,1,35,60.98,,,1,10/02 10:57
2026/10/02 15:01,2026-10-02T15:16:46+09:00,2026/10/02,2026/10/08,2026-10,CALL,52000,16850,,,,,,,,,,,,,
2026/10/02 15:01,2026-10-02T15:16:46+09:00,2026/10/02,2026/10/08,2026-10,PUT,52000,2,1453,37,65.37,61.76,2,118,1,86,61.61,-1,-50,1,10/02 14:51
2026/10/02 15:01,2026-10-02T15:16:46+09:00,2026/10/02,2026/10/08,2026-10,CALL,51750,17100,,,,,,,,,,,,,
2026/10/02 15:01,2026-10-02T15:16:46+09:00,2026/10/02,2026/10/08,2026-10,PUT,51750,2,150,6,66.44,62.78,2,3,1,25,65.87,0,0,2,10/01 23:40
2026/10/02 15:01,2026-10-02T15:16:46+09:00,2026/10/02,2026/10/08,2026-10,CALL,51500,17350,,,,,,,,,,,,,
2026/10/02 15:01,2026-10-02T15:16:46+09:00,2026/10/02,2026/10/08,2026-10,PUT,51500,2,519,1,75.92,63.8,7,36,1,3,64.28,-1,-50,1,10/02 11:17
2026/10/02 15:01,2026-10-02T15:16:46+09:00,2026/10/02,2026/10/08,2026-10,CALL,51250,17600,,,,,,,,,,,,,
2026/10/02 15:01,2026-10-02T15:16:46+09:00,2026/10/02,2026/10/08,2026-10,PUT,51250,2,296,,78.19,64.83,8,17,1,6,,,,,
2026/10/02 15:01,2026-10-02T15:16:46+09:00,2026/10/02,2026/10/08,2026-10,CALL,51000,17850,,,,,,,,,,,,,
2026/10/02 15:01,2026-10-02T15:16:46+09:00,2026/10/02,2026/10/08,2026-10,PUT,51000,2,1189,101,69.68,65.86,2,43,1,45,66.1,-1,-50,1,10/02 13:00
2026/10/02 15:01,2026-10-02T15:16:46+09:00,2026/10/02,2026/10/08,2026-10,CALL,50750,18100,,,,,,,,,,,,,
2026/10/02 15:01,2026-10-02T15:16:46+09:00,2026/10/02,2026/10/08,2026-10,PUT,50750,2,165,,80.62,66.89,8,17,1,1,,,,,
2026/10/02 15:01,2026-10-02T15:16:46+09:00,2026/10/02,2026/10/08,2026-10,CALL,50500,18350,,,,,,,,,,,,,
2026/10/02 15:01,2026-10-02T15:16:46+09:00,2026/10/02,2026/10/08,2026-10,PUT,50500,2,305,,71.86,67.93,2,13,1,11,,,,,
2026/10/02 15:01,2026-10-02T15:16:46+09:00,2026/10/02,2026/10/08,2026-10,CALL,50250,18600,,,,,,,,,,,,,
2026/10/02 15:01,2026-10-02T15:16:46+09:00,2026/10/02,2026/10/08,2026-10,PUT,50250,2,79,,72.96,68.98,2,6,1,4,,,,,
2026/10/02 15:01,2026-10-02T15:16:46+09:00,2026/10/02,2026/10/08,2026-10,CALL,50000,18850,1,,,,,,,,,,,,
2026/10/02 15:01,2026-10-02T15:16:46+09:00,2026/10/02,2026/10/08,2026-10,PUT,50000,2,2621,395,70.03,,1,18,,,69.88,-1,-50,1,10/02 14:51
2026/10/02 15:01,2026-10-02T15:16:46+09:00,2026/10/02,2026/10/08,2026-10,CALL,49750,19100,,,,,,,,,,,,,
2026/10/02 15:01,2026-10-02T15:16:46+09:00,2026/10/02,2026/10/08,2026-10,PUT,49750,2,67,7,75.17,,2,6,,,71.22,-1,-50,1,10/02 11:50
2026/10/02 15:01,2026-10-02T15:16:46+09:00,2026/10/02,2026/10/08,2026-10,CALL,49500,19350,,,,,,,,,,,,,
2026/10/02 15:01,2026-10-02T15:16:46+09:00,2026/10/02,2026/10/08,2026-10,PUT,49500,2,312,28,72.14,,1,8,,,72.17,-1,-50,1,10/02 13:37
2026/10/02 15:01,2026-10-02T15:16:46+09:00,2026/10/02,2026/10/08,2026-10,CALL,49250,19600,,,,,,,,,,,,,
2026/10/02 15:01,2026-10-02T15:16:46+09:00,2026/10/02,2026/10/08,2026-10,PUT,49250,2,79,11,73.2,,1,5,,,73.2,0,0,1,10/02 13:38
2026/10/02 15:01,2026-10-02T15:16:46+09:00,2026/10/02,2026/10/08,2026-10,CALL,49000,19850,,,,,,,,,,,,,
2026/10/02 15:01,2026-10-02T15:16:46+09:00,2026/10/02,2026/10/08,2026-10,PUT,49000,2,499,122,74.27,,1,250,,,74.09,-1,-50,1,10/02 14:49
2026/10/02 15:01,2026-10-02T15:16:46+09:00,2026/10/02,2026/10/08,2026-10,CALL,48750,20100,,,,,,,,,,,,,
2026/10/02 15:01,2026-10-02T15:16:46+09:00,2026/10/02,2026/10/08,2026-10,PUT,48750,2,275,7,75.34,,1,5,,,73.87,-1,-50,1,10/02 00:11
2026/10/02 15:01,2026-10-02T15:16:46+09:00,2026/10/02,2026/10/08,2026-10,CALL,48500,20350,,,,,,,,,,,,,
2026/10/02 15:01,2026-10-02T15:16:46+09:00,2026/10/02,2026/10/08,2026-10,PUT,48500,1,212,15,76.42,,1,47,,,76.55,0,0,1,10/02 13:28
2026/10/02 15:01,2026-10-02T15:16:46+09:00,2026/10/02,2026/10/08,2026-10,CALL,48250,20600,,,,,,,,,,,,,
2026/10/02 15:01,2026-10-02T15:16:46+09:00,2026/10/02,2026/10/08,2026-10,PUT,48250,2,53,,77.5,,1,50,,,,,,,
2026/10/02 15:01,2026-10-02T15:16:46+09:00,2026/10/02,2026/10/08,2026-10,CALL,48000,20850,,,,,,,,,,,,,
2026/10/02 15:01,2026-10-02T15:16:46+09:00,2026/10/02,2026/10/08,2026-10,PUT,48000,1,836,63,78.59,,1,65,,,78.47,0,0,1,10/02 14:35
2026/10/02 15:01,2026-10-02T15:16:46+09:00,2026/10/02,2026/10/08,2026-10,CALL,47750,21100,,,,,,,,,,,,,
2026/10/02 15:01,2026-10-02T15:16:46+09:00,2026/10/02,2026/10/08,2026-10,PUT,47750,2,46,1,79.68,,1,50,,,80.29,-1,-50,1,10/01 20:10
2026/10/02 15:01,2026-10-02T15:16:46+09:00,2026/10/02,2026/10/08,2026-10,CALL,47500,21350,34,,,,,,,,,,,,
2026/10/02 15:01,2026-10-02T15:16:46+09:00,2026/10/02,2026/10/08,2026-10,PUT,47500,1,56,2,80.77,,1,55,,,80.28,0,0,1,10/01 17:27
2026/10/02 15:01,2026-10-02T15:16:46+09:00,2026/10/02,2026/10/08,2026-10,CALL,47250,21600,,,,,,,,,,,,,
2026/10/02 15:01,2026-10-02T15:16:46+09:00,2026/10/02,2026/10/08,2026-10,PUT,47250,2,142,,81.88,,1,53,,,,,,,
2026/10/02 15:01,2026-10-02T15:16:46+09:00,2026/10/02,2026/10/08,2026-10,CALL,47000,21850,,,,,,,,,,,,,
2026/10/02 15:01,2026-10-02T15:16:46+09:00,2026/10/02,2026/10/08,2026-10,PUT,47000,1,462,20,82.98,,1,190,,,82.8,0,0,1,10/02 14:49
2026/10/02 15:01,2026-10-02T15:16:46+09:00,2026/10/02,2026/10/08,2026-10,CALL,46750,22100,,,,,,,,,,,,,
2026/10/02 15:01,2026-10-02T15:16:46+09:00,2026/10/02,2026/10/08,2026-10,PUT,46750,1,135,,84.1,,1,50,,,,,,,
2026/10/02 15:01,2026-10-02T15:16:46+09:00,2026/10/02,2026/10/08,2026-10,CALL,46500,22350,,,,,,,,,,,,,
2026/10/02 15:01,2026-10-02T15:16:46+09:00,2026/10/02,2026/10/08,2026-10,PUT,46500,1,268,54,85.21,,1,63,,,85.46,0,0,1,10/02 11:22
2026/10/02 15:01,2026-10-02T15:16:46+09:00,2026/10/02,2026/10/08,2026-10,CALL,46250,22600,,,,,,,,,,,,,
2026/10/02 15:01,2026-10-02T15:16:46+09:00,2026/10/02,2026/10/08,2026-10,PUT,46250,1,10,,86.34,,1,54,,,,,,,
2026/10/02 15:01,2026-10-02T15:16:46+09:00,2026/10/02,2026/10/08,2026-10,CALL,46000,22850,,,,,,,,,,,,,
2026/10/02 15:01,2026-10-02T15:16:46+09:00,2026/10/02,2026/10/08,2026-10,PUT,46000,1,446,32,87.46,,1,165,,,87.83,0,0,1,10/02 11:07
2026/10/02 15:01,2026-10-02T15:16:46+09:00,2026/10/02,2026/10/08,2026-10,CALL,45750,23095,,,,,,,,,,,,,
2026/10/02 15:01,2026-10-02T15:16:46+09:00,2026/10/02,2026/10/08,2026-10,PUT,45750,1,135,3,88.6,,1,52,,,88.02,0,0,1,10/01 23:37
2026/10/02 15:01,2026-10-02T15:16:46+09:00,2026/10/02,2026/10/08,2026-10,CALL,45500,23345,,,,,,,,,,,,,
2026/10/02 15:01,2026-10-02T15:16:46+09:00,2026/10/02,2026/10/08,2026-10,PUT,45500,1,819,7,89.74,,1,108,,,89.16,0,0,1,10/01 23:37
2026/10/02 15:01,2026-10-02T15:16:46+09:00,2026/10/02,2026/10/08,2026-10,CALL,45250,23595,,,,,,,,,,,,,
2026/10/02 15:01,2026-10-02T15:16:46+09:00,2026/10/02,2026/10/08,2026-10,PUT,45250,1,29,,90.88,,1,55,,,,,,,
2026/10/02 15:01,2026-10-02T15:16:46+09:00,2026/10/02,2026/10/08,2026-10,CALL,45000,23845,2,,,,,,,,,,,,
2026/10/02 15:01,2026-10-02T15:16:46+09:00,2026/10/02,2026/10/08,2026-10,PUT,45000,1,2256,130,92.04,,1,420,,,91.96,0,0,1,10/02 13:43
2026/10/02 15:01,2026-10-02T15:16:46+09:00,2026/10/02,2026/10/08,2026-10,CALL,44750,24095,,,,,,,,,,,,,
2026/10/02 15:01,2026-10-02T15:16:46+09:00,2026/10/02,2026/10/08,2026-10,PUT,44750,1,41,,93.19,,1,55,,,,,,,
2026/10/02 15:01,2026-10-02T15:16:46+09:00,2026/10/02,2026/10/08,2026-10,CALL,44500,24345,,,,,,,,,,,,,
2026/10/02 15:01,2026-10-02T15:16:46+09:00,2026/10/02,2026/10/08,2026-10,PUT,44500,1,62,9,94.36,,1,51,,,93.86,0,0,1,10/01 23:14
2026/10/02 15:01,2026-10-02T15:16:46+09:00,2026/10/02,2026/10/08,2026-10,CALL,44250,24595,,,,,,,,,,,,,
2026/10/02 15:01,2026-10-02T15:16:46+09:00,2026/10/02,2026/10/08,2026-10,PUT,44250,1,37,,95.53,,1,55,,,,,,,
2026/10/02 15:01,2026-10-02T15:16:46+09:00,2026/10/02,2026/10/08,2026-10,CALL,44000,24845,,,,,,,,,,,,,
2026/10/02 15:01,2026-10-02T15:16:46+09:00,2026/10/02,2026/10/08,2026-10,PUT,44000,1,313,5,96.7,,1,135,,,96.61,0,0,1,10/01 18:03
2026/10/02 15:01,2026-10-02T15:16:46+09:00,2026/10/02,2026/10/08,2026-10,CALL,43750,25095,,,,,,,,,,,,,
2026/10/02 15:01,2026-10-02T15:16:46+09:00,2026/10/02,2026/10/08,2026-10,PUT,43750,1,25,1,97.88,,1,54,,,98.1,0,0,1,10/01 17:00
2026/10/02 15:01,2026-10-02T15:16:46+09:00,2026/10/02,2026/10/08,2026-10,CALL,43500,25345,,,,,,,,,,,,,
2026/10/02 15:01,2026-10-02T15:16:46+09:00,2026/10/02,2026/10/08,2026-10,PUT,43500,1,47,16,99.07,,1,58,,,103.93,1,100,2,10/01 17:47
2026/10/02 15:01,2026-10-02T15:16:46+09:00,2026/10/02,2026/10/08,2026-10,CALL,43250,25595,,,,,,,,,,,,,
2026/10/02 15:01,2026-10-02T15:16:46+09:00,2026/10/02,2026/10/08,2026-10,PUT,43250,1,16,,100.26,,1,65,,,,,,,
2026/10/02 15:01,2026-10-02T15:16:46+09:00,2026/10/02,2026/10/08,2026-10,CALL,43000,25845,,,,,,,,,,,,,
2026/10/02 15:01,2026-10-02T15:16:46+09:00,2026/10/02,2026/10/08,2026-10,PUT,43000,1,507,13,101.46,,1,126,,,101.67,0,0,1,10/02 11:23
2026/10/02 15:01,2026-10-02T15:16:46+09:00,2026/10/02,2026/10/08,2026-10,CALL,42750,26095,3,,,,,,,,,,,,
2026/10/02 15:01,2026-10-02T15:16:46+09:00,2026/10/02,2026/10/08,2026-10,PUT,42750,1,33,1,102.67,,1,54,,,102.57,0,0,1,10/02 09:11
2026/10/02 15:01,2026-10-02T15:16:46+09:00,2026/10/02,2026/10/08,2026-10,CALL,42000,26845,,,,,,,,,,,,,
2026/10/02 15:01,2026-10-02T15:16:46+09:00,2026/10/02,2026/10/08,2026-10,PUT,42000,1,401,13,106.33,,1,140,,,105.84,0,0,1,10/01 23:14
2026/10/02 15:01,2026-10-02T15:16:46+09:00,2026/10/02,2026/10/08,2026-10,CALL,41000,27845,,,,,,,,,,,,,
2026/10/02 15:01,2026-10-02T15:16:46+09:00,2026/10/02,2026/10/08,2026-10,PUT,41000,1,278,1,111.31,,1,69,,,110.71,0,0,1,10/01 17:45
2026/10/02 15:01,2026-10-02T15:16:46+09:00,2026/10/02,2026/10/08,2026-10,CALL,40000,28845,,,,,,,,,,,,,
2026/10/02 15:01,2026-10-02T15:16:46+09:00,2026/10/02,2026/10/08,2026-10,PUT,40000,1,4647,12,116.4,,1,225,,,115.65,0,0,1,10/01 23:20
2026/10/02 15:01,2026-10-02T15:16:46+09:00,2026/10/02,2026/10/08,2026-10,CALL,39000,29845,,,,,,,,,,,,,
2026/10/02 15:01,2026-10-02T15:16:46+09:00,2026/10/02,2026/10/08,2026-10,PUT,39000,1,191,1,121.62,,1,76,,,121.47,0,0,1,10/01 17:08
2026/10/02 15:01,2026-10-02T15:16:46+09:00,2026/10/02,2026/10/08,2026-10,CALL,38000,30845,,,,,,,,,,,,,
2026/10/02 15:01,2026-10-02T15:16:46+09:00,2026/10/02,2026/10/08,2026-10,PUT,38000,1,420,,126.96,,1,127,,,,,,,
2026/10/02 15:01,2026-10-02T15:16:46+09:00,2026/10/02,2026/10/08,2026-10,CALL,37000,31845,,,,,,,,,,,,,
2026/10/02 15:01,2026-10-02T15:16:46+09:00,2026/10/02,2026/10/08,2026-10,PUT,37000,1,460,,132.45,,1,106,,,,,,,
2026/10/02 15:01,2026-10-02T15:16:46+09:00,2026/10/02,2026/10/08,2026-10,CALL,36000,32845,,,,,,,,,,,,,
2026/10/02 15:01,2026-10-02T15:16:46+09:00,2026/10/02,2026/10/08,2026-10,PUT,36000,1,96,,138.07,,1,76,,,,,,,
2026/10/02 15:01,2026-10-02T15:16:46+09:00,2026/10/02,2026/10/08,2026-10,CALL,35000,33845,24,,,,,,,,,,,,
2026/10/02 15:01,2026-10-02T15:16:46+09:00,2026/10/02,2026/10/08,2026-10,PUT,35000,1,2205,31,143.85,,1,222,,,144.45,,,1,10/02 09:49
2026/10/02 15:01,2026-10-02T15:16:46+09:00,2026/10/02,2026/11/12,2026-11,CALL,95000,1,32,2,29.36,,1,4,,,29.09,,,1,10/02 09:39
2026/10/02 15:01,2026-10-02T15:16:46+09:00,2026/10/02,2026/11/12,2026-11,PUT,95000,26065,,,,,,,,,,,,,
2026/10/02 15:01,2026-10-02T15:16:46+09:00,2026/10/02,2026/11/12,2026-11,CALL,92500,1,13,1,28.69,27.18,2,12,1,9,27.34,-1,-50,1,10/02 10:49
2026/10/02 15:01,2026-10-02T15:16:46+09:00,2026/10/02,2026/11/12,2026-11,PUT,92500,23570,,,,,,,,,,,,,
2026/10/02 15:01,2026-10-02T15:16:46+09:00,2026/10/02,2026/11/12,2026-11,CALL,90000,2,281,,26.32,24.92,2,29,1,109,,,,,
2026/10/02 15:01,2026-10-02T15:16:46+09:00,2026/10/02,2026/11/12,2026-11,PUT,90000,21075,,,,,,,,,,,,,
2026/10/02 15:01,2026-10-02T15:16:46+09:00,2026/10/02,2026/11/12,2026-11,CALL,87500,5,188,18,25.37,24.72,4,1,3,16,25.49,-1,-20,4,10/02 14:47
2026/10/02 15:01,2026-10-02T15:16:46+09:00,2026/10/02,2026/11/12,2026-11,PUT,87500,18580,,,,,,,,,,,,,
2026/10/02 15:01,2026-10-02T15:16:46+09:00,2026/10/02,2026/11/12,2026-11,CALL,85000,15,155,39,25.4,24.61,12,16,9,17,25.29,-4,-26.67,11,10/02 14:59
2026/10/02 15:01,2026-10-02T15:16:46+09:00,2026/10/02,2026/11/12,2026-11,PUT,85000,16090,,,,,,,,,,,,,
2026/10/02 15:01,2026-10-02T15:16:46+09:00,2026/10/02,2026/11/12,2026-11,CALL,82500,35,165,61,24.7,24.31,27,2,24,16,24.36,-10,-28.57,25,10/02 14:27
2026/10/02 15:01,2026-10-02T15:16:46+09:00,2026/10/02,2026/11/12,2026-11,PUT,82500,13615,,,,,,,,,,,,,
2026/10/02 15:01,2026-10-02T15:16:46+09:00,2026/10/02,2026/11/12,2026-11,CALL,80000,92,353,69,24.43,24.24,68,1,65,2,24.43,-26,-28.26,66,10/02 14:43
2026/10/02 15:01,2026-10-02T15:16:46+09:00,2026/10/02,2026/11/12,2026-11,PUT,80000,11170,,,,,,,,,,,,,
2026/10/02 15:01,2026-10-02T15:16:46+09:00,2026/10/02,2026/11/12,2026-11,CALL,79500,104,19,5,24.57,23.98,85,12,74,14,24.05,-34,-30.91,76,10/02 10:51
2026/10/02 15:01,2026-10-02T15:16:46+09:00,2026/10/02,2026/11/12,2026-11,PUT,79500,10685,2,,,,,,,,,,,,
2026/10/02 15:01,2026-10-02T15:16:46+09:00,2026/10/02,2026/11/12,2026-11,CALL,79000,134,107,37,24.41,24.23,99,16,95,2,24.36,-39,-29.1,95,10/02 14:46
2026/10/02 15:01,2026-10-02T15:16:46+09:00,2026/10/02,2026/11/12,2026-11,PUT,79000,10205,,,,,,,,,,,,,
2026/10/02 15:01,2026-10-02T15:16:46+09:00,2026/10/02,2026/11/12,2026-11,CALL,78500,150,7,5,24.45,24.17,120,10,113,10,24.17,-10,-7.52,123,10/02 09:17
2026/10/02 15:01,2026-10-02T15:16:46+09:00,2026/10/02,2026/11/12,2026-11,PUT,78500,9730,,,,,,,,,,,,,
2026/10/02 15:01,2026-10-02T15:16:46+09:00,2026/10/02,2026/11/12,2026-11,CALL,78000,189,287,67,24.43,24.28,143,12,139,1,23.76,-59,-31.22,130,10/02 11:55
2026/10/02 15:01,2026-10-02T15:16:46+09:00,2026/10/02,2026/11/12,2026-11,PUT,78000,9260,,,31.02,,10025,3,9510,18,,,,,
2026/10/02 15:01,2026-10-02T15:16:46+09:00,2026/10/02,2026/11/12,2026-11,CALL,77500,212,6,2,24.47,24.18,172,8,163,8,24.12,51,42.5,171,10/02 10:05
2026/10/02 15:01,2026-10-02T15:16:46+09:00,2026/10/02,2026/11/12,2026-11,PUT,77500,8790,,,28.12,,9445,2,9040,12,,,,,
2026/10/02 15:01,2026-10-02T15:16:46+09:00,2026/10/02,2026/11/12,2026-11,CALL,77000,266,254,49,24.43,24.28,203,10,198,3,24.45,-59,-22.18,207,10/02 13:22
2026/10/02 15:01,2026-10-02T15:16:46+09:00,2026/10/02,2026/11/12,2026-11,PUT,77000,8330,,,30.7,,9115,3,8580,18,,,,,
2026/10/02 15:01,2026-10-02T15:16:46+09:00,2026/10/02,2026/11/12,2026-11,CALL,76500,300,292,1,24.52,24.18,244,8,231,10,23.59,-47,-17.8,217,10/02 11:58
2026/10/02 15:01,2026-10-02T15:16:46+09:00,2026/10/02,2026/11/12,2026-11,PUT,76500,7875,,,31.76,,8735,2,8125,12,,,,,
2026/10/02 15:01,2026-10-02T15:16:46+09:00,2026/10/02,2026/11/12,2026-11,CALL,76250,320,2,,24.51,24.22,265,18,253,5,,,,,
2026/10/02 15:01,2026-10-02T15:16:46+09:00,2026/10/02,2026/11/12,2026-11,PUT,76250,7650,,,27.19,13.61,8275,1,7900,7,,,,,
2026/10/02 15:01,2026-10-02T15:16:46+09:00,2026/10/02,2026/11/12,2026-11,CALL,76000,355,190,36,24.43,24.29,284,1,278,12,24.47,-82,-22.78,278,10/02 14:37
2026/10/02 15:01,2026-10-02T15:16:46+09:00,2026/10/02,2026/11/12,2026-11,PUT,76000,7430,,,27.52,16.16,8070,3,7680,18,,,,,
2026/10/02 15:01,2026-10-02T15:16:46+09:00,2026/10/02,2026/11/12,2026-11,CALL,75750,370,1,7,24.47,24.15,310,5,296,20,24.47,,,300,10/02 14:48
2026/10/02 15:01,2026-10-02T15:16:46+09:00,2026/10/02,2026/11/12,2026-11,PUT,75750,7200,,,27.32,16.89,7840,1,7450,7,,,,,
2026/10/02 15:01,2026-10-02T15:16:46+09:00,2026/10/02,2026/11/12,2026-11,CALL,75500,410,86,7,24.45,24.23,335,2,325,2,24.42,-5,-1.47,335,10/02 12:39
2026/10/02 15:01,2026-10-02T15:16:46+09:00,2026/10/02,2026/11/12,2026-11,PUT,75500,6985,,,31.04,17.98,7840,10,7235,12,,,,,
2026/10/02 15:01,2026-10-02T15:16:46+09:00,2026/10/02,2026/11/12,2026-11,CALL,75250,440,1,5,24.49,24.29,365,5,355,5,23.95,100,38.46,360,10/02 10:11
2026/10/02 15:01,2026-10-02T15:16:46+09:00,2026/10/02,2026/11/12,2026-11,PUT,75250,6765,,,30.4,18.57,7590,6,7015,7,,,,,
2026/10/02 15:01,2026-10-02T15:16:46+09:00,2026/10/02,2026/11/12,2026-11,CALL,75000,480,507,51,24.49,24.3,395,18,385,6,23.76,-110,-22.92,370,10/02 11:45
2026/10/02 15:01,2026-10-02T15:16:46+09:00,2026/10/02,2026/11/12,2026-11,PUT,75000,6550,,,27.03,19.14,7175,3,6800,18,,,,,
2026/10/02 15:01,2026-10-02T15:16:46+09:00,2026/10/02,2026/11/12,2026-11,CALL,74750,515,3,8,24.46,24.18,425,4,410,28,24.44,-105,-20.19,415,10/02 12:50
2026/10/02 15:01,2026-10-02T15:16:46+09:00,2026/10/02,2026/11/12,2026-11,PUT,74750,6340,,,29.01,19.69,7085,1,6590,7,,,,,
2026/10/02 15:01,2026-10-02T15:16:46+09:00,2026/10/02,2026/11/12,2026-11,CALL,74500,560,121,5,24.48,24.3,460,11,450,6,24.59,-105,-18.58,460,10/02 13:00
2026/10/02 15:01,2026-10-02T15:16:46+09:00,2026/10/02,2026/11/12,2026-11,PUT,74500,6130,,,28.27,20.1,6830,2,6380,12,,,,,
2026/10/02 15:01,2026-10-02T15:16:46+09:00,2026/10/02,2026/11/12,2026-11,CALL,74250,595,1,,24.54,24.2,500,4,480,30,,,,,
2026/10/02 15:01,2026-10-02T15:16:46+09:00,2026/10/02,2026/11/12,2026-11,PUT,74250,5915,,,27.13,20.31,6550,1,6165,7,,,,,
2026/10/02 15:01,2026-10-02T15:16:46+09:00,2026/10/02,2026/11/12,2026-11,CALL,74000,640,228,111,24.48,24.23,535,14,520,57,24.34,-95,-14.84,545,10/02 14:08
2026/10/02 15:01,2026-10-02T15:16:46+09:00,2026/10/02,2026/11/12,2026-11,PUT,74000,5715,,,27.52,20.74,6370,3,5965,18,,,,,
2026/10/02 15:01,2026-10-02T15:16:46+09:00,2026/10/02,2026/11/12,2026-11,CALL,73750,680,3,17,24.54,24.22,580,4,560,21,24.39,200,54.05,570,10/02 12:56
2026/10/02 15:01,2026-10-02T15:16:46+09:00,2026/10/02,2026/11/12,2026-11,PUT,73750,5505,,,25.85,20.89,6055,1,5755,7,,,,,
2026/10/02 15:01,2026-10-02T15:16:46+09:00,2026/10/02,2026/11/12,2026-11,CALL,73500,740,15,7,24.48,24.33,620,2,610,4,24.18,-175,-23.33,575,10/02 10:46
2026/10/02 15:01,2026-10-02T15:16:46+09:00,2026/10/02,2026/11/12,2026-11,PUT,73500,5315,,,28.53,21.33,6040,2,5565,12,,,,,
2026/10/02 15:01,2026-10-02T15:16:46+09:00,2026/10/02,2026/11/12,2026-11,CALL,73250,785,6,,24.53,24.24,670,4,650,2,,,,,
2026/10/02 15:01,2026-10-02T15:16:46+09:00,2026/10/02,2026/11/12,2026-11,PUT,73250,5115,,,26.96,21.51,5730,1,5365,7,,,,,
2026/10/02 15:01,2026-10-02T15:16:46+09:00,2026/10/02,2026/11/12,2026-11,CALL,73000,890,209,53,24.54,24.26,720,11,700,46,24.64,-170,-19.1,720,10/02 13:50
2026/10/02 15:01,2026-10-02T15:16:46+09:00,2026/10/02,2026/11/12,2026-11,PUT,73000,4925,,,28.91,21.87,5680,8,5180,8,,,,,
2026/10/02 15:01,2026-10-02T15:16:46+09:00,2026/10/02,2026/11/12,2026-11,CALL,72750,920,1,1,24.51,24.37,770,1,760,1,24.03,,,775,10/02 11:17
2026/10/02 15:01,2026-10-02T15:16:46+09:00,2026/10/02,2026/11/12,2026-11,PUT,72750,4730,,,27.54,22,5385,5,4985,4,,,,,
2026/10/02 15:01,2026-10-02T15:16:46+09:00,2026/10/02,2026/11/12,2026-11,CALL,72500,980,612,41,24.58,24.37,830,4,815,4,24.47,-185,-18.32,825,10/02 12:32
2026/10/02 15:01,2026-10-02T15:16:46+09:00,2026/10/02,2026/11/12,2026-11,PUT,72500,4525,330,,28.48,21.87,5270,4,4775,16,,,,,
2026/10/02 15:01,2026-10-02T15:16:46+09:00,2026/10/02,2026/11/12,2026-11,CALL,72250,1060,8,3,24.6,24.4,890,3,875,3,24.5,275,45.08,885,10/02 12:32
2026/10/02 15:01,2026-10-02T15:16:46+09:00,2026/10/02,2026/11/12,2026-11,PUT,72250,4350,,,28.11,22.25,5055,4,4605,4,,,,,
2026/10/02 15:01,2026-10-02T15:16:46+09:00,2026/10/02,2026/11/12,2026-11,CALL,72125,1095,93,,25.75,24.33,1010,25,900,1,,,,,
2026/10/02 15:01,2026-10-02T15:16:46+09:00,2026/10/02,2026/11/12,2026-11,PUT,72125,4270,,,27.75,22.41,4935,1,4520,6,,,,,
2026/10/02 15:01,2026-10-02T15:16:46+09:00,2026/10/02,2026/11/12,2026-11,CALL,72000,1135,1722,69,24.64,24.38,955,43,935,11,24.51,-165,-14.47,975,10/02 13:06
2026/10/02 15:01,2026-10-02T15:16:46+09:00,2026/10/02,2026/11/12,2026-11,PUT,72000,4165,,,28.2,22.36,4880,8,4420,8,,,,,
2026/10/02 15:01,2026-10-02T15:16:46+09:00,2026/10/02,2026/11/12,2026-11,CALL,71875,1150,,,25.8,24.17,1080,24,950,10,,,,,
2026/10/02 15:01,2026-10-02T15:16:46+09:00,2026/10/02,2026/11/12,2026-11,PUT,71875,4095,,,25.86,22.62,4600,1,4345,6,,,,,
2026/10/02 15:01,2026-10-02T15:16:46+09:00,2026/10/02,2026/11/12,2026-11,CALL,71750,1210,,1,24.64,24.32,1020,3,995,23,24.74,,,1045,10/01 18:21
2026/10/02 15:01,2026-10-02T15:16:46+09:00,2026/10/02,2026/11/12,2026-11,PUT,71750,4005,,,26.06,22.74,4525,5,4260,4,,,,,
2026/10/02 15:01,2026-10-02T15:16:46+09:00,2026/10/02,2026/11/12,2026-11,CALL,71625,1230,8,,25.39,24.34,1115,24,1030,9,,,,,
2026/10/02 15:01,2026-10-02T15:16:46+09:00,2026/10/02,2026/11/12,2026-11,PUT,71625,3930,,,27.69,22.9,4570,5,4180,6,,,,,
2026/10/02 15:01,2026-10-02T15:16:46+09:00,2026/10/02,2026/11/12,2026-11,CALL,71500,1275,366,11,24.78,24.23,1100,40,1055,40,24.3,105,10.77,1080,10/02 11:34
2026/10/02 15:01,2026-10-02T15:16:46+09:00,2026/10/02,2026/11/12,2026-11,PUT,71500,3835,,,27.84,22.92,4495,4,4090,4,,,,,
2026/10/02 15:01,2026-10-02T15:16:46+09:00,2026/10/02,2026/11/12,2026-11,CALL,71375,1315,,,25.55,24.04,1200,24,1075,1,,,,,
2026/10/02 15:01,2026-10-02T15:16:46+09:00,2026/10/02,2026/11/12,2026-11,PUT,71375,3750,,,26.03,22.94,4255,1,4000,6,,,,,
2026/10/02 15:01,2026-10-02T15:16:46+09:00,2026/10/02,2026/11/12,2026-11,CALL,71250,1375,6,,24.81,24.27,1175,13,1130,2,,,,,
2026/10/02 15:01,2026-10-02T15:16:46+09:00,2026/10/02,2026/11/12,2026-11,PUT,71250,3675,,,27.53,23.18,4295,4,3930,4,,,,,
2026/10/02 15:01,2026-10-02T15:16:46+09:00,2026/10/02,2026/11/12,2026-11,CALL,71125,1405,2,,25.43,24.07,1265,24,1150,8,,,,,
2026/10/02 15:01,2026-10-02T15:16:46+09:00,2026/10/02,2026/11/12,2026-11,PUT,71125,3590,,,27.48,23.17,4205,5,3840,6,,,,,
2026/10/02 15:01,2026-10-02T15:16:46+09:00,2026/10/02,2026/11/12,2026-11,CALL,71000,1470,1333,17,24.74,24.5,1245,6,1225,10,24.8,-275,-18.33,1225,10/02 14:38
2026/10/02 15:01,2026-10-02T15:16:46+09:00,2026/10/02,2026/11/12,2026-11,PUT,71000,3505,,,25.21,24.15,3925,10,3835,2,,,,,
2026/10/02 15:01,2026-10-02T15:16:46+09:00,2026/10/02,2026/11/12,2026-11,CALL,70875,1500,,,24.92,24.16,1300,9,1235,7,,,,,
2026/10/02 15:01,2026-10-02T15:16:46+09:00,2026/10/02,2026/11/12,2026-11,PUT,70875,3435,,,27.35,23.4,4025,5,3685,6,,,,,
2026/10/02 15:01,2026-10-02T15:16:46+09:00,2026/10/02,2026/11/12,2026-11,CALL,70750,1550,4,,24.8,24.4,1330,2,1295,2,,,,,
2026/10/02 15:01,2026-10-02T15:16:46+09:00,2026/10/02,2026/11/12,2026-11,PUT,70750,3330,160,,25.38,23.93,3770,5,3645,5,,,,,
2026/10/02 15:01,2026-10-02T15:16:46+09:00,2026/10/02,2026/11/12,2026-11,CALL,70625,1595,,,24.9,24.21,1380,20,1320,7,,,,,
2026/10/02 15:01,2026-10-02T15:16:46+09:00,2026/10/02,2026/11/12,2026-11,PUT,70625,3255,,,27.24,23.29,3850,5,3505,6,,,,,
2026/10/02 15:01,2026-10-02T15:16:46+09:00,2026/10/02,2026/11/12,2026-11,CALL,70500,1650,30,2,24.88,24.48,1420,37,1385,37,24.58,140,11.11,1400,10/02 12:48
2026/10/02 15:01,2026-10-02T15:16:46+09:00,2026/10/02,2026/11/12,2026-11,PUT,70500,3180,,,25.56,24.02,3620,12,3485,5,,,,,
2026/10/02 15:01,2026-10-02T15:16:46+09:00,2026/10/02,2026/11/12,2026-11,CALL,70375,1695,102,,25.07,24.22,1480,40,1405,40,,,,,
2026/10/02 15:01,2026-10-02T15:16:46+09:00,2026/10/02,2026/11/12,2026-11,PUT,70375,3105,,,26.53,23.48,3625,1,3355,6,,,,,
2026/10/02 15:01,2026-10-02T15:16:46+09:00,2026/10/02,2026/11/12,2026-11,CALL,70250,1750,119,3,24.85,24.34,1505,1,1460,50,24.93,60,3.87,1610,10/01 21:12
2026/10/02 15:01,2026-10-02T15:16:46+09:00,2026/10/02,2026/11/12,2026-11,PUT,70250,3025,,,25.3,24.17,3435,5,3335,1,,,,,
2026/10/02 15:01,2026-10-02T15:16:46+09:00,2026/10/02,2026/11/12,2026-11,CALL,70125,1815,,,25.07,24.23,1570,40,1495,40,,,,,
2026/10/02 15:01,2026-10-02T15:16:46+09:00,2026/10/02,2026/11/12,2026-11,PUT,70125,2970,,,27.08,23.78,3515,5,3220,6,,,,,
2026/10/02 15:01,2026-10-02T15:16:46+09:00,2026/10/02,2026/11/12,2026-11,CALL,70000,1925,1113,69,24.95,24.72,1605,38,1585,6,24.91,-315,-16.36,1610,10/02 13:31
2026/10/02 15:01,2026-10-02T15:16:46+09:00,2026/10/02,2026/11/12,2026-11,PUT,70000,2890,670,1,25.17,24.45,3265,4,3200,4,25.15,195,6.67,3120,10/01 21:09
2026/10/02 15:01,2026-10-02T15:16:46+09:00,2026/10/02,2026/11/12,2026-11,CALL,69875,1920,16,,25.25,24.42,1680,40,1605,40,,,,,
2026/10/02 15:01,2026-10-02T15:16:46+09:00,2026/10/02,2026/11/12,2026-11,PUT,69875,2830,,,25.81,23.98,3245,7,3080,6,,,,,
2026/10/02 15:01,2026-10-02T15:16:46+09:00,2026/10/02,2026/11/12,2026-11,CALL,69750,1980,1,,25.16,24.39,1720,1,1650,61,,,,,
2026/10/02 15:01,2026-10-02T15:16:46+09:00,2026/10/02,2026/11/12,2026-11,PUT,69750,2755,,,25.44,24.5,3135,5,3050,1,,,,,
2026/10/02 15:01,2026-10-02T15:16:46+09:00,2026/10/02,2026/11/12,2026-11,CALL,69625,2020,,,25.28,24.51,1780,7,1710,40,,,,,
2026/10/02 15:01,2026-10-02T15:16:46+09:00,2026/10/02,2026/11/12,2026-11,PUT,69625,2695,,,26.1,24.18,3120,8,2945,1,,,,,
2026/10/02 15:01,2026-10-02T15:16:46+09:00,2026/10/02,2026/11/12,2026-11,CALL,69500,2090,16,,25.22,24.51,1825,1,1760,61,,,,,
2026/10/02 15:01,2026-10-02T15:16:46+09:00,2026/10/02,2026/11/12,2026-11,PUT,69500,2620,1,,25.33,24.62,2975,1,2910,1,,,,,
2026/10/02 15:01,2026-10-02T15:16:46+09:00,2026/10/02,2026/11/12,2026-11,CALL,69375,2145,118,,25.37,24.55,1890,40,1815,40,,,,,
2026/10/02 15:01,2026-10-02T15:16:46+09:00,2026/10/02,2026/11/12,2026-11,PUT,69375,2565,,,25.7,24.01,2935,13,2780,13,,,,,
2026/10/02 15:01,2026-10-02T15:16:46+09:00,2026/10/02,2026/11/12,2026-11,CALL,69250,2210,,,25.24,24.69,1930,1,1880,41,,,,,
2026/10/02 15:01,2026-10-02T15:16:46+09:00,2026/10/02,2026/11/12,2026-11,PUT,69250,2500,,,25.24,24.69,2820,1,2770,1,,,,,
2026/10/02 15:01,2026-10-02T15:16:46+09:00,2026/10/02,2026/11/12,2026-11,CALL,69125,2215,,,25.47,24.71,2005,7,1935,40,,,,,
2026/10/02 15:01,2026-10-02T15:16:46+09:00,2026/10/02,2026/11/12,2026-11,PUT,69125,2440,,,25.42,24.6,2765,20,2690,27,,,,,
2026/10/02 15:01,2026-10-02T15:16:46+09:00,2026/10/02,2026/11/12,2026-11,CALL,69000,2345,3867,15,25.2,24.99,2035,1,2015,4,25.26,-10,-0.49,2050,10/02 10:57
2026/10/02 15:01,2026-10-02T15:16:46+09:00,2026/10/02,2026/11/12,2026-11,PUT,69000,2360,473,,25.37,24.66,2690,1,2625,1,,,,,
2026/10/02 15:01,2026-10-02T15:16:46+09:00,2026/10/02,2026/11/12,2026-11,CALL,68875,2340,25,,25.25,24.5,2095,7,2025,40,,,,,
2026/10/02 15:01,2026-10-02T15:16:46+09:00,2026/10/02,2026/11/12,2026-11,PUT,68875,2320,,,25.47,24.71,2630,40,2560,7,,,,,
2026/10/02 15:01,2026-10-02T15:16:46+09:00,2026/10/02,2026/11/12,2026-11,CALL,68750,2460,10,,25.35,24.64,2160,1,2095,41,,,,,
2026/10/02 15:01,2026-10-02T15:16:46+09:00,2026/10/02,2026/11/12,2026-11,PUT,68750,2255,,,25.45,24.86,2560,21,2505,2,,,,,
2026/10/02 15:01,2026-10-02T15:16:46+09:00,2026/10/02,2026/11/12,2026-11,CALL,68625,2485,,1,25.37,24.67,2220,7,2155,27,24.78,,,2190,10/02 14:28
2026/10/02 15:01,2026-10-02T15:16:46+09:00,2026/10/02,2026/11/12,2026-11,PUT,68625,2205,,,25.43,24.67,2490,20,2420,27,,,,,
2026/10/02 15:01,2026-10-02T15:16:46+09:00,2026/10/02,2026/11/12,2026-11,CALL,68500,2565,15,1,25.49,25.17,2290,3,2260,1,25.39,,,2235,10/02 14:47
2026/10/02 15:01,2026-10-02T15:16:46+09:00,2026/10/02,2026/11/12,2026-11,PUT,68500,2135,182,1,25.55,25.06,2435,35,2390,1,25.87,235,10.66,2440,10/02 14:26
2026/10/02 15:01,2026-10-02T15:16:46+09:00,2026/10/02,2026/11/12,2026-11,CALL,68375,2615,16,,25.5,24.69,2350,40,2275,40,,,,,
2026/10/02 15:01,2026-10-02T15:16:46+09:00,2026/10/02,2026/11/12,2026-11,PUT,68375,2080,16,1,25.61,24.9,2375,7,2310,7,25.19,,,2320,10/02 10:23
2026/10/02 15:01,2026-10-02T15:16:46+09:00,2026/10/02,2026/11/12,2026-11,CALL,68250,2710,,,25.6,25.06,2420,1,2370,21,,,,,
2026/10/02 15:01,2026-10-02T15:16:46+09:00,2026/10/02,2026/11/12,2026-11,PUT,68250,2020,,,25.76,25.11,2325,41,2265,1,,,,,
2026/10/02 15:01,2026-10-02T15:16:46+09:00,2026/10/02,2026/11/12,2026-11,CALL,68125,2765,,,25.8,24.98,2500,40,2425,40,,,,,
2026/10/02 15:01,2026-10-02T15:16:46+09:00,2026/10/02,2026/11/12,2026-11,PUT,68125,1975,,,25.69,24.87,2255,40,2180,40,,,,,
2026/10/02 15:01,2026-10-02T15:16:46+09:00,2026/10/02,2026/11/12,2026-11,CALL,68000,2890,625,13,25.6,25,2545,4,2490,42,25.01,55,2.21,2540,10/02 12:05
2026/10/02 15:01,2026-10-02T15:16:46+09:00,2026/10/02,2026/11/12,2026-11,PUT,68000,1925,207,38,25.55,25.28,2180,4,2155,4,25.61,245,12.73,2170,10/02 14:16
2026/10/02 15:01,2026-10-02T15:16:46+09:00,2026/10/02,2026/11/12,2026-11,CALL,67875,2910,1,,26.16,24.8,2660,6,2535,12,,,,,
2026/10/02 15:01,2026-10-02T15:16:46+09:00,2026/10/02,2026/11/12,2026-11,PUT,67875,1870,,,25.78,25.01,2140,20,2070,27,,,,,
2026/10/02 15:01,2026-10-02T15:16:46+09:00,2026/10/02,2026/11/12,2026-11,CALL,67750,3005,35,,26.27,24.85,2735,5,2605,12,,,,,
2026/10/02 15:01,2026-10-02T15:16:46+09:00,2026/10/02,2026/11/12,2026-11,PUT,67750,1835,1,,25.83,25.34,2085,41,2040,1,,,,,
2026/10/02 15:01,2026-10-02T15:16:46+09:00,2026/10/02,2026/11/12,2026-11,CALL,67625,3045,,,26.21,24.95,2795,1,2680,5,,,,,
2026/10/02 15:01,2026-10-02T15:16:46+09:00,2026/10/02,2026/11/12,2026-11,PUT,67625,1775,,,25.99,25.22,2040,20,1970,27,,,,,
2026/10/02 15:01,2026-10-02T15:16:46+09:00,2026/10/02,2026/11/12,2026-11,CALL,67500,3160,929,,26.02,25.25,2845,1,2775,1,,,,,
2026/10/02 15:01,2026-10-02T15:16:46+09:00,2026/10/02,2026/11/12,2026-11,PUT,67500,1735,4,,26.02,25.47,1985,1,1935,3,,,,,
2026/10/02 15:01,2026-10-02T15:16:46+09:00,2026/10/02,2026/11/12,2026-11,CALL,67375,3195,,,26.37,24.88,2945,6,2810,5,,,,,
2026/10/02 15:01,2026-10-02T15:16:46+09:00,2026/10/02,2026/11/12,2026-11,PUT,67375,1680,,,26.15,25.38,1940,40,1870,7,,,,,
2026/10/02 15:01,2026-10-02T15:16:46+09:00,2026/10/02,2026/11/12,2026-11,CALL,67250,3310,,,26.33,25.33,3010,1,2920,1,,,,,
2026/10/02 15:01,2026-10-02T15:16:46+09:00,2026/10/02,2026/11/12,2026-11,PUT,67250,1640,,2,26.11,25.55,1880,2,1830,2,26.27,-5,-0.28,1765,10/01 20:02
2026/10/02 15:01,2026-10-02T15:16:46+09:00,2026/10/02,2026/11/12,2026-11,CALL,67125,3370,,,26.78,24.27,3120,6,2895,5,,,,,
2026/10/02 15:01,2026-10-02T15:16:46+09:00,2026/10/02,2026/11/12,2026-11,PUT,67125,1605,,1,26.28,25.55,1840,28,1775,8,26.04,,,1805,10/02 14:13
2026/10/02 15:01,2026-10-02T15:16:46+09:00,2026/10/02,2026/11/12,2026-11,CALL,67000,3455,1436,2,26.32,25.54,3150,4,3080,19,26.68,-185,-5.78,3015,10/01 23:47
2026/10/02 15:01,2026-10-02T15:16:46+09:00,2026/10/02,2026/11/12,2026-11,PUT,67000,1540,900,11,25.99,25.76,1760,3,1740,2,26.04,375,24.59,1900,10/01 23:22
2026/10/02 15:01,2026-10-02T15:16:46+09:00,2026/10/02,2026/11/12,2026-11,CALL,66875,3565,,,27.37,24.43,3315,6,3055,1,,,,,
2026/10/02 15:01,2026-10-02T15:16:46+09:00,2026/10/02,2026/11/12,2026-11,PUT,66875,1550,,,26.47,25.74,1750,28,1685,8,,,,,
2026/10/02 15:01,2026-10-02T15:16:46+09:00,2026/10/02,2026/11/12,2026-11,CALL,66750,3620,6,,26.55,25.47,3315,1,3220,5,,,,,
2026/10/02 15:01,2026-10-02T15:16:46+09:00,2026/10/02,2026/11/12,2026-11,PUT,66750,1480,,1,26.38,25.93,1690,10,1650,3,26.18,,,1665,10/02 08:49
2026/10/02 15:01,2026-10-02T15:16:46+09:00,2026/10/02,2026/11/12,2026-11,CALL,66625,3705,,,27.3,24.33,3455,6,3195,5,,,,,
2026/10/02 15:01,2026-10-02T15:16:46+09:00,2026/10/02,2026/11/12,2026-11,PUT,66625,1440,,,26.39,25.88,1640,8,1595,8,,,,,
2026/10/02 15:01,2026-10-02T15:16:46+09:00,2026/10/02,2026/11/12,2026-11,CALL,66500,3785,1,,26.56,25.24,3465,1,3350,12,,,,,
2026/10/02 15:01,2026-10-02T15:16:46+09:00,2026/10/02,2026/11/12,2026-11,PUT,66500,1380,441,2,26.56,26.05,1605,33,1560,2,26.16,115,7.88,1575,10/02 10:30
2026/10/02 15:01,2026-10-02T15:16:46+09:00,2026/10/02,2026/11/12,2026-11,CALL,66375,3905,,,27.88,24.4,3655,6,3355,5,,,,,
2026/10/02 15:01,2026-10-02T15:16:46+09:00,2026/10/02,2026/11/12,2026-11,PUT,66375,1390,,,26.79,25.97,1575,48,1505,9,,,,,
2026/10/02 15:01,2026-10-02T15:16:46+09:00,2026/10/02,2026/11/12,2026-11,CALL,66250,3960,1,,26.82,25.24,3640,1,3505,5,,,,,
2026/10/02 15:01,2026-10-02T15:16:46+09:00,2026/10/02,2026/11/12,2026-11,PUT,66250,1320,,,26.71,26.18,1520,51,1475,2,,,,,
2026/10/02 15:01,2026-10-02T15:16:46+09:00,2026/10/02,2026/11/12,2026-11,CALL,66125,4085,4,,28.2,24.36,3835,6,3510,5,,,,,
2026/10/02 15:01,2026-10-02T15:16:46+09:00,2026/10/02,2026/11/12,2026-11,PUT,66125,1320,,,27.14,25.37,1510,9,1360,24,,,,,
2026/10/02 15:01,2026-10-02T15:16:46+09:00,2026/10/02,2026/11/12,2026-11,CALL,66000,4135,669,,27.81,24.66,3880,8,3615,8,,,,,
2026/10/02 15:01,2026-10-02T15:16:46+09:00,2026/10/02,2026/11/12,2026-11,PUT,66000,1230,1819,53,26.57,26.39,1415,5,1400,2,26.09,200,16.6,1405,10/02 14:57
2026/10/02 15:01,2026-10-02T15:16:46+09:00,2026/10/02,2026/11/12,2026-11,CALL,65875,4235,50,,28.12,24.03,3985,6,3645,1,,,,,
2026/10/02 15:01,2026-10-02T15:16:46+09:00,2026/10/02,2026/11/12,2026-11,PUT,65875,1220,,,27.05,25.61,1410,1,1290,24,,,,,
2026/10/02 15:01,2026-10-02T15:16:46+09:00,2026/10/02,2026/11/12,2026-11,CALL,65750,4320,1,,28.19,24.42,4070,11,3760,4,,,,,
2026/10/02 15:01,2026-10-02T15:16:46+09:00,2026/10/02,2026/11/12,2026-11,PUT,65750,1180,,1,26.92,26.5,1355,20,1320,3,26.55,,,1345,10/02 10:35
2026/10/02 15:01,2026-10-02T15:16:46+09:00,2026/10/02,2026/11/12,2026-11,CALL,65625,4430,,,28.55,24.38,4180,6,3840,5,,,,,
2026/10/02 15:01,2026-10-02T15:16:46+09:00,2026/10/02,2026/11/12,2026-11,PUT,65625,1170,,,27.58,25.68,1365,9,1210,24,,,,,
2026/10/02 15:01,2026-10-02T15:16:46+09:00,2026/10/02,2026/11/12,2026-11,CALL,65500,4500,209,,28.41,24.32,4250,16,3920,4,,,,,
2026/10/02 15:01,2026-10-02T15:16:46+09:00,2026/10/02,2026/11/12,2026-11,PUT,65500,1105,135,,26.94,26.69,1270,37,1250,2,,,,,
2026/10/02 15:01,2026-10-02T15:16:46+09:00,2026/10/02,2026/11/12,2026-11,CALL,65375,4595,11,,28.57,24.75,4345,6,4040,1,,,,,
2026/10/02 15:01,2026-10-02T15:16:46+09:00,2026/10/02,2026/11/12,2026-11,PUT,65375,1080,30,,27.45,25.77,1270,10,1135,24,,,,,
2026/10/02 15:01,2026-10-02T15:16:46+09:00,2026/10/02,2026/11/12,2026-11,CALL,65250,4685,,,28.65,23.36,4435,11,4020,5,,,,,
2026/10/02 15:01,2026-10-02T15:16:46+09:00,2026/10/02,2026/11/12,2026-11,PUT,65250,1035,,,27.22,26.84,1210,20,1180,3,,,,,
2026/10/02 15:01,2026-10-02T15:16:46+09:00,2026/10/02,2026/11/12,2026-11,CALL,65125,4800,1,,29.05,25.55,4550,6,4275,1,,,,,
2026/10/02 15:01,2026-10-02T15:16:46+09:00,2026/10/02,2026/11/12,2026-11,PUT,65125,1035,,,27.85,26,1220,10,1075,24,,,,,
2026/10/02 15:01,2026-10-02T15:16:46+09:00,2026/10/02,2026/11/12,2026-11,CALL,65000,4870,433,5,28.74,23.03,4610,26,4175,26,27.06,,,4425,10/02 14:37
2026/10/02 15:01,2026-10-02T15:16:46+09:00,2026/10/02,2026/11/12,2026-11,PUT,65000,980,1265,53,27.27,27.01,1135,49,1115,10,27.05,100,10.2,1080,10/02 10:08
2026/10/02 15:01,2026-10-02T15:16:46+09:00,2026/10/02,2026/11/12,2026-11,CALL,64875,4995,,,29.37,24.25,4745,6,4355,1,,,,,
2026/10/02 15:01,2026-10-02T15:16:46+09:00,2026/10/02,2026/11/12,2026-11,PUT,64875,980,,,27.7,26.06,1130,10,1005,25,,,,,
2026/10/02 15:01,2026-10-02T15:16:46+09:00,2026/10/02,2026/11/12,2026-11,CALL,64750,5070,,,29.23,25.33,4820,11,4525,5,,,,,
2026/10/02 15:01,2026-10-02T15:16:46+09:00,2026/10/02,2026/11/12,2026-11,PUT,64750,930,4,2,27.41,27.14,1070,3,1050,3,27.4,,,1015,10/02 10:13
2026/10/02 15:01,2026-10-02T15:16:46+09:00,2026/10/02,2026/11/12,2026-11,CALL,64625,5195,1,,29.73,25.12,4945,6,4600,1,,,,,
2026/10/02 15:01,2026-10-02T15:16:46+09:00,2026/10/02,2026/11/12,2026-11,PUT,64625,930,494,,27.89,26.01,1070,10,930,25,,,,,
2026/10/02 15:01,2026-10-02T15:16:46+09:00,2026/10/02,2026/11/12,2026-11,CALL,64500,5265,201,,29.51,25.23,5015,16,4700,6,,,,,
2026/10/02 15:01,2026-10-02T15:16:46+09:00,2026/10/02,2026/11/12,2026-11,PUT,64500,880,300,1,27.57,27.37,1010,4,995,2,27.74,,,1005,10/01 22:16
2026/10/02 15:01,2026-10-02T15:16:46+09:00,2026/10/02,2026/11/12,2026-11,CALL,64375,5385,2,,29.93,25.83,5135,6,4835,1,,,,,
2026/10/02 15:01,2026-10-02T15:16:46+09:00,2026/10/02,2026/11/12,2026-11,PUT,64375,875,82,,28.25,27.36,1025,10,960,1,,,,,
2026/10/02 15:01,2026-10-02T15:16:46+09:00,2026/10/02,2026/11/12,2026-11,CALL,64250,5470,,,29.88,25.57,5220,11,4910,5,,,,,
2026/10/02 15:01,2026-10-02T15:16:46+09:00,2026/10/02,2026/11/12,2026-11,PUT,64250,835,,,27.9,27.55,965,19,940,2,,,,,
2026/10/02 15:01,2026-10-02T15:16:46+09:00,2026/10/02,2026/11/12,2026-11,CALL,64125,5570,,,30.02,24.55,5320,6,4935,5,,,,,
2026/10/02 15:01,2026-10-02T15:16:46+09:00,2026/10/02,2026/11/12,2026-11,PUT,64125,810,,1,29.27,27.53,1030,25,905,2,27.72,,,885,10/02 10:14
2026/10/02 15:01,2026-10-02T15:16:46+09:00,2026/10/02,2026/11/12,2026-11,CALL,64000,5670,131,,30.16,23.36,5420,26,4955,11,,,,,
2026/10/02 15:01,2026-10-02T15:16:46+09:00,2026/10/02,2026/11/12,2026-11,PUT,64000,770,741,20,27.99,27.7,905,46,885,5,28.37,150,19.48,920,10/02 14:31
2026/10/02 15:01,2026-10-02T15:16:46+09:00,2026/10/02,2026/11/12,2026-11,CALL,63875,5790,,,30.56,23.71,5540,6,5075,1,,,,,
2026/10/02 15:01,2026-10-02T15:16:46+09:00,2026/10/02,2026/11/12,2026-11,PUT,63875,775,,,28.38,27.73,900,11,855,2,,,,,
2026/10/02 15:01,2026-10-02T15:16:46+09:00,2026/10/02,2026/11/12,2026-11,CALL,63750,5875,,,30.41,24.37,5620,4,5215,5,,,,,
2026/10/02 15:01,2026-10-02T15:16:46+09:00,2026/10/02,2026/11/12,2026-11,PUT,63750,740,1,10,28.25,27.89,860,16,835,4,28.16,-225,-21.74,810,10/02 10:10
2026/10/02 15:01,2026-10-02T15:16:46+09:00,2026/10/02,2026/11/12,2026-11,CALL,63625,5995,,,30.87,24.55,5745,6,5325,5,,,,,
2026/10/02 15:01,2026-10-02T15:16:46+09:00,2026/10/02,2026/11/12,2026-11,PUT,63625,735,,,28.71,27.97,860,12,810,2,,,,,
2026/10/02 15:01,2026-10-02T15:16:46+09:00,2026/10/02,2026/11/12,2026-11,CALL,63500,6085,17,,30.84,25.29,5835,12,5470,2,,,,,
2026/10/02 15:01,2026-10-02T15:16:46+09:00,2026/10/02,2026/11/12,2026-11,PUT,63500,690,13,2,28.26,28.11,800,4,790,2,28.16,100,15.04,765,10/02 10:07
2026/10/02 15:01,2026-10-02T15:16:46+09:00,2026/10/02,2026/11/12,2026-11,CALL,63375,6205,,,31.23,24.46,5955,6,5520,1,,,,,
2026/10/02 15:01,2026-10-02T15:16:46+09:00,2026/10/02,2026/11/12,2026-11,PUT,63375,695,,,28.78,28.17,805,12,765,2,,,,,
2026/10/02 15:01,2026-10-02T15:16:46+09:00,2026/10/02,2026/11/12,2026-11,CALL,63250,6295,15,,31.17,22.43,6045,7,5510,1,,,,,
2026/10/02 15:01,2026-10-02T15:16:46+09:00,2026/10/02,2026/11/12,2026-11,PUT,63250,655,16,6,28.45,28.3,755,2,745,4,28.4,-140,-16.28,720,10/02 11:17
2026/10/02 15:01,2026-10-02T15:16:46+09:00,2026/10/02,2026/11/12,2026-11,CALL,63125,6415,,,31.56,24.03,6165,6,5700,1,,,,,
2026/10/02 15:01,2026-10-02T15:16:46+09:00,2026/10/02,2026/11/12,2026-11,PUT,63125,650,,,29.2,28.34,775,12,720,2,,,,,
2026/10/02 15:01,2026-10-02T15:16:46+09:00,2026/10/02,2026/11/12,2026-11,CALL,63000,6505,,,31.48,21.28,6255,18,5665,3,,,,,
2026/10/02 15:01,2026-10-02T15:16:46+09:00,2026/10/02,2026/11/12,2026-11,PUT,63000,620,1287,52,28.77,28.53,720,55,705,2,28.63,85,14.17,685,10/02 10:14
2026/10/02 15:01,2026-10-02T15:16:46+09:00,2026/10/02,2026/11/12,2026-11,CALL,62875,6625,,,31.86,26.35,6375,6,6035,1,,,,,
2026/10/02 15:01,2026-10-02T15:16:46+09:00,2026/10/02,2026/11/12,2026-11,PUT,62875,615,1,,29.52,27.3,740,12,605,27,,,,,
2026/10/02 15:01,2026-10-02T15:16:46+09:00,2026/10/02,2026/11/12,2026-11,CALL,62750,6720,,,31.84,23.27,6470,7,5975,6,,,,,
2026/10/02 15:01,2026-10-02T15:16:46+09:00,2026/10/02,2026/11/12,2026-11,PUT,62750,580,32,10,28.97,28.72,680,16,665,2,29.35,50,8.62,630,10/02 09:27
2026/10/02 15:01,2026-10-02T15:16:46+09:00,2026/10/02,2026/11/12,2026-11,CALL,62625,6840,,,32.21,24.25,6590,6,6130,4,,,,,
2026/10/02 15:01,2026-10-02T15:16:46+09:00,2026/10/02,2026/11/12,2026-11,PUT,62625,580,109,,29.39,27.6,680,12,575,27,,,,,
2026/10/02 15:01,2026-10-02T15:16:46+09:00,2026/10/02,2026/11/12,2026-11,CALL,62500,6940,,,32.26,27.21,6690,12,6390,20,,,,,
2026/10/02 15:01,2026-10-02T15:16:46+09:00,2026/10/02,2026/11/12,2026-11,PUT,62500,555,450,56,29.06,28.88,635,4,625,6,28.87,100,18.69,635,10/02 14:45
2026/10/02 15:01,2026-10-02T15:16:46+09:00,2026/10/02,2026/11/12,2026-11,CALL,62375,7060,,,32.62,26.1,6810,5,6435,1,,,,,
2026/10/02 15:01,2026-10-02T15:16:46+09:00,2026/10/02,2026/11/12,2026-11,PUT,62375,550,,,30.16,27.79,675,12,540,27,,,,,
2026/10/02 15:01,2026-10-02T15:16:46+09:00,2026/10/02,2026/11/12,2026-11,CALL,62250,7155,,,32.57,23.57,6905,7,6420,1,,,,,
2026/10/02 15:01,2026-10-02T15:16:46+09:00,2026/10/02,2026/11/12,2026-11,PUT,62250,525,102,3,29.27,29.19,600,2,595,2,29.22,-155,-21.53,565,10/02 09:59
2026/10/02 15:01,2026-10-02T15:16:46+09:00,2026/10/02,2026/11/12,2026-11,CALL,62125,7275,,,32.93,22.26,7025,6,6475,1,,,,,
2026/10/02 15:01,2026-10-02T15:16:46+09:00,2026/10/02,2026/11/12,2026-11,PUT,62125,515,,,29.86,27.85,610,12,500,27,,,,,
2026/10/02 15:01,2026-10-02T15:16:46+09:00,2026/10/02,2026/11/12,2026-11,CALL,62000,7375,,,32.94,24.18,7125,18,6665,12,,,,,
2026/10/02 15:01,2026-10-02T15:16:46+09:00,2026/10/02,2026/11/12,2026-11,PUT,62000,480,1939,122,29.55,29.37,570,8,560,2,29.34,90,18.75,570,10/02 14:34
2026/10/02 15:01,2026-10-02T15:16:46+09:00,2026/10/02,2026/11/12,2026-11,CALL,61875,7495,,,33.29,24.07,7245,6,6770,4,,,,,
2026/10/02 15:01,2026-10-02T15:16:46+09:00,2026/10/02,2026/11/12,2026-11,PUT,61875,485,,,30.23,28.05,585,13,470,27,,,,,
2026/10/02 15:01,2026-10-02T15:16:46+09:00,2026/10/02,2026/11/12,2026-11,CALL,61750,7600,,,33.38,24.31,7350,7,6890,5,,,,,
2026/10/02 15:01,2026-10-02T15:16:46+09:00,2026/10/02,2026/11/12,2026-11,PUT,61750,465,8,9,29.8,29.61,540,2,530,2,30.03,,,545,10/02 14:25
2026/10/02 15:01,2026-10-02T15:16:46+09:00,2026/10/02,2026/11/12,2026-11,CALL,61625,7720,,,33.72,21.66,7470,6,6905,1,,,,,
2026/10/02 15:01,2026-10-02T15:16:46+09:00,2026/10/02,2026/11/12,2026-11,PUT,61625,460,6,,30.58,28.63,560,14,460,29,,,,,
2026/10/02 15:01,2026-10-02T15:16:46+09:00,2026/10/02,2026/11/12,2026-11,CALL,61500,7825,,,33.8,23.45,7575,12,7080,2,,,,,
2026/10/02 15:01,2026-10-02T15:16:46+09:00,2026/10/02,2026/11/12,2026-11,PUT,61500,440,506,48,30.02,29.82,510,2,500,2,30.48,95,22.35,520,10/02 14:06
2026/10/02 15:01,2026-10-02T15:16:46+09:00,2026/10/02,2026/11/12,2026-11,CALL,61375,7940,,,34.04,20.6,7690,6,7105,1,,,,,
2026/10/02 15:01,2026-10-02T15:16:46+09:00,2026/10/02,2026/11/12,2026-11,PUT,61375,435,112,,30.61,28.47,520,14,415,11,,,,,
2026/10/02 15:01,2026-10-02T15:16:46+09:00,2026/10/02,2026/11/12,2026-11,CALL,61250,8050,,,34.2,26.34,7800,7,7415,1,,,,,
2026/10/02 15:01,2026-10-02T15:16:46+09:00,2026/10/02,2026/11/12,2026-11,PUT,61250,415,25,9,30.31,30,485,18,470,5,30.31,45,10.23,485,10/02 14:01
2026/10/02 15:01,2026-10-02T15:16:46+09:00,2026/10/02,2026/11/12,2026-11,CALL,61125,8175,,,34.61,23.59,7925,6,7425,4,,,,,
2026/10/02 15:01,2026-10-02T15:16:46+09:00,2026/10/02,2026/11/12,2026-11,PUT,61125,420,5,,30.8,28.68,490,14,390,11,,,,,
2026/10/02 15:01,2026-10-02T15:16:46+09:00,2026/10/02,2026/11/12,2026-11,CALL,61000,8275,200,,34.58,25.09,8025,18,7590,3,,,,,
2026/10/02 15:01,2026-10-02T15:16:46+09:00,2026/10/02,2026/11/12,2026-11,PUT,61000,395,1018,96,30.47,30.25,455,9,445,22,30.23,75,19.74,455,10/02 14:58
2026/10/02 15:01,2026-10-02T15:16:46+09:00,2026/10/02,2026/11/12,2026-11,CALL,60875,8395,,,34.9,21.83,8145,6,7605,5,,,,,
2026/10/02 15:01,2026-10-02T15:16:46+09:00,2026/10/02,2026/11/12,2026-11,PUT,60875,390,,1,31.27,28.98,475,11,370,11,30.88,,,450,10/02 14:31
2026/10/02 15:01,2026-10-02T15:16:46+09:00,2026/10/02,2026/11/12,2026-11,CALL,60750,8505,,,35.03,26.61,8255,7,7870,6,,,,,
2026/10/02 15:01,2026-10-02T15:16:46+09:00,2026/10/02,2026/11/12,2026-11,PUT,60750,370,34,,30.7,30.48,430,3,420,5,,,,,
2026/10/02 15:01,2026-10-02T15:16:46+09:00,2026/10/02,2026/11/12,2026-11,CALL,60625,8625,,,35.35,26.54,8375,6,7980,1,,,,,
2026/10/02 15:01,2026-10-02T15:16:46+09:00,2026/10/02,2026/11/12,2026-11,PUT,60625,355,16,,30.86,29.25,420,3,350,11,,,,,
2026/10/02 15:01,2026-10-02T15:16:46+09:00,2026/10/02,2026/11/12,2026-11,CALL,60500,8735,100,,35.47,20.17,8485,12,7925,2,,,,,
2026/10/02 15:01,2026-10-02T15:16:46+09:00,2026/10/02,2026/11/12,2026-11,PUT,60500,355,106,3,31.01,30.78,410,14,400,2,30.81,-25,-5.21,455,10/02 01:06
2026/10/02 15:01,2026-10-02T15:16:46+09:00,2026/10/02,2026/11/12,2026-11,CALL,60250,8965,,,35.9,23.16,8715,7,8225,1,,,,,
2026/10/02 15:01,2026-10-02T15:16:46+09:00,2026/10/02,2026/11/12,2026-11,PUT,60250,335,21,4,31.19,30.95,385,3,375,26,31.17,,,380,10/02 13:22
2026/10/02 15:01,2026-10-02T15:16:46+09:00,2026/10/02,2026/11/12,2026-11,CALL,60000,9195,100,,36.31,16.99,8945,18,8375,3,,,,,
2026/10/02 15:01,2026-10-02T15:16:46+09:00,2026/10/02,2026/11/12,2026-11,PUT,60000,315,5029,223,31.45,31.2,365,11,355,65,31.57,55,17.46,370,10/02 14:00
2026/10/02 15:01,2026-10-02T15:16:46+09:00,2026/10/02,2026/11/12,2026-11,CALL,59750,9430,,,36.8,21.87,9180,7,8675,1,,,,,
2026/10/02 15:01,2026-10-02T15:16:46+09:00,2026/10/02,2026/11/12,2026-11,PUT,59750,297,16,1,31.69,31.43,345,3,335,30,32.15,,,340,10/01 21:07
2026/10/02 15:01,2026-10-02T15:16:46+09:00,2026/10/02,2026/11/12,2026-11,CALL,59500,9660,,,37.18,,9410,12,8800,10,,,,,
2026/10/02 15:01,2026-10-02T15:16:46+09:00,2026/10/02,2026/11/12,2026-11,PUT,59500,278,2003,12,32.03,31.76,330,14,320,14,31.81,60,22.22,330,10/02 14:53
2026/10/02 15:01,2026-10-02T15:16:46+09:00,2026/10/02,2026/11/12,2026-11,CALL,59250,9900,,,37.76,21.61,9650,7,9155,1,,,,,
2026/10/02 15:01,2026-10-02T15:16:46+09:00,2026/10/02,2026/11/12,2026-11,PUT,59250,268,84,,32.35,32.08,315,2,305,3,,,,,
2026/10/02 15:01,2026-10-02T15:16:46+09:00,2026/10/02,2026/11/12,2026-11,CALL,59000,10130,,,38.11,18.9,9880,18,9375,12,,,,,
2026/10/02 15:01,2026-10-02T15:16:46+09:00,2026/10/02,2026/11/12,2026-11,PUT,59000,254,1872,77,32.48,32.34,294,1,289,9,32.3,41,16.14,295,10/02 14:53
2026/10/02 15:01,2026-10-02T15:16:46+09:00,2026/10/02,2026/11/12,2026-11,CALL,58750,10370,,,38.67,24.14,10120,7,9675,6,,,,,
2026/10/02 15:01,2026-10-02T15:16:46+09:00,2026/10/02,2026/11/12,2026-11,PUT,58750,239,59,4,32.93,32.58,285,18,273,5,32.58,-25,-8.2,280,10/02 14:53
2026/10/02 15:01,2026-10-02T15:16:46+09:00,2026/10/02,2026/11/12,2026-11,CALL,58500,10610,,,39.23,27.22,10360,12,9970,2,,,,,
2026/10/02 15:01,2026-10-02T15:16:46+09:00,2026/10/02,2026/11/12,2026-11,PUT,58500,230,530,16,33.19,32.85,270,30,259,8,32.71,64,27.12,300,10/02 00:37
2026/10/02 15:01,2026-10-02T15:16:46+09:00,2026/10/02,2026/11/12,2026-11,CALL,58250,10845,,,39.66,,10595,7,10090,6,,,,,
2026/10/02 15:01,2026-10-02T15:16:46+09:00,2026/10/02,2026/11/12,2026-11,PUT,58250,214,113,2,33.52,33.07,258,20,244,18,33.15,,,253,10/02 14:53
2026/10/02 15:01,2026-10-02T15:16:46+09:00,2026/10/02,2026/11/12,2026-11,CALL,58000,11085,,,40.19,,10835,18,10335,3,,,,,
2026/10/02 15:01,2026-10-02T15:16:46+09:00,2026/10/02,2026/11/12,2026-11,PUT,58000,207,1594,42,33.59,33.46,239,1,235,9,33.73,36,17.39,243,10/02 13:56
2026/10/02 15:01,2026-10-02T15:16:46+09:00,2026/10/02,2026/11/12,2026-11,CALL,57750,11325,,,40.72,,11075,7,10595,1,,,,,
2026/10/02 15:01,2026-10-02T15:16:46+09:00,2026/10/02,2026/11/12,2026-11,PUT,57750,195,133,,33.94,33.74,229,2,223,5,,,,,
2026/10/02 15:01,2026-10-02T15:16:46+09:00,2026/10/02,2026/11/12,2026-11,CALL,57500,11565,100,,,,,,,,,,,,
2026/10/02 15:01,2026-10-02T15:16:46+09:00,2026/10/02,2026/11/12,2026-11,PUT,57500,188,770,2,34.28,33.95,219,10,210,34,34.39,27,14.06,219,10/02 14:25
2026/10/02 15:01,2026-10-02T15:16:46+09:00,2026/10/02,2026/11/12,2026-11,CALL,57250,11805,,,,,,,,,,,,,
2026/10/02 15:01,2026-10-02T15:16:46+09:00,2026/10/02,2026/11/12,2026-11,PUT,57250,178,111,,34.56,34.29,208,2,201,22,,,,,
2026/10/02 15:01,2026-10-02T15:16:46+09:00,2026/10/02,2026/11/12,2026-11,CALL,57000,12045,,,,,,,,,,,,,
2026/10/02 15:01,2026-10-02T15:16:46+09:00,2026/10/02,2026/11/12,2026-11,PUT,57000,171,769,7,34.77,34.62,196,3,192,16,34.62,22,12.57,197,10/02 14:54
2026/10/02 15:01,2026-10-02T15:16:46+09:00,2026/10/02,2026/11/12,2026-11,CALL,56750,12290,,,,,,,,,,,,,
2026/10/02 15:01,2026-10-02T15:16:46+09:00,2026/10/02,2026/11/12,2026-11,PUT,56750,162,95,,35.29,34.76,192,24,179,8,,,,,
2026/10/02 15:01,2026-10-02T15:16:46+09:00,2026/10/02,2026/11/12,2026-11,CALL,56500,12530,,,,,,,,,,,,,
2026/10/02 15:01,2026-10-02T15:16:46+09:00,2026/10/02,2026/11/12,2026-11,PUT,56500,154,414,2,35.72,35.09,186,12,171,10,35.39,25,16.67,175,10/01 20:40
2026/10/02 15:01,2026-10-02T15:16:46+09:00,2026/10/02,2026/11/12,2026-11,CALL,56250,12775,,,,,,,,,,,,,
2026/10/02 15:01,2026-10-02T15:16:46+09:00,2026/10/02,2026/11/12,2026-11,PUT,56250,148,112,6,35.92,35.39,175,8,163,7,35.51,0,0,165,10/02 12:47
2026/10/02 15:01,2026-10-02T15:16:46+09:00,2026/10/02,2026/11/12,2026-11,CALL,56000,13015,34,,,,,,,,,,,,
2026/10/02 15:01,2026-10-02T15:16:46+09:00,2026/10/02,2026/11/12,2026-11,PUT,56000,142,1203,35,36.05,35.87,163,1,159,18,35.82,18,12.5,162,10/02 14:55
2026/10/02 15:01,2026-10-02T15:16:46+09:00,2026/10/02,2026/11/12,2026-11,CALL,55750,13260,,,,,,,,,,,,,
2026/10/02 15:01,2026-10-02T15:16:46+09:00,2026/10/02,2026/11/12,2026-11,PUT,55750,135,80,,36.53,36.01,159,7,148,7,,,,,
2026/10/02 15:01,2026-10-02T15:16:46+09:00,2026/10/02,2026/11/12,2026-11,CALL,55500,13500,,,,,,,,,,,,,
2026/10/02 15:01,2026-10-02T15:16:46+09:00,2026/10/02,2026/11/12,2026-11,PUT,55500,132,178,13,36.8,36.31,151,12,141,14,36.44,8,6.06,140,10/02 12:07
2026/10/02 15:01,2026-10-02T15:16:46+09:00,2026/10/02,2026/11/12,2026-11,CALL,55250,13745,,,,,,,,,,,,,
2026/10/02 15:01,2026-10-02T15:16:46+09:00,2026/10/02,2026/11/12,2026-11,PUT,55250,126,39,,37.16,36.65,145,27,135,7,,,,,
2026/10/02 15:01,2026-10-02T15:16:46+09:00,2026/10/02,2026/11/12,2026-11,CALL,55000,13990,,,,,,,,,,,,,
2026/10/02 15:01,2026-10-02T15:16:46+09:00,2026/10/02,2026/11/12,2026-11,PUT,55000,122,1646,87,37.29,37.08,135,5,131,19,37.01,11,9.02,133,10/02 15:00
2026/10/02 15:01,2026-10-02T15:16:46+09:00,2026/10/02,2026/11/12,2026-11,CALL,54750,14235,,,,,,,,,,,,,
2026/10/02 15:01,2026-10-02T15:16:46+09:00,2026/10/02,2026/11/12,2026-11,PUT,54750,113,16,,37.83,37.34,133,27,124,8,,,,,
2026/10/02 15:01,2026-10-02T15:16:46+09:00,2026/10/02,2026/11/12,2026-11,CALL,54500,14480,,,,,,,,,,,,,
2026/10/02 15:01,2026-10-02T15:16:46+09:00,2026/10/02,2026/11/12,2026-11,PUT,54500,108,816,3,38.15,37.63,127,14,118,48,37.97,14,13.33,119,10/02 10:14
2026/10/02 15:01,2026-10-02T15:16:46+09:00,2026/10/02,2026/11/12,2026-11,CALL,54250,14730,,,,,,,,,,,,,
2026/10/02 15:01,2026-10-02T15:16:46+09:00,2026/10/02,2026/11/12,2026-11,PUT,54250,106,5,3,38.45,37.97,121,8,113,8,38.14,,,113,10/02 12:07
2026/10/02 15:01,2026-10-02T15:16:46+09:00,2026/10/02,2026/11/12,2026-11,CALL,54000,14970,,,,,,,,,,,,,
2026/10/02 15:01,2026-10-02T15:16:46+09:00,2026/10/02,2026/11/12,2026-11,PUT,54000,102,1075,56,38.73,38.48,115,1,111,21,38.43,13,13,113,10/02 14:53
2026/10/02 15:01,2026-10-02T15:16:46+09:00,2026/10/02,2026/11/12,2026-11,CALL,53750,15220,,,,,,,,,,,,,
2026/10/02 15:01,2026-10-02T15:16:46+09:00,2026/10/02,2026/11/12,2026-11,PUT,53750,97,63,,39.18,38.6,112,8,103,10,,,,,
2026/10/02 15:01,2026-10-02T15:16:46+09:00,2026/10/02,2026/11/12,2026-11,CALL,53500,15465,,,,,,,,,,,,,
2026/10/02 15:01,2026-10-02T15:16:46+09:00,2026/10/02,2026/11/12,2026-11,PUT,53500,94,703,75,39.63,39.1,109,16,101,46,39.14,10,10.99,101,10/02 13:30
2026/10/02 15:01,2026-10-02T15:16:46+09:00,2026/10/02,2026/11/12,2026-11,CALL,53250,15710,,,,,,,,,,,,,
2026/10/02 15:01,2026-10-02T15:16:46+09:00,2026/10/02,2026/11/12,2026-11,PUT,53250,90,175,,39.87,39.24,103,8,94,10,,,,,
2026/10/02 15:01,2026-10-02T15:16:46+09:00,2026/10/02,2026/11/12,2026-11,CALL,53000,15960,,,,,,,,,,,,,
2026/10/02 15:01,2026-10-02T15:16:46+09:00,2026/10/02,2026/11/12,2026-11,PUT,53000,88,558,14,40.09,39.8,97,22,93,22,40.29,17,20.73,99,10/02 14:11
2026/10/02 15:01,2026-10-02T15:16:46+09:00,2026/10/02,2026/11/12,2026-11,CALL,52750,16205,,,,,,,,,,,,,
2026/10/02 15:01,2026-10-02T15:16:46+09:00,2026/10/02,2026/11/12,2026-11,PUT,52750,83,53,,40.57,39.9,95,10,86,12,,,,,
2026/10/02 15:01,2026-10-02T15:16:46+09:00,2026/10/02,2026/11/12,2026-11,CALL,52500,16450,,,,,,,,,,,,,
2026/10/02 15:01,2026-10-02T15:16:46+09:00,2026/10/02,2026/11/12,2026-11,PUT,52500,80,764,,40.91,40.13,91,16,81,18,,,,,
2026/10/02 15:01,2026-10-02T15:16:46+09:00,2026/10/02,2026/11/12,2026-11,CALL,52250,16700,,,,,,,,,,,,,
2026/10/02 15:01,2026-10-02T15:16:46+09:00,2026/10/02,2026/11/12,2026-11,PUT,52250,78,17,,41.39,40.66,89,12,80,33,,,,,
2026/10/02 15:01,2026-10-02T15:16:46+09:00,2026/10/02,2026/11/12,2026-11,CALL,52000,16940,,,,,,,,,,,,,
2026/10/02 15:01,2026-10-02T15:16:46+09:00,2026/10/02,2026/11/12,2026-11,PUT,52000,73,2157,33,41.62,41.03,84,24,77,77,41.63,12,16.9,83,10/02 14:30
2026/10/02 15:01,2026-10-02T15:16:46+09:00,2026/10/02,2026/11/12,2026-11,CALL,51750,17190,,,,,,,,,,,,,
2026/10/02 15:01,2026-10-02T15:16:46+09:00,2026/10/02,2026/11/12,2026-11,PUT,51750,72,70,,42.17,41.48,83,12,75,10,,,,,
2026/10/02 15:01,2026-10-02T15:16:46+09:00,2026/10/02,2026/11/12,2026-11,CALL,51500,17440,,,,,,,,,,,,,
2026/10/02 15:01,2026-10-02T15:16:46+09:00,2026/10/02,2026/11/12,2026-11,PUT,51500,70,681,,42.46,41.74,79,16,71,18,,,,,
2026/10/02 15:01,2026-10-02T15:16:46+09:00,2026/10/02,2026/11/12,2026-11,CALL,51250,17685,,,,,,,,,,,,,
2026/10/02 15:01,2026-10-02T15:16:46+09:00,2026/10/02,2026/11/12,2026-11,PUT,51250,69,45,,42.91,41.78,77,12,65,12,,,,,
2026/10/02 15:01,2026-10-02T15:16:46+09:00,2026/10/02,2026/11/12,2026-11,CALL,51000,17930,,,,,,,,,,,,,
2026/10/02 15:01,2026-10-02T15:16:46+09:00,2026/10/02,2026/11/12,2026-11,PUT,51000,64,1570,53,43.08,42.5,72,24,66,24,42.95,6,9.38,70,10/02 14:12
2026/10/02 15:01,2026-10-02T15:16:46+09:00,2026/10/02,2026/11/12,2026-11,CALL,50750,18180,,,,,,,,,,,,,
2026/10/02 15:01,2026-10-02T15:16:46+09:00,2026/10/02,2026/11/12,2026-11,PUT,50750,63,195,,43.7,42.5,72,12,60,12,,,,,
2026/10/02 15:01,2026-10-02T15:16:46+09:00,2026/10/02,2026/11/12,2026-11,CALL,50500,18430,,,,,,,,,,,,,
2026/10/02 15:01,2026-10-02T15:16:46+09:00,2026/10/02,2026/11/12,2026-11,PUT,50500,61,428,1,44.04,42.78,69,18,57,18,44.44,,,71,10/01 18:28
2026/10/02 15:01,2026-10-02T15:16:46+09:00,2026/10/02,2026/11/12,2026-11,CALL,50250,18675,35,,,,,,,,,,,,
2026/10/02 15:01,2026-10-02T15:16:46+09:00,2026/10/02,2026/11/12,2026-11,PUT,50250,59,77,,44.57,43.62,68,12,59,10,,,,,
2026/10/02 15:01,2026-10-02T15:16:46+09:00,2026/10/02,2026/11/12,2026-11,CALL,50000,18925,,,,,,,,,,,,,
2026/10/02 15:01,2026-10-02T15:16:46+09:00,2026/10/02,2026/11/12,2026-11,PUT,50000,56,2662,56,44.46,44.24,61,15,59,25,44.24,4,7.14,60,10/02 14:44
2026/10/02 15:01,2026-10-02T15:16:46+09:00,2026/10/02,2026/11/12,2026-11,CALL,49750,19175,,,,,,,,,,,,,
2026/10/02 15:01,2026-10-02T15:16:46+09:00,2026/10/02,2026/11/12,2026-11,PUT,49750,58,65,1,45.19,44.04,62,12,52,13,44.68,-7,-11.29,55,10/02 11:22
2026/10/02 15:01,2026-10-02T15:16:46+09:00,2026/10/02,2026/11/12,2026-11,CALL,49500,19420,,,,,,,,,,,,,
2026/10/02 15:01,2026-10-02T15:16:46+09:00,2026/10/02,2026/11/12,2026-11,PUT,49500,53,417,53,45.48,44.65,59,16,52,18,45.2,-1,-1.75,56,10/02 13:21
2026/10/02 15:01,2026-10-02T15:16:46+09:00,2026/10/02,2026/11/12,2026-11,CALL,49250,19665,,,,,,,,,,,,,
2026/10/02 15:01,2026-10-02T15:16:46+09:00,2026/10/02,2026/11/12,2026-11,PUT,49250,52,159,,46.33,44.62,61,1,47,1,,,,,
2026/10/02 15:01,2026-10-02T15:16:46+09:00,2026/10/02,2026/11/12,2026-11,CALL,49000,19915,,,,,,,,,,,,,
2026/10/02 15:01,2026-10-02T15:16:46+09:00,2026/10/02,2026/11/12,2026-11,PUT,49000,51,393,24,46.26,45.5,55,29,49,27,45.61,2,4.08,51,10/02 14:51
2026/10/02 15:01,2026-10-02T15:16:46+09:00,2026/10/02,2026/11/12,2026-11,CALL,48750,20165,,,,,,,,,,,,,
2026/10/02 15:01,2026-10-02T15:16:46+09:00,2026/10/02,2026/11/12,2026-11,PUT,48750,49,110,,47.13,45.43,57,1,44,1,,,,,
2026/10/02 15:01,2026-10-02T15:16:46+09:00,2026/10/02,2026/11/12,2026-11,CALL,48500,20410,,,,,,,,,,,,,
2026/10/02 15:01,2026-10-02T15:16:46+09:00,2026/10/02,2026/11/12,2026-11,PUT,48500,45,226,,47.51,45.74,55,1,42,2,,,,,
2026/10/02 15:01,2026-10-02T15:16:46+09:00,2026/10/02,2026/11/12,2026-11,CALL,48250,20655,,,,,,,,,,,,,
2026/10/02 15:01,2026-10-02T15:16:46+09:00,2026/10/02,2026/11/12,2026-11,PUT,48250,44,33,,48.01,46.05,54,1,40,1,,,,,
2026/10/02 15:01,2026-10-02T15:16:46+09:00,2026/10/02,2026/11/12,2026-11,CALL,48000,20905,,,,,,,,,,,,,
2026/10/02 15:01,2026-10-02T15:16:46+09:00,2026/10/02,2026/11/12,2026-11,PUT,48000,43,245,24,47.7,47.12,47,26,43,27,47.76,5,11.9,47,10/02 14:15
2026/10/02 15:01,2026-10-02T15:16:46+09:00,2026/10/02,2026/11/12,2026-11,CALL,47750,21155,,,,,,,,,,,,,
2026/10/02 15:01,2026-10-02T15:16:46+09:00,2026/10/02,2026/11/12,2026-11,PUT,47750,42,98,,48.74,46.78,50,1,37,1,,,,,
2026/10/02 15:01,2026-10-02T15:16:46+09:00,2026/10/02,2026/11/12,2026-11,CALL,47500,21405,,,,,,,,,,,,,
2026/10/02 15:01,2026-10-02T15:16:46+09:00,2026/10/02,2026/11/12,2026-11,PUT,47500,42,232,3,48.66,47.39,45,18,37,20,48.52,,,43,10/02 14:04
2026/10/02 15:01,2026-10-02T15:16:46+09:00,2026/10/02,2026/11/12,2026-11,CALL,47250,21640,,,,,,,,,,,,,
2026/10/02 15:01,2026-10-02T15:16:46+09:00,2026/10/02,2026/11/12,2026-11,PUT,47250,30,34,5,49.13,47.83,44,11,36,13,48.53,,,40,10/02 12:44
2026/10/02 15:01,2026-10-02T15:16:46+09:00,2026/10/02,2026/11/12,2026-11,CALL,47000,21880,,,,,,,,,,,,,
2026/10/02 15:01,2026-10-02T15:16:46+09:00,2026/10/02,2026/11/12,2026-11,PUT,47000,21,817,,53.05,41.25,69,6,9,7,,,,,
2026/10/02 15:01,2026-10-02T15:16:46+09:00,2026/10/02,2026/11/12,2026-11,CALL,46750,22130,,,,,,,,,,,,,
2026/10/02 15:01,2026-10-02T15:16:46+09:00,2026/10/02,2026/11/12,2026-11,PUT,46750,20,105,,49.75,43.45,40,6,13,6,,,,,
2026/10/02 15:01,2026-10-02T15:16:46+09:00,2026/10/02,2026/11/12,2026-11,CALL,46500,22380,,,,,,,,,,,,,
2026/10/02 15:01,2026-10-02T15:16:46+09:00,2026/10/02,2026/11/12,2026-11,PUT,46500,20,103,,53.16,42.33,59,6,9,6,,,,,
2026/10/02 15:01,2026-10-02T15:16:46+09:00,2026/10/02,2026/11/12,2026-11,CALL,46250,22630,,,,,,,,,,,,,
2026/10/02 15:01,2026-10-02T15:16:46+09:00,2026/10/02,2026/11/12,2026-11,PUT,46250,19,5,,53.94,41.8,60,6,7,6,,,,,
2026/10/02 15:01,2026-10-02T15:16:46+09:00,2026/10/02,2026/11/12,2026-11,CALL,46000,22875,,,,,,,,,,,,,
2026/10/02 15:01,2026-10-02T15:16:46+09:00,2026/10/02,2026/11/12,2026-11,PUT,46000,18,769,,51.64,49.76,40,6,30,15,,,,,
2026/10/02 15:01,2026-10-02T15:16:46+09:00,2026/10/02,2026/11/12,2026-11,CALL,45750,23125,,,,,,,,,,,,,
2026/10/02 15:01,2026-10-02T15:16:46+09:00,2026/10/02,2026/11/12,2026-11,PUT,45750,17,13,,55.53,41.51,62,6,5,6,,,,,
2026/10/02 15:01,2026-10-02T15:16:46+09:00,2026/10/02,2026/11/12,2026-11,CALL,45500,23375,,,,,,,,,,,,,
2026/10/02 15:01,2026-10-02T15:16:46+09:00,2026/10/02,2026/11/12,2026-11,PUT,45500,16,106,,56.07,50.99,61,6,30,15,,,,,
2026/10/02 15:01,2026-10-02T15:16:46+09:00,2026/10/02,2026/11/12,2026-11,CALL,45250,23625,,,,,,,,,,,,,
2026/10/02 15:01,2026-10-02T15:16:46+09:00,2026/10/02,2026/11/12,2026-11,PUT,45250,15,105,45,52.24,51.4,33,17,29,43,51.64,,,30,10/02 12:44
2026/10/02 15:01,2026-10-02T15:16:46+09:00,2026/10/02,2026/11/12,2026-11,CALL,45000,23870,,,,,,,,,,,,,
2026/10/02 15:01,2026-10-02T15:16:46+09:00,2026/10/02,2026/11/12,2026-11,PUT,45000,28,1339,30,52.45,52.24,31,1,30,8,52.1,0,0,30,10/02 14:56
2026/10/02 15:01,2026-10-02T15:16:46+09:00,2026/10/02,2026/11/12,2026-11,CALL,44750,24120,,,,,,,,,,,,,
2026/10/02 15:01,2026-10-02T15:16:46+09:00,2026/10/02,2026/11/12,2026-11,PUT,44750,13,7,,57.69,41.67,58,6,3,26,,,,,
2026/10/02 15:01,2026-10-02T15:16:46+09:00,2026/10/02,2026/11/12,2026-11,CALL,44500,24370,2,,,,,,,,,,,,
2026/10/02 15:01,2026-10-02T15:16:46+09:00,2026/10/02,2026/11/12,2026-11,PUT,44500,12,127,,58.22,42.19,57,6,3,26,,,,,
2026/10/02 15:01,2026-10-02T15:16:46+09:00,2026/10/02,2026/11/12,2026-11,CALL,44000,24865,,,,,,,,,,,,,
2026/10/02 15:01,2026-10-02T15:16:46+09:00,2026/10/02,2026/11/12,2026-11,PUT,44000,25,1114,4,54.31,53.31,28,33,24,96,53.82,-1,-3.7,26,10/02 13:59
2026/10/02 15:01,2026-10-02T15:16:46+09:00,2026/10/02,2026/11/12,2026-11,CALL,43000,25860,,,,,,,,,,,,,
2026/10/02 15:01,2026-10-02T15:16:46+09:00,2026/10/02,2026/11/12,2026-11,PUT,43000,17,379,30,56.1,54.97,25,33,21,96,55.83,,,24,10/02 13:56
2026/10/02 15:01,2026-10-02T15:16:46+09:00,2026/10/02,2026/11/12,2026-11,CALL,42000,26855,,,,,,,,,,,,,
2026/10/02 15:01,2026-10-02T15:16:46+09:00,2026/10/02,2026/11/12,2026-11,PUT,42000,6,382,,58.12,47.47,23,6,3,26,,,,,
2026/10/02 15:01,2026-10-02T15:16:46+09:00,2026/10/02,2026/11/12,2026-11,CALL,41000,27855,,,,,,,,,,,,,
2026/10/02 15:01,2026-10-02T15:16:46+09:00,2026/10/02,2026/11/12,2026-11,PUT,41000,12,236,2,59.43,58.32,19,27,16,84,59.72,,,20,10/02 08:48
2026/10/02 15:01,2026-10-02T15:16:46+09:00,2026/10/02,2026/11/12,2026-11,CALL,40000,28850,,,,,,,,,,,,,
2026/10/02 15:01,2026-10-02T15:16:46+09:00,2026/10/02,2026/11/12,2026-11,PUT,40000,17,1649,6,61.31,60.04,17,33,14,3,60.93,-1,-5.88,16,10/02 13:42
2026/10/02 15:01,2026-10-02T15:16:46+09:00,2026/10/02,2026/11/12,2026-11,CALL,39000,29850,,,,,,,,,,,,,
2026/10/02 15:01,2026-10-02T15:16:46+09:00,2026/10/02,2026/11/12,2026-11,PUT,39000,8,104,,64.37,58.47,18,7,7,6,,,,,
2026/10/02 15:01,2026-10-02T15:16:46+09:00,2026/10/02,2026/11/12,2026-11,CALL,38000,30850,,,,,,,,,,,,,
2026/10/02 15:01,2026-10-02T15:16:46+09:00,2026/10/02,2026/11/12,2026-11,PUT,38000,10,13,2,65.34,63.13,14,96,10,84,64.33,2,20,12,10/02 13:38
2026/10/02 15:01,2026-10-02T15:16:46+09:00,2026/10/02,2026/11/12,2026-11,CALL,37000,31845,,,,,,,,,,,,,
2026/10/02 15:01,2026-10-02T15:16:46+09:00,2026/10/02,2026/11/12,2026-11,PUT,37000,10,14,5,66.43,65.12,11,35,9,60,65.88,1,11.11,10,10/02 11:31
2026/10/02 15:01,2026-10-02T15:16:46+09:00,2026/10/02,2026/11/12,2026-11,CALL,36000,32845,,,,,,,,,,,,,
2026/10/02 15:01,2026-10-02T15:16:46+09:00,2026/10/02,2026/11/12,2026-11,PUT,36000,6,6,4,68.54,67.07,10,15,8,15,69.27,,,11,10/01 18:56
2026/10/02 15:01,2026-10-02T15:16:46+09:00,2026/10/02,2026/11/12,2026-11,CALL,35000,33845,,,,,,,,,,,,,
2026/10/02 15:01,2026-10-02T15:16:46+09:00,2026/10/02,2026/11/12,2026-11,PUT,35000,7,3751,54,69.83,68.96,8,50,7,30,68.88,-1,-12.5,7,10/02 14:46
2026/10/02 15:01,2026-10-02T15:16:46+09:00,2026/10/02,2026/11/12,2026-11,CALL,34000,34840,,,,,,,,,,,,,
2026/10/02 15:01,2026-10-02T15:16:46+09:00,2026/10/02,2026/11/12,2026-11,PUT,34000,4,6,12,72.67,70.76,8,15,6,15,71.78,,,7,10/02 13:54
2026/10/02 15:01,2026-10-02T15:16:46+09:00,2026/10/02,2026/11/12,2026-11,CALL,33000,35840,,,,,,,,,,,,,
2026/10/02 15:01,2026-10-02T15:16:46+09:00,2026/10/02,2026/11/12,2026-11,PUT,33000,4,,1,74.65,72.42,7,15,5,62,73.67,,,6,10/02 14:28
2026/10/02 15:01,2026-10-02T15:16:46+09:00,2026/10/02,2026/11/12,2026-11,CALL,32000,36840,,,,,,,,,,,,,
2026/10/02 15:01,2026-10-02T15:16:46+09:00,2026/10/02,2026/11/12,2026-11,PUT,32000,3,,,76.54,69.84,6,16,2,15,,,,,
2026/10/02 15:01,2026-10-02T15:16:46+09:00,2026/10/02,2026/11/12,2026-11,CALL,31000,37835,,,,,,,,,,,,,
2026/10/02 15:01,2026-10-02T15:16:46+09:00,2026/10/02,2026/11/12,2026-11,PUT,31000,2,,,81.69,72.62,8,15,2,15,,,,,
2026/10/02 15:01,2026-10-02T15:16:46+09:00,2026/10/02,2026/11/12,2026-11,CALL,30000,38835,,,,,,,,,,,,,
2026/10/02 15:01,2026-10-02T15:16:46+09:00,2026/10/02,2026/11/12,2026-11,PUT,30000,4,5366,34,81.37,79.83,5,60,4,10,79.72,-1,-20,4,10/02 14:48
2026/10/02 15:01,2026-10-02T15:16:46+09:00,2026/10/02,2026/11/12,2026-11,CALL,29000,39835,,,,,,,,,,,,,
2026/10/02 15:01,2026-10-02T15:16:46+09:00,2026/10/02,2026/11/12,2026-11,PUT,29000,2,308,,85.92,78.46,6,16,2,15,,,,,
2026/10/02 15:01,2026-10-02T15:16:46+09:00,2026/10/02,2026/11/12,2026-11,CALL,28000,40830,,,,,,,,,,,,,
2026/10/02 15:01,2026-10-02T15:16:46+09:00,2026/10/02,2026/11/12,2026-11,PUT,28000,2,44,,86.2,81.54,4,15,2,15,,,,,
2026/10/02 15:01,2026-10-02T15:16:46+09:00,2026/10/02,2026/11/12,2026-11,CALL,27000,41830,,,,,,,,,,,,,
2026/10/02 15:01,2026-10-02T15:16:46+09:00,2026/10/02,2026/11/12,2026-11,PUT,27000,2,20,,89.55,80.52,4,5,1,70,,,,,
2026/10/02 15:01,2026-10-02T15:16:46+09:00,2026/10/02,2026/11/12,2026-11,CALL,26000,42830,,,,,,,,,,,,,
2026/10/02 15:01,2026-10-02T15:16:46+09:00,2026/10/02,2026/11/12,2026-11,PUT,26000,2,2,,90.87,83.67,3,1,1,100,,,,,
2026/10/02 15:01,2026-10-02T15:16:46+09:00,2026/10/02,2026/11/12,2026-11,CALL,25000,43825,,,,,,,,,,,,,
2026/10/02 15:01,2026-10-02T15:16:46+09:00,2026/10/02,2026/11/12,2026-11,PUT,25000,2,208,8,94.41,91.46,3,30,2,1,91.5,0,0,2,10/02 11:26
2026/10/02 15:01,2026-10-02T15:16:46+09:00,2026/10/02,2026/11/12,2026-11,CALL,22500,46320,,,,,,,,,,,,,
2026/10/02 15:01,2026-10-02T15:16:46+09:00,2026/10/02,2026/11/12,2026-11,PUT,22500,1,47,8,100.7,95.76,2,3,1,80,100.35,,,2,10/01 23:39
2026/10/02 15:01,2026-10-02T15:16:46+09:00,2026/10/02,2026/11/12,2026-11,CALL,20000,48815,,,,,,,,,,,,,
2026/10/02 15:01,2026-10-02T15:16:46+09:00,2026/10/02,2026/11/12,2026-11,PUT,20000,1,259,209,111.05,105.62,2,137,1,9,111.07,0,0,2,10/02 10:57
2026/10/02 15:01,2026-10-02T15:16:46+09:00,2026/10/02,2026/12/10,2026-12,CALL,100000,2,521,1,28.19,27.28,3,7,2,5,27.28,-1,-33.33,2,10/02 13:51
2026/10/02 15:01,2026-10-02T15:16:46+09:00,2026/10/02,2026/12/10,2026-12,PUT,100000,30910,,,,,,,,,,,,,
2026/10/02 15:01,2026-10-02T15:16:46+09:00,2026/10/02,2026/12/10,2026-12,CALL,95000,8,1080,,28.4,24.73,13,1,3,1,,,,,
2026/10/02 15:01,2026-10-02T15:16:46+09:00,2026/10/02,2026/12/10,2026-12,PUT,95000,25930,,,,,,,,,,,,,
2026/10/02 15:01,2026-10-02T15:16:46+09:00,2026/10/02,2026/12/10,2026-12,CALL,90000,22,1806,3,24.99,23.05,17,1,8,12,24.89,-16,-48.48,17,10/02 11:26
2026/10/02 15:01,2026-10-02T15:16:46+09:00,2026/10/02,2026/12/10,2026-12,PUT,90000,20955,3,,,,,,,,,,,,
2026/10/02 15:01,2026-10-02T15:16:46+09:00,2026/10/02,2026/12/10,2026-12,CALL,87500,33,2457,,27.97,21.43,79,1,10,1,,,,,
2026/10/02 15:01,2026-10-02T15:16:46+09:00,2026/10/02,2026/12/10,2026-12,PUT,87500,18475,,,,,,,,,,,,,
2026/10/02 15:01,2026-10-02T15:16:46+09:00,2026/10/02,2026/12/10,2026-12,CALL,85000,66,1011,4,24.96,23.91,74,12,56,12,24.34,-11,-14.47,65,10/02 10:04
2026/10/02 15:01,2026-10-02T15:16:46+09:00,2026/10/02,2026/12/10,2026-12,PUT,85000,16015,,12,28.71,,16725,3,16390,3,20,,,16500,10/02 13:07
2026/10/02 15:01,2026-10-02T15:16:46+09:00,2026/10/02,2026/12/10,2026-12,CALL,84000,91,523,1,24.89,22.37,96,51,49,12,24.05,,,71,10/01 23:05
2026/10/02 15:01,2026-10-02T15:16:46+09:00,2026/10/02,2026/12/10,2026-12,PUT,84000,15040,,,,,,,,,,,,,
2026/10/02 15:01,2026-10-02T15:16:46+09:00,2026/10/02,2026/12/10,2026-12,CALL,83000,112,121,39,25.41,22.88,141,12,78,48,23.94,,,110,10/02 09:47
2026/10/02 15:01,2026-10-02T15:16:46+09:00,2026/10/02,2026/12/10,2026-12,PUT,83000,14065,,,,,,,,,,,,,
2026/10/02 15:01,2026-10-02T15:16:46+09:00,2026/10/02,2026/12/10,2026-12,CALL,82500,129,1129,,25.49,22.93,163,8,92,32,,,,,
2026/10/02 15:01,2026-10-02T15:16:46+09:00,2026/10/02,2026/12/10,2026-12,PUT,82500,13585,,,,,,,,,,,,,
2026/10/02 15:01,2026-10-02T15:16:46+09:00,2026/10/02,2026/12/10,2026-12,CALL,82000,146,6,,25.31,22.77,179,12,103,12,,,,,
2026/10/02 15:01,2026-10-02T15:16:46+09:00,2026/10/02,2026/12/10,2026-12,PUT,82000,13100,,,,,,,,,,,,,
2026/10/02 15:01,2026-10-02T15:16:46+09:00,2026/10/02,2026/12/10,2026-12,CALL,81000,189,6,,25.1,23.06,222,9,148,9,,,,,
2026/10/02 15:01,2026-10-02T15:16:46+09:00,2026/10/02,2026/12/10,2026-12,PUT,81000,12130,,,,,,,,,,,,,
2026/10/02 15:01,2026-10-02T15:16:46+09:00,2026/10/02,2026/12/10,2026-12,CALL,80000,273,7329,8,24.32,23.42,249,9,211,9,23.8,-10,-4.17,230,10/02 11:48
2026/10/02 15:01,2026-10-02T15:16:46+09:00,2026/10/02,2026/12/10,2026-12,PUT,80000,11235,3700,,,,,,,,,,,,
2026/10/02 15:01,2026-10-02T15:16:46+09:00,2026/10/02,2026/12/10,2026-12,CALL,79000,335,878,,25.05,23.16,360,9,264,9,,,,,
2026/10/02 15:01,2026-10-02T15:16:46+09:00,2026/10/02,2026/12/10,2026-12,PUT,79000,10285,,,,,,,,,,,,,
2026/10/02 15:01,2026-10-02T15:16:46+09:00,2026/10/02,2026/12/10,2026-12,CALL,78000,450,308,,25.03,23.26,455,9,350,42,,,,,
2026/10/02 15:01,2026-10-02T15:16:46+09:00,2026/10/02,2026/12/10,2026-12,PUT,78000,9370,,,25.74,15.93,10060,3,9620,18,,,,,
2026/10/02 15:01,2026-10-02T15:16:46+09:00,2026/10/02,2026/12/10,2026-12,CALL,77500,500,1055,2,24.79,23.54,495,6,415,28,23.95,,,475,10/01 21:02
2026/10/02 15:01,2026-10-02T15:16:46+09:00,2026/10/02,2026/12/10,2026-12,PUT,77500,8935,,,25.83,17.56,9625,2,9185,12,,,,,
2026/10/02 15:01,2026-10-02T15:16:46+09:00,2026/10/02,2026/12/10,2026-12,CALL,77000,580,405,2,24.64,23.69,545,6,480,6,23.9,-35,-5.98,550,10/02 09:22
2026/10/02 15:01,2026-10-02T15:16:46+09:00,2026/10/02,2026/12/10,2026-12,PUT,77000,8550,,,26.23,19.56,9220,3,8800,18,,,,,
2026/10/02 15:01,2026-10-02T15:16:46+09:00,2026/10/02,2026/12/10,2026-12,CALL,76250,675,12,,24.62,23.68,645,2,575,2,,,,,
2026/10/02 15:01,2026-10-02T15:16:46+09:00,2026/10/02,2026/12/10,2026-12,PUT,76250,7855,,,26.76,19.38,8625,1,8105,7,,,,,
2026/10/02 15:01,2026-10-02T15:16:46+09:00,2026/10/02,2026/12/10,2026-12,CALL,76000,720,461,,24.59,23.48,680,6,595,36,,,,,
2026/10/02 15:01,2026-10-02T15:16:46+09:00,2026/10/02,2026/12/10,2026-12,PUT,76000,7650,300,,25.9,19.73,8345,3,7900,18,,,,,
2026/10/02 15:01,2026-10-02T15:16:46+09:00,2026/10/02,2026/12/10,2026-12,CALL,75750,730,,,24.67,23.79,725,2,655,2,,,,,
2026/10/02 15:01,2026-10-02T15:16:46+09:00,2026/10/02,2026/12/10,2026-12,PUT,75750,7455,,,26.65,20.17,8200,1,7705,7,,,,,
2026/10/02 15:01,2026-10-02T15:16:46+09:00,2026/10/02,2026/12/10,2026-12,CALL,75500,780,1,,24.66,23.67,765,4,685,4,,,,,
2026/10/02 15:01,2026-10-02T15:16:46+09:00,2026/10/02,2026/12/10,2026-12,PUT,75500,7230,,,26.59,20.09,7990,2,7480,12,,,,,
2026/10/02 15:01,2026-10-02T15:16:46+09:00,2026/10/02,2026/12/10,2026-12,CALL,75250,825,,,24.68,23.67,810,2,725,2,,,,,
2026/10/02 15:01,2026-10-02T15:16:46+09:00,2026/10/02,2026/12/10,2026-12,PUT,75250,7035,,,25.15,20.42,7660,1,7285,7,,,,,
2026/10/02 15:01,2026-10-02T15:16:46+09:00,2026/10/02,2026/12/10,2026-12,CALL,75000,950,3532,1,24.68,23.87,855,6,785,6,24.27,,,875,10/01 21:00
2026/10/02 15:01,2026-10-02T15:16:46+09:00,2026/10/02,2026/12/10,2026-12,PUT,75000,6920,,,26.42,21.74,7570,3,7170,18,,,,,
2026/10/02 15:01,2026-10-02T15:16:46+09:00,2026/10/02,2026/12/10,2026-12,CALL,74750,980,1,1,24.66,23.87,900,1,830,1,25.2,,,945,10/01 19:16
2026/10/02 15:01,2026-10-02T15:16:46+09:00,2026/10/02,2026/12/10,2026-12,PUT,74750,6690,,,25.98,21.49,7330,1,6940,7,,,,,
2026/10/02 15:01,2026-10-02T15:16:46+09:00,2026/10/02,2026/12/10,2026-12,CALL,74500,1035,10,,24.67,23.73,950,2,865,2,,,,,
2026/10/02 15:01,2026-10-02T15:16:46+09:00,2026/10/02,2026/12/10,2026-12,PUT,74500,6490,,,25.43,21.59,7080,2,6740,12,,,,,
2026/10/02 15:01,2026-10-02T15:16:46+09:00,2026/10/02,2026/12/10,2026-12,CALL,74250,1090,,,24.71,23.74,1005,1,915,1,,,,,
2026/10/02 15:01,2026-10-02T15:16:46+09:00,2026/10/02,2026/12/10,2026-12,PUT,74250,6290,,,26.29,21.65,6965,1,6540,7,,,,,
2026/10/02 15:01,2026-10-02T15:16:46+09:00,2026/10/02,2026/12/10,2026-12,CALL,74000,1155,1752,,24.67,23.88,1055,3,980,3,,,,,
2026/10/02 15:01,2026-10-02T15:16:46+09:00,2026/10/02,2026/12/10,2026-12,PUT,74000,6095,101,,25.81,21.75,6725,3,6345,18,,,,,
2026/10/02 15:01,2026-10-02T15:16:46+09:00,2026/10/02,2026/12/10,2026-12,CALL,73750,1215,1,,24.77,23.68,1120,1,1015,12,,,,,
2026/10/02 15:01,2026-10-02T15:16:46+09:00,2026/10/02,2026/12/10,2026-12,PUT,73750,5915,,,26.03,21.97,6555,1,6165,7,,,,,
2026/10/02 15:01,2026-10-02T15:16:46+09:00,2026/10/02,2026/12/10,2026-12,CALL,73500,1280,400,,24.73,23.82,1175,2,1085,2,,,,,
2026/10/02 15:01,2026-10-02T15:16:46+09:00,2026/10/02,2026/12/10,2026-12,PUT,73500,5725,,,24.93,22.05,6255,2,5975,12,,,,,
2026/10/02 15:01,2026-10-02T15:16:46+09:00,2026/10/02,2026/12/10,2026-12,CALL,73250,1350,,,24.78,23.88,1240,1,1150,12,,,,,
2026/10/02 15:01,2026-10-02T15:16:46+09:00,2026/10/02,2026/12/10,2026-12,PUT,73250,5545,,,25.56,22.21,6130,1,5795,7,,,,,
2026/10/02 15:01,2026-10-02T15:16:46+09:00,2026/10/02,2026/12/10,2026-12,CALL,73000,1410,955,2,24.55,23.52,1280,3,1175,27,24.43,120,9.92,1330,10/01 21:05
2026/10/02 15:01,2026-10-02T15:16:46+09:00,2026/10/02,2026/12/10,2026-12,PUT,73000,5370,4,,25.13,22.38,5900,3,5620,18,,,,,
2026/10/02 15:01,2026-10-02T15:16:46+09:00,2026/10/02,2026/12/10,2026-12,CALL,72750,1480,,,24.59,23.92,1350,11,1280,31,,,,,
2026/10/02 15:01,2026-10-02T15:16:46+09:00,2026/10/02,2026/12/10,2026-12,PUT,72750,5195,,,25.4,22.51,5745,1,5445,7,,,,,
2026/10/02 15:01,2026-10-02T15:16:46+09:00,2026/10/02,2026/12/10,2026-12,CALL,72500,1565,2413,,24.85,24.09,1445,2,1365,18,,,,,
2026/10/02 15:01,2026-10-02T15:16:46+09:00,2026/10/02,2026/12/10,2026-12,PUT,72500,5020,420,,25.73,22.61,5600,2,5270,12,,,,,
2026/10/02 15:01,2026-10-02T15:16:46+09:00,2026/10/02,2026/12/10,2026-12,CALL,72250,1640,2,,24.74,24.14,1505,31,1440,11,,,,,
2026/10/02 15:01,2026-10-02T15:16:46+09:00,2026/10/02,2026/12/10,2026-12,PUT,72250,4845,,,25.39,22.69,5385,1,5095,7,,,,,
2026/10/02 15:01,2026-10-02T15:16:46+09:00,2026/10/02,2026/12/10,2026-12,CALL,72000,1725,3894,1,24.57,23.93,1560,27,1490,47,24.16,330,27.62,1525,10/02 12:31
2026/10/02 15:01,2026-10-02T15:16:46+09:00,2026/10/02,2026/12/10,2026-12,PUT,72000,4685,120,,25.57,22.87,5230,3,4935,18,,,,,
2026/10/02 15:01,2026-10-02T15:16:46+09:00,2026/10/02,2026/12/10,2026-12,CALL,71875,,,,24.95,23.86,1640,1,1520,1,,,,,
2026/10/02 15:01,2026-10-02T15:16:46+09:00,2026/10/02,2026/12/10,2026-12,PUT,71875,,,,25.27,22.95,5110,1,4855,1,,,,,
2026/10/02 15:01,2026-10-02T15:16:46+09:00,2026/10/02,2026/12/10,2026-12,CALL,71750,1810,24,,24.96,24.02,1680,1,1575,1,,,,,
2026/10/02 15:01,2026-10-02T15:16:46+09:00,2026/10/02,2026/12/10,2026-12,PUT,71750,4520,,,25.37,22.97,5035,1,4770,7,,,,,
2026/10/02 15:01,2026-10-02T15:16:46+09:00,2026/10/02,2026/12/10,2026-12,CALL,71625,,,,24.7,23.89,1690,1,1600,1,,,,,
2026/10/02 15:01,2026-10-02T15:16:46+09:00,2026/10/02,2026/12/10,2026-12,PUT,71625,,,,25.64,23.03,4980,1,4690,1,,,,,
2026/10/02 15:01,2026-10-02T15:16:46+09:00,2026/10/02,2026/12/10,2026-12,CALL,71500,1905,251,,24.65,24.03,1725,16,1655,22,,,,,
2026/10/02 15:01,2026-10-02T15:16:46+09:00,2026/10/02,2026/12/10,2026-12,PUT,71500,4345,,,25.45,22.95,4875,2,4595,12,,,,,
2026/10/02 15:01,2026-10-02T15:16:46+09:00,2026/10/02,2026/12/10,2026-12,CALL,71375,,,,25,24.07,1805,1,1700,1,,,,,
2026/10/02 15:01,2026-10-02T15:16:46+09:00,2026/10/02,2026/12/10,2026-12,PUT,71375,,,,25.31,23.31,4775,1,4550,1,,,,,
2026/10/02 15:01,2026-10-02T15:16:46+09:00,2026/10/02,2026/12/10,2026-12,CALL,71250,2000,,,24.85,24.15,1830,1,1750,9,,,,,
2026/10/02 15:01,2026-10-02T15:16:46+09:00,2026/10/02,2026/12/10,2026-12,PUT,71250,4190,,,25.47,23.09,4710,1,4440,7,,,,,
2026/10/02 15:01,2026-10-02T15:16:46+09:00,2026/10/02,2026/12/10,2026-12,CALL,71125,,,,24.66,24.09,1850,8,1785,8,,,,,
2026/10/02 15:01,2026-10-02T15:16:46+09:00,2026/10/02,2026/12/10,2026-12,PUT,71125,,,,25.27,23.25,4605,1,4375,1,,,,,
2026/10/02 15:01,2026-10-02T15:16:46+09:00,2026/10/02,2026/12/10,2026-12,CALL,71000,2100,2113,,24.63,24.28,1890,24,1850,24,,,,,
2026/10/02 15:01,2026-10-02T15:16:46+09:00,2026/10/02,2026/12/10,2026-12,PUT,71000,4035,31,,25.29,23.19,4525,3,4285,18,,,,,
2026/10/02 15:01,2026-10-02T15:16:46+09:00,2026/10/02,2026/12/10,2026-12,CALL,70875,,,,24.64,24.08,1935,8,1870,8,,,,,
2026/10/02 15:01,2026-10-02T15:16:46+09:00,2026/10/02,2026/12/10,2026-12,PUT,70875,,,,25.47,23.34,4465,1,4220,1,,,,,
2026/10/02 15:01,2026-10-02T15:16:46+09:00,2026/10/02,2026/12/10,2026-12,CALL,70750,2200,,,24.69,24.39,1985,9,1950,9,,,,,
2026/10/02 15:01,2026-10-02T15:16:46+09:00,2026/10/02,2026/12/10,2026-12,PUT,70750,3890,,,25.43,23.35,4380,1,4140,7,,,,,
2026/10/02 15:01,2026-10-02T15:16:46+09:00,2026/10/02,2026/12/10,2026-12,CALL,70625,,,,24.78,24.22,2040,8,1975,8,,,,,
2026/10/02 15:01,2026-10-02T15:16:46+09:00,2026/10/02,2026/12/10,2026-12,PUT,70625,,,,25.25,23.53,4280,1,4080,1,,,,,
2026/10/02 15:01,2026-10-02T15:16:46+09:00,2026/10/02,2026/12/10,2026-12,CALL,70500,2305,1,,24.81,24.21,2090,14,2020,40,,,,,
2026/10/02 15:01,2026-10-02T15:16:46+09:00,2026/10/02,2026/12/10,2026-12,PUT,70500,3745,,,25.41,23.48,4220,2,3995,12,,,,,
2026/10/02 15:01,2026-10-02T15:16:46+09:00,2026/10/02,2026/12/10,2026-12,CALL,70375,,,,24.84,24.28,2140,7,2075,7,,,,,
2026/10/02 15:01,2026-10-02T15:16:46+09:00,2026/10/02,2026/12/10,2026-12,PUT,70375,,,,25.22,23.55,4120,1,3925,1,,,,,
2026/10/02 15:01,2026-10-02T15:16:46+09:00,2026/10/02,2026/12/10,2026-12,CALL,70250,2415,,,24.77,24.18,2180,8,2110,40,,,,,
2026/10/02 15:01,2026-10-02T15:16:46+09:00,2026/10/02,2026/12/10,2026-12,PUT,70250,3605,,,25.32,23.62,4055,1,3855,7,,,,,
2026/10/02 15:01,2026-10-02T15:16:46+09:00,2026/10/02,2026/12/10,2026-12,CALL,70125,,,,24.79,24.23,2230,7,2165,7,,,,,
2026/10/02 15:01,2026-10-02T15:16:46+09:00,2026/10/02,2026/12/10,2026-12,PUT,70125,,,,25.34,23.64,3980,1,3780,1,,,,,
2026/10/02 15:01,2026-10-02T15:16:46+09:00,2026/10/02,2026/12/10,2026-12,CALL,70000,2530,5408,,24.79,24.2,2280,21,2210,40,,,,,
2026/10/02 15:01,2026-10-02T15:16:46+09:00,2026/10/02,2026/12/10,2026-12,PUT,70000,3470,1653,,25.72,23.78,3950,3,3720,18,,,,,
2026/10/02 15:01,2026-10-02T15:16:46+09:00,2026/10/02,2026/12/10,2026-12,CALL,69875,,,,24.79,24.24,2330,1,2265,7,,,,,
2026/10/02 15:01,2026-10-02T15:16:46+09:00,2026/10/02,2026/12/10,2026-12,PUT,69875,,,,25.3,23.86,3825,1,3655,1,,,,,
2026/10/02 15:01,2026-10-02T15:16:46+09:00,2026/10/02,2026/12/10,2026-12,CALL,69750,2645,,,24.91,24.32,2395,8,2325,40,,,,,
2026/10/02 15:01,2026-10-02T15:16:46+09:00,2026/10/02,2026/12/10,2026-12,PUT,69750,3345,,,25.25,23.98,3745,1,3595,7,,,,,
2026/10/02 15:01,2026-10-02T15:16:46+09:00,2026/10/02,2026/12/10,2026-12,CALL,69625,2710,,,24.9,24.27,2445,20,2370,20,,,,,
2026/10/02 15:01,2026-10-02T15:16:46+09:00,2026/10/02,2026/12/10,2026-12,PUT,69625,3275,,,25.36,24.02,3685,1,3525,7,,,,,
2026/10/02 15:01,2026-10-02T15:16:46+09:00,2026/10/02,2026/12/10,2026-12,CALL,69500,2770,,,24.96,24.33,2505,40,2430,40,,,,,
2026/10/02 15:01,2026-10-02T15:16:46+09:00,2026/10/02,2026/12/10,2026-12,PUT,69500,3215,,,25,24.37,3570,40,3495,40,,,,,
2026/10/02 15:01,2026-10-02T15:16:46+09:00,2026/10/02,2026/12/10,2026-12,CALL,69375,2815,,,24.98,24.35,2560,20,2485,20,,,,,
2026/10/02 15:01,2026-10-02T15:16:46+09:00,2026/10/02,2026/12/10,2026-12,PUT,69375,3155,,,25.02,24.39,3500,20,3425,20,,,,,
2026/10/02 15:01,2026-10-02T15:16:46+09:00,2026/10/02,2026/12/10,2026-12,CALL,69250,2855,50,,24.99,24.4,2615,8,2545,40,,,,,
2026/10/02 15:01,2026-10-02T15:16:46+09:00,2026/10/02,2026/12/10,2026-12,PUT,69250,3090,,,25.07,24.44,3435,40,3360,40,,,,,
2026/10/02 15:01,2026-10-02T15:16:46+09:00,2026/10/02,2026/12/10,2026-12,CALL,69125,2925,,,25.03,24.44,2675,7,2605,20,,,,,
2026/10/02 15:01,2026-10-02T15:16:46+09:00,2026/10/02,2026/12/10,2026-12,PUT,69125,3035,,,25.11,24.48,3370,20,3295,20,,,,,
2026/10/02 15:01,2026-10-02T15:16:46+09:00,2026/10/02,2026/12/10,2026-12,CALL,69000,2980,1721,,25.06,24.48,2735,21,2665,40,,,,,
2026/10/02 15:01,2026-10-02T15:16:46+09:00,2026/10/02,2026/12/10,2026-12,PUT,69000,2970,1645,,25.15,24.52,3305,40,3230,40,,,,,
2026/10/02 15:01,2026-10-02T15:16:46+09:00,2026/10/02,2026/12/10,2026-12,CALL,68875,3050,,,25.14,24.51,2800,27,2725,20,,,,,
2026/10/02 15:01,2026-10-02T15:16:46+09:00,2026/10/02,2026/12/10,2026-12,PUT,68875,2915,,,25.18,24.55,3240,20,3165,27,,,,,
2026/10/02 15:01,2026-10-02T15:16:46+09:00,2026/10/02,2026/12/10,2026-12,CALL,68750,3120,,,25.16,24.53,2860,40,2785,40,,,,,
2026/10/02 15:01,2026-10-02T15:16:46+09:00,2026/10/02,2026/12/10,2026-12,PUT,68750,2850,100,,25.24,24.61,3180,40,3105,40,,,,,
2026/10/02 15:01,2026-10-02T15:16:46+09:00,2026/10/02,2026/12/10,2026-12,CALL,68625,3175,,,25.22,24.59,2925,27,2850,20,,,,,
2026/10/02 15:01,2026-10-02T15:16:46+09:00,2026/10/02,2026/12/10,2026-12,PUT,68625,2790,,,25.3,24.67,3120,20,3045,20,,,,,
2026/10/02 15:01,2026-10-02T15:16:46+09:00,2026/10/02,2026/12/10,2026-12,CALL,68500,3250,437,,25.22,24.6,2985,40,2910,40,,,,,
2026/10/02 15:01,2026-10-02T15:16:46+09:00,2026/10/02,2026/12/10,2026-12,PUT,68500,2735,206,,25.31,24.72,3055,40,2985,14,,,,,
2026/10/02 15:01,2026-10-02T15:16:46+09:00,2026/10/02,2026/12/10,2026-12,CALL,68375,3320,,,25.27,24.64,3050,20,2975,20,,,,,
2026/10/02 15:01,2026-10-02T15:16:46+09:00,2026/10/02,2026/12/10,2026-12,PUT,68375,2680,,,25.35,24.77,2995,20,2925,7,,,,,
2026/10/02 15:01,2026-10-02T15:16:46+09:00,2026/10/02,2026/12/10,2026-12,CALL,68250,3380,,,25.39,24.76,3125,40,3050,40,,,,,
2026/10/02 15:01,2026-10-02T15:16:46+09:00,2026/10/02,2026/12/10,2026-12,PUT,68250,2625,,,25.47,24.89,2945,40,2875,8,,,,,
2026/10/02 15:01,2026-10-02T15:16:46+09:00,2026/10/02,2026/12/10,2026-12,CALL,68125,3445,,,25.46,24.54,3195,7,3085,1,,,,,
2026/10/02 15:01,2026-10-02T15:16:46+09:00,2026/10/02,2026/12/10,2026-12,PUT,68125,2555,,,25.46,24.83,2880,40,2805,47,,,,,
2026/10/02 15:01,2026-10-02T15:16:46+09:00,2026/10/02,2026/12/10,2026-12,CALL,68000,3530,4314,,25.65,24.69,3280,21,3165,3,,,,,
2026/10/02 15:01,2026-10-02T15:16:46+09:00,2026/10/02,2026/12/10,2026-12,PUT,68000,2520,1900,,25.49,24.94,2820,3,2755,21,,,,,
2026/10/02 15:01,2026-10-02T15:16:46+09:00,2026/10/02,2026/12/10,2026-12,CALL,67875,3600,,,25.71,24.62,3350,6,3220,1,,,,,
2026/10/02 15:01,2026-10-02T15:16:46+09:00,2026/10/02,2026/12/10,2026-12,PUT,67875,2465,,,25.54,24.95,2765,40,2695,7,,,,,
2026/10/02 15:01,2026-10-02T15:16:46+09:00,2026/10/02,2026/12/10,2026-12,CALL,67750,3665,,,25.72,24.2,3415,7,3235,1,,,,,
2026/10/02 15:01,2026-10-02T15:16:46+09:00,2026/10/02,2026/12/10,2026-12,PUT,67750,2410,,,25.6,25.01,2710,40,2640,8,,,,,
2026/10/02 15:01,2026-10-02T15:16:46+09:00,2026/10/02,2026/12/10,2026-12,CALL,67625,3740,,,25.81,24.37,3490,6,3320,1,,,,,
2026/10/02 15:01,2026-10-02T15:16:46+09:00,2026/10/02,2026/12/10,2026-12,PUT,67625,2355,,,25.69,25.09,2660,40,2590,7,,,,,
2026/10/02 15:01,2026-10-02T15:16:46+09:00,2026/10/02,2026/12/10,2026-12,CALL,67500,3810,25,,25.85,24.79,3560,12,3435,2,,,,,
2026/10/02 15:01,2026-10-02T15:16:46+09:00,2026/10/02,2026/12/10,2026-12,PUT,67500,2305,25,,25.72,25.13,2605,40,2535,14,,,,,
2026/10/02 15:01,2026-10-02T15:16:46+09:00,2026/10/02,2026/12/10,2026-12,CALL,67375,3900,,,26.05,24.69,3650,6,3490,1,,,,,
2026/10/02 15:01,2026-10-02T15:16:46+09:00,2026/10/02,2026/12/10,2026-12,PUT,67375,2270,,,25.5,25.24,2520,7,2490,1,,,,,
2026/10/02 15:01,2026-10-02T15:16:46+09:00,2026/10/02,2026/12/10,2026-12,CALL,67250,3970,25,,26.08,24.8,3720,7,3570,1,,,,,
2026/10/02 15:01,2026-10-02T15:16:46+09:00,2026/10/02,2026/12/10,2026-12,PUT,67250,2215,25,,25.52,25.23,2465,8,2430,8,,,,,
2026/10/02 15:01,2026-10-02T15:16:46+09:00,2026/10/02,2026/12/10,2026-12,CALL,67125,4040,,,26.1,24.12,3790,6,3560,1,,,,,
2026/10/02 15:01,2026-10-02T15:16:46+09:00,2026/10/02,2026/12/10,2026-12,PUT,67125,2160,,,25.54,25.33,2410,1,2385,8,,,,,
2026/10/02 15:01,2026-10-02T15:16:46+09:00,2026/10/02,2026/12/10,2026-12,CALL,67000,4120,2237,,26.2,24.43,3870,18,3665,3,,,,,
2026/10/02 15:01,2026-10-02T15:16:46+09:00,2026/10/02,2026/12/10,2026-12,PUT,67000,2115,1597,,25.64,25.34,2365,3,2330,24,,,,,
2026/10/02 15:01,2026-10-02T15:16:46+09:00,2026/10/02,2026/12/10,2026-12,CALL,66875,4240,,,26.64,24.43,3990,6,3735,1,,,,,
2026/10/02 15:01,2026-10-02T15:16:46+09:00,2026/10/02,2026/12/10,2026-12,PUT,66875,2110,,,25.95,25.34,2345,48,2275,8,,,,,
2026/10/02 15:01,2026-10-02T15:16:46+09:00,2026/10/02,2026/12/10,2026-12,CALL,66750,4330,,,26.81,24.99,4080,7,3870,1,,,,,
2026/10/02 15:01,2026-10-02T15:16:46+09:00,2026/10/02,2026/12/10,2026-12,PUT,66750,2080,,,26.03,25.47,2300,29,2235,9,,,,,
2026/10/02 15:01,2026-10-02T15:16:46+09:00,2026/10/02,2026/12/10,2026-12,CALL,66625,4420,,,26.98,24.32,4170,6,3865,1,,,,,
2026/10/02 15:01,2026-10-02T15:16:46+09:00,2026/10/02,2026/12/10,2026-12,PUT,66625,2040,,,26.07,25.5,2250,28,2185,8,,,,,
2026/10/02 15:01,2026-10-02T15:16:46+09:00,2026/10/02,2026/12/10,2026-12,CALL,66500,4500,2984,,27.06,25.04,4250,12,4020,2,,,,,
2026/10/02 15:01,2026-10-02T15:16:46+09:00,2026/10/02,2026/12/10,2026-12,PUT,66500,2000,1100,,26.18,25.57,2210,36,2140,16,,,,,
2026/10/02 15:01,2026-10-02T15:16:46+09:00,2026/10/02,2026/12/10,2026-12,CALL,66375,4585,,,27.17,24.92,4335,6,4080,1,,,,,
2026/10/02 15:01,2026-10-02T15:16:46+09:00,2026/10/02,2026/12/10,2026-12,PUT,66375,1955,,,26.16,25.28,2155,8,2055,1,,,,,
2026/10/02 15:01,2026-10-02T15:16:46+09:00,2026/10/02,2026/12/10,2026-12,CALL,66250,4665,15,,27.24,24.66,4415,7,4125,1,,,,,
2026/10/02 15:01,2026-10-02T15:16:46+09:00,2026/10/02,2026/12/10,2026-12,PUT,66250,1915,,,26.26,25.33,2115,9,2010,1,,,,,
2026/10/02 15:01,2026-10-02T15:16:46+09:00,2026/10/02,2026/12/10,2026-12,CALL,66125,4755,,,27.39,24.66,4505,6,4200,1,,,,,
2026/10/02 15:01,2026-10-02T15:16:46+09:00,2026/10/02,2026/12/10,2026-12,PUT,66125,1875,,,26.32,25.42,2070,8,1970,1,,,,,
2026/10/02 15:01,2026-10-02T15:16:46+09:00,2026/10/02,2026/12/10,2026-12,CALL,66000,4840,1092,,27.48,24.7,4590,18,4280,3,,,,,
2026/10/02 15:01,2026-10-02T15:16:46+09:00,2026/10/02,2026/12/10,2026-12,PUT,66000,1835,1136,,26.45,25.51,2035,24,1930,3,,,,,
2026/10/02 15:01,2026-10-02T15:16:46+09:00,2026/10/02,2026/12/10,2026-12,CALL,65875,4905,,,27.39,24.59,4655,6,4345,1,,,,,
2026/10/02 15:01,2026-10-02T15:16:46+09:00,2026/10/02,2026/12/10,2026-12,PUT,65875,1780,,,26.4,25.64,1980,8,1895,1,,,,,
2026/10/02 15:01,2026-10-02T15:16:46+09:00,2026/10/02,2026/12/10,2026-12,CALL,65750,4995,15,,27.52,24.52,4745,7,4415,1,,,,,
2026/10/02 15:01,2026-10-02T15:16:46+09:00,2026/10/02,2026/12/10,2026-12,PUT,65750,1745,15,,26.53,25.62,1945,11,1845,1,,,,,
2026/10/02 15:01,2026-10-02T15:16:46+09:00,2026/10/02,2026/12/10,2026-12,CALL,65625,5085,,,27.65,24.72,4835,6,4515,1,,,,,
2026/10/02 15:01,2026-10-02T15:16:46+09:00,2026/10/02,2026/12/10,2026-12,PUT,65625,1710,,,26.65,25.64,1910,9,1800,1,,,,,
2026/10/02 15:01,2026-10-02T15:16:46+09:00,2026/10/02,2026/12/10,2026-12,CALL,65500,5170,734,,27.72,25.42,4920,12,4670,2,,,,,
2026/10/02 15:01,2026-10-02T15:16:46+09:00,2026/10/02,2026/12/10,2026-12,PUT,65500,1670,605,37,26.25,26.07,1820,1,1800,2,26.22,,,1815,10/02 15:00
2026/10/02 15:01,2026-10-02T15:16:46+09:00,2026/10/02,2026/12/10,2026-12,CALL,65375,5265,,,27.88,24.73,5015,6,4675,1,,,,,
2026/10/02 15:01,2026-10-02T15:16:46+09:00,2026/10/02,2026/12/10,2026-12,PUT,65375,1640,,,26.64,25.8,1815,1,1725,1,,,,,
2026/10/02 15:01,2026-10-02T15:16:46+09:00,2026/10/02,2026/12/10,2026-12,CALL,65250,5350,,,27.94,25.19,5100,7,4805,1,,,,,
2026/10/02 15:01,2026-10-02T15:16:46+09:00,2026/10/02,2026/12/10,2026-12,PUT,65250,1600,,,26.69,25.89,1775,1,1690,1,,,,,
2026/10/02 15:01,2026-10-02T15:16:46+09:00,2026/10/02,2026/12/10,2026-12,CALL,65125,5445,,,28.09,25.46,5195,6,4915,1,,,,,
2026/10/02 15:01,2026-10-02T15:16:46+09:00,2026/10/02,2026/12/10,2026-12,PUT,65125,1575,,,26.78,25.98,1740,1,1655,1,,,,,
2026/10/02 15:01,2026-10-02T15:16:46+09:00,2026/10/02,2026/12/10,2026-12,CALL,65000,5540,3594,,28.24,24.29,5290,18,4875,3,,,,,
2026/10/02 15:01,2026-10-02T15:16:46+09:00,2026/10/02,2026/12/10,2026-12,PUT,65000,1540,4719,1,26.87,26.06,1705,37,1620,3,26.78,,,1590,10/01 19:46
2026/10/02 15:01,2026-10-02T15:16:46+09:00,2026/10/02,2026/12/10,2026-12,CALL,64875,5625,,,28.28,25.13,5375,6,5045,1,,,,,
2026/10/02 15:01,2026-10-02T15:16:46+09:00,2026/10/02,2026/12/10,2026-12,PUT,64875,1500,,12,26.91,26.09,1665,1,1580,1,26.45,,,1580,10/02 09:44
2026/10/02 15:01,2026-10-02T15:16:46+09:00,2026/10/02,2026/12/10,2026-12,CALL,64750,5725,,,28.47,24.85,5475,7,5100,1,,,,,
2026/10/02 15:01,2026-10-02T15:16:46+09:00,2026/10/02,2026/12/10,2026-12,PUT,64750,1480,,,27.08,26.16,1640,11,1545,1,,,,,
2026/10/02 15:01,2026-10-02T15:16:46+09:00,2026/10/02,2026/12/10,2026-12,CALL,64625,5805,,,28.45,24.85,5555,6,5185,1,,,,,
2026/10/02 15:01,2026-10-02T15:16:46+09:00,2026/10/02,2026/12/10,2026-12,PUT,64625,1430,25,,27.1,26.23,1600,9,1510,1,,,,,
2026/10/02 15:01,2026-10-02T15:16:46+09:00,2026/10/02,2026/12/10,2026-12,CALL,64500,5905,296,,28.62,25.04,5655,12,5290,2,,,,,
2026/10/02 15:01,2026-10-02T15:16:46+09:00,2026/10/02,2026/12/10,2026-12,PUT,64500,1410,263,,27.12,26.33,1560,2,1480,2,,,,,
2026/10/02 15:01,2026-10-02T15:16:46+09:00,2026/10/02,2026/12/10,2026-12,CALL,64375,6005,,,28.79,24.27,5755,6,5300,1,,,,,
2026/10/02 15:01,2026-10-02T15:16:46+09:00,2026/10/02,2026/12/10,2026-12,PUT,64375,1380,,,27.13,26.43,1520,1,1450,1,,,,,
2026/10/02 15:01,2026-10-02T15:16:46+09:00,2026/10/02,2026/12/10,2026-12,CALL,64250,6095,,,28.86,24.7,5845,7,5430,1,,,,,
2026/10/02 15:01,2026-10-02T15:16:46+09:00,2026/10/02,2026/12/10,2026-12,PUT,64250,1345,,,27.23,26.48,1490,1,1415,1,,,,,
2026/10/02 15:01,2026-10-02T15:16:46+09:00,2026/10/02,2026/12/10,2026-12,CALL,64125,6190,,,28.97,25.19,5940,6,5565,1,,,,,
2026/10/02 15:01,2026-10-02T15:16:46+09:00,2026/10/02,2026/12/10,2026-12,PUT,64125,1315,,,27.27,26.57,1455,1,1385,1,,,,,
2026/10/02 15:01,2026-10-02T15:16:46+09:00,2026/10/02,2026/12/10,2026-12,CALL,64000,6245,2242,,28.67,25.57,5995,18,5690,3,,,,,
2026/10/02 15:01,2026-10-02T15:16:46+09:00,2026/10/02,2026/12/10,2026-12,PUT,64000,1250,2130,,27.51,26.65,1440,27,1355,3,,,,,
2026/10/02 15:01,2026-10-02T15:16:46+09:00,2026/10/02,2026/12/10,2026-12,CALL,63875,6365,,,29.02,25.53,6115,6,5775,1,,,,,
2026/10/02 15:01,2026-10-02T15:16:46+09:00,2026/10/02,2026/12/10,2026-12,PUT,63875,1240,,,27.45,26.73,1395,1,1325,1,,,,,
2026/10/02 15:01,2026-10-02T15:16:46+09:00,2026/10/02,2026/12/10,2026-12,CALL,63750,6430,32,,28.81,25.64,6180,7,5875,1,,,,,
2026/10/02 15:01,2026-10-02T15:16:46+09:00,2026/10/02,2026/12/10,2026-12,PUT,63750,1185,59,,27.73,26.8,1385,12,1295,1,,,,,
2026/10/02 15:01,2026-10-02T15:16:46+09:00,2026/10/02,2026/12/10,2026-12,CALL,63625,6550,,,29.15,24.99,6300,6,5905,1,,,,,
2026/10/02 15:01,2026-10-02T15:16:46+09:00,2026/10/02,2026/12/10,2026-12,PUT,63625,1180,,,27.54,26.92,1330,1,1270,1,,,,,
2026/10/02 15:01,2026-10-02T15:16:46+09:00,2026/10/02,2026/12/10,2026-12,CALL,63500,6665,300,,29.43,24.92,6415,12,5990,2,,,,,
2026/10/02 15:01,2026-10-02T15:16:46+09:00,2026/10/02,2026/12/10,2026-12,PUT,63500,1170,600,,27.61,26.92,1300,2,1235,2,,,,,
2026/10/02 15:01,2026-10-02T15:16:46+09:00,2026/10/02,2026/12/10,2026-12,CALL,63375,6760,,,29.51,25.89,6510,6,6170,1,,,,,
2026/10/02 15:01,2026-10-02T15:16:46+09:00,2026/10/02,2026/12/10,2026-12,PUT,63375,1140,,,27.72,26.97,1275,1,1205,1,,,,,
2026/10/02 15:01,2026-10-02T15:16:46+09:00,2026/10/02,2026/12/10,2026-12,CALL,63250,6865,,,29.69,24.97,6615,7,6180,1,,,,,
2026/10/02 15:01,2026-10-02T15:16:46+09:00,2026/10/02,2026/12/10,2026-12,PUT,63250,1120,55,32,27.78,27.29,1245,1,1200,2,27.47,,,1200,10/02 13:10
2026/10/02 15:01,2026-10-02T15:16:46+09:00,2026/10/02,2026/12/10,2026-12,CALL,63125,6970,,,29.86,25.84,6720,6,6350,1,,,,,
2026/10/02 15:01,2026-10-02T15:16:46+09:00,2026/10/02,2026/12/10,2026-12,PUT,63125,1100,,,27.94,27.12,1225,1,1150,1,,,,,
2026/10/02 15:01,2026-10-02T15:16:46+09:00,2026/10/02,2026/12/10,2026-12,CALL,63000,7075,1417,,30.03,25.8,6825,18,6440,3,,,,,
2026/10/02 15:01,2026-10-02T15:16:46+09:00,2026/10/02,2026/12/10,2026-12,PUT,63000,1080,3041,,28.09,27.32,1205,3,1135,3,,,,,
2026/10/02 15:01,2026-10-02T15:16:46+09:00,2026/10/02,2026/12/10,2026-12,CALL,62875,7165,,,30.04,25.16,6915,6,6480,1,,,,,
2026/10/02 15:01,2026-10-02T15:16:46+09:00,2026/10/02,2026/12/10,2026-12,PUT,62875,1050,,,28.07,27.35,1170,1,1105,1,,,,,
2026/10/02 15:01,2026-10-02T15:16:46+09:00,2026/10/02,2026/12/10,2026-12,CALL,62750,7265,,,30.15,26.28,7015,7,6670,1,,,,,
2026/10/02 15:01,2026-10-02T15:16:46+09:00,2026/10/02,2026/12/10,2026-12,PUT,62750,1025,,,28.16,27.31,1145,2,1070,1,,,,,
2026/10/02 15:01,2026-10-02T15:16:46+09:00,2026/10/02,2026/12/10,2026-12,CALL,62625,7375,,,30.36,25.5,7125,6,6700,1,,,,,
2026/10/02 15:01,2026-10-02T15:16:46+09:00,2026/10/02,2026/12/10,2026-12,PUT,62625,1005,,,28.24,27.44,1120,2,1050,1,,,,,
2026/10/02 15:01,2026-10-02T15:16:46+09:00,2026/10/02,2026/12/10,2026-12,CALL,62500,7485,812,,30.57,26.69,7235,12,6895,2,,,,,
2026/10/02 15:01,2026-10-02T15:16:46+09:00,2026/10/02,2026/12/10,2026-12,PUT,62500,990,1087,,28.6,27.51,1120,4,1025,4,,,,,
2026/10/02 15:01,2026-10-02T15:16:46+09:00,2026/10/02,2026/12/10,2026-12,CALL,62375,7585,,,30.66,25.27,7335,6,6875,1,,,,,
2026/10/02 15:01,2026-10-02T15:16:46+09:00,2026/10/02,2026/12/10,2026-12,PUT,62375,970,4,,28.33,27.57,1065,2,1000,2,,,,,
2026/10/02 15:01,2026-10-02T15:16:46+09:00,2026/10/02,2026/12/10,2026-12,CALL,62250,7680,,,30.69,26.47,7430,7,7070,1,,,,,
2026/10/02 15:01,2026-10-02T15:16:46+09:00,2026/10/02,2026/12/10,2026-12,PUT,62250,940,250,,28.39,27.68,1040,2,980,2,,,,,
2026/10/02 15:01,2026-10-02T15:16:46+09:00,2026/10/02,2026/12/10,2026-12,CALL,62125,7795,,,30.95,26.26,7545,6,7150,1,,,,,
2026/10/02 15:01,2026-10-02T15:16:46+09:00,2026/10/02,2026/12/10,2026-12,PUT,62125,925,,,28.81,27.79,1045,2,960,2,,,,,
2026/10/02 15:01,2026-10-02T15:16:46+09:00,2026/10/02,2026/12/10,2026-12,CALL,62000,7895,1850,,31.03,25.11,7645,18,7160,3,,,,,
2026/10/02 15:01,2026-10-02T15:16:46+09:00,2026/10/02,2026/12/10,2026-12,PUT,62000,905,3160,,28.81,27.84,1015,6,935,6,,,,,
2026/10/02 15:01,2026-10-02T15:16:46+09:00,2026/10/02,2026/12/10,2026-12,CALL,61875,8005,,,31.22,26.36,7755,6,7355,1,,,,,
2026/10/02 15:01,2026-10-02T15:16:46+09:00,2026/10/02,2026/12/10,2026-12,PUT,61875,890,,,28.98,27.94,1000,2,915,2,,,,,
2026/10/02 15:01,2026-10-02T15:16:46+09:00,2026/10/02,2026/12/10,2026-12,CALL,61750,8110,,,31.35,25.37,7860,7,7380,1,,,,,
2026/10/02 15:01,2026-10-02T15:16:46+09:00,2026/10/02,2026/12/10,2026-12,PUT,61750,870,250,,29.08,28.03,980,2,895,2,,,,,
2026/10/02 15:01,2026-10-02T15:16:46+09:00,2026/10/02,2026/12/10,2026-12,CALL,61625,8205,,,31.36,26.56,7955,6,7570,1,,,,,
2026/10/02 15:01,2026-10-02T15:16:46+09:00,2026/10/02,2026/12/10,2026-12,PUT,61625,840,,,28.81,28.12,930,2,875,2,,,,,
2026/10/02 15:01,2026-10-02T15:16:46+09:00,2026/10/02,2026/12/10,2026-12,CALL,61500,8310,1,,31.48,25.74,8060,12,7610,2,,,,,
2026/10/02 15:01,2026-10-02T15:16:46+09:00,2026/10/02,2026/12/10,2026-12,PUT,61500,820,254,,28.91,27.82,910,4,825,4,,,,,
2026/10/02 15:01,2026-10-02T15:16:46+09:00,2026/10/02,2026/12/10,2026-12,CALL,61375,8425,,,31.72,26.34,8175,6,7755,1,,,,,
2026/10/02 15:01,2026-10-02T15:16:46+09:00,2026/10/02,2026/12/10,2026-12,PUT,61375,810,,,29.31,28.02,915,2,815,2,,,,,
2026/10/02 15:01,2026-10-02T15:16:46+09:00,2026/10/02,2026/12/10,2026-12,CALL,61250,8530,,,31.84,25.38,8280,7,7790,1,,,,,
2026/10/02 15:01,2026-10-02T15:16:46+09:00,2026/10/02,2026/12/10,2026-12,PUT,61250,790,10,,29.4,28.09,895,2,795,2,,,,,
2026/10/02 15:01,2026-10-02T15:16:46+09:00,2026/10/02,2026/12/10,2026-12,CALL,61125,8630,,,31.88,26.92,8380,6,8000,1,,,,,
2026/10/02 15:01,2026-10-02T15:16:46+09:00,2026/10/02,2026/12/10,2026-12,PUT,61125,765,,,29.48,28.16,875,2,775,2,,,,,
2026/10/02 15:01,2026-10-02T15:16:46+09:00,2026/10/02,2026/12/10,2026-12,CALL,61000,8735,813,,31.99,26.95,8485,18,8105,3,,,,,
2026/10/02 15:01,2026-10-02T15:16:46+09:00,2026/10/02,2026/12/10,2026-12,PUT,61000,745,1451,,29.29,28.28,835,6,760,6,,,,,
2026/10/02 15:01,2026-10-02T15:16:46+09:00,2026/10/02,2026/12/10,2026-12,CALL,60875,8845,,,32.15,27.49,8595,6,8245,1,,,,,
2026/10/02 15:01,2026-10-02T15:16:46+09:00,2026/10/02,2026/12/10,2026-12,PUT,60875,730,,,29.69,28.33,840,2,740,2,,,,,
2026/10/02 15:01,2026-10-02T15:16:46+09:00,2026/10/02,2026/12/10,2026-12,CALL,60750,8955,,,32.31,27.6,8705,7,8355,1,,,,,
2026/10/02 15:01,2026-10-02T15:16:46+09:00,2026/10/02,2026/12/10,2026-12,PUT,60750,720,5,,29.76,28.45,820,2,725,2,,,,,
2026/10/02 15:01,2026-10-02T15:16:46+09:00,2026/10/02,2026/12/10,2026-12,CALL,60625,9060,,,32.41,26.19,8810,6,8365,1,,,,,
2026/10/02 15:01,2026-10-02T15:16:46+09:00,2026/10/02,2026/12/10,2026-12,PUT,60625,700,,,29.62,28.57,785,2,710,2,,,,,
2026/10/02 15:01,2026-10-02T15:16:46+09:00,2026/10/02,2026/12/10,2026-12,CALL,60500,9165,102,,32.49,25.78,8915,12,8445,2,,,,,
2026/10/02 15:01,2026-10-02T15:16:46+09:00,2026/10/02,2026/12/10,2026-12,PUT,60500,680,200,,29.67,28.6,765,4,690,4,,,,,
2026/10/02 15:01,2026-10-02T15:16:46+09:00,2026/10/02,2026/12/10,2026-12,CALL,60250,9390,,,32.86,27.74,9140,7,8780,1,,,,,
2026/10/02 15:01,2026-10-02T15:16:46+09:00,2026/10/02,2026/12/10,2026-12,PUT,60250,650,44,12,29.9,29.03,735,16,675,2,29.24,,,670,10/02 09:42
2026/10/02 15:01,2026-10-02T15:16:46+09:00,2026/10/02,2026/12/10,2026-12,CALL,60000,9615,7478,,33.21,26.32,9365,18,8905,3,,,,,
2026/10/02 15:01,2026-10-02T15:16:46+09:00,2026/10/02,2026/12/10,2026-12,PUT,60000,630,10185,,30.33,28.91,720,9,625,9,,,,,
2026/10/02 15:01,2026-10-02T15:16:46+09:00,2026/10/02,2026/12/10,2026-12,CALL,59750,9835,,,33.48,26.02,9585,7,9105,1,,,,,
2026/10/02 15:01,2026-10-02T15:16:46+09:00,2026/10/02,2026/12/10,2026-12,PUT,59750,600,,,30.61,29.15,695,3,600,3,,,,,
2026/10/02 15:01,2026-10-02T15:16:46+09:00,2026/10/02,2026/12/10,2026-12,CALL,59500,10055,100,,33.74,26.88,9805,12,9370,2,,,,,
2026/10/02 15:01,2026-10-02T15:16:46+09:00,2026/10/02,2026/12/10,2026-12,PUT,59500,570,250,,30.87,29.21,670,6,565,6,,,,,
2026/10/02 15:01,2026-10-02T15:16:46+09:00,2026/10/02,2026/12/10,2026-12,CALL,59250,10280,,,34.05,25.83,10030,7,9535,1,,,,,
2026/10/02 15:01,2026-10-02T15:16:46+09:00,2026/10/02,2026/12/10,2026-12,PUT,59250,515,65,,30.4,29.58,600,3,550,3,,,,,
2026/10/02 15:01,2026-10-02T15:16:46+09:00,2026/10/02,2026/12/10,2026-12,CALL,59000,10505,1900,,,,,,,,,,,,
2026/10/02 15:01,2026-10-02T15:16:46+09:00,2026/10/02,2026/12/10,2026-12,PUT,59000,520,2530,2,30.61,29.77,575,9,525,9,30.44,,,550,10/02 11:07
2026/10/02 15:01,2026-10-02T15:16:46+09:00,2026/10/02,2026/12/10,2026-12,CALL,58750,10730,,,,,,,,,,,,,
2026/10/02 15:01,2026-10-02T15:16:46+09:00,2026/10/02,2026/12/10,2026-12,PUT,58750,495,,,30.81,29.94,550,3,500,3,,,,,
2026/10/02 15:01,2026-10-02T15:16:46+09:00,2026/10/02,2026/12/10,2026-12,CALL,58500,10955,350,,,,,,,,,,,,
2026/10/02 15:01,2026-10-02T15:16:46+09:00,2026/10/02,2026/12/10,2026-12,PUT,58500,475,863,,31.16,30.08,535,6,475,6,,,,,
2026/10/02 15:01,2026-10-02T15:16:46+09:00,2026/10/02,2026/12/10,2026-12,CALL,58250,11175,,,,,,,,,,,,,
2026/10/02 15:01,2026-10-02T15:16:46+09:00,2026/10/02,2026/12/10,2026-12,PUT,58250,445,147,,31.42,30.4,515,16,460,3,,,,,
2026/10/02 15:01,2026-10-02T15:16:46+09:00,2026/10/02,2026/12/10,2026-12,CALL,58000,11395,2603,,,,,,,,,,,,
2026/10/02 15:01,2026-10-02T15:16:46+09:00,2026/10/02,2026/12/10,2026-12,PUT,58000,415,2424,15,31.66,30.61,495,9,440,9,31.4,,,485,10/02 10:33
2026/10/02 15:01,2026-10-02T15:16:46+09:00,2026/10/02,2026/12/10,2026-12,CALL,57750,11640,,,,,,,,,,,,,
2026/10/02 15:01,2026-10-02T15:16:46+09:00,2026/10/02,2026/12/10,2026-12,PUT,57750,410,3,,31.89,30.81,475,16,420,3,,,,,
2026/10/02 15:01,2026-10-02T15:16:46+09:00,2026/10/02,2026/12/10,2026-12,CALL,57500,11870,80,,,,,,,,,,,,
2026/10/02 15:01,2026-10-02T15:16:46+09:00,2026/10/02,2026/12/10,2026-12,PUT,57500,395,1137,,32.2,30.98,460,6,400,6,,,,,
2026/10/02 15:01,2026-10-02T15:16:46+09:00,2026/10/02,2026/12/10,2026-12,CALL,57250,12100,113,,,,,,,,,,,,
2026/10/02 15:01,2026-10-02T15:16:46+09:00,2026/10/02,2026/12/10,2026-12,PUT,57250,375,30,,32.39,31.35,440,16,390,3,,,,,
2026/10/02 15:01,2026-10-02T15:16:46+09:00,2026/10/02,2026/12/10,2026-12,CALL,57000,12340,500,,,,,,,,,,,,
2026/10/02 15:01,2026-10-02T15:16:46+09:00,2026/10/02,2026/12/10,2026-12,PUT,57000,365,2785,,32.57,31.5,420,9,370,9,,,,,
2026/10/02 15:01,2026-10-02T15:16:46+09:00,2026/10/02,2026/12/10,2026-12,CALL,56750,12590,,,,,,,,,,,,,
2026/10/02 15:01,2026-10-02T15:16:46+09:00,2026/10/02,2026/12/10,2026-12,PUT,56750,365,13,,32.74,31.74,400,3,355,3,,,,,
2026/10/02 15:01,2026-10-02T15:16:46+09:00,2026/10/02,2026/12/10,2026-12,CALL,56500,12820,283,,,,,,,,,,,,
2026/10/02 15:01,2026-10-02T15:16:46+09:00,2026/10/02,2026/12/10,2026-12,PUT,56500,345,221,,33.1,31.84,390,6,335,6,,,,,
2026/10/02 15:01,2026-10-02T15:16:46+09:00,2026/10/02,2026/12/10,2026-12,CALL,56250,13060,,,,,,,,,,,,,
2026/10/02 15:01,2026-10-02T15:16:46+09:00,2026/10/02,2026/12/10,2026-12,PUT,56250,335,47,,33.46,32.29,380,16,330,3,,,,,
2026/10/02 15:01,2026-10-02T15:16:46+09:00,2026/10/02,2026/12/10,2026-12,CALL,56000,13290,791,,,,,,,,,,,,
2026/10/02 15:01,2026-10-02T15:16:46+09:00,2026/10/02,2026/12/10,2026-12,PUT,56000,315,2644,1,33.7,33.11,365,9,340,9,33.08,,,335,10/02 13:11
2026/10/02 15:01,2026-10-02T15:16:46+09:00,2026/10/02,2026/12/10,2026-12,CALL,55750,13530,,,,,,,,,,,,,
2026/10/02 15:01,2026-10-02T15:16:46+09:00,2026/10/02,2026/12/10,2026-12,PUT,55750,310,24,,33.8,32.8,345,3,305,3,,,,,
2026/10/02 15:01,2026-10-02T15:16:46+09:00,2026/10/02,2026/12/10,2026-12,CALL,55500,13770,300,,,,,,,,,,,,
2026/10/02 15:01,2026-10-02T15:16:46+09:00,2026/10/02,2026/12/10,2026-12,PUT,55500,294,153,,34.74,33.62,360,8,315,8,,,,,
2026/10/02 15:01,2026-10-02T15:16:46+09:00,2026/10/02,2026/12/10,2026-12,CALL,55250,14005,,,,,,,,,,,,,
2026/10/02 15:01,2026-10-02T15:16:46+09:00,2026/10/02,2026/12/10,2026-12,PUT,55250,280,2,,34.95,33.93,345,5,305,5,,,,,
2026/10/02 15:01,2026-10-02T15:16:46+09:00,2026/10/02,2026/12/10,2026-12,CALL,55000,14240,1829,,,,,,,,,,,,
2026/10/02 15:01,2026-10-02T15:16:46+09:00,2026/10/02,2026/12/10,2026-12,PUT,55000,265,5010,2,34.63,33.31,310,48,262,12,34.13,,,280,10/01 21:23
2026/10/02 15:01,2026-10-02T15:16:46+09:00,2026/10/02,2026/12/10,2026-12,CALL,54750,14485,,,,,,,,,,,,,
2026/10/02 15:01,2026-10-02T15:16:46+09:00,2026/10/02,2026/12/10,2026-12,PUT,54750,264,32,,35.46,33.57,320,20,252,5,,,,,
2026/10/02 15:01,2026-10-02T15:16:46+09:00,2026/10/02,2026/12/10,2026-12,CALL,54500,14720,540,,,,,,,,,,,,
2026/10/02 15:01,2026-10-02T15:16:46+09:00,2026/10/02,2026/12/10,2026-12,PUT,54500,246,880,,35.63,34.74,305,24,273,8,,,,,
2026/10/02 15:01,2026-10-02T15:16:46+09:00,2026/10/02,2026/12/10,2026-12,CALL,54250,14960,,,,,,,,,,,,,
2026/10/02 15:01,2026-10-02T15:16:46+09:00,2026/10/02,2026/12/10,2026-12,PUT,54250,237,4,,35.93,34.08,295,5,233,5,,,,,
2026/10/02 15:01,2026-10-02T15:16:46+09:00,2026/10/02,2026/12/10,2026-12,CALL,54000,15205,1941,,,,,,,,,,,,
2026/10/02 15:01,2026-10-02T15:16:46+09:00,2026/10/02,2026/12/10,2026-12,PUT,54000,232,3987,,35.83,34.34,272,48,224,12,,,,,
2026/10/02 15:01,2026-10-02T15:16:46+09:00,2026/10/02,2026/12/10,2026-12,CALL,53750,15445,,,,,,,,,,,,,
2026/10/02 15:01,2026-10-02T15:16:46+09:00,2026/10/02,2026/12/10,2026-12,PUT,53750,222,45,,36.45,34.58,274,5,215,5,,,,,
2026/10/02 15:01,2026-10-02T15:16:46+09:00,2026/10/02,2026/12/10,2026-12,CALL,53500,15685,106,,,,,,,,,,,,
2026/10/02 15:01,2026-10-02T15:16:46+09:00,2026/10/02,2026/12/10,2026-12,PUT,53500,216,317,,36.53,34.74,258,32,204,8,,,,,
2026/10/02 15:01,2026-10-02T15:16:46+09:00,2026/10/02,2026/12/10,2026-12,CALL,53250,15925,,,,,,,,,,,,,
2026/10/02 15:01,2026-10-02T15:16:46+09:00,2026/10/02,2026/12/10,2026-12,PUT,53250,206,214,,36.99,35.11,255,5,199,5,,,,,
2026/10/02 15:01,2026-10-02T15:16:46+09:00,2026/10/02,2026/12/10,2026-12,CALL,53000,16165,1135,,,,,,,,,,,,
2026/10/02 15:01,2026-10-02T15:16:46+09:00,2026/10/02,2026/12/10,2026-12,PUT,53000,196,2017,,37.17,36.18,243,12,214,12,,,,,
2026/10/02 15:01,2026-10-02T15:16:46+09:00,2026/10/02,2026/12/10,2026-12,CALL,52750,16410,,,,,,,,,,,,,
2026/10/02 15:01,2026-10-02T15:16:46+09:00,2026/10/02,2026/12/10,2026-12,PUT,52750,191,505,,37.66,36.48,241,21,207,5,,,,,
2026/10/02 15:01,2026-10-02T15:16:46+09:00,2026/10/02,2026/12/10,2026-12,CALL,52500,16650,50,,,,,,,,,,,,
2026/10/02 15:01,2026-10-02T15:16:46+09:00,2026/10/02,2026/12/10,2026-12,PUT,52500,181,844,,37.88,36.73,231,34,199,8,,,,,
2026/10/02 15:01,2026-10-02T15:16:46+09:00,2026/10/02,2026/12/10,2026-12,CALL,52250,16895,250,,,,,,,,,,,,
2026/10/02 15:01,2026-10-02T15:16:46+09:00,2026/10/02,2026/12/10,2026-12,PUT,52250,177,525,,38.3,36.97,227,21,191,22,,,,,
2026/10/02 15:01,2026-10-02T15:16:46+09:00,2026/10/02,2026/12/10,2026-12,CALL,52000,17140,802,,,,,,,,,,,,
2026/10/02 15:01,2026-10-02T15:16:46+09:00,2026/10/02,2026/12/10,2026-12,PUT,52000,176,3331,2,37.83,37.28,199,12,185,12,37.01,,,172,10/02 10:00
2026/10/02 15:01,2026-10-02T15:16:46+09:00,2026/10/02,2026/12/10,2026-12,CALL,51750,17390,,,,,,,,,,,,,
2026/10/02 15:01,2026-10-02T15:16:46+09:00,2026/10/02,2026/12/10,2026-12,PUT,51750,173,13,,38.68,36.56,207,5,155,5,,,,,
2026/10/02 15:01,2026-10-02T15:16:46+09:00,2026/10/02,2026/12/10,2026-12,CALL,51500,17630,,,,,,,,,,,,,
2026/10/02 15:01,2026-10-02T15:16:46+09:00,2026/10/02,2026/12/10,2026-12,PUT,51500,165,271,,38.89,36.82,198,8,149,8,,,,,
2026/10/02 15:01,2026-10-02T15:16:46+09:00,2026/10/02,2026/12/10,2026-12,CALL,51250,17875,,,,,,,,,,,,,
2026/10/02 15:01,2026-10-02T15:16:46+09:00,2026/10/02,2026/12/10,2026-12,PUT,51250,159,51,,39.24,37.07,193,5,143,5,,,,,
2026/10/02 15:01,2026-10-02T15:16:46+09:00,2026/10/02,2026/12/10,2026-12,CALL,51000,18120,731,,,,,,,,,,,,
2026/10/02 15:01,2026-10-02T15:16:46+09:00,2026/10/02,2026/12/10,2026-12,PUT,51000,157,1886,,39.21,37.35,179,12,138,12,,,,,
2026/10/02 15:01,2026-10-02T15:16:46+09:00,2026/10/02,2026/12/10,2026-12,CALL,50750,18365,45,,,,,,,,,,,,
2026/10/02 15:01,2026-10-02T15:16:46+09:00,2026/10/02,2026/12/10,2026-12,PUT,50750,153,55,,40.1,37.63,187,5,133,5,,,,,
2026/10/02 15:01,2026-10-02T15:16:46+09:00,2026/10/02,2026/12/10,2026-12,CALL,50500,18610,600,,,,,,,,,,,,
2026/10/02 15:01,2026-10-02T15:16:46+09:00,2026/10/02,2026/12/10,2026-12,PUT,50500,149,1799,,40.31,37.9,179,8,128,8,,,,,
2026/10/02 15:01,2026-10-02T15:16:46+09:00,2026/10/02,2026/12/10,2026-12,CALL,50250,18830,58,,,,,,,,,,,,
2026/10/02 15:01,2026-10-02T15:16:46+09:00,2026/10/02,2026/12/10,2026-12,PUT,50250,123,16,,40.6,38.16,173,21,123,5,,,,,
2026/10/02 15:01,2026-10-02T15:16:46+09:00,2026/10/02,2026/12/10,2026-12,CALL,50000,19075,5692,,,,,,,,,,,,
2026/10/02 15:01,2026-10-02T15:16:46+09:00,2026/10/02,2026/12/10,2026-12,PUT,50000,117,8729,52,40.07,39.01,150,1,129,39,39.78,11,8.21,145,10/02 13:48
2026/10/02 15:01,2026-10-02T15:16:46+09:00,2026/10/02,2026/12/10,2026-12,CALL,49750,19320,,,,,,,,,,,,,
2026/10/02 15:01,2026-10-02T15:16:46+09:00,2026/10/02,2026/12/10,2026-12,PUT,49750,110,78,,41.1,38.58,160,21,112,5,,,,,
2026/10/02 15:01,2026-10-02T15:16:46+09:00,2026/10/02,2026/12/10,2026-12,CALL,49500,19565,260,,,,,,,,,,,,
2026/10/02 15:01,2026-10-02T15:16:46+09:00,2026/10/02,2026/12/10,2026-12,PUT,49500,105,2326,,40.81,38.87,143,8,108,8,,,,,
2026/10/02 15:01,2026-10-02T15:16:46+09:00,2026/10/02,2026/12/10,2026-12,CALL,49250,19810,,,,,,,,,,,,,
2026/10/02 15:01,2026-10-02T15:16:46+09:00,2026/10/02,2026/12/10,2026-12,PUT,49250,101,210,,41.76,39.14,151,22,104,5,,,,,
2026/10/02 15:01,2026-10-02T15:16:46+09:00,2026/10/02,2026/12/10,2026-12,CALL,49000,20055,1000,,,,,,,,,,,,
2026/10/02 15:01,2026-10-02T15:16:46+09:00,2026/10/02,2026/12/10,2026-12,PUT,49000,97,3739,,41.58,39.47,137,12,101,12,,,,,
2026/10/02 15:01,2026-10-02T15:16:46+09:00,2026/10/02,2026/12/10,2026-12,CALL,48750,20300,,,,,,,,,,,,,
2026/10/02 15:01,2026-10-02T15:16:46+09:00,2026/10/02,2026/12/10,2026-12,PUT,48750,93,4,4,41.96,39.73,134,5,97,5,39.81,,,97,10/02 13:11
2026/10/02 15:01,2026-10-02T15:16:46+09:00,2026/10/02,2026/12/10,2026-12,CALL,48500,20545,,,,,,,,,,,,,
2026/10/02 15:01,2026-10-02T15:16:46+09:00,2026/10/02,2026/12/10,2026-12,PUT,48500,90,309,,42.16,39.91,128,8,92,8,,,,,
2026/10/02 15:01,2026-10-02T15:16:46+09:00,2026/10/02,2026/12/10,2026-12,CALL,48250,20790,,,,,,,,,,,,,
2026/10/02 15:01,2026-10-02T15:16:46+09:00,2026/10/02,2026/12/10,2026-12,PUT,48250,87,10,,42.76,40.14,129,5,88,5,,,,,
2026/10/02 15:01,2026-10-02T15:16:46+09:00,2026/10/02,2026/12/10,2026-12,CALL,48000,21040,750,,,,,,,,,,,,
2026/10/02 15:01,2026-10-02T15:16:46+09:00,2026/10/02,2026/12/10,2026-12,PUT,48000,86,4326,,43.08,40.51,125,12,86,12,,,,,
2026/10/02 15:01,2026-10-02T15:16:46+09:00,2026/10/02,2026/12/10,2026-12,CALL,47750,21285,,,,,,,,,,,,,
2026/10/02 15:01,2026-10-02T15:16:46+09:00,2026/10/02,2026/12/10,2026-12,PUT,47750,80,5,,42.82,40.65,112,5,81,22,,,,,
2026/10/02 15:01,2026-10-02T15:16:46+09:00,2026/10/02,2026/12/10,2026-12,CALL,47500,21530,200,,,,,,,,,,,,
2026/10/02 15:01,2026-10-02T15:16:46+09:00,2026/10/02,2026/12/10,2026-12,PUT,47500,77,1122,,43.23,40.93,110,8,78,36,,,,,
2026/10/02 15:01,2026-10-02T15:16:46+09:00,2026/10/02,2026/12/10,2026-12,CALL,47250,21775,,,,,,,,,,,,,
2026/10/02 15:01,2026-10-02T15:16:46+09:00,2026/10/02,2026/12/10,2026-12,PUT,47250,74,,,43.64,41.28,108,5,76,5,,,,,
2026/10/02 15:01,2026-10-02T15:16:46+09:00,2026/10/02,2026/12/10,2026-12,CALL,47000,22025,350,,,,,,,,,,,,
2026/10/02 15:01,2026-10-02T15:16:46+09:00,2026/10/02,2026/12/10,2026-12,PUT,47000,71,2828,,43.98,41.46,105,13,72,12,,,,,
2026/10/02 15:01,2026-10-02T15:16:46+09:00,2026/10/02,2026/12/10,2026-12,CALL,46750,22270,,,,,,,,,,,,,
2026/10/02 15:01,2026-10-02T15:16:46+09:00,2026/10/02,2026/12/10,2026-12,PUT,46750,69,24,,44.45,41.98,104,5,72,5,,,,,
2026/10/02 15:01,2026-10-02T15:16:46+09:00,2026/10/02,2026/12/10,2026-12,CALL,46500,22515,,,,,,,,,,,,,
2026/10/02 15:01,2026-10-02T15:16:46+09:00,2026/10/02,2026/12/10,2026-12,PUT,46500,66,119,,45.27,41.96,108,8,66,8,,,,,
2026/10/02 15:01,2026-10-02T15:16:46+09:00,2026/10/02,2026/12/10,2026-12,CALL,46250,22765,315,,,,,,,,,,,,
2026/10/02 15:01,2026-10-02T15:16:46+09:00,2026/10/02,2026/12/10,2026-12,PUT,46250,64,71,,45.47,42.57,103,5,67,5,,,,,
2026/10/02 15:01,2026-10-02T15:16:46+09:00,2026/10/02,2026/12/10,2026-12,CALL,46000,23010,2300,,,,,,,,,,,,
2026/10/02 15:01,2026-10-02T15:16:46+09:00,2026/10/02,2026/12/10,2026-12,PUT,46000,61,3857,,45.8,42.8,100,12,64,12,,,,,
2026/10/02 15:01,2026-10-02T15:16:46+09:00,2026/10/02,2026/12/10,2026-12,CALL,45750,23260,,,,,,,,,,,,,
2026/10/02 15:01,2026-10-02T15:16:46+09:00,2026/10/02,2026/12/10,2026-12,PUT,45750,59,,,45.98,43.51,95,5,66,5,,,,,
2026/10/02 15:01,2026-10-02T15:16:46+09:00,2026/10/02,2026/12/10,2026-12,CALL,45500,23505,200,,,,,,,,,,,,
2026/10/02 15:01,2026-10-02T15:16:46+09:00,2026/10/02,2026/12/10,2026-12,PUT,45500,57,350,,49.27,39.59,135,1,30,1,,,,,
2026/10/02 15:01,2026-10-02T15:16:46+09:00,2026/10/02,2026/12/10,2026-12,CALL,45250,23750,413,,,,,,,,,,,,
2026/10/02 15:01,2026-10-02T15:16:46+09:00,2026/10/02,2026/12/10,2026-12,PUT,45250,55,53,,49.72,39.56,133,1,27,1,,,,,
2026/10/02 15:01,2026-10-02T15:16:46+09:00,2026/10/02,2026/12/10,2026-12,CALL,45000,24000,1842,2,54.78,,23655,3,23320,15,,,,23505,10/02 13:01
2026/10/02 15:01,2026-10-02T15:16:46+09:00,2026/10/02,2026/12/10,2026-12,PUT,45000,66,2746,,50.11,39.66,130,1,25,1,,,,,
2026/10/02 15:01,2026-10-02T15:16:46+09:00,2026/10/02,2026/12/10,2026-12,CALL,44750,24245,,,,,,,,,,,,,
2026/10/02 15:01,2026-10-02T15:16:46+09:00,2026/10/02,2026/12/10,2026-12,PUT,44750,51,1,,50.55,39.74,128,1,23,1,,,,,
2026/10/02 15:01,2026-10-02T15:16:46+09:00,2026/10/02,2026/12/10,2026-12,CALL,44500,24495,,,,,,,,,,,,,
2026/10/02 15:01,2026-10-02T15:16:46+09:00,2026/10/02,2026/12/10,2026-12,PUT,44500,49,102,,51,39.57,126,1,20,1,,,,,
2026/10/02 15:01,2026-10-02T15:16:46+09:00,2026/10/02,2026/12/10,2026-12,CALL,44250,24740,,,,,,,,,,,,,
2026/10/02 15:01,2026-10-02T15:16:46+09:00,2026/10/02,2026/12/10,2026-12,PUT,44250,47,,,51.38,39.56,123,1,18,1,,,,,
2026/10/02 15:01,2026-10-02T15:16:46+09:00,2026/10/02,2026/12/10,2026-12,CALL,44000,24990,600,,,,,,,,,,,,
2026/10/02 15:01,2026-10-02T15:16:46+09:00,2026/10/02,2026/12/10,2026-12,PUT,44000,60,2813,,51.82,46.03,121,1,55,5,,,,,
2026/10/02 15:01,2026-10-02T15:16:46+09:00,2026/10/02,2026/12/10,2026-12,CALL,43750,25235,131,,,,,,,,,,,,
2026/10/02 15:01,2026-10-02T15:16:46+09:00,2026/10/02,2026/12/10,2026-12,PUT,43750,44,9,,52.26,39.39,119,1,14,1,,,,,
2026/10/02 15:01,2026-10-02T15:16:46+09:00,2026/10/02,2026/12/10,2026-12,CALL,43500,25485,,,,,,,,,,,,,
2026/10/02 15:01,2026-10-02T15:16:46+09:00,2026/10/02,2026/12/10,2026-12,PUT,43500,42,102,,52.71,39.2,117,1,12,1,,,,,
2026/10/02 15:01,2026-10-02T15:16:46+09:00,2026/10/02,2026/12/10,2026-12,CALL,43250,25730,4,,62.69,,25480,5,24875,5,,,,,
2026/10/02 15:01,2026-10-02T15:16:46+09:00,2026/10/02,2026/12/10,2026-12,PUT,43250,40,,,53.15,38.92,115,1,10,1,,,,,
2026/10/02 15:01,2026-10-02T15:16:46+09:00,2026/10/02,2026/12/10,2026-12,CALL,43000,25980,1400,,,,,,,,,,,,
2026/10/02 15:01,2026-10-02T15:16:46+09:00,2026/10/02,2026/12/10,2026-12,PUT,43000,39,2175,,53.58,38.5,113,1,8,1,,,,,
2026/10/02 15:01,2026-10-02T15:16:46+09:00,2026/10/02,2026/12/10,2026-12,CALL,42750,26230,,,,,,,,,,,,,
2026/10/02 15:01,2026-10-02T15:16:46+09:00,2026/10/02,2026/12/10,2026-12,PUT,42750,37,,,54.02,37.88,111,1,6,1,,,,,
2026/10/02 15:01,2026-10-02T15:16:46+09:00,2026/10/02,2026/12/10,2026-12,CALL,42500,26475,250,10,59.78,,26130,2,25830,2,,,,26000,10/02 11:26
2026/10/02 15:01,2026-10-02T15:16:46+09:00,2026/10/02,2026/12/10,2026-12,PUT,42500,49,301,,54.46,48.35,109,1,48,1,,,,,
2026/10/02 15:01,2026-10-02T15:16:46+09:00,2026/10/02,2026/12/10,2026-12,CALL,42250,26725,,,,,,,,,,,,,
2026/10/02 15:01,2026-10-02T15:16:46+09:00,2026/10/02,2026/12/10,2026-12,PUT,42250,35,,,54.97,36.43,108,1,3,1,,,,,
2026/10/02 15:01,2026-10-02T15:16:46+09:00,2026/10/02,2026/12/10,2026-12,CALL,42000,26970,1071,,,,,,,,,,,,
2026/10/02 15:01,2026-10-02T15:16:46+09:00,2026/10/02,2026/12/10,2026-12,PUT,42000,33,3702,,55.41,33.78,106,1,1,21,,,,,
2026/10/02 15:01,2026-10-02T15:16:46+09:00,2026/10/02,2026/12/10,2026-12,CALL,41750,27220,,,,,,,,,,,,,
2026/10/02 15:01,2026-10-02T15:16:46+09:00,2026/10/02,2026/12/10,2026-12,PUT,41750,32,,,55.84,,104,1,,,,,,,
2026/10/02 15:01,2026-10-02T15:16:46+09:00,2026/10/02,2026/12/10,2026-12,CALL,41500,27470,100,,,,,,,,,,,,
2026/10/02 15:01,2026-10-02T15:16:46+09:00,2026/10/02,2026/12/10,2026-12,PUT,41500,31,101,,56.36,39.43,103,1,5,1,,,,,
2026/10/02 15:01,2026-10-02T15:16:46+09:00,2026/10/02,2026/12/10,2026-12,CALL,41250,27715,,,,,,,,,,,,,
2026/10/02 15:01,2026-10-02T15:16:46+09:00,2026/10/02,2026/12/10,2026-12,PUT,41250,30,3,,56.08,39.09,93,1,4,1,,,,,
2026/10/02 15:01,2026-10-02T15:16:46+09:00,2026/10/02,2026/12/10,2026-12,CALL,41000,27965,1300,,,,,,,,,,,,
2026/10/02 15:01,2026-10-02T15:16:46+09:00,2026/10/02,2026/12/10,2026-12,PUT,41000,28,1929,,56.58,38.55,92,1,3,1,,,,,
2026/10/02 15:01,2026-10-02T15:16:46+09:00,2026/10/02,2026/12/10,2026-12,CALL,40750,28210,,,,,,,,,,,,,
2026/10/02 15:01,2026-10-02T15:16:46+09:00,2026/10/02,2026/12/10,2026-12,PUT,40750,27,1,,57,35.75,90,1,1,1,,,,,
2026/10/02 15:01,2026-10-02T15:16:46+09:00,2026/10/02,2026/12/10,2026-12,CALL,40500,28460,400,,,,,,,,,,,,
2026/10/02 15:01,2026-10-02T15:16:46+09:00,2026/10/02,2026/12/10,2026-12,PUT,40500,26,1399,,57.5,,89,1,,,,,,,
2026/10/02 15:01,2026-10-02T15:16:46+09:00,2026/10/02,2026/12/10,2026-12,CALL,40250,28710,,,,,,,,,,,,,
2026/10/02 15:01,2026-10-02T15:16:46+09:00,2026/10/02,2026/12/10,2026-12,PUT,40250,25,5,,57.91,,87,1,,,,,,,
2026/10/02 15:01,2026-10-02T15:16:46+09:00,2026/10/02,2026/12/10,2026-12,CALL,40000,28955,1200,,,,,,,,,,,,
2026/10/02 15:01,2026-10-02T15:16:46+09:00,2026/10/02,2026/12/10,2026-12,PUT,40000,30,6768,,58.42,46.94,86,1,15,2,,,,,
2026/10/02 15:01,2026-10-02T15:16:46+09:00,2026/10/02,2026/12/10,2026-12,CALL,39750,29205,,,,,,,,,,,,,
2026/10/02 15:01,2026-10-02T15:16:46+09:00,2026/10/02,2026/12/10,2026-12,PUT,39750,23,,,58.93,,85,1,,,,,,,
2026/10/02 15:01,2026-10-02T15:16:46+09:00,2026/10/02,2026/12/10,2026-12,CALL,39500,29455,500,,,,,,,,,,,,
2026/10/02 15:01,2026-10-02T15:16:46+09:00,2026/10/02,2026/12/10,2026-12,PUT,39500,22,1008,,59.33,37.78,83,1,1,10,,,,,
2026/10/02 15:01,2026-10-02T15:16:46+09:00,2026/10/02,2026/12/10,2026-12,CALL,39250,29700,,,,,,,,,,,,,
2026/10/02 15:01,2026-10-02T15:16:46+09:00,2026/10/02,2026/12/10,2026-12,PUT,39250,21,650,,59.84,,82,1,,,,,,,
2026/10/02 15:01,2026-10-02T15:16:46+09:00,2026/10/02,2026/12/10,2026-12,CALL,39000,29950,750,,,,,,,,,,,,
2026/10/02 15:01,2026-10-02T15:16:46+09:00,2026/10/02,2026/12/10,2026-12,PUT,39000,22,2301,,54.87,38.61,40,1,1,20,,,,,
2026/10/02 15:01,2026-10-02T15:16:46+09:00,2026/10/02,2026/12/10,2026-12,CALL,38750,30200,50,,,,,,,,,,,,
2026/10/02 15:01,2026-10-02T15:16:46+09:00,2026/10/02,2026/12/10,2026-12,PUT,38750,20,50,,60.86,39.03,80,1,1,1,,,,,
2026/10/02 15:01,2026-10-02T15:16:46+09:00,2026/10/02,2026/12/10,2026-12,CALL,38500,30450,700,,,,,,,,,,,,
2026/10/02 15:01,2026-10-02T15:16:46+09:00,2026/10/02,2026/12/10,2026-12,PUT,38500,19,1150,,61.38,,79,1,,,,,,,
2026/10/02 15:01,2026-10-02T15:16:46+09:00,2026/10/02,2026/12/10,2026-12,CALL,38250,30695,,,,,,,,,,,,,
2026/10/02 15:01,2026-10-02T15:16:46+09:00,2026/10/02,2026/12/10,2026-12,PUT,38250,18,,,61.89,,78,1,,,,,,,
2026/10/02 15:01,2026-10-02T15:16:46+09:00,2026/10/02,2026/12/10,2026-12,CALL,38000,30945,1225,,,,,,,,,,,,
2026/10/02 15:01,2026-10-02T15:16:46+09:00,2026/10/02,2026/12/10,2026-12,PUT,38000,17,2587,1,57.18,52.39,40,12,19,42,55.93,,,35,10/01 23:19
2026/10/02 15:01,2026-10-02T15:16:46+09:00,2026/10/02,2026/12/10,2026-12,CALL,37750,31195,100,,,,,,,,,,,,
2026/10/02 15:01,2026-10-02T15:16:46+09:00,2026/10/02,2026/12/10,2026-12,PUT,37750,17,100,,62.92,,76,1,,,,,,,
2026/10/02 15:01,2026-10-02T15:16:46+09:00,2026/10/02,2026/12/10,2026-12,CALL,37500,31440,88,,,,,,,,,,,,
2026/10/02 15:01,2026-10-02T15:16:46+09:00,2026/10/02,2026/12/10,2026-12,PUT,37500,16,188,,63.43,,75,1,,,,,,,
2026/10/02 15:01,2026-10-02T15:16:46+09:00,2026/10/02,2026/12/10,2026-12,CALL,37250,31690,,,,,,,,,,,,,
2026/10/02 15:01,2026-10-02T15:16:46+09:00,2026/10/02,2026/12/10,2026-12,PUT,37250,15,,,63.95,,74,1,,,,,,,
2026/10/02 15:01,2026-10-02T15:16:46+09:00,2026/10/02,2026/12/10,2026-12,CALL,37000,31940,450,,,,,,,,,,,,
2026/10/02 15:01,2026-10-02T15:16:46+09:00,2026/10/02,2026/12/10,2026-12,PUT,37000,15,2619,,64.46,42.04,73,1,1,20,,,,,
2026/10/02 15:01,2026-10-02T15:16:46+09:00,2026/10/02,2026/12/10,2026-12,CALL,36750,32190,,,,,,,,,,,,,
2026/10/02 15:01,2026-10-02T15:16:46+09:00,2026/10/02,2026/12/10,2026-12,PUT,36750,14,400,,64.98,,72,1,,,,,,,
2026/10/02 15:01,2026-10-02T15:16:46+09:00,2026/10/02,2026/12/10,2026-12,CALL,36500,32435,252,,,,,,,,,,,,
2026/10/02 15:01,2026-10-02T15:16:46+09:00,2026/10/02,2026/12/10,2026-12,PUT,36500,13,225,,65.5,,71,1,,,,,,,
2026/10/02 15:01,2026-10-02T15:16:46+09:00,2026/10/02,2026/12/10,2026-12,CALL,36250,32685,,,,,,,,,,,,,
2026/10/02 15:01,2026-10-02T15:16:46+09:00,2026/10/02,2026/12/10,2026-12,PUT,36250,13,,,66.02,,70,1,,,,,,,
2026/10/02 15:01,2026-10-02T15:16:46+09:00,2026/10/02,2026/12/10,2026-12,CALL,36000,32935,975,,,,,,,,,,,,
2026/10/02 15:01,2026-10-02T15:16:46+09:00,2026/10/02,2026/12/10,2026-12,PUT,36000,12,2906,,64.23,43.82,53,1,1,20,,,,,
2026/10/02 15:01,2026-10-02T15:16:46+09:00,2026/10/02,2026/12/10,2026-12,CALL,35750,33185,,,,,,,,,,,,,
2026/10/02 15:01,2026-10-02T15:16:46+09:00,2026/10/02,2026/12/10,2026-12,PUT,35750,12,,,64.7,,52,1,,,,,,,
2026/10/02 15:01,2026-10-02T15:16:46+09:00,2026/10/02,2026/12/10,2026-12,CALL,35500,33430,,,,,,,,,,,,,
2026/10/02 15:01,2026-10-02T15:16:46+09:00,2026/10/02,2026/12/10,2026-12,PUT,35500,12,,,65.18,,51,1,,,,,,,
2026/10/02 15:01,2026-10-02T15:16:46+09:00,2026/10/02,2026/12/10,2026-12,CALL,35250,33680,,,,,,,,,,,,,
2026/10/02 15:01,2026-10-02T15:16:46+09:00,2026/10/02,2026/12/10,2026-12,PUT,35250,12,,,65.82,,51,1,,,,,,,
2026/10/02 15:01,2026-10-02T15:16:46+09:00,2026/10/02,2026/12/10,2026-12,CALL,35000,33930,435,,,,,,,,,,,,
2026/10/02 15:01,2026-10-02T15:16:46+09:00,2026/10/02,2026/12/10,2026-12,PUT,35000,21,5277,,60.69,59.79,24,20,21,1,,,,,
2026/10/02 15:01,2026-10-02T15:16:46+09:00,2026/10/02,2026/12/10,2026-12,CALL,34750,34180,,,,,,,,,,,,,
2026/10/02 15:01,2026-10-02T15:16:46+09:00,2026/10/02,2026/12/10,2026-12,PUT,34750,10,1,,66.77,,49,1,,,,,,,
2026/10/02 15:01,2026-10-02T15:16:46+09:00,2026/10/02,2026/12/10,2026-12,CALL,34500,34425,400,,,,,,,,,,,,
2026/10/02 15:01,2026-10-02T15:16:46+09:00,2026/10/02,2026/12/10,2026-12,PUT,34500,9,560,,67.25,,48,1,,,,,,,
2026/10/02 15:01,2026-10-02T15:16:46+09:00,2026/10/02,2026/12/10,2026-12,CALL,34250,34675,,,,,,,,,,,,,
2026/10/02 15:01,2026-10-02T15:16:46+09:00,2026/10/02,2026/12/10,2026-12,PUT,34250,9,,,67.91,,48,1,,,,,,,
2026/10/02 15:01,2026-10-02T15:16:46+09:00,2026/10/02,2026/12/10,2026-12,CALL,34000,34925,280,,,,,,,,,,,,
2026/10/02 15:01,2026-10-02T15:16:46+09:00,2026/10/02,2026/12/10,2026-12,PUT,34000,8,2820,,68.38,47.52,47,1,1,20,,,,,
2026/10/02 15:01,2026-10-02T15:16:46+09:00,2026/10/02,2026/12/10,2026-12,CALL,33750,35175,,,,,,,,,,,,,
2026/10/02 15:01,2026-10-02T15:16:46+09:00,2026/10/02,2026/12/10,2026-12,PUT,33750,8,,,68.86,,46,1,,,,,,,
2026/10/02 15:01,2026-10-02T15:16:46+09:00,2026/10/02,2026/12/10,2026-12,CALL,33500,35425,,,,,,,,,,,,,
2026/10/02 15:01,2026-10-02T15:16:46+09:00,2026/10/02,2026/12/10,2026-12,PUT,33500,8,72,,69.53,,46,1,,,,,,,
2026/10/02 15:01,2026-10-02T15:16:46+09:00,2026/10/02,2026/12/10,2026-12,CALL,33250,35670,,,,,,,,,,,,,
2026/10/02 15:01,2026-10-02T15:16:46+09:00,2026/10/02,2026/12/10,2026-12,PUT,33250,7,37,,70.01,,45,1,,,,,,,
2026/10/02 15:01,2026-10-02T15:16:46+09:00,2026/10/02,2026/12/10,2026-12,CALL,33000,35920,1950,,,,,,,,,,,,
2026/10/02 15:01,2026-10-02T15:16:46+09:00,2026/10/02,2026/12/10,2026-12,PUT,33000,15,3362,,70.68,62.38,45,1,15,1,,,,,
2026/10/02 15:01,2026-10-02T15:16:46+09:00,2026/10/02,2026/12/10,2026-12,CALL,32750,36170,,,,,,,,,,,,,
2026/10/02 15:01,2026-10-02T15:16:46+09:00,2026/10/02,2026/12/10,2026-12,PUT,32750,7,,,71.16,,44,1,,,,,,,
2026/10/02 15:01,2026-10-02T15:16:46+09:00,2026/10/02,2026/12/10,2026-12,CALL,32500,36420,250,,,,,,,,,,,,
2026/10/02 15:01,2026-10-02T15:16:46+09:00,2026/10/02,2026/12/10,2026-12,PUT,32500,6,900,,71.64,,43,1,,,,,,,
2026/10/02 15:01,2026-10-02T15:16:46+09:00,2026/10/02,2026/12/10,2026-12,CALL,32250,36670,,,,,,,,,,,,,
2026/10/02 15:01,2026-10-02T15:16:46+09:00,2026/10/02,2026/12/10,2026-12,PUT,32250,6,600,,72.33,,43,1,,,,,,,
2026/10/02 15:01,2026-10-02T15:16:46+09:00,2026/10/02,2026/12/10,2026-12,CALL,32000,36915,700,,,,,,,,,,,,
2026/10/02 15:01,2026-10-02T15:16:46+09:00,2026/10/02,2026/12/10,2026-12,PUT,32000,6,4655,,72.81,51.45,42,1,1,50,,,,,
2026/10/02 15:01,2026-10-02T15:16:46+09:00,2026/10/02,2026/12/10,2026-12,CALL,31750,37165,,,,,,,,,,,,,
2026/10/02 15:01,2026-10-02T15:16:46+09:00,2026/10/02,2026/12/10,2026-12,PUT,31750,5,,,73.5,,42,1,,,,,,,
2026/10/02 15:01,2026-10-02T15:16:46+09:00,2026/10/02,2026/12/10,2026-12,CALL,31500,37415,50,,,,,,,,,,,,
2026/10/02 15:01,2026-10-02T15:16:46+09:00,2026/10/02,2026/12/10,2026-12,PUT,31500,5,350,,73.99,,41,1,,,,,,,
2026/10/02 15:01,2026-10-02T15:16:46+09:00,2026/10/02,2026/12/10,2026-12,CALL,31250,37665,,,,,,,,,,,,,
2026/10/02 15:01,2026-10-02T15:16:46+09:00,2026/10/02,2026/12/10,2026-12,PUT,31250,5,,,74.69,,41,1,,,,,,,
2026/10/02 15:01,2026-10-02T15:16:46+09:00,2026/10/02,2026/12/10,2026-12,CALL,31000,37915,241,,,,,,,,,,,,
2026/10/02 15:01,2026-10-02T15:16:46+09:00,2026/10/02,2026/12/10,2026-12,PUT,31000,5,2037,,75.18,53.51,40,1,1,20,,,,,
2026/10/02 15:01,2026-10-02T15:16:46+09:00,2026/10/02,2026/12/10,2026-12,CALL,30750,38160,,,,,,,,,,,,,
2026/10/02 15:01,2026-10-02T15:16:46+09:00,2026/10/02,2026/12/10,2026-12,PUT,30750,4,,,75.89,,40,1,,,,,,,
2026/10/02 15:01,2026-10-02T15:16:46+09:00,2026/10/02,2026/12/10,2026-12,CALL,30500,38410,50,,,,,,,,,,,,
2026/10/02 15:01,2026-10-02T15:16:46+09:00,2026/10/02,2026/12/10,2026-12,PUT,30500,4,51,,76.61,,40,1,,,,,,,
2026/10/02 15:01,2026-10-02T15:16:46+09:00,2026/10/02,2026/12/10,2026-12,CALL,30250,38660,,,,,,,,,,,,,
2026/10/02 15:01,2026-10-02T15:16:46+09:00,2026/10/02,2026/12/10,2026-12,PUT,30250,4,,,77.1,,39,1,,,,,,,
2026/10/02 15:01,2026-10-02T15:16:46+09:00,2026/10/02,2026/12/10,2026-12,CALL,30000,38910,2553,,,,,,,,,,,,
2026/10/02 15:01,2026-10-02T15:16:46+09:00,2026/10/02,2026/12/10,2026-12,PUT,30000,11,9398,,72.53,67.87,21,10,11,6,,,,,
2026/10/02 15:01,2026-10-02T15:16:46+09:00,2026/10/02,2026/12/10,2026-12,CALL,29750,39160,,,,,,,,,,,,,
2026/10/02 15:01,2026-10-02T15:16:46+09:00,2026/10/02,2026/12/10,2026-12,PUT,29750,3,,,77.3,,34,1,,,,,,,
2026/10/02 15:01,2026-10-02T15:16:46+09:00,2026/10/02,2026/12/10,2026-12,CALL,29500,39410,,,,,,,,,,,,,
2026/10/02 15:01,2026-10-02T15:16:46+09:00,2026/10/02,2026/12/10,2026-12,PUT,29500,3,,,78.03,,34,1,,,,,,,
2026/10/02 15:01,2026-10-02T15:16:46+09:00,2026/10/02,2026/12/10,2026-12,CALL,29250,39655,,,,,,,,,,,,,
2026/10/02 15:01,2026-10-02T15:16:46+09:00,2026/10/02,2026/12/10,2026-12,PUT,29250,3,,,78.77,,34,1,,,,,,,
2026/10/02 15:01,2026-10-02T15:16:46+09:00,2026/10/02,2026/12/10,2026-12,CALL,29000,39905,150,,,,,,,,,,,,
2026/10/02 15:01,2026-10-02T15:16:46+09:00,2026/10/02,2026/12/10,2026-12,PUT,29000,5,1450,,79.24,65.58,33,1,5,2,,,,,
2026/10/02 15:01,2026-10-02T15:16:46+09:00,2026/10/02,2026/12/10,2026-12,CALL,28750,40155,,,,,,,,,,,,,
2026/10/02 15:01,2026-10-02T15:16:46+09:00,2026/10/02,2026/12/10,2026-12,PUT,28750,3,,,79.98,,33,1,,,,,,,
2026/10/02 15:01,2026-10-02T15:16:46+09:00,2026/10/02,2026/12/10,2026-12,CALL,28500,40405,125,,,,,,,,,,,,
2026/10/02 15:01,2026-10-02T15:16:46+09:00,2026/10/02,2026/12/10,2026-12,PUT,28500,3,400,,80.74,,33,1,,,,,,,
2026/10/02 15:01,2026-10-02T15:16:46+09:00,2026/10/02,2026/12/10,2026-12,CALL,28250,40655,,,,,,,,,,,,,
2026/10/02 15:01,2026-10-02T15:16:46+09:00,2026/10/02,2026/12/10,2026-12,PUT,28250,2,,,81.21,,32,1,,,,,,,
2026/10/02 15:01,2026-10-02T15:16:46+09:00,2026/10/02,2026/12/10,2026-12,CALL,28000,40905,75,,,,,,,,,,,,
2026/10/02 15:01,2026-10-02T15:16:46+09:00,2026/10/02,2026/12/10,2026-12,PUT,28000,5,1334,,81.98,68.13,32,1,5,4,,,,,
2026/10/02 15:01,2026-10-02T15:16:46+09:00,2026/10/02,2026/12/10,2026-12,CALL,27750,41150,,,,,,,,,,,,,
2026/10/02 15:01,2026-10-02T15:16:46+09:00,2026/10/02,2026/12/10,2026-12,PUT,27750,2,72,,82.75,,32,1,,,,,,,
2026/10/02 15:01,2026-10-02T15:16:46+09:00,2026/10/02,2026/12/10,2026-12,CALL,27500,41400,,,,,,,,,,,,,
2026/10/02 15:01,2026-10-02T15:16:46+09:00,2026/10/02,2026/12/10,2026-12,PUT,27500,2,25,,83.23,,31,1,,,,,,,
2026/10/02 15:01,2026-10-02T15:16:46+09:00,2026/10/02,2026/12/10,2026-12,CALL,27250,41650,,,,,,,,,,,,,
2026/10/02 15:01,2026-10-02T15:16:46+09:00,2026/10/02,2026/12/10,2026-12,PUT,27250,2,,,84.01,,31,1,,,,,,,
2026/10/02 15:01,2026-10-02T15:16:46+09:00,2026/10/02,2026/12/10,2026-12,CALL,27000,41900,250,,,,,,,,,,,,
2026/10/02 15:01,2026-10-02T15:16:46+09:00,2026/10/02,2026/12/10,2026-12,PUT,27000,5,2631,,84.8,70.77,31,1,5,5,,,,,
2026/10/02 15:01,2026-10-02T15:16:46+09:00,2026/10/02,2026/12/10,2026-12,CALL,26750,42150,,,,,,,,,,,,,
2026/10/02 15:01,2026-10-02T15:16:46+09:00,2026/10/02,2026/12/10,2026-12,PUT,26750,2,,,85.28,,30,1,,,,,,,
2026/10/02 15:01,2026-10-02T15:16:46+09:00,2026/10/02,2026/12/10,2026-12,CALL,26500,42400,,,,,,,,,,,,,
2026/10/02 15:01,2026-10-02T15:16:46+09:00,2026/10/02,2026/12/10,2026-12,PUT,26500,2,3,,86.08,,30,1,,,,,,,
2026/10/02 15:01,2026-10-02T15:16:46+09:00,2026/10/02,2026/12/10,2026-12,CALL,26250,42645,,,,,,,,,,,,,
2026/10/02 15:01,2026-10-02T15:16:46+09:00,2026/10/02,2026/12/10,2026-12,PUT,26250,2,,,86.9,,30,1,,,,,,,
2026/10/02 15:01,2026-10-02T15:16:46+09:00,2026/10/02,2026/12/10,2026-12,CALL,26000,42895,350,,,,,,,,,,,,
2026/10/02 15:01,2026-10-02T15:16:46+09:00,2026/10/02,2026/12/10,2026-12,PUT,26000,1,1425,,87.72,64.88,30,1,1,20,,,,,
2026/10/02 15:01,2026-10-02T15:16:46+09:00,2026/10/02,2026/12/10,2026-12,CALL,25750,43145,,,,,,,,,,,,,
2026/10/02 15:01,2026-10-02T15:16:46+09:00,2026/10/02,2026/12/10,2026-12,PUT,25750,2,,,88.21,,29,1,,,,,,,
2026/10/02 15:01,2026-10-02T15:16:46+09:00,2026/10/02,2026/12/10,2026-12,CALL,25500,43395,,,,,,,,,,,,,
2026/10/02 15:01,2026-10-02T15:16:46+09:00,2026/10/02,2026/12/10,2026-12,PUT,25500,2,2,,89.04,,29,1,,,,,,,
2026/10/02 15:01,2026-10-02T15:16:46+09:00,2026/10/02,2026/12/10,2026-12,CALL,25250,43645,,,,,,,,,,,,,
2026/10/02 15:01,2026-10-02T15:16:46+09:00,2026/10/02,2026/12/10,2026-12,PUT,25250,2,1,,89.88,,29,1,,,,,,,
2026/10/02 15:01,2026-10-02T15:16:46+09:00,2026/10/02,2026/12/10,2026-12,CALL,25000,43895,300,,,,,,,,,,,,
2026/10/02 15:01,2026-10-02T15:16:46+09:00,2026/10/02,2026/12/10,2026-12,PUT,25000,5,2019,,84,76.37,14,1,5,1,,,,,
2026/10/02 15:01,2026-10-02T15:16:46+09:00,2026/10/02,2026/12/10,2026-12,CALL,24750,44145,,,,,,,,,,,,,
2026/10/02 15:01,2026-10-02T15:16:46+09:00,2026/10/02,2026/12/10,2026-12,PUT,24750,2,1,,91.59,,29,1,,,,,,,
2026/10/02 15:01,2026-10-02T15:16:46+09:00,2026/10/02,2026/12/10,2026-12,CALL,24500,44390,,,,,,,,,,,,,
2026/10/02 15:01,2026-10-02T15:16:46+09:00,2026/10/02,2026/12/10,2026-12,PUT,24500,2,250,,92.09,,28,1,,,,,,,
2026/10/02 15:01,2026-10-02T15:16:46+09:00,2026/10/02,2026/12/10,2026-12,CALL,24250,44640,,,,,,,,,,,,,
2026/10/02 15:01,2026-10-02T15:16:46+09:00,2026/10/02,2026/12/10,2026-12,PUT,24250,2,,,92.97,,28,1,,,,,,,
2026/10/02 15:01,2026-10-02T15:16:46+09:00,2026/10/02,2026/12/10,2026-12,CALL,24000,44890,,,,,,,,,,,,,
2026/10/02 15:01,2026-10-02T15:16:46+09:00,2026/10/02,2026/12/10,2026-12,PUT,24000,1,405,,93.85,70.06,28,1,1,30,,,,,
2026/10/02 15:01,2026-10-02T15:16:46+09:00,2026/10/02,2026/12/10,2026-12,CALL,23750,45140,,,,,,,,,,,,,
2026/10/02 15:01,2026-10-02T15:16:46+09:00,2026/10/02,2026/12/10,2026-12,PUT,23750,1,,,94.74,,28,1,,,,,,,
2026/10/02 15:01,2026-10-02T15:16:46+09:00,2026/10/02,2026/12/10,2026-12,CALL,23500,45390,,,,,,,,,,,,,
2026/10/02 15:01,2026-10-02T15:16:46+09:00,2026/10/02,2026/12/10,2026-12,PUT,23500,1,127,,95.64,,28,1,,,,,,,
2026/10/02 15:01,2026-10-02T15:16:46+09:00,2026/10/02,2026/12/10,2026-12,CALL,23250,45640,,,,,,,,,,,,,
2026/10/02 15:01,2026-10-02T15:16:46+09:00,2026/10/02,2026/12/10,2026-12,PUT,23250,1,1,,96.55,,28,1,,,,,,,
2026/10/02 15:01,2026-10-02T15:16:46+09:00,2026/10/02,2026/12/10,2026-12,CALL,23000,45890,,,,,,,,,,,,,
2026/10/02 15:01,2026-10-02T15:16:46+09:00,2026/10/02,2026/12/10,2026-12,PUT,23000,2,2106,,93.49,76.58,19,1,2,1,,,,,
2026/10/02 15:01,2026-10-02T15:16:46+09:00,2026/10/02,2026/12/10,2026-12,CALL,22750,46135,,,,,,,,,,,,,
2026/10/02 15:01,2026-10-02T15:16:46+09:00,2026/10/02,2026/12/10,2026-12,PUT,22750,1,,,94.39,,19,1,,,,,,,
2026/10/02 15:01,2026-10-02T15:16:46+09:00,2026/10/02,2026/12/10,2026-12,CALL,22500,46385,,,,,,,,,,,,,
2026/10/02 15:01,2026-10-02T15:16:46+09:00,2026/10/02,2026/12/10,2026-12,PUT,22500,1,150,,95.3,,19,1,,,,,,,
2026/10/02 15:01,2026-10-02T15:16:46+09:00,2026/10/02,2026/12/10,2026-12,CALL,22250,46635,,,,,,,,,,,,,
2026/10/02 15:01,2026-10-02T15:16:46+09:00,2026/10/02,2026/12/10,2026-12,PUT,22250,1,,,96.21,,19,1,,,,,,,
2026/10/02 15:01,2026-10-02T15:16:46+09:00,2026/10/02,2026/12/10,2026-12,CALL,22000,46885,100,,,,,,,,,,,,
2026/10/02 15:01,2026-10-02T15:16:46+09:00,2026/10/02,2026/12/10,2026-12,PUT,22000,3,1716,,91.17,82.15,10,5,3,1,,,,,
2026/10/02 15:01,2026-10-02T15:16:46+09:00,2026/10/02,2026/12/10,2026-12,CALL,21750,47135,,,,,,,,,,,,,
2026/10/02 15:01,2026-10-02T15:16:46+09:00,2026/10/02,2026/12/10,2026-12,PUT,21750,1,,,98.08,,19,1,,,,,,,
2026/10/02 15:01,2026-10-02T15:16:46+09:00,2026/10/02,2026/12/10,2026-12,CALL,21500,47385,,,,,,,,,,,,,
2026/10/02 15:01,2026-10-02T15:16:46+09:00,2026/10/02,2026/12/10,2026-12,PUT,21500,1,500,,99.03,,19,1,,,,,,,
2026/10/02 15:01,2026-10-02T15:16:46+09:00,2026/10/02,2026/12/10,2026-12,CALL,21250,47635,,,,,,,,,,,,,
2026/10/02 15:01,2026-10-02T15:16:46+09:00,2026/10/02,2026/12/10,2026-12,PUT,21250,1,,,99.99,,19,1,,,,,,,
2026/10/02 15:01,2026-10-02T15:16:46+09:00,2026/10/02,2026/12/10,2026-12,CALL,21000,47880,,,,,,,,,,,,,
2026/10/02 15:01,2026-10-02T15:16:46+09:00,2026/10/02,2026/12/10,2026-12,PUT,21000,1,350,,100.4,,18,1,,,,,,,
2026/10/02 15:01,2026-10-02T15:16:46+09:00,2026/10/02,2026/12/10,2026-12,CALL,20750,48130,,,,,,,,,,,,,
2026/10/02 15:01,2026-10-02T15:16:46+09:00,2026/10/02,2026/12/10,2026-12,PUT,20750,1,,,101.38,,18,1,,,,,,,
2026/10/02 15:01,2026-10-02T15:16:46+09:00,2026/10/02,2026/12/10,2026-12,CALL,20500,48380,,,,,,,,,,,,,
2026/10/02 15:01,2026-10-02T15:16:46+09:00,2026/10/02,2026/12/10,2026-12,PUT,20500,1,,,102.37,,18,1,,,,,,,
2026/10/02 15:01,2026-10-02T15:16:46+09:00,2026/10/02,2026/12/10,2026-12,CALL,20250,48630,,,,,,,,,,,,,
2026/10/02 15:01,2026-10-02T15:16:46+09:00,2026/10/02,2026/12/10,2026-12,PUT,20250,1,3,,103.37,,18,1,,,,,,,
2026/10/02 15:01,2026-10-02T15:16:46+09:00,2026/10/02,2026/12/10,2026-12,CALL,20000,48880,150,,,,,,,,,,,,
2026/10/02 15:01,2026-10-02T15:16:46+09:00,2026/10/02,2026/12/10,2026-12,PUT,20000,3,2651,33,90.92,88.83,4,12,3,52,90.91,0,0,4,10/02 13:39
