qri_update_time,collected_at,trading_day,last_trading_day,contract,option_type,strike,settlement,open_interest,volume,ask_iv,bid_iv,ask_price,ask_quantity,bid_price,bid_quantity,iv,change,change_percent,last_price,trade_time
2026/09/11 06:36,2026-09-11T06:51:06+09:00,2026/09/11,2026/10/08,2026-09,CALL,85000,2,240,2,33.27,31.49,2,58,1,28,32.83,0,0,2,09/11 00:12
2026/09/11 06:36,2026-09-11T06:51:06+09:00,2026/09/11,2026/10/08,2026-09,PUT,85000,20010,26,,,,,,,,,,,,
2026/09/11 06:36,2026-09-11T06:51:06+09:00,2026/09/11,2026/10/08,2026-09,CALL,84500,3,2,,,,,,,,,,,,
2026/09/11 06:36,2026-09-11T06:51:06+09:00,2026/09/11,2026/10/08,2026-09,PUT,84500,19510,,,,,,,,,,,,,
2026/09/11 06:36,2026-09-11T06:51:06+09:00,2026/09/11,2026/10/08,2026-09,CALL,84000,3,58,,33.16,30.31,3,1,1,13,,,,,
2026/09/11 06:36,2026-09-11T06:51:06+09:00,2026/09/11,2026/10/08,2026-09,PUT,84000,19010,,,,,,,,,,,,,
2026/09/11 06:36,2026-09-11T06:51:06+09:00,2026/09/11,2026/10/08,2026-09,CALL,83500,3,9,1,32.52,,3,2,,,31.14,,,3,09/10 20:41
2026/09/11 06:36,2026-09-11T06:51:06+09:00,2026/09/11,2026/10/08,2026-09,PUT,83500,18510,,,,,,,,,,,,,
2026/09/11 06:36,2026-09-11T06:51:06+09:00,2026/09/11,2026/10/08,2026-09,CALL,83000,3,59,,31.87,30.77,3,40,2,1,,,,,
2026/09/11 06:36,2026-09-11T06:51:06+09:00,2026/09/11,2026/10/08,2026-09,PUT,83000,18010,,,,,,,,,,,,,
2026/09/11 06:36,2026-09-11T06:51:06+09:00,2026/09/11,2026/10/08,2026-09,CALL,82500,4,10,,32.04,28.5,4,30,1,40,,,,,
2026/09/11 06:36,2026-09-11T06:51:06+09:00,2026/09/11,2026/10/08,2026-09,PUT,82500,17515,,,,,,,,,,,,,
2026/09/11 06:36,2026-09-11T06:51:06+09:00,2026/09/11,2026/10/08,2026-09,CALL,82000,4,194,3,30.55,29.49,3,5,2,21,30.1,-2,-40,3,09/11 00:10
2026/09/11 06:36,2026-09-11T06:51:06+09:00,2026/09/11,2026/10/08,2026-09,PUT,82000,17015,,,,,,,,,,,,,
2026/09/11 06:36,2026-09-11T06:51:06+09:00,2026/09/11,2026/10/08,2026-09,CALL,81500,5,3,1,,28.85,,,2,20,29.21,,,4,09/10 18:43
2026/09/11 06:36,2026-09-11T06:51:06+09:00,2026/09/11,2026/10/08,2026-09,PUT,81500,16515,,,,,,,,,,,,,
2026/09/11 06:36,2026-09-11T06:51:06+09:00,2026/09/11,2026/10/08,2026-09,CALL,81000,5,523,5,30,29.21,4,30,3,20,29.54,-1,-20,4,09/10 23:23
2026/09/11 06:36,2026-09-11T06:51:06+09:00,2026/09/11,2026/10/08,2026-09,PUT,81000,16015,,,,,,,,,,,,,
2026/09/11 06:36,2026-09-11T06:51:06+09:00,2026/09/11,2026/10/08,2026-09,CALL,80500,6,16,1,,28.54,,,3,20,29.01,0,0,5,09/10 21:17
2026/09/11 06:36,2026-09-11T06:51:06+09:00,2026/09/11,2026/10/08,2026-09,PUT,80500,15515,,,,,,,,,,,,,
2026/09/11 06:36,2026-09-11T06:51:06+09:00,2026/09/11,2026/10/08,2026-09,CALL,80000,7,1738,24,29.76,28.61,6,20,4,24,29.25,-2,-28.57,5,09/11 05:03
2026/09/11 06:36,2026-09-11T06:51:06+09:00,2026/09/11,2026/10/08,2026-09,PUT,80000,15020,,,,,,,,,,,,,
2026/09/11 06:36,2026-09-11T06:51:06+09:00,2026/09/11,2026/10/08,2026-09,CALL,79500,8,1,,38.66,27.16,60,1,3,30,,,,,
2026/09/11 06:36,2026-09-11T06:51:06+09:00,2026/09/11,2026/10/08,2026-09,PUT,79500,14520,,,,,,,,,,,,,
2026/09/11 06:36,2026-09-11T06:51:06+09:00,2026/09/11,2026/10/08,2026-09,CALL,79000,10,114,18,42.38,28.3,120,1,6,1,27.88,-1,-10,9,09/10 19:54
2026/09/11 06:36,2026-09-11T06:51:06+09:00,2026/09/11,2026/10/08,2026-09,PUT,79000,14025,1,,,,,,,,,,,,
2026/09/11 06:36,2026-09-11T06:51:06+09:00,2026/09/11,2026/10/08,2026-09,CALL,78500,12,17,,,27.05,,,5,2,,,,,
2026/09/11 06:36,2026-09-11T06:51:06+09:00,2026/09/11,2026/10/08,2026-09,PUT,78500,13525,,,,,,,,,,,,,
2026/09/11 06:36,2026-09-11T06:51:06+09:00,2026/09/11,2026/10/08,2026-09,CALL,78000,15,755,17,31.64,28.32,25,4,10,3,28.22,-2,-16.67,10,09/11 04:47
2026/09/11 06:36,2026-09-11T06:51:06+09:00,2026/09/11,2026/10/08,2026-09,PUT,78000,13030,,,,,,,,,,,,,
2026/09/11 06:36,2026-09-11T06:51:06+09:00,2026/09/11,2026/10/08,2026-09,CALL,77500,18,111,3,,24.34,,,3,20,27.86,0,0,12,09/10 22:20
2026/09/11 06:36,2026-09-11T06:51:06+09:00,2026/09/11,2026/10/08,2026-09,PUT,77500,12535,,,,,,,,,,,,,
2026/09/11 06:36,2026-09-11T06:51:06+09:00,2026/09/11,2026/10/08,2026-09,CALL,77000,18,1264,109,31.94,27.02,40,1,11,1,28.1,-3,-16.67,15,09/11 04:25
2026/09/11 06:36,2026-09-11T06:51:06+09:00,2026/09/11,2026/10/08,2026-09,PUT,77000,12035,,,,,,,,,,,,,
2026/09/11 06:36,2026-09-11T06:51:06+09:00,2026/09/11,2026/10/08,2026-09,CALL,76500,25,14,8,28.54,22.89,22,1,3,20,27.36,1,5.26,20,09/10 23:24
2026/09/11 06:36,2026-09-11T06:51:06+09:00,2026/09/11,2026/10/08,2026-09,PUT,76500,11540,,,,,,,,,,,,,
2026/09/11 06:36,2026-09-11T06:51:06+09:00,2026/09/11,2026/10/08,2026-09,CALL,76250,26,9,1,,22.52,,,3,20,27.82,,,23,09/10 22:07
2026/09/11 06:36,2026-09-11T06:51:06+09:00,2026/09/11,2026/10/08,2026-09,PUT,76250,11295,,,,,,,,,,,,,
2026/09/11 06:36,2026-09-11T06:51:06+09:00,2026/09/11,2026/10/08,2026-09,CALL,76000,28,1087,23,28.86,26.56,30,1,16,1,27.03,-6,-24,19,09/11 05:52
2026/09/11 06:36,2026-09-11T06:51:06+09:00,2026/09/11,2026/10/08,2026-09,PUT,76000,11045,,,,,,,,,,,,,
2026/09/11 06:36,2026-09-11T06:51:06+09:00,2026/09/11,2026/10/08,2026-09,CALL,75750,31,5,,,21.78,,,3,20,,,,,
2026/09/11 06:36,2026-09-11T06:51:06+09:00,2026/09/11,2026/10/08,2026-09,PUT,75750,10800,,,,,,,,,,,,,
2026/09/11 06:36,2026-09-11T06:51:06+09:00,2026/09/11,2026/10/08,2026-09,CALL,75500,34,12,5,,21.41,,,3,20,26.84,-7,-21.88,25,09/10 23:19
2026/09/11 06:36,2026-09-11T06:51:06+09:00,2026/09/11,2026/10/08,2026-09,PUT,75500,10555,,,,,,,,,,,,,
2026/09/11 06:36,2026-09-11T06:51:06+09:00,2026/09/11,2026/10/08,2026-09,CALL,75250,37,2,,,21.03,,,3,20,,,,,
2026/09/11 06:36,2026-09-11T06:51:06+09:00,2026/09/11,2026/10/08,2026-09,PUT,75250,10310,,,,,,,,,,,,,
2026/09/11 06:36,2026-09-11T06:51:06+09:00,2026/09/11,2026/10/08,2026-09,CALL,75000,39,2334,59,31.56,26.04,80,2,23,1,27.08,-7,-17.95,32,09/11 05:34
2026/09/11 06:36,2026-09-11T06:51:06+09:00,2026/09/11,2026/10/08,2026-09,PUT,75000,10065,,,,,,,,,,,,,
2026/09/11 06:36,2026-09-11T06:51:06+09:00,2026/09/11,2026/10/08,2026-09,CALL,74750,45,2,6,29.94,21.34,65,1,5,1,26.51,-23,-41.82,32,09/10 22:23
2026/09/11 06:36,2026-09-11T06:51:06+09:00,2026/09/11,2026/10/08,2026-09,PUT,74750,9820,,,,,,,,,,,,,
2026/09/11 06:36,2026-09-11T06:51:06+09:00,2026/09/11,2026/10/08,2026-09,CALL,74500,49,73,1,,19.89,,,3,20,26.06,-15,-29.41,36,09/10 21:36
2026/09/11 06:36,2026-09-11T06:51:06+09:00,2026/09/11,2026/10/08,2026-09,PUT,74500,9575,,,,,,,,,,,,,
2026/09/11 06:36,2026-09-11T06:51:06+09:00,2026/09/11,2026/10/08,2026-09,CALL,74250,56,10,5,,19.51,,,3,20,26.19,-19,-31.67,41,09/10 22:04
2026/09/11 06:36,2026-09-11T06:51:06+09:00,2026/09/11,2026/10/08,2026-09,PUT,74250,9330,,,,,,,,,,,,,
2026/09/11 06:36,2026-09-11T06:51:06+09:00,2026/09/11,2026/10/08,2026-09,CALL,74000,61,545,22,31.26,24.48,110,1,25,4,26.2,-10,-18.18,45,09/10 23:46
2026/09/11 06:36,2026-09-11T06:51:06+09:00,2026/09/11,2026/10/08,2026-09,PUT,74000,9090,,,,,,,,,,,,,
2026/09/11 06:36,2026-09-11T06:51:06+09:00,2026/09/11,2026/10/08,2026-09,CALL,73750,68,3,,,18.74,,,3,20,,,,,
2026/09/11 06:36,2026-09-11T06:51:06+09:00,2026/09/11,2026/10/08,2026-09,PUT,73750,8845,,,,,,,,,,,,,
2026/09/11 06:36,2026-09-11T06:51:06+09:00,2026/09/11,2026/10/08,2026-09,CALL,73500,74,28,6,,18.35,,,3,20,25.94,-8,-12.31,57,09/10 21:49
2026/09/11 06:36,2026-09-11T06:51:06+09:00,2026/09/11,2026/10/08,2026-09,PUT,73500,8605,,,,,,,,,,,,,
2026/09/11 06:36,2026-09-11T06:51:06+09:00,2026/09/11,2026/10/08,2026-09,CALL,73250,84,3,1,,17.96,,,3,20,25.57,,,65,09/10 21:25
2026/09/11 06:36,2026-09-11T06:51:06+09:00,2026/09/11,2026/10/08,2026-09,PUT,73250,8365,,,,,,,,,,,,,
2026/09/11 06:36,2026-09-11T06:51:06+09:00,2026/09/11,2026/10/08,2026-09,CALL,73000,90,1535,23,29.95,24.87,129,1,47,1,25.77,-25,-29.41,60,09/11 05:52
2026/09/11 06:36,2026-09-11T06:51:06+09:00,2026/09/11,2026/10/08,2026-09,PUT,73000,8125,10,,,,,,,,,,,,
2026/09/11 06:36,2026-09-11T06:51:06+09:00,2026/09/11,2026/10/08,2026-09,CALL,72750,102,14,,,17.17,,,3,20,,,,,
2026/09/11 06:36,2026-09-11T06:51:06+09:00,2026/09/11,2026/10/08,2026-09,PUT,72750,7885,,,,,,,,,,,,,
2026/09/11 06:36,2026-09-11T06:51:06+09:00,2026/09/11,2026/10/08,2026-09,CALL,72500,109,611,8,27.84,20.94,110,1,20,1,25.67,-32,-29.36,77,09/11 00:21
2026/09/11 06:36,2026-09-11T06:51:06+09:00,2026/09/11,2026/10/08,2026-09,PUT,72500,7655,1,,,,,,,,,,,,
2026/09/11 06:36,2026-09-11T06:51:06+09:00,2026/09/11,2026/10/08,2026-09,CALL,72250,125,87,,,16.37,,,3,20,,,,,
2026/09/11 06:36,2026-09-11T06:51:06+09:00,2026/09/11,2026/10/08,2026-09,PUT,72250,7415,,,,,,,,,,,,,
2026/09/11 06:36,2026-09-11T06:51:06+09:00,2026/09/11,2026/10/08,2026-09,CALL,72125,135,,,,,,,,,,,,,
2026/09/11 06:36,2026-09-11T06:51:06+09:00,2026/09/11,2026/10/08,2026-09,PUT,72125,7295,,,,,,,,,,,,,
2026/09/11 06:36,2026-09-11T06:51:06+09:00,2026/09/11,2026/10/08,2026-09,CALL,72000,136,1998,48,26.66,21.2,110,2,30,15,25.49,-46,-33.82,90,09/11 01:32
2026/09/11 06:36,2026-09-11T06:51:06+09:00,2026/09/11,2026/10/08,2026-09,PUT,72000,7180,,,,,,,3,10,,,,,
2026/09/11 06:36,2026-09-11T06:51:06+09:00,2026/09/11,2026/10/08,2026-09,CALL,71875,147,,,,,,,,,,,,,
2026/09/11 06:36,2026-09-11T06:51:06+09:00,2026/09/11,2026/10/08,2026-09,PUT,71875,7065,,,,,,,,,,,,,
2026/09/11 06:36,2026-09-11T06:51:06+09:00,2026/09/11,2026/10/08,2026-09,CALL,71750,157,,,,15.56,,,3,20,,,,,
2026/09/11 06:36,2026-09-11T06:51:06+09:00,2026/09/11,2026/10/08,2026-09,PUT,71750,6950,,,,,,,3,10,,,,,
2026/09/11 06:36,2026-09-11T06:51:06+09:00,2026/09/11,2026/10/08,2026-09,CALL,71625,163,,,,,,,,,,,,,
2026/09/11 06:36,2026-09-11T06:51:06+09:00,2026/09/11,2026/10/08,2026-09,PUT,71625,6830,,,,,,,,,,,,,
2026/09/11 06:36,2026-09-11T06:51:06+09:00,2026/09/11,2026/10/08,2026-09,CALL,71500,171,270,1,28.34,24.01,178,1,82,2,25.15,-3,-1.84,160,09/10 18:37
2026/09/11 06:36,2026-09-11T06:51:06+09:00,2026/09/11,2026/10/08,2026-09,PUT,71500,6720,,,,,,,3,10,,,,,
2026/09/11 06:36,2026-09-11T06:51:06+09:00,2026/09/11,2026/10/08,2026-09,CALL,71375,181,1,,,,,,,,,,,,
2026/09/11 06:36,2026-09-11T06:51:06+09:00,2026/09/11,2026/10/08,2026-09,PUT,71375,6605,,,,,,,,,,,,,
2026/09/11 06:36,2026-09-11T06:51:06+09:00,2026/09/11,2026/10/08,2026-09,CALL,71250,191,128,3,,14.74,,,3,20,25.46,-15,-9.09,150,09/10 23:24
2026/09/11 06:36,2026-09-11T06:51:06+09:00,2026/09/11,2026/10/08,2026-09,PUT,71250,6490,,,,,,,3,10,,,,,
2026/09/11 06:36,2026-09-11T06:51:06+09:00,2026/09/11,2026/10/08,2026-09,CALL,71125,202,,,,,,,,,,,,,
2026/09/11 06:36,2026-09-11T06:51:06+09:00,2026/09/11,2026/10/08,2026-09,PUT,71125,6375,,,,,,,,,,,,,
2026/09/11 06:36,2026-09-11T06:51:06+09:00,2026/09/11,2026/10/08,2026-09,CALL,71000,210,1153,26,30.94,23.78,300,1,100,1,25.38,-65,-30.95,145,09/11 00:18
2026/09/11 06:36,2026-09-11T06:51:06+09:00,2026/09/11,2026/10/08,2026-09,PUT,71000,6265,,,,,,,3,10,,,,,
2026/09/11 06:36,2026-09-11T06:51:06+09:00,2026/09/11,2026/10/08,2026-09,CALL,70875,224,1,,,,,,,,,,,,
2026/09/11 06:36,2026-09-11T06:51:06+09:00,2026/09/11,2026/10/08,2026-09,PUT,70875,6150,,,,,,,,,,,,,
2026/09/11 06:36,2026-09-11T06:51:06+09:00,2026/09/11,2026/10/08,2026-09,CALL,70750,237,9,2,,13.91,,,3,20,25.54,-40,-18.6,175,09/10 23:42
2026/09/11 06:36,2026-09-11T06:51:06+09:00,2026/09/11,2026/10/08,2026-09,PUT,70750,6040,,,,,,,3,10,,,,,
2026/09/11 06:36,2026-09-11T06:51:06+09:00,2026/09/11,2026/10/08,2026-09,CALL,70625,250,,,,,,,,,,,,,
2026/09/11 06:36,2026-09-11T06:51:06+09:00,2026/09/11,2026/10/08,2026-09,PUT,70625,5925,,,,,,,,,,,,,
2026/09/11 06:36,2026-09-11T06:51:06+09:00,2026/09/11,2026/10/08,2026-09,CALL,70500,259,414,11,,13.49,,,3,20,25.56,-50,-20.41,195,09/10 23:33
2026/09/11 06:36,2026-09-11T06:51:06+09:00,2026/09/11,2026/10/08,2026-09,PUT,70500,5820,,,,,,,3,10,,,,,
2026/09/11 06:36,2026-09-11T06:51:06+09:00,2026/09/11,2026/10/08,2026-09,CALL,70375,280,124,1,,,,,,,24.99,,,253,09/10 18:44
2026/09/11 06:36,2026-09-11T06:51:06+09:00,2026/09/11,2026/10/08,2026-09,PUT,70375,5705,,,,,,,,,,,,,
2026/09/11 06:36,2026-09-11T06:51:06+09:00,2026/09/11,2026/10/08,2026-09,CALL,70250,293,14,,,13.07,,,3,20,,,,,
2026/09/11 06:36,2026-09-11T06:51:06+09:00,2026/09/11,2026/10/08,2026-09,PUT,70250,5600,,,,,,,3,10,,,,,
2026/09/11 06:36,2026-09-11T06:51:06+09:00,2026/09/11,2026/10/08,2026-09,CALL,70125,330,,2,,,,,,,24.97,,,195,09/11 00:50
2026/09/11 06:36,2026-09-11T06:51:06+09:00,2026/09/11,2026/10/08,2026-09,PUT,70125,5495,,,,,,,,,,,,,
2026/09/11 06:36,2026-09-11T06:51:06+09:00,2026/09/11,2026/10/08,2026-09,CALL,70000,320,1840,43,32.48,22.6,480,2,130,1,24.67,-120,-40,180,09/11 04:24
2026/09/11 06:36,2026-09-11T06:51:06+09:00,2026/09/11,2026/10/08,2026-09,PUT,70000,5385,105,,,,,,3,10,,,,,
2026/09/11 06:36,2026-09-11T06:51:06+09:00,2026/09/11,2026/10/08,2026-09,CALL,69875,345,107,1,,,,,,,25.47,,,250,09/10 21:39
2026/09/11 06:36,2026-09-11T06:51:06+09:00,2026/09/11,2026/10/08,2026-09,PUT,69875,5275,,,,,,,,,,,,,
2026/09/11 06:36,2026-09-11T06:51:06+09:00,2026/09/11,2026/10/08,2026-09,CALL,69750,360,81,2,,12.22,,,3,20,25.53,-55,-17.19,265,09/10 22:05
2026/09/11 06:36,2026-09-11T06:51:06+09:00,2026/09/11,2026/10/08,2026-09,PUT,69750,5170,,,,,,,3,10,,,,,
2026/09/11 06:36,2026-09-11T06:51:06+09:00,2026/09/11,2026/10/08,2026-09,CALL,69625,400,95,,,,,,,,,,,,
2026/09/11 06:36,2026-09-11T06:51:06+09:00,2026/09/11,2026/10/08,2026-09,PUT,69625,5065,,,,,,,,,,,,,
2026/09/11 06:36,2026-09-11T06:51:06+09:00,2026/09/11,2026/10/08,2026-09,CALL,69500,395,338,7,,11.79,,,3,20,25.7,-77,-20.81,293,09/10 22:50
2026/09/11 06:36,2026-09-11T06:51:06+09:00,2026/09/11,2026/10/08,2026-09,PUT,69500,4965,,,,,,,3,10,,,,,
2026/09/11 06:36,2026-09-11T06:51:06+09:00,2026/09/11,2026/10/08,2026-09,CALL,69375,435,,,,,,,,,,,,,
2026/09/11 06:36,2026-09-11T06:51:06+09:00,2026/09/11,2026/10/08,2026-09,PUT,69375,4860,,,,,,,,,,,,,
2026/09/11 06:36,2026-09-11T06:51:06+09:00,2026/09/11,2026/10/08,2026-09,CALL,69250,440,7,,,11.35,,,3,20,,,,,
2026/09/11 06:36,2026-09-11T06:51:06+09:00,2026/09/11,2026/10/08,2026-09,PUT,69250,4755,,,,,,,3,10,,,,,
2026/09/11 06:36,2026-09-11T06:51:06+09:00,2026/09/11,2026/10/08,2026-09,CALL,69125,480,,,,,,,,,,,,,
2026/09/11 06:36,2026-09-11T06:51:06+09:00,2026/09/11,2026/10/08,2026-09,PUT,69125,4655,,,,,,,,,,,,,
2026/09/11 06:36,2026-09-11T06:51:06+09:00,2026/09/11,2026/10/08,2026-09,CALL,69000,485,2951,47,,20.66,,,150,1,24.63,-170,-36.96,290,09/11 02:38
2026/09/11 06:36,2026-09-11T06:51:06+09:00,2026/09/11,2026/10/08,2026-09,PUT,69000,4560,210,,,,,,3,10,,,,,
2026/09/11 06:36,2026-09-11T06:51:06+09:00,2026/09/11,2026/10/08,2026-09,CALL,68875,540,85,,,,,,,,,,,,
2026/09/11 06:36,2026-09-11T06:51:06+09:00,2026/09/11,2026/10/08,2026-09,PUT,68875,4455,,,,,,,,,,,,,
2026/09/11 06:36,2026-09-11T06:51:06+09:00,2026/09/11,2026/10/08,2026-09,CALL,68750,535,115,,,10.47,,,3,20,,,,,
2026/09/11 06:36,2026-09-11T06:51:06+09:00,2026/09/11,2026/10/08,2026-09,PUT,68750,4365,,,,,,,3,10,,,,,
2026/09/11 06:36,2026-09-11T06:51:06+09:00,2026/09/11,2026/10/08,2026-09,CALL,68625,595,,,,,,,,,,,,,
2026/09/11 06:36,2026-09-11T06:51:06+09:00,2026/09/11,2026/10/08,2026-09,PUT,68625,4260,,,,,,,,,,,,,
2026/09/11 06:36,2026-09-11T06:51:06+09:00,2026/09/11,2026/10/08,2026-09,CALL,68500,590,1157,9,,10.03,,,3,20,24.87,-210,-36.84,360,09/11 01:13
2026/09/11 06:36,2026-09-11T06:51:06+09:00,2026/09/11,2026/10/08,2026-09,PUT,68500,4170,3,,,,,,3,10,,,,,
2026/09/11 06:36,2026-09-11T06:51:06+09:00,2026/09/11,2026/10/08,2026-09,CALL,68375,660,,,,,,,,,,,,,
2026/09/11 06:36,2026-09-11T06:51:06+09:00,2026/09/11,2026/10/08,2026-09,PUT,68375,4075,,,,,,,,,,,,,
2026/09/11 06:36,2026-09-11T06:51:06+09:00,2026/09/11,2026/10/08,2026-09,CALL,68250,660,92,,,9.58,,,3,20,,,,,
2026/09/11 06:36,2026-09-11T06:51:06+09:00,2026/09/11,2026/10/08,2026-09,PUT,68250,3980,,,,,,,3,10,,,,,
2026/09/11 06:36,2026-09-11T06:51:06+09:00,2026/09/11,2026/10/08,2026-09,CALL,68125,705,8,,,,,,,,,,,,
2026/09/11 06:36,2026-09-11T06:51:06+09:00,2026/09/11,2026/10/08,2026-09,PUT,68125,3880,,,,,,,,,,,,,
2026/09/11 06:36,2026-09-11T06:51:06+09:00,2026/09/11,2026/10/08,2026-09,CALL,68000,720,1306,26,,24.1,,,400,1,24.38,-280,-40.29,415,09/11 04:51
2026/09/11 06:36,2026-09-11T06:51:06+09:00,2026/09/11,2026/10/08,2026-09,PUT,68000,3800,542,,,,,,13,1,,,,,
2026/09/11 06:36,2026-09-11T06:51:06+09:00,2026/09/11,2026/10/08,2026-09,CALL,67875,755,,,,,,,,,,,,,
2026/09/11 06:36,2026-09-11T06:51:06+09:00,2026/09/11,2026/10/08,2026-09,PUT,67875,3710,,,,,,,,,,,,,
2026/09/11 06:36,2026-09-11T06:51:06+09:00,2026/09/11,2026/10/08,2026-09,CALL,67750,790,1013,6,,8.67,,,3,10,26.01,-55,-8.09,625,09/10 23:24
2026/09/11 06:36,2026-09-11T06:51:06+09:00,2026/09/11,2026/10/08,2026-09,PUT,67750,3620,9,,,,,,3,10,,,,,
2026/09/11 06:36,2026-09-11T06:51:06+09:00,2026/09/11,2026/10/08,2026-09,CALL,67625,825,85,,,,,,,,,,,,
2026/09/11 06:36,2026-09-11T06:51:06+09:00,2026/09/11,2026/10/08,2026-09,PUT,67625,3530,6,,,,,,,,,,,,
2026/09/11 06:36,2026-09-11T06:51:06+09:00,2026/09/11,2026/10/08,2026-09,CALL,67500,865,274,1,,8.21,,,3,10,25.98,-135,-17.42,640,09/10 22:30
2026/09/11 06:36,2026-09-11T06:51:06+09:00,2026/09/11,2026/10/08,2026-09,PUT,67500,3450,32,,,,,,3,10,,,,,
2026/09/11 06:36,2026-09-11T06:51:06+09:00,2026/09/11,2026/10/08,2026-09,CALL,67375,910,74,,,,,,,,,,,,
2026/09/11 06:36,2026-09-11T06:51:06+09:00,2026/09/11,2026/10/08,2026-09,PUT,67375,3355,,,,,,,,,,,,,
2026/09/11 06:36,2026-09-11T06:51:06+09:00,2026/09/11,2026/10/08,2026-09,CALL,67250,945,,,,7.75,,,3,10,,,,,
2026/09/11 06:36,2026-09-11T06:51:06+09:00,2026/09/11,2026/10/08,2026-09,PUT,67250,3285,,,,,,,3,10,,,,,
2026/09/11 06:36,2026-09-11T06:51:06+09:00,2026/09/11,2026/10/08,2026-09,CALL,67125,985,,,,,,,,,,,,,
2026/09/11 06:36,2026-09-11T06:51:06+09:00,2026/09/11,2026/10/08,2026-09,PUT,67125,3190,,,,,,,,,,,,,
2026/09/11 06:36,2026-09-11T06:51:06+09:00,2026/09/11,2026/10/08,2026-09,CALL,67000,1030,1339,7,31.06,24.58,1000,3,615,1,25.83,-260,-26.53,720,09/11 02:08
2026/09/11 06:36,2026-09-11T06:51:06+09:00,2026/09/11,2026/10/08,2026-09,PUT,67000,3125,511,,,,,,3,10,,,,,
2026/09/11 06:36,2026-09-11T06:51:06+09:00,2026/09/11,2026/10/08,2026-09,CALL,66875,1095,,,,,,,,,,,,,
2026/09/11 06:36,2026-09-11T06:51:06+09:00,2026/09/11,2026/10/08,2026-09,PUT,66875,3020,,,,,,,,,,,,,
2026/09/11 06:36,2026-09-11T06:51:06+09:00,2026/09/11,2026/10/08,2026-09,CALL,66750,1135,123,,,6.8,,,3,10,,,,,
2026/09/11 06:36,2026-09-11T06:51:06+09:00,2026/09/11,2026/10/08,2026-09,PUT,66750,2950,,,,,,,3,10,,,,,
2026/09/11 06:36,2026-09-11T06:51:06+09:00,2026/09/11,2026/10/08,2026-09,CALL,66625,1185,,,,,,,,,,,,,
2026/09/11 06:36,2026-09-11T06:51:06+09:00,2026/09/11,2026/10/08,2026-09,PUT,66625,2865,,,,,,,,,,,,,
2026/09/11 06:36,2026-09-11T06:51:06+09:00,2026/09/11,2026/10/08,2026-09,CALL,66500,1220,23,1,,6.32,,,3,10,26.2,5,0.45,1120,09/10 19:07
2026/09/11 06:36,2026-09-11T06:51:06+09:00,2026/09/11,2026/10/08,2026-09,PUT,66500,2810,94,,,,,,3,10,,,,,
2026/09/11 06:36,2026-09-11T06:51:06+09:00,2026/09/11,2026/10/08,2026-09,CALL,66375,1285,1,,,,,,,,,,,,
2026/09/11 06:36,2026-09-11T06:51:06+09:00,2026/09/11,2026/10/08,2026-09,PUT,66375,2720,1,,,,,,,,,,,,
2026/09/11 06:36,2026-09-11T06:51:06+09:00,2026/09/11,2026/10/08,2026-09,CALL,66250,1335,4,,,5.83,,,3,10,,,,,
2026/09/11 06:36,2026-09-11T06:51:06+09:00,2026/09/11,2026/10/08,2026-09,PUT,66250,2655,1,,,,,,3,20,,,,,
2026/09/11 06:36,2026-09-11T06:51:06+09:00,2026/09/11,2026/10/08,2026-09,CALL,66125,1400,1,,,,,,,,,,,,
2026/09/11 06:36,2026-09-11T06:51:06+09:00,2026/09/11,2026/10/08,2026-09,PUT,66125,2575,,,,,,,,,,,,,
2026/09/11 06:36,2026-09-11T06:51:06+09:00,2026/09/11,2026/10/08,2026-09,CALL,66000,1430,1223,13,,5.34,,,3,10,26.23,-360,-25.71,1040,09/11 02:01
2026/09/11 06:36,2026-09-11T06:51:06+09:00,2026/09/11,2026/10/08,2026-09,PUT,66000,2520,1192,4,,,,,3,10,25.6,580,22.31,3180,09/11 05:16
2026/09/11 06:36,2026-09-11T06:51:06+09:00,2026/09/11,2026/10/08,2026-09,CALL,65875,1520,2,,,,,,,,,,,,
2026/09/11 06:36,2026-09-11T06:51:06+09:00,2026/09/11,2026/10/08,2026-09,PUT,65875,2440,,,,,,,,,,,,,
2026/09/11 06:36,2026-09-11T06:51:06+09:00,2026/09/11,2026/10/08,2026-09,CALL,65750,1565,56,1,,4.84,,,3,10,27.05,,,1135,09/10 23:14
2026/09/11 06:36,2026-09-11T06:51:06+09:00,2026/09/11,2026/10/08,2026-09,PUT,65750,2375,116,,,,,,3,10,,,,,
2026/09/11 06:36,2026-09-11T06:51:06+09:00,2026/09/11,2026/10/08,2026-09,CALL,65625,1625,,,,,,,,,,,,,
2026/09/11 06:36,2026-09-11T06:51:06+09:00,2026/09/11,2026/10/08,2026-09,PUT,65625,2310,,,,,,,,,,,,,
2026/09/11 06:36,2026-09-11T06:51:06+09:00,2026/09/11,2026/10/08,2026-09,CALL,65500,1665,132,,95.49,4.33,6050,1,3,10,,,,,
2026/09/11 06:36,2026-09-11T06:51:06+09:00,2026/09/11,2026/10/08,2026-09,PUT,65500,2255,144,,,,,,3,10,,,,,
2026/09/11 06:36,2026-09-11T06:51:06+09:00,2026/09/11,2026/10/08,2026-09,CALL,65375,1750,,,,,,,,,,,,,
2026/09/11 06:36,2026-09-11T06:51:06+09:00,2026/09/11,2026/10/08,2026-09,PUT,65375,2180,231,,,,,,,,,,,,
2026/09/11 06:36,2026-09-11T06:51:06+09:00,2026/09/11,2026/10/08,2026-09,CALL,65250,1815,1,,,3.81,,,3,10,,,,,
2026/09/11 06:36,2026-09-11T06:51:06+09:00,2026/09/11,2026/10/08,2026-09,PUT,65250,2115,2,,,,,,3,10,,,,,
2026/09/11 06:36,2026-09-11T06:51:06+09:00,2026/09/11,2026/10/08,2026-09,CALL,65125,1875,,,,,,,,,,,,,
2026/09/11 06:36,2026-09-11T06:51:06+09:00,2026/09/11,2026/10/08,2026-09,PUT,65125,2055,,,,,,,,,,,,,
2026/09/11 06:36,2026-09-11T06:51:06+09:00,2026/09/11,2026/10/08,2026-09,CALL,65000,1925,423,4,,3.28,,,3,10,27.29,-280,-15.69,1505,09/10 22:04
2026/09/11 06:36,2026-09-11T06:51:06+09:00,2026/09/11,2026/10/08,2026-09,PUT,65000,1985,1916,5,,,,,10,1,28.8,190,9.57,2175,09/10 17:00
2026/09/11 06:36,2026-09-11T06:51:06+09:00,2026/09/11,2026/10/08,2026-09,CALL,64875,2015,,,,,,,,,,,,,
2026/09/11 06:36,2026-09-11T06:51:06+09:00,2026/09/11,2026/10/08,2026-09,PUT,64875,1940,,,,,,,,,,,,,
2026/09/11 06:36,2026-09-11T06:51:06+09:00,2026/09/11,2026/10/08,2026-09,CALL,64750,2105,1,,,2.73,,,3,10,,,,,
2026/09/11 06:36,2026-09-11T06:51:06+09:00,2026/09/11,2026/10/08,2026-09,PUT,64750,1880,3,,,,,,3,10,,,,,
2026/09/11 06:36,2026-09-11T06:51:06+09:00,2026/09/11,2026/10/08,2026-09,CALL,64625,2195,,,,,,,,,,,,,
2026/09/11 06:36,2026-09-11T06:51:06+09:00,2026/09/11,2026/10/08,2026-09,PUT,64625,1840,,,,,,,,,,,,,
2026/09/11 06:36,2026-09-11T06:51:06+09:00,2026/09/11,2026/10/08,2026-09,CALL,64500,2250,25,,,2.17,,,3,10,,,,,
2026/09/11 06:36,2026-09-11T06:51:06+09:00,2026/09/11,2026/10/08,2026-09,PUT,64500,1770,492,,,,,,3,10,,,,,
2026/09/11 06:36,2026-09-11T06:51:06+09:00,2026/09/11,2026/10/08,2026-09,CALL,64375,2340,,,,,,,,,,,,,
2026/09/11 06:36,2026-09-11T06:51:06+09:00,2026/09/11,2026/10/08,2026-09,PUT,64375,1735,,,,,,,,,,,,,
2026/09/11 06:36,2026-09-11T06:51:06+09:00,2026/09/11,2026/10/08,2026-09,CALL,64250,2380,,,,1.59,,,3,10,,,,,
2026/09/11 06:36,2026-09-11T06:51:06+09:00,2026/09/11,2026/10/08,2026-09,PUT,64250,1685,105,,,,,,3,10,,,,,
2026/09/11 06:36,2026-09-11T06:51:06+09:00,2026/09/11,2026/10/08,2026-09,CALL,64125,2490,,,,,,,,,,,,,
2026/09/11 06:36,2026-09-11T06:51:06+09:00,2026/09/11,2026/10/08,2026-09,PUT,64125,1635,1030,,,,,,,,,,,,
2026/09/11 06:36,2026-09-11T06:51:06+09:00,2026/09/11,2026/10/08,2026-09,CALL,64000,2505,252,35,,0.97,,,3,10,27.39,-625,-26.04,1775,09/11 04:18
2026/09/11 06:36,2026-09-11T06:51:06+09:00,2026/09/11,2026/10/08,2026-09,PUT,64000,1575,1726,15,,,,,3,10,27.51,410,25.15,2040,09/11 00:01
2026/09/11 06:36,2026-09-11T06:51:06+09:00,2026/09/11,2026/10/08,2026-09,CALL,63875,2645,50,,,,,,,,,,,,
2026/09/11 06:36,2026-09-11T06:51:06+09:00,2026/09/11,2026/10/08,2026-09,PUT,63875,1535,483,,,,,,,,,,,,
2026/09/11 06:36,2026-09-11T06:51:06+09:00,2026/09/11,2026/10/08,2026-09,CALL,63750,2690,,,,0.25,,,3,10,,,,,
2026/09/11 06:36,2026-09-11T06:51:06+09:00,2026/09/11,2026/10/08,2026-09,PUT,63750,1480,131,,,,,,3,10,,,,,
2026/09/11 06:36,2026-09-11T06:51:06+09:00,2026/09/11,2026/10/08,2026-09,CALL,63625,2805,,,,,,,,,,,,,
2026/09/11 06:36,2026-09-11T06:51:06+09:00,2026/09/11,2026/10/08,2026-09,PUT,63625,1445,,,,,,,,,,,,,
2026/09/11 06:36,2026-09-11T06:51:06+09:00,2026/09/11,2026/10/08,2026-09,CALL,63500,2880,3,,,,,,3,10,,,,,
2026/09/11 06:36,2026-09-11T06:51:06+09:00,2026/09/11,2026/10/08,2026-09,PUT,63500,1390,216,1,,0.7,,,3,10,28.31,70,4.71,1555,09/10 18:36
2026/09/11 06:36,2026-09-11T06:51:06+09:00,2026/09/11,2026/10/08,2026-09,CALL,63375,2965,,,,,,,,,,,,,
2026/09/11 06:36,2026-09-11T06:51:06+09:00,2026/09/11,2026/10/08,2026-09,PUT,63375,1370,232,,,,,,,,,,,,
2026/09/11 06:36,2026-09-11T06:51:06+09:00,2026/09/11,2026/10/08,2026-09,CALL,63250,3035,,,,,,,3,10,,,,,
2026/09/11 06:36,2026-09-11T06:51:06+09:00,2026/09/11,2026/10/08,2026-09,PUT,63250,1320,112,1,,1.36,,,3,10,28.44,-270,-15.61,1460,09/10 18:37
2026/09/11 06:36,2026-09-11T06:51:06+09:00,2026/09/11,2026/10/08,2026-09,CALL,63125,3135,,,,,,,,,,,,,
2026/09/11 06:36,2026-09-11T06:51:06+09:00,2026/09/11,2026/10/08,2026-09,PUT,63125,1290,,1,,,,,,,28.3,,,1380,09/10 17:47
2026/09/11 06:36,2026-09-11T06:51:06+09:00,2026/09/11,2026/10/08,2026-09,CALL,63000,3215,5,,,,,,3,10,,,,,
2026/09/11 06:36,2026-09-11T06:51:06+09:00,2026/09/11,2026/10/08,2026-09,PUT,63000,1225,1268,6,32.78,2.33,2000,1,8,10,27.97,410,31.78,1700,09/11 04:18
2026/09/11 06:36,2026-09-11T06:51:06+09:00,2026/09/11,2026/10/08,2026-09,CALL,62875,3305,,,,,,,,,,,,,
2026/09/11 06:36,2026-09-11T06:51:06+09:00,2026/09/11,2026/10/08,2026-09,PUT,62875,1205,86,,,,,,,,,,,,
2026/09/11 06:36,2026-09-11T06:51:06+09:00,2026/09/11,2026/10/08,2026-09,CALL,62750,3395,,,,,,,3,10,,,,,
2026/09/11 06:36,2026-09-11T06:51:06+09:00,2026/09/11,2026/10/08,2026-09,PUT,62750,1135,196,,,2.55,,,3,10,,,,,
2026/09/11 06:36,2026-09-11T06:51:06+09:00,2026/09/11,2026/10/08,2026-09,CALL,62625,3490,,,,,,,,,,,,,
2026/09/11 06:36,2026-09-11T06:51:06+09:00,2026/09/11,2026/10/08,2026-09,PUT,62625,1140,130,,,,,,,,,,,,
2026/09/11 06:36,2026-09-11T06:51:06+09:00,2026/09/11,2026/10/08,2026-09,CALL,62500,3570,,,,,,,3,10,,,,,
2026/09/11 06:36,2026-09-11T06:51:06+09:00,2026/09/11,2026/10/08,2026-09,PUT,62500,1080,1613,,,13.1,,,450,1,,,,,
2026/09/11 06:36,2026-09-11T06:51:06+09:00,2026/09/11,2026/10/08,2026-09,CALL,62375,3675,,,,,,,,,,,,,
2026/09/11 06:36,2026-09-11T06:51:06+09:00,2026/09/11,2026/10/08,2026-09,PUT,62375,1075,6,,,,,,,,,,,,
2026/09/11 06:36,2026-09-11T06:51:06+09:00,2026/09/11,2026/10/08,2026-09,CALL,62250,3755,,,,,,,3,10,,,,,
2026/09/11 06:36,2026-09-11T06:51:06+09:00,2026/09/11,2026/10/08,2026-09,PUT,62250,1015,63,,,3.68,,,3,10,,,,,
2026/09/11 06:36,2026-09-11T06:51:06+09:00,2026/09/11,2026/10/08,2026-09,CALL,62125,3860,,,,,,,,,,,,,
2026/09/11 06:36,2026-09-11T06:51:06+09:00,2026/09/11,2026/10/08,2026-09,PUT,62125,1000,,,,,,,,,,,,,
2026/09/11 06:36,2026-09-11T06:51:06+09:00,2026/09/11,2026/10/08,2026-09,CALL,62000,3940,49,,,,,,3,10,,,,,
2026/09/11 06:36,2026-09-11T06:51:06+09:00,2026/09/11,2026/10/08,2026-09,PUT,62000,935,1344,15,,24.47,,,1010,1,29.56,105,11.23,1040,09/10 19:24
2026/09/11 06:36,2026-09-11T06:51:06+09:00,2026/09/11,2026/10/08,2026-09,CALL,61875,4030,,,,,,,,,,,,,
2026/09/11 06:36,2026-09-11T06:51:06+09:00,2026/09/11,2026/10/08,2026-09,PUT,61875,930,22,,,,,,,,,,,,
2026/09/11 06:36,2026-09-11T06:51:06+09:00,2026/09/11,2026/10/08,2026-09,CALL,61750,4130,,,,,,,3,10,,,,,
2026/09/11 06:36,2026-09-11T06:51:06+09:00,2026/09/11,2026/10/08,2026-09,PUT,61750,890,298,,,4.78,,,3,10,,,,,
2026/09/11 06:36,2026-09-11T06:51:06+09:00,2026/09/11,2026/10/08,2026-09,CALL,61625,4225,,,,,,,,,,,,,
2026/09/11 06:36,2026-09-11T06:51:06+09:00,2026/09/11,2026/10/08,2026-09,PUT,61625,880,136,,,,,,,,,,,,
2026/09/11 06:36,2026-09-11T06:51:06+09:00,2026/09/11,2026/10/08,2026-09,CALL,61500,4320,,,,,,,3,10,,,,,
2026/09/11 06:36,2026-09-11T06:51:06+09:00,2026/09/11,2026/10/08,2026-09,PUT,61500,835,237,,,5.32,,,3,10,,,,,
2026/09/11 06:36,2026-09-11T06:51:06+09:00,2026/09/11,2026/10/08,2026-09,CALL,61375,4425,,,,,,,,,,,,,
2026/09/11 06:36,2026-09-11T06:51:06+09:00,2026/09/11,2026/10/08,2026-09,PUT,61375,790,126,,,,,,,,,,,,
2026/09/11 06:36,2026-09-11T06:51:06+09:00,2026/09/11,2026/10/08,2026-09,CALL,61250,4520,,,,,,,3,10,,,,,
2026/09/11 06:36,2026-09-11T06:51:06+09:00,2026/09/11,2026/10/08,2026-09,PUT,61250,785,106,,,5.85,,,3,10,,,,,
2026/09/11 06:36,2026-09-11T06:51:06+09:00,2026/09/11,2026/10/08,2026-09,CALL,61125,4625,,,,,,,,,,,,,
2026/09/11 06:36,2026-09-11T06:51:06+09:00,2026/09/11,2026/10/08,2026-09,PUT,61125,775,1210,,,,,,,,,,,,
2026/09/11 06:36,2026-09-11T06:51:06+09:00,2026/09/11,2026/10/08,2026-09,CALL,61000,4720,201,,,,,,3,10,,,,,
2026/09/11 06:36,2026-09-11T06:51:06+09:00,2026/09/11,2026/10/08,2026-09,PUT,61000,720,635,28,32.95,6.39,1205,1,3,10,29.95,280,38.89,1000,09/11 00:55
2026/09/11 06:36,2026-09-11T06:51:06+09:00,2026/09/11,2026/10/08,2026-09,CALL,60875,4820,,,,,,,,,,,,,
2026/09/11 06:36,2026-09-11T06:51:06+09:00,2026/09/11,2026/10/08,2026-09,PUT,60875,725,469,,,,,,,,,,,,
2026/09/11 06:36,2026-09-11T06:51:06+09:00,2026/09/11,2026/10/08,2026-09,CALL,60750,4925,,,,,,,3,10,,,,,
2026/09/11 06:36,2026-09-11T06:51:06+09:00,2026/09/11,2026/10/08,2026-09,PUT,60750,685,183,,,6.92,,,3,10,,,,,
2026/09/11 06:36,2026-09-11T06:51:06+09:00,2026/09/11,2026/10/08,2026-09,CALL,60625,5030,,,,,,,,,,,,,
2026/09/11 06:36,2026-09-11T06:51:06+09:00,2026/09/11,2026/10/08,2026-09,PUT,60625,685,155,,,,,,,,,,,,
2026/09/11 06:36,2026-09-11T06:51:06+09:00,2026/09/11,2026/10/08,2026-09,CALL,60500,5130,100,,,,,,3,10,,,,,
2026/09/11 06:36,2026-09-11T06:51:06+09:00,2026/09/11,2026/10/08,2026-09,PUT,60500,635,304,9,,21.23,,,400,1,31.13,240,37.8,875,09/10 23:21
2026/09/11 06:36,2026-09-11T06:51:06+09:00,2026/09/11,2026/10/08,2026-09,CALL,60375,5235,,,,,,,,,,,,,
2026/09/11 06:36,2026-09-11T06:51:06+09:00,2026/09/11,2026/10/08,2026-09,PUT,60375,630,592,,,,,,,,,,,,
2026/09/11 06:36,2026-09-11T06:51:06+09:00,2026/09/11,2026/10/08,2026-09,CALL,60250,5340,,,,,,,3,10,,,,,
2026/09/11 06:36,2026-09-11T06:51:06+09:00,2026/09/11,2026/10/08,2026-09,PUT,60250,595,144,,,7.98,,,3,10,,,,,
2026/09/11 06:36,2026-09-11T06:51:06+09:00,2026/09/11,2026/10/08,2026-09,CALL,60125,5445,,,,,,,,,,,,,
2026/09/11 06:36,2026-09-11T06:51:06+09:00,2026/09/11,2026/10/08,2026-09,PUT,60125,590,5,,,,,,,,,,,,
2026/09/11 06:36,2026-09-11T06:51:06+09:00,2026/09/11,2026/10/08,2026-09,CALL,60000,5550,1,,,,,,3,10,,,,,
2026/09/11 06:36,2026-09-11T06:51:06+09:00,2026/09/11,2026/10/08,2026-09,PUT,60000,560,10942,82,38.38,9.62,1215,1,8,10,31.08,240,42.86,800,09/11 01:34
2026/09/11 06:36,2026-09-11T06:51:06+09:00,2026/09/11,2026/10/08,2026-09,CALL,59875,5665,,,,,,,,,,,,,
2026/09/11 06:36,2026-09-11T06:51:06+09:00,2026/09/11,2026/10/08,2026-09,PUT,59875,570,66,,,,,,,,,,,,
2026/09/11 06:36,2026-09-11T06:51:06+09:00,2026/09/11,2026/10/08,2026-09,CALL,59750,5765,,,,,,,3,10,,,,,
2026/09/11 06:36,2026-09-11T06:51:06+09:00,2026/09/11,2026/10/08,2026-09,PUT,59750,535,60,,,9.03,,,3,10,,,,,
2026/09/11 06:36,2026-09-11T06:51:06+09:00,2026/09/11,2026/10/08,2026-09,CALL,59625,5870,,,,,,,,,,,,,
2026/09/11 06:36,2026-09-11T06:51:06+09:00,2026/09/11,2026/10/08,2026-09,PUT,59625,520,20,,,,,,,,,,,,
2026/09/11 06:36,2026-09-11T06:51:06+09:00,2026/09/11,2026/10/08,2026-09,CALL,59500,5985,,,,,,,3,10,,,,,
2026/09/11 06:36,2026-09-11T06:51:06+09:00,2026/09/11,2026/10/08,2026-09,PUT,59500,500,109,14,,9.56,,,3,10,31.57,180,36,680,09/11 05:42
2026/09/11 06:36,2026-09-11T06:51:06+09:00,2026/09/11,2026/10/08,2026-09,CALL,59375,6090,,,,,,,,,,,,,
2026/09/11 06:36,2026-09-11T06:51:06+09:00,2026/09/11,2026/10/08,2026-09,PUT,59375,495,2,,,,,,,,,,,,
2026/09/11 06:36,2026-09-11T06:51:06+09:00,2026/09/11,2026/10/08,2026-09,CALL,59250,6200,,,,,,,3,10,,,,,
2026/09/11 06:36,2026-09-11T06:51:06+09:00,2026/09/11,2026/10/08,2026-09,PUT,59250,470,161,,,10.08,,,3,10,,,,,
2026/09/11 06:36,2026-09-11T06:51:06+09:00,2026/09/11,2026/10/08,2026-09,CALL,59125,6315,,,,,,,,,,,,,
2026/09/11 06:36,2026-09-11T06:51:06+09:00,2026/09/11,2026/10/08,2026-09,PUT,59125,450,64,,,,,,,,,,,,
2026/09/11 06:36,2026-09-11T06:51:06+09:00,2026/09/11,2026/10/08,2026-09,CALL,59000,6425,,,,,,,3,10,,,,,
2026/09/11 06:36,2026-09-11T06:51:06+09:00,2026/09/11,2026/10/08,2026-09,PUT,59000,435,812,35,,28.57,,,450,1,32.12,160,36.78,595,09/11 05:18
2026/09/11 06:36,2026-09-11T06:51:06+09:00,2026/09/11,2026/10/08,2026-09,CALL,58875,6535,,,,,,,,,,,,,
2026/09/11 06:36,2026-09-11T06:51:06+09:00,2026/09/11,2026/10/08,2026-09,PUT,58875,440,4,,,,,,,,,,,,
2026/09/11 06:36,2026-09-11T06:51:06+09:00,2026/09/11,2026/10/08,2026-09,CALL,58750,6645,,,,,,,3,10,,,,,
2026/09/11 06:36,2026-09-11T06:51:06+09:00,2026/09/11,2026/10/08,2026-09,PUT,58750,415,48,,,11.13,,,3,10,,,,,
2026/09/11 06:36,2026-09-11T06:51:06+09:00,2026/09/11,2026/10/08,2026-09,CALL,58625,6760,,,,,,,,,,,,,
2026/09/11 06:36,2026-09-11T06:51:06+09:00,2026/09/11,2026/10/08,2026-09,PUT,58625,415,61,,,,,,,,,,,,
2026/09/11 06:36,2026-09-11T06:51:06+09:00,2026/09/11,2026/10/08,2026-09,CALL,58500,6870,,,,,,,3,10,,,,,
2026/09/11 06:36,2026-09-11T06:51:06+09:00,2026/09/11,2026/10/08,2026-09,PUT,58500,390,345,10,52.46,25.4,1580,1,250,2,33.24,160,41.03,550,09/11 05:43
2026/09/11 06:36,2026-09-11T06:51:06+09:00,2026/09/11,2026/10/08,2026-09,CALL,58375,6985,,,,,,,,,,,,,
2026/09/11 06:36,2026-09-11T06:51:06+09:00,2026/09/11,2026/10/08,2026-09,PUT,58375,395,483,,,,,,,,,,,,
2026/09/11 06:36,2026-09-11T06:51:06+09:00,2026/09/11,2026/10/08,2026-09,CALL,58250,7095,,,,,,,3,10,,,,,
2026/09/11 06:36,2026-09-11T06:51:06+09:00,2026/09/11,2026/10/08,2026-09,PUT,58250,370,119,1,,12.18,,,3,10,34.06,155,41.89,525,09/10 22:35
2026/09/11 06:36,2026-09-11T06:51:06+09:00,2026/09/11,2026/10/08,2026-09,CALL,58000,7325,,,,,,,,,,,,,
2026/09/11 06:36,2026-09-11T06:51:06+09:00,2026/09/11,2026/10/08,2026-09,PUT,58000,345,2460,29,35.05,26.6,550,5,230,2,33.76,155,44.93,500,09/11 03:12
2026/09/11 06:36,2026-09-11T06:51:06+09:00,2026/09/11,2026/10/08,2026-09,CALL,57750,7550,,,,,,,,,,,,,
2026/09/11 06:36,2026-09-11T06:51:06+09:00,2026/09/11,2026/10/08,2026-09,PUT,57750,330,76,,,13.23,,,3,10,,,,,
2026/09/11 06:36,2026-09-11T06:51:06+09:00,2026/09/11,2026/10/08,2026-09,CALL,57500,7785,,,,,,,,,,,,,
2026/09/11 06:36,2026-09-11T06:51:06+09:00,2026/09/11,2026/10/08,2026-09,PUT,57500,310,346,,,13.75,,,3,10,,,,,
2026/09/11 06:36,2026-09-11T06:51:06+09:00,2026/09/11,2026/10/08,2026-09,CALL,57250,8015,,,,,,,,,,,,,
2026/09/11 06:36,2026-09-11T06:51:06+09:00,2026/09/11,2026/10/08,2026-09,PUT,57250,294,115,,,14.28,,,3,10,,,,,
2026/09/11 06:36,2026-09-11T06:51:06+09:00,2026/09/11,2026/10/08,2026-09,CALL,57000,8250,1,,,,,,,,,,,,
2026/09/11 06:36,2026-09-11T06:51:06+09:00,2026/09/11,2026/10/08,2026-09,PUT,57000,273,922,7,35.52,27.14,405,1,150,1,35.2,117,42.86,390,09/11 03:04
2026/09/11 06:36,2026-09-11T06:51:06+09:00,2026/09/11,2026/10/08,2026-09,CALL,56750,8485,,,,,,,,,,,,,
2026/09/11 06:36,2026-09-11T06:51:06+09:00,2026/09/11,2026/10/08,2026-09,PUT,56750,264,110,,,15.33,,,3,10,,,,,
2026/09/11 06:36,2026-09-11T06:51:06+09:00,2026/09/11,2026/10/08,2026-09,CALL,56500,8720,,,,,,,,,,,,,
2026/09/11 06:36,2026-09-11T06:51:06+09:00,2026/09/11,2026/10/08,2026-09,PUT,56500,249,637,2,,15.86,,,3,10,35.99,26,10.44,275,09/10 18:32
2026/09/11 06:36,2026-09-11T06:51:06+09:00,2026/09/11,2026/10/08,2026-09,CALL,56250,8960,,,,,,,,,,,,,
2026/09/11 06:36,2026-09-11T06:51:06+09:00,2026/09/11,2026/10/08,2026-09,PUT,56250,237,63,2,,16.39,,,3,10,36.1,33,13.92,270,09/10 20:55
2026/09/11 06:36,2026-09-11T06:51:06+09:00,2026/09/11,2026/10/08,2026-09,CALL,56000,9195,,,,,,,,,,,,,
2026/09/11 06:36,2026-09-11T06:51:06+09:00,2026/09/11,2026/10/08,2026-09,PUT,56000,222,1234,31,37.18,34.71,330,1,256,2,36.25,73,32.88,295,09/11 00:55
2026/09/11 06:36,2026-09-11T06:51:06+09:00,2026/09/11,2026/10/08,2026-09,CALL,55750,9435,,,,,,,,,,,,,
2026/09/11 06:36,2026-09-11T06:51:06+09:00,2026/09/11,2026/10/08,2026-09,PUT,55750,212,96,,,17.45,,,3,10,,,,,
2026/09/11 06:36,2026-09-11T06:51:06+09:00,2026/09/11,2026/10/08,2026-09,CALL,55500,9670,,,,,,,,,,,,,
2026/09/11 06:36,2026-09-11T06:51:06+09:00,2026/09/11,2026/10/08,2026-09,PUT,55500,202,265,2,38.08,28.76,300,1,88,1,37.39,68,33.66,270,09/10 23:13
2026/09/11 06:36,2026-09-11T06:51:06+09:00,2026/09/11,2026/10/08,2026-09,CALL,55250,9910,,,,,,,,,,,,,
2026/09/11 06:36,2026-09-11T06:51:06+09:00,2026/09/11,2026/10/08,2026-09,PUT,55250,192,70,11,,18.52,,,3,10,37.53,22,11.46,214,09/10 20:56
2026/09/11 06:36,2026-09-11T06:51:06+09:00,2026/09/11,2026/10/08,2026-09,CALL,55000,10150,4,,,,,,,,,,,,
2026/09/11 06:36,2026-09-11T06:51:06+09:00,2026/09/11,2026/10/08,2026-09,PUT,55000,185,3823,68,39.23,36.18,280,1,202,1,37.49,45,24.32,230,09/11 04:33
2026/09/11 06:36,2026-09-11T06:51:06+09:00,2026/09/11,2026/10/08,2026-09,CALL,54750,10395,,,,,,,,,,,,,
2026/09/11 06:36,2026-09-11T06:51:06+09:00,2026/09/11,2026/10/08,2026-09,PUT,54750,173,63,,,19.59,,,3,20,,,,,
2026/09/11 06:36,2026-09-11T06:51:06+09:00,2026/09/11,2026/10/08,2026-09,CALL,54500,10630,,,,,,,,,,,,,
2026/09/11 06:36,2026-09-11T06:51:06+09:00,2026/09/11,2026/10/08,2026-09,PUT,54500,166,635,,,31.14,,,78,1,,,,,
2026/09/11 06:36,2026-09-11T06:51:06+09:00,2026/09/11,2026/10/08,2026-09,CALL,54250,10875,,,,,,,,,,,,,
2026/09/11 06:36,2026-09-11T06:51:06+09:00,2026/09/11,2026/10/08,2026-09,PUT,54250,157,69,,,20.67,,,3,20,,,,,
2026/09/11 06:36,2026-09-11T06:51:06+09:00,2026/09/11,2026/10/08,2026-09,CALL,54000,11115,,,,,,,,,,,,,
2026/09/11 06:36,2026-09-11T06:51:06+09:00,2026/09/11,2026/10/08,2026-09,PUT,54000,151,907,12,50.32,34.22,500,1,100,1,39.6,44,29.14,195,09/11 05:33
2026/09/11 06:36,2026-09-11T06:51:06+09:00,2026/09/11,2026/10/08,2026-09,CALL,53750,11360,,,,,,,,,,,,,
2026/09/11 06:36,2026-09-11T06:51:06+09:00,2026/09/11,2026/10/08,2026-09,PUT,53750,144,40,,,20.93,,,2,70,,,,,
2026/09/11 06:36,2026-09-11T06:51:06+09:00,2026/09/11,2026/10/08,2026-09,CALL,53500,11600,,,,,,,,,,,,,
2026/09/11 06:36,2026-09-11T06:51:06+09:00,2026/09/11,2026/10/08,2026-09,PUT,53500,136,848,4,,32,,,53,1,40.98,43,31.62,179,09/10 22:30
2026/09/11 06:36,2026-09-11T06:51:06+09:00,2026/09/11,2026/10/08,2026-09,CALL,53250,11845,,,,,,,,,,,,,
2026/09/11 06:36,2026-09-11T06:51:06+09:00,2026/09/11,2026/10/08,2026-09,PUT,53250,130,74,,,21.98,,,2,70,,,,,
2026/09/11 06:36,2026-09-11T06:51:06+09:00,2026/09/11,2026/10/08,2026-09,CALL,53000,12090,34,,,,,,,,,,,,
2026/09/11 06:36,2026-09-11T06:51:06+09:00,2026/09/11,2026/10/08,2026-09,PUT,53000,124,1342,7,,36.28,,,85,1,40.46,26,20.97,150,09/11 01:11
2026/09/11 06:36,2026-09-11T06:51:06+09:00,2026/09/11,2026/10/08,2026-09,CALL,52750,12335,,,,,,,,,,,,,
2026/09/11 06:36,2026-09-11T06:51:06+09:00,2026/09/11,2026/10/08,2026-09,PUT,52750,119,123,3,,23.04,,,2,70,41.71,3,2.52,122,09/10 20:41
2026/09/11 06:36,2026-09-11T06:51:06+09:00,2026/09/11,2026/10/08,2026-09,CALL,52500,12580,,,,,,,,,,,,,
2026/09/11 06:36,2026-09-11T06:51:06+09:00,2026/09/11,2026/10/08,2026-09,PUT,52500,114,467,1,,33.79,,,43,1,42.59,12,8.63,151,09/10 22:23
2026/09/11 06:36,2026-09-11T06:51:06+09:00,2026/09/11,2026/10/08,2026-09,CALL,52250,12825,,,,,,,,,,,,,
2026/09/11 06:36,2026-09-11T06:51:06+09:00,2026/09/11,2026/10/08,2026-09,PUT,52250,111,47,,,24.11,,,2,70,,,,,
2026/09/11 06:36,2026-09-11T06:51:06+09:00,2026/09/11,2026/10/08,2026-09,CALL,52000,13070,,,,,,,,,,,,,
2026/09/11 06:36,2026-09-11T06:51:06+09:00,2026/09/11,2026/10/08,2026-09,PUT,52000,105,1833,27,42.66,34.58,130,1,38,1,42.1,15,13.64,125,09/11 04:18
2026/09/11 06:36,2026-09-11T06:51:06+09:00,2026/09/11,2026/10/08,2026-09,CALL,51750,13315,,,,,,,,,,,,,
2026/09/11 06:36,2026-09-11T06:51:06+09:00,2026/09/11,2026/10/08,2026-09,PUT,51750,100,80,,,26.14,,,3,1,,,,,
2026/09/11 06:36,2026-09-11T06:51:06+09:00,2026/09/11,2026/10/08,2026-09,CALL,51500,13560,,,,,,,,,,,,,
2026/09/11 06:36,2026-09-11T06:51:06+09:00,2026/09/11,2026/10/08,2026-09,PUT,51500,97,439,2,45.17,25.72,143,2,2,70,43.83,23,23.71,120,09/10 23:14
2026/09/11 06:36,2026-09-11T06:51:06+09:00,2026/09/11,2026/10/08,2026-09,CALL,51250,13810,,,,,,,,,,,,,
2026/09/11 06:36,2026-09-11T06:51:06+09:00,2026/09/11,2026/10/08,2026-09,PUT,51250,93,91,,,26.26,,,2,70,,,,,
2026/09/11 06:36,2026-09-11T06:51:06+09:00,2026/09/11,2026/10/08,2026-09,CALL,51000,14055,,,,,,,,,,,,,
2026/09/11 06:36,2026-09-11T06:51:06+09:00,2026/09/11,2026/10/08,2026-09,PUT,51000,90,448,8,46.01,40.15,130,1,60,1,44.96,17,18.48,109,09/10 22:28
2026/09/11 06:36,2026-09-11T06:51:06+09:00,2026/09/11,2026/10/08,2026-09,CALL,50750,14300,,,,,,,,,,,,,
2026/09/11 06:36,2026-09-11T06:51:06+09:00,2026/09/11,2026/10/08,2026-09,PUT,50750,86,57,4,,27.35,,,2,70,45.27,20,23.26,106,09/10 23:14
2026/09/11 06:36,2026-09-11T06:51:06+09:00,2026/09/11,2026/10/08,2026-09,CALL,50500,14545,,,,,,,,,,,,,
2026/09/11 06:36,2026-09-11T06:51:06+09:00,2026/09/11,2026/10/08,2026-09,PUT,50500,83,425,,,36.67,,,25,1,,,,,
2026/09/11 06:36,2026-09-11T06:51:06+09:00,2026/09/11,2026/10/08,2026-09,CALL,50250,14790,,,,,,,,,,,,,
2026/09/11 06:36,2026-09-11T06:51:06+09:00,2026/09/11,2026/10/08,2026-09,PUT,50250,81,67,,,28.45,,,2,70,,,,,
2026/09/11 06:36,2026-09-11T06:51:06+09:00,2026/09/11,2026/10/08,2026-09,CALL,50000,15040,,,,,,,,,,,,,
2026/09/11 06:36,2026-09-11T06:51:06+09:00,2026/09/11,2026/10/08,2026-09,PUT,50000,75,1597,51,47.24,42.13,102,1,51,1,45.94,12,16,87,09/11 06:00
2026/09/11 06:36,2026-09-11T06:51:06+09:00,2026/09/11,2026/10/08,2026-09,CALL,49750,15285,,,,,,,,,,,,,
2026/09/11 06:36,2026-09-11T06:51:06+09:00,2026/09/11,2026/10/08,2026-09,PUT,49750,76,64,,47.9,30.65,100,1,3,20,,,,,
2026/09/11 06:36,2026-09-11T06:51:06+09:00,2026/09/11,2026/10/08,2026-09,CALL,49500,15535,,,,,,,,,,,,,
2026/09/11 06:36,2026-09-11T06:51:06+09:00,2026/09/11,2026/10/08,2026-09,PUT,49500,69,209,5,48.72,31.23,100,2,3,20,47.49,11,15.94,80,09/10 21:54
2026/09/11 06:36,2026-09-11T06:51:06+09:00,2026/09/11,2026/10/08,2026-09,CALL,49250,15780,,,,,,,,,,,,,
2026/09/11 06:36,2026-09-11T06:51:06+09:00,2026/09/11,2026/10/08,2026-09,PUT,49250,67,80,,49.55,31.8,100,2,3,20,,,,,
2026/09/11 06:36,2026-09-11T06:51:06+09:00,2026/09/11,2026/10/08,2026-09,CALL,49000,16030,,,,,,,,,,,,,
2026/09/11 06:36,2026-09-11T06:51:06+09:00,2026/09/11,2026/10/08,2026-09,PUT,49000,65,269,6,50.38,33.27,100,3,4,2,47.4,3,4.62,68,09/11 04:41
2026/09/11 06:36,2026-09-11T06:51:06+09:00,2026/09/11,2026/10/08,2026-09,CALL,48750,16275,,,,,,,,,,,,,
2026/09/11 06:36,2026-09-11T06:51:06+09:00,2026/09/11,2026/10/08,2026-09,PUT,48750,65,25,,,33.86,,,4,1,,,,,
2026/09/11 06:36,2026-09-11T06:51:06+09:00,2026/09/11,2026/10/08,2026-09,CALL,48500,16525,,,,,,,,,,,,,
2026/09/11 06:36,2026-09-11T06:51:06+09:00,2026/09/11,2026/10/08,2026-09,PUT,48500,63,197,1,50.63,33.54,85,1,3,20,49.52,-1,-1.41,70,09/10 21:57
2026/09/11 06:36,2026-09-11T06:51:06+09:00,2026/09/11,2026/10/08,2026-09,CALL,48250,16770,,,,,,,,,,,,,
2026/09/11 06:36,2026-09-11T06:51:06+09:00,2026/09/11,2026/10/08,2026-09,PUT,48250,60,52,,,34.13,,,3,20,,,,,
2026/09/11 06:36,2026-09-11T06:51:06+09:00,2026/09/11,2026/10/08,2026-09,CALL,48000,17020,,,,,,,,,,,,,
2026/09/11 06:36,2026-09-11T06:51:06+09:00,2026/09/11,2026/10/08,2026-09,PUT,48000,59,762,56,50.76,34.72,71,1,3,20,49.55,2,3.45,60,09/11 05:54
2026/09/11 06:36,2026-09-11T06:51:06+09:00,2026/09/11,2026/10/08,2026-09,CALL,47750,17265,,,,,,,,,,,,,
2026/09/11 06:36,2026-09-11T06:51:06+09:00,2026/09/11,2026/10/08,2026-09,PUT,47750,58,46,,,35.31,,,3,20,,,,,
2026/09/11 06:36,2026-09-11T06:51:06+09:00,2026/09/11,2026/10/08,2026-09,CALL,47500,17515,34,,,,,,,,,,,,
2026/09/11 06:36,2026-09-11T06:51:06+09:00,2026/09/11,2026/10/08,2026-09,PUT,47500,50,43,,,35.9,,,3,20,,,,,
2026/09/11 06:36,2026-09-11T06:51:06+09:00,2026/09/11,2026/10/08,2026-09,CALL,47250,17765,,,,,,,,,,,,,
2026/09/11 06:36,2026-09-11T06:51:06+09:00,2026/09/11,2026/10/08,2026-09,PUT,47250,54,41,,,36.49,,,3,20,,,,,
2026/09/11 06:36,2026-09-11T06:51:06+09:00,2026/09/11,2026/10/08,2026-09,CALL,47000,18010,,,,,,,,,,,,,
2026/09/11 06:36,2026-09-11T06:51:06+09:00,2026/09/11,2026/10/08,2026-09,PUT,47000,51,409,9,53.27,38.09,65,1,4,2,52.8,6,12.24,55,09/10 23:24
2026/09/11 06:36,2026-09-11T06:51:06+09:00,2026/09/11,2026/10/08,2026-09,CALL,46750,18255,,,,,,,,,,,,,
2026/09/11 06:36,2026-09-11T06:51:06+09:00,2026/09/11,2026/10/08,2026-09,PUT,46750,49,131,,,37.69,,,3,20,,,,,
2026/09/11 06:36,2026-09-11T06:51:06+09:00,2026/09/11,2026/10/08,2026-09,CALL,46500,18505,,,,,,,,,,,,,
2026/09/11 06:36,2026-09-11T06:51:06+09:00,2026/09/11,2026/10/08,2026-09,PUT,46500,48,257,,,38.3,,,3,20,,,,,
2026/09/11 06:36,2026-09-11T06:51:06+09:00,2026/09/11,2026/10/08,2026-09,CALL,46250,18755,,,,,,,,,,,,,
2026/09/11 06:36,2026-09-11T06:51:06+09:00,2026/09/11,2026/10/08,2026-09,PUT,46250,47,13,,78.98,38.9,405,1,3,20,,,,,
2026/09/11 06:36,2026-09-11T06:51:06+09:00,2026/09/11,2026/10/08,2026-09,CALL,46000,19000,,,,,,,,,,,,,
2026/09/11 06:36,2026-09-11T06:51:06+09:00,2026/09/11,2026/10/08,2026-09,PUT,46000,44,363,4,57.19,49.76,70,1,26,1,54.24,2,4.65,45,09/10 23:27
2026/09/11 06:36,2026-09-11T06:51:06+09:00,2026/09/11,2026/10/08,2026-09,CALL,45750,19250,,,,,,,,,,,,,
2026/09/11 06:36,2026-09-11T06:51:06+09:00,2026/09/11,2026/10/08,2026-09,PUT,45750,43,143,,,41.19,,,4,1,,,,,
2026/09/11 06:36,2026-09-11T06:51:06+09:00,2026/09/11,2026/10/08,2026-09,CALL,45500,19500,,,,,,,,,,,,,
2026/09/11 06:36,2026-09-11T06:51:06+09:00,2026/09/11,2026/10/08,2026-09,PUT,45500,41,608,,,40.74,,,3,20,,,,,
2026/09/11 06:36,2026-09-11T06:51:06+09:00,2026/09/11,2026/10/08,2026-09,CALL,45250,19745,,,,,,,,,,,,,
2026/09/11 06:36,2026-09-11T06:51:06+09:00,2026/09/11,2026/10/08,2026-09,PUT,45250,39,29,,,42.45,,,4,1,,,,,
2026/09/11 06:36,2026-09-11T06:51:06+09:00,2026/09/11,2026/10/08,2026-09,CALL,45000,19995,2,,,,,,,,,,,,
2026/09/11 06:36,2026-09-11T06:51:06+09:00,2026/09/11,2026/10/08,2026-09,PUT,45000,35,1648,18,56.75,54.62,45,1,34,1,56.89,10,28.57,45,09/11 05:48
2026/09/11 06:36,2026-09-11T06:51:06+09:00,2026/09/11,2026/10/08,2026-09,CALL,44750,20235,,,,,,,,,,,,,
2026/09/11 06:36,2026-09-11T06:51:06+09:00,2026/09/11,2026/10/08,2026-09,PUT,44750,29,37,,,42.6,,,3,20,,,,,
2026/09/11 06:36,2026-09-11T06:51:06+09:00,2026/09/11,2026/10/08,2026-09,CALL,44500,20485,,,,,,,,,,,,,
2026/09/11 06:36,2026-09-11T06:51:06+09:00,2026/09/11,2026/10/08,2026-09,PUT,44500,30,2,,,43.22,,,3,20,,,,,
2026/09/11 06:36,2026-09-11T06:51:06+09:00,2026/09/11,2026/10/08,2026-09,CALL,44250,20735,,,,,,,,,,,,,
2026/09/11 06:36,2026-09-11T06:51:06+09:00,2026/09/11,2026/10/08,2026-09,PUT,44250,28,36,,,43.85,,,3,20,,,,,
2026/09/11 06:36,2026-09-11T06:51:06+09:00,2026/09/11,2026/10/08,2026-09,CALL,44000,20980,,,,,,,,,,,,,
2026/09/11 06:36,2026-09-11T06:51:06+09:00,2026/09/11,2026/10/08,2026-09,PUT,44000,30,253,4,60.88,49.99,50,2,10,2,58.42,4,13.33,34,09/10 23:28
2026/09/11 06:36,2026-09-11T06:51:06+09:00,2026/09/11,2026/10/08,2026-09,CALL,43750,21230,,,,,,,,,,,,,
2026/09/11 06:36,2026-09-11T06:51:06+09:00,2026/09/11,2026/10/08,2026-09,PUT,43750,26,13,,,45.12,,,3,20,,,,,
2026/09/11 06:36,2026-09-11T06:51:06+09:00,2026/09/11,2026/10/08,2026-09,CALL,43500,21480,,,,,,,,,,,,,
2026/09/11 06:36,2026-09-11T06:51:06+09:00,2026/09/11,2026/10/08,2026-09,PUT,43500,25,15,1,,45.76,,,3,20,59.21,,,31,09/10 21:34
2026/09/11 06:36,2026-09-11T06:51:06+09:00,2026/09/11,2026/10/08,2026-09,CALL,43250,21725,,,,,,,,,,,,,
2026/09/11 06:36,2026-09-11T06:51:06+09:00,2026/09/11,2026/10/08,2026-09,PUT,43250,23,15,,,46.4,,,3,20,,,,,
2026/09/11 06:36,2026-09-11T06:51:06+09:00,2026/09/11,2026/10/08,2026-09,CALL,43000,21975,,,,,,,,,,,,,
2026/09/11 06:36,2026-09-11T06:51:06+09:00,2026/09/11,2026/10/08,2026-09,PUT,43000,23,197,3,61.19,59.46,35,2,28,1,60.73,1,3.33,31,09/10 22:02
2026/09/11 06:36,2026-09-11T06:51:06+09:00,2026/09/11,2026/10/08,2026-09,CALL,42750,22225,,,,,,,,,,,,,
2026/09/11 06:36,2026-09-11T06:51:06+09:00,2026/09/11,2026/10/08,2026-09,PUT,42750,23,31,,,47.7,,,3,20,,,,,
2026/09/11 06:36,2026-09-11T06:51:06+09:00,2026/09/11,2026/10/08,2026-09,CALL,42000,22970,,,,,,,,,,,,,
2026/09/11 06:36,2026-09-11T06:51:06+09:00,2026/09/11,2026/10/08,2026-09,PUT,42000,20,166,4,67.63,55.72,50,2,10,1,61.89,-2,-7.41,25,09/11 01:33
2026/09/11 06:36,2026-09-11T06:51:06+09:00,2026/09/11,2026/10/08,2026-09,CALL,41000,23965,,,,,,,,,,,,,
2026/09/11 06:36,2026-09-11T06:51:06+09:00,2026/09/11,2026/10/08,2026-09,PUT,41000,18,144,,65.93,52.34,28,1,3,20,,,,,
2026/09/11 06:36,2026-09-11T06:51:06+09:00,2026/09/11,2026/10/08,2026-09,CALL,40000,24965,,,,,,,,,,,,,
2026/09/11 06:36,2026-09-11T06:51:06+09:00,2026/09/11,2026/10/08,2026-09,PUT,40000,17,4215,52,66.92,61.69,21,3,10,1,66.54,3,17.65,20,09/11 06:00
2026/09/11 06:36,2026-09-11T06:51:06+09:00,2026/09/11,2026/10/08,2026-09,CALL,39000,25960,,,,,,,,,,,,,
2026/09/11 06:36,2026-09-11T06:51:06+09:00,2026/09/11,2026/10/08,2026-09,PUT,39000,14,107,5,69.84,57.87,20,1,3,20,69.38,0,0,15,09/10 17:19
2026/09/11 06:36,2026-09-11T06:51:06+09:00,2026/09/11,2026/10/08,2026-09,CALL,38000,26955,,,,,,,,,,,,,
2026/09/11 06:36,2026-09-11T06:51:06+09:00,2026/09/11,2026/10/08,2026-09,PUT,38000,10,35,11,73.22,69.24,20,1,12,1,70.9,1,7.14,15,09/11 01:22
2026/09/11 06:36,2026-09-11T06:51:06+09:00,2026/09/11,2026/10/08,2026-09,CALL,37000,27950,,,,,,,,,,,,,
2026/09/11 06:36,2026-09-11T06:51:06+09:00,2026/09/11,2026/10/08,2026-09,PUT,37000,10,193,17,74.27,63.67,15,3,3,20,73.36,2,18.18,13,09/10 23:07
2026/09/11 06:36,2026-09-11T06:51:06+09:00,2026/09/11,2026/10/08,2026-09,CALL,36000,28950,,,,,,,,,,,,,
2026/09/11 06:36,2026-09-11T06:51:06+09:00,2026/09/11,2026/10/08,2026-09,PUT,36000,6,42,12,,66.68,,,3,20,75.52,,,11,09/10 22:32
2026/09/11 06:36,2026-09-11T06:51:06+09:00,2026/09/11,2026/10/08,2026-09,CALL,35000,29950,24,,,,,,,,,,,,
2026/09/11 06:36,2026-09-11T06:51:06+09:00,2026/09/11,2026/10/08,2026-09,PUT,35000,7,2068,36,78.68,77.11,11,1,9,1,78.01,1,11.11,10,09/11 05:08
2026/09/11 06:36,2026-09-11T06:51:06+09:00,2026/09/11,2026/10/08,2026-09,CALL,34000,30945,,,,,,,,,,,,,
2026/09/11 06:36,2026-09-11T06:51:06+09:00,2026/09/11,2026/10/08,2026-09,PUT,34000,6,26,30,175.75,77.54,1100,1,6,1,81.65,3,42.86,10,09/10 23:07
2026/09/11 06:36,2026-09-11T06:51:06+09:00,2026/09/11,2026/10/08,2026-09,CALL,33000,31945,,,,,,,,,,,,,
2026/09/11 06:36,2026-09-11T06:51:06+09:00,2026/09/11,2026/10/08,2026-09,PUT,33000,4,2734,21,85.04,76.22,10,2,3,22,82.71,1,16.67,7,09/10 23:31
2026/09/11 06:36,2026-09-11T06:51:06+09:00,2026/09/11,2026/10/08,2026-09,CALL,32000,32945,,,,,,,,,,,,,
2026/09/11 06:36,2026-09-11T06:51:06+09:00,2026/09/11,2026/10/08,2026-09,PUT,32000,3,52,22,163.14,79.59,600,15,3,1,86.03,-4,-36.36,7,09/10 22:12
2026/09/11 06:36,2026-09-11T06:51:06+09:00,2026/09/11,2026/10/08,2026-09,CALL,31000,33945,,,,,,,,,,,,,
2026/09/11 06:36,2026-09-11T06:51:06+09:00,2026/09/11,2026/10/08,2026-09,PUT,31000,3,22,,192.09,80.39,1000,1,2,1,,,,,
2026/09/11 06:36,2026-09-11T06:51:06+09:00,2026/09/11,2026/10/08,2026-09,CALL,30000,34940,,,,,,,,,,,,,
2026/09/11 06:36,2026-09-11T06:51:06+09:00,2026/09/11,2026/10/08,2026-09,PUT,30000,3,6033,31,95.56,88.77,9,5,4,1,92,2,50,6,09/11 06:00
2026/09/11 06:36,2026-09-11T06:51:06+09:00,2026/09/11,2026/10/08,2026-09,CALL,29000,35940,,,,,,,,,,,,,
2026/09/11 06:36,2026-09-11T06:51:06+09:00,2026/09/11,2026/10/08,2026-09,PUT,29000,2,13,2,94.37,87.46,5,1,2,3,92.7,,,4,09/11 03:00
2026/09/11 06:36,2026-09-11T06:51:06+09:00,2026/09/11,2026/10/08,2026-09,CALL,28000,36940,,,,,,,,,,,,,
2026/09/11 06:36,2026-09-11T06:51:06+09:00,2026/09/11,2026/10/08,2026-09,PUT,28000,2,19,,126.97,91.18,55,1,2,3,,,,,
2026/09/11 06:36,2026-09-11T06:51:06+09:00,2026/09/11,2026/10/08,2026-09,CALL,27000,37940,,,,,,,,,,,,,
2026/09/11 06:36,2026-09-11T06:51:06+09:00,2026/09/11,2026/10/08,2026-09,PUT,27000,3,106,1,,90.26,,,1,91,98.38,0,0,3,09/10 22:37
2026/09/11 06:36,2026-09-11T06:51:06+09:00,2026/09/11,2026/10/08,2026-09,CALL,26000,38940,,,,,,,,,,,,,
2026/09/11 06:36,2026-09-11T06:51:06+09:00,2026/09/11,2026/10/08,2026-09,PUT,26000,1,65,,106.77,94.07,5,2,1,81,,,,,
2026/09/11 06:36,2026-09-11T06:51:06+09:00,2026/09/11,2026/10/08,2026-09,CALL,25000,39935,,,,,,,,,,,,,
2026/09/11 06:36,2026-09-11T06:51:06+09:00,2026/09/11,2026/10/08,2026-09,PUT,25000,2,1482,2,106.55,98.03,3,6,1,172,104.45,0,0,2,09/10 18:00
2026/09/11 06:36,2026-09-11T06:51:06+09:00,2026/09/11,2026/10/08,2026-09,CALL,22500,42435,,,,,,,,,,,,,
2026/09/11 06:36,2026-09-11T06:51:06+09:00,2026/09/11,2026/10/08,2026-09,PUT,22500,1,52,75,118.06,108.67,3,3,1,47,114.47,0,0,2,09/11 05:22
2026/09/11 06:36,2026-09-11T06:51:06+09:00,2026/09/11,2026/10/08,2026-09,CALL,20000,44930,,,,,,,,,,,,,
2026/09/11 06:36,2026-09-11T06:51:06+09:00,2026/09/11,2026/10/08,2026-09,PUT,20000,1,779,117,126.85,120.58,2,22,1,26,120.66,-1,-50,1,09/11 01:33
2026/09/11 06:36,2026-09-11T06:51:06+09:00,2026/09/11,2026/11/12,2026-10,CALL,100000,2,19,18,33.46,31.78,2,1,1,34,33.26,,,2,09/10 22:17
2026/09/11 06:36,2026-09-11T06:51:06+09:00,2026/09/11,2026/11/12,2026-10,PUT,100000,34890,,,,,,,,,,,,,
2026/09/11 06:36,2026-09-11T06:51:06+09:00,2026/09/11,2026/11/12,2026-10,CALL,97500,2,,,,30.14,,,1,20,,,,,
2026/09/11 06:36,2026-09-11T06:51:06+09:00,2026/09/11,2026/11/12,2026-10,PUT,97500,32395,,,,,,,,,,,,,
2026/09/11 06:36,2026-09-11T06:51:06+09:00,2026/09/11,2026/11/12,2026-10,CALL,95000,4,7,,34.55,28.45,10,7,1,20,,,,,
2026/09/11 06:36,2026-09-11T06:51:06+09:00,2026/09/11,2026/11/12,2026-10,PUT,95000,29905,,,,,,,,,,,,,
2026/09/11 06:36,2026-09-11T06:51:06+09:00,2026/09/11,2026/11/12,2026-10,CALL,92500,6,1,,,26.7,,,1,20,,,,,
2026/09/11 06:36,2026-09-11T06:51:06+09:00,2026/09/11,2026/11/12,2026-10,PUT,92500,27410,,,,,,,,,,,,,
2026/09/11 06:36,2026-09-11T06:51:06+09:00,2026/09/11,2026/11/12,2026-10,CALL,90000,8,121,,43.2,24.9,150,1,1,21,,,,,
2026/09/11 06:36,2026-09-11T06:51:06+09:00,2026/09/11,2026/11/12,2026-10,PUT,90000,24920,,,,,,,,,,,,,
2026/09/11 06:36,2026-09-11T06:51:06+09:00,2026/09/11,2026/11/12,2026-10,CALL,87500,24,12,,,26.78,,,6,3,,,,,
2026/09/11 06:36,2026-09-11T06:51:06+09:00,2026/09/11,2026/11/12,2026-10,PUT,87500,22440,,,,,,,,,,,,,
2026/09/11 06:36,2026-09-11T06:51:06+09:00,2026/09/11,2026/11/12,2026-10,CALL,85000,39,5,,34.88,26.39,100,1,12,1,,,,,
2026/09/11 06:36,2026-09-11T06:51:06+09:00,2026/09/11,2026/11/12,2026-10,PUT,85000,19970,,,,,,,,,,,,,
2026/09/11 06:36,2026-09-11T06:51:06+09:00,2026/09/11,2026/11/12,2026-10,CALL,82500,65,54,15,,19.08,,,1,20,27.29,-19,-35.19,35,09/11 05:29
2026/09/11 06:36,2026-09-11T06:51:06+09:00,2026/09/11,2026/11/12,2026-10,PUT,82500,17500,,,,,,,,,,,,,
2026/09/11 06:36,2026-09-11T06:51:06+09:00,2026/09/11,2026/11/12,2026-10,CALL,80000,94,105,1,27.59,25.76,78,1,50,1,25.97,-13,-14.13,79,09/10 18:09
2026/09/11 06:36,2026-09-11T06:51:06+09:00,2026/09/11,2026/11/12,2026-10,PUT,80000,15025,,,,,,,,,,,,,
2026/09/11 06:36,2026-09-11T06:51:06+09:00,2026/09/11,2026/11/12,2026-10,CALL,79500,103,1,,,16.55,,,1,21,,,,,
2026/09/11 06:36,2026-09-11T06:51:06+09:00,2026/09/11,2026/11/12,2026-10,PUT,79500,14535,2,,,,,,,,,,,,
2026/09/11 06:36,2026-09-11T06:51:06+09:00,2026/09/11,2026/11/12,2026-10,CALL,79000,121,2,17,,23.24,,,34,1,26.88,,,100,09/10 23:41
2026/09/11 06:36,2026-09-11T06:51:06+09:00,2026/09/11,2026/11/12,2026-10,PUT,79000,14055,,,,,,,,,,,,,
2026/09/11 06:36,2026-09-11T06:51:06+09:00,2026/09/11,2026/11/12,2026-10,CALL,78500,132,,,,15.68,,,1,20,,,,,
2026/09/11 06:36,2026-09-11T06:51:06+09:00,2026/09/11,2026/11/12,2026-10,PUT,78500,13570,,,,,,,,,,,,,
2026/09/11 06:36,2026-09-11T06:51:06+09:00,2026/09/11,2026/11/12,2026-10,CALL,78000,150,113,4,,25.14,,,80,1,26.03,-32,-24.62,98,09/11 02:40
2026/09/11 06:36,2026-09-11T06:51:06+09:00,2026/09/11,2026/11/12,2026-10,PUT,78000,13090,,,,,,,,,,,,,
2026/09/11 06:36,2026-09-11T06:51:06+09:00,2026/09/11,2026/11/12,2026-10,CALL,77500,175,,,,14.79,,,1,20,,,,,
2026/09/11 06:36,2026-09-11T06:51:06+09:00,2026/09/11,2026/11/12,2026-10,PUT,77500,12615,,,,,,,,,,,,,
2026/09/11 06:36,2026-09-11T06:51:06+09:00,2026/09/11,2026/11/12,2026-10,CALL,77000,193,123,,,14.34,,,1,20,,,,,
2026/09/11 06:36,2026-09-11T06:51:06+09:00,2026/09/11,2026/11/12,2026-10,PUT,77000,12135,,,,,,,,,,,,,
2026/09/11 06:36,2026-09-11T06:51:06+09:00,2026/09/11,2026/11/12,2026-10,CALL,76500,224,280,1,,13.89,,,1,20,25.93,,,150,09/11 04:08
2026/09/11 06:36,2026-09-11T06:51:06+09:00,2026/09/11,2026/11/12,2026-10,PUT,76500,11665,,,,,,,,,,,,,
2026/09/11 06:36,2026-09-11T06:51:06+09:00,2026/09/11,2026/11/12,2026-10,CALL,76250,239,,,,13.66,,,1,10,,,,,
2026/09/11 06:36,2026-09-11T06:51:06+09:00,2026/09/11,2026/11/12,2026-10,PUT,76250,11430,,,,,,,,,,,,,
2026/09/11 06:36,2026-09-11T06:51:06+09:00,2026/09/11,2026/11/12,2026-10,CALL,76000,246,25,5,,13.43,,,1,20,25.98,,,190,09/10 22:39
2026/09/11 06:36,2026-09-11T06:51:06+09:00,2026/09/11,2026/11/12,2026-10,PUT,76000,11195,,,,,,,,,,,,,
2026/09/11 06:36,2026-09-11T06:51:06+09:00,2026/09/11,2026/11/12,2026-10,CALL,75750,272,1,1,,13.2,,,1,10,25.82,-31,-12.76,212,09/10 21:10
2026/09/11 06:36,2026-09-11T06:51:06+09:00,2026/09/11,2026/11/12,2026-10,PUT,75750,10965,,,,,,,,,,,,,
2026/09/11 06:36,2026-09-11T06:51:06+09:00,2026/09/11,2026/11/12,2026-10,CALL,75500,291,78,1,,12.97,,,1,20,26.21,,,220,09/10 21:50
2026/09/11 06:36,2026-09-11T06:51:06+09:00,2026/09/11,2026/11/12,2026-10,PUT,75500,10735,,,,,,,,,,,,,
2026/09/11 06:36,2026-09-11T06:51:06+09:00,2026/09/11,2026/11/12,2026-10,CALL,75250,310,1,,,12.74,,,1,10,,,,,
2026/09/11 06:36,2026-09-11T06:51:06+09:00,2026/09/11,2026/11/12,2026-10,PUT,75250,10505,,,,,,,,,,,,,
2026/09/11 06:36,2026-09-11T06:51:06+09:00,2026/09/11,2026/11/12,2026-10,CALL,75000,305,891,,31.98,12.5,510,1,1,22,,,,,
2026/09/11 06:36,2026-09-11T06:51:06+09:00,2026/09/11,2026/11/12,2026-10,PUT,75000,10255,,,,,,,,,,,,,
2026/09/11 06:36,2026-09-11T06:51:06+09:00,2026/09/11,2026/11/12,2026-10,CALL,74750,355,,,,12.27,,,1,10,,,,,
2026/09/11 06:36,2026-09-11T06:51:06+09:00,2026/09/11,2026/11/12,2026-10,PUT,74750,10050,,,,,,,,,,,,,
2026/09/11 06:36,2026-09-11T06:51:06+09:00,2026/09/11,2026/11/12,2026-10,CALL,74500,380,116,,,12.03,,,1,20,,,,,
2026/09/11 06:36,2026-09-11T06:51:06+09:00,2026/09/11,2026/11/12,2026-10,PUT,74500,9825,,,,,,,,,,,,,
2026/09/11 06:36,2026-09-11T06:51:06+09:00,2026/09/11,2026/11/12,2026-10,CALL,74250,405,,,,11.79,,,1,10,,,,,
2026/09/11 06:36,2026-09-11T06:51:06+09:00,2026/09/11,2026/11/12,2026-10,PUT,74250,9600,,,,,,,,,,,,,
2026/09/11 06:36,2026-09-11T06:51:06+09:00,2026/09/11,2026/11/12,2026-10,CALL,74000,425,101,6,,11.55,,,1,20,26.07,-60,-15.79,320,09/10 23:59
2026/09/11 06:36,2026-09-11T06:51:06+09:00,2026/09/11,2026/11/12,2026-10,PUT,74000,9370,,,,,,,,,,,,,
2026/09/11 06:36,2026-09-11T06:51:06+09:00,2026/09/11,2026/11/12,2026-10,CALL,73750,460,,,,11.31,,,1,10,,,,,
2026/09/11 06:36,2026-09-11T06:51:06+09:00,2026/09/11,2026/11/12,2026-10,PUT,73750,9155,,,,,,,,,,,,,
2026/09/11 06:36,2026-09-11T06:51:06+09:00,2026/09/11,2026/11/12,2026-10,CALL,73500,490,,,,11.07,,,1,20,,,,,
2026/09/11 06:36,2026-09-11T06:51:06+09:00,2026/09/11,2026/11/12,2026-10,PUT,73500,8935,,,,,,,,,,,,,
2026/09/11 06:36,2026-09-11T06:51:06+09:00,2026/09/11,2026/11/12,2026-10,CALL,73250,520,,,,10.83,,,1,10,,,,,
2026/09/11 06:36,2026-09-11T06:51:06+09:00,2026/09/11,2026/11/12,2026-10,PUT,73250,8715,,,,,,,,,,,,,
2026/09/11 06:36,2026-09-11T06:51:06+09:00,2026/09/11,2026/11/12,2026-10,CALL,73000,545,101,,,10.58,,,1,20,,,,,
2026/09/11 06:36,2026-09-11T06:51:06+09:00,2026/09/11,2026/11/12,2026-10,PUT,73000,8495,,,,,,,,,,,,,
2026/09/11 06:36,2026-09-11T06:51:06+09:00,2026/09/11,2026/11/12,2026-10,CALL,72750,585,,,,10.34,,,1,10,,,,,
2026/09/11 06:36,2026-09-11T06:51:06+09:00,2026/09/11,2026/11/12,2026-10,PUT,72750,8285,,,,,,,,,,,,,
2026/09/11 06:36,2026-09-11T06:51:06+09:00,2026/09/11,2026/11/12,2026-10,CALL,72500,625,602,,,10.09,,,1,10,,,,,
2026/09/11 06:36,2026-09-11T06:51:06+09:00,2026/09/11,2026/11/12,2026-10,PUT,72500,8075,330,,,,,,,,,,,,
2026/09/11 06:36,2026-09-11T06:51:06+09:00,2026/09/11,2026/11/12,2026-10,CALL,72250,665,1,,,9.84,,,1,10,,,,,
2026/09/11 06:36,2026-09-11T06:51:06+09:00,2026/09/11,2026/11/12,2026-10,PUT,72250,7865,,,,,,,,,,,,,
2026/09/11 06:36,2026-09-11T06:51:06+09:00,2026/09/11,2026/11/12,2026-10,CALL,72125,680,,,,,,,,,,,,,
2026/09/11 06:36,2026-09-11T06:51:06+09:00,2026/09/11,2026/11/12,2026-10,PUT,72125,7750,,,,,,,,,,,,,
2026/09/11 06:36,2026-09-11T06:51:06+09:00,2026/09/11,2026/11/12,2026-10,CALL,72000,680,395,2,33.23,9.59,1000,1,1,10,25.62,-15,-2.31,635,09/10 19:07
2026/09/11 06:36,2026-09-11T06:51:06+09:00,2026/09/11,2026/11/12,2026-10,PUT,72000,7630,,,,,,,,,,,,,
2026/09/11 06:36,2026-09-11T06:51:06+09:00,2026/09/11,2026/11/12,2026-10,CALL,71875,730,,,,,,,,,,,,,
2026/09/11 06:36,2026-09-11T06:51:06+09:00,2026/09/11,2026/11/12,2026-10,PUT,71875,7555,,,,,,,,,,,,,
2026/09/11 06:36,2026-09-11T06:51:06+09:00,2026/09/11,2026/11/12,2026-10,CALL,71750,750,,,,9.34,,,1,10,,,,,
2026/09/11 06:36,2026-09-11T06:51:06+09:00,2026/09/11,2026/11/12,2026-10,PUT,71750,7450,,,,,,,,,,,,,
2026/09/11 06:36,2026-09-11T06:51:06+09:00,2026/09/11,2026/11/12,2026-10,CALL,71625,775,8,,,,,,,,,,,,
2026/09/11 06:36,2026-09-11T06:51:06+09:00,2026/09/11,2026/11/12,2026-10,PUT,71625,7350,,,,,,,,,,,,,
2026/09/11 06:36,2026-09-11T06:51:06+09:00,2026/09/11,2026/11/12,2026-10,CALL,71500,795,354,,,9.09,,,1,10,,,,,
2026/09/11 06:36,2026-09-11T06:51:06+09:00,2026/09/11,2026/11/12,2026-10,PUT,71500,7245,,,,,,,,,,,,,
2026/09/11 06:36,2026-09-11T06:51:06+09:00,2026/09/11,2026/11/12,2026-10,CALL,71375,820,,,,,,,,,,,,,
2026/09/11 06:36,2026-09-11T06:51:06+09:00,2026/09/11,2026/11/12,2026-10,PUT,71375,7145,,,,,,,,,,,,,
2026/09/11 06:36,2026-09-11T06:51:06+09:00,2026/09/11,2026/11/12,2026-10,CALL,71250,840,,,,8.84,,,1,15,,,,,
2026/09/11 06:36,2026-09-11T06:51:06+09:00,2026/09/11,2026/11/12,2026-10,PUT,71250,7040,,,,,,,,,,,,,
2026/09/11 06:36,2026-09-11T06:51:06+09:00,2026/09/11,2026/11/12,2026-10,CALL,71125,845,2,,,,,,,,,,,,
2026/09/11 06:36,2026-09-11T06:51:06+09:00,2026/09/11,2026/11/12,2026-10,PUT,71125,6920,,,,,,,,,,,,,
2026/09/11 06:36,2026-09-11T06:51:06+09:00,2026/09/11,2026/11/12,2026-10,CALL,71000,860,400,3,,8.58,,,1,10,26.32,-180,-20.93,680,09/10 22:30
2026/09/11 06:36,2026-09-11T06:51:06+09:00,2026/09/11,2026/11/12,2026-10,PUT,71000,6840,,,,,,,,,,,,,
2026/09/11 06:36,2026-09-11T06:51:06+09:00,2026/09/11,2026/11/12,2026-10,CALL,70875,910,,,,,,,,,,,,,
2026/09/11 06:36,2026-09-11T06:51:06+09:00,2026/09/11,2026/11/12,2026-10,PUT,70875,6735,,,,,,,,,,,,,
2026/09/11 06:36,2026-09-11T06:51:06+09:00,2026/09/11,2026/11/12,2026-10,CALL,70750,910,4,,,8.32,,,1,10,,,,,
2026/09/11 06:36,2026-09-11T06:51:06+09:00,2026/09/11,2026/11/12,2026-10,PUT,70750,6650,160,,,,,,,,,,,,
2026/09/11 06:36,2026-09-11T06:51:06+09:00,2026/09/11,2026/11/12,2026-10,CALL,70625,965,,,,,,,,,,,,,
2026/09/11 06:36,2026-09-11T06:51:06+09:00,2026/09/11,2026/11/12,2026-10,PUT,70625,6540,,,,,,,,,,,,,
2026/09/11 06:36,2026-09-11T06:51:06+09:00,2026/09/11,2026/11/12,2026-10,CALL,70500,1000,2,,,8.06,,,1,10,,,,,
2026/09/11 06:36,2026-09-11T06:51:06+09:00,2026/09/11,2026/11/12,2026-10,PUT,70500,6455,,,,,,,,,,,,,
2026/09/11 06:36,2026-09-11T06:51:06+09:00,2026/09/11,2026/11/12,2026-10,CALL,70375,1005,,,,,,,,,,,,,
2026/09/11 06:36,2026-09-11T06:51:06+09:00,2026/09/11,2026/11/12,2026-10,PUT,70375,6330,,,,,,,,,,,,,
2026/09/11 06:36,2026-09-11T06:51:06+09:00,2026/09/11,2026/11/12,2026-10,CALL,70250,1020,4,,,7.8,,,1,10,,,,,
2026/09/11 06:36,2026-09-11T06:51:06+09:00,2026/09/11,2026/11/12,2026-10,PUT,70250,6235,,,,,,,,,,,,,
2026/09/11 06:36,2026-09-11T06:51:06+09:00,2026/09/11,2026/11/12,2026-10,CALL,70125,1065,,,,,,,,,,,,,
2026/09/11 06:36,2026-09-11T06:51:06+09:00,2026/09/11,2026/11/12,2026-10,PUT,70125,6145,,,,,,,,,,,,,
2026/09/11 06:36,2026-09-11T06:51:06+09:00,2026/09/11,2026/11/12,2026-10,CALL,70000,1090,1505,4,,8.05,,,2,10,26.2,-180,-17.39,855,09/11 00:01
2026/09/11 06:36,2026-09-11T06:51:06+09:00,2026/09/11,2026/11/12,2026-10,PUT,70000,6040,460,,,,,,,,,,,,
2026/09/11 06:36,2026-09-11T06:51:06+09:00,2026/09/11,2026/11/12,2026-10,CALL,69875,1130,16,,,,,,,,,,,,
2026/09/11 06:36,2026-09-11T06:51:06+09:00,2026/09/11,2026/11/12,2026-10,PUT,69875,5955,,,,,,,,,,,,,
2026/09/11 06:36,2026-09-11T06:51:06+09:00,2026/09/11,2026/11/12,2026-10,CALL,69750,1160,,,,7.28,,,1,10,,,,,
2026/09/11 06:36,2026-09-11T06:51:06+09:00,2026/09/11,2026/11/12,2026-10,PUT,69750,5865,,,,,,,,,,,,,
2026/09/11 06:36,2026-09-11T06:51:06+09:00,2026/09/11,2026/11/12,2026-10,CALL,69625,1195,,,,,,,,,,,,,
2026/09/11 06:36,2026-09-11T06:51:06+09:00,2026/09/11,2026/11/12,2026-10,PUT,69625,5775,,,,,,,,,,,,,
2026/09/11 06:36,2026-09-11T06:51:06+09:00,2026/09/11,2026/11/12,2026-10,CALL,69500,1225,4,2,,7.01,,,1,10,26.97,,,1035,09/10 23:24
2026/09/11 06:36,2026-09-11T06:51:06+09:00,2026/09/11,2026/11/12,2026-10,PUT,69500,5680,1,,,,,,,,,,,,
2026/09/11 06:36,2026-09-11T06:51:06+09:00,2026/09/11,2026/11/12,2026-10,CALL,69375,1255,,,,,,,,,,,,,
2026/09/11 06:36,2026-09-11T06:51:06+09:00,2026/09/11,2026/11/12,2026-10,PUT,69375,5590,,,,,,,,,,,,,
2026/09/11 06:36,2026-09-11T06:51:06+09:00,2026/09/11,2026/11/12,2026-10,CALL,69250,1295,,,,6.74,,,1,10,,,,,
2026/09/11 06:36,2026-09-11T06:51:06+09:00,2026/09/11,2026/11/12,2026-10,PUT,69250,5500,,,,,,,,,,,,,
2026/09/11 06:36,2026-09-11T06:51:06+09:00,2026/09/11,2026/11/12,2026-10,CALL,69125,1330,,,,,,,,,,,,,
2026/09/11 06:36,2026-09-11T06:51:06+09:00,2026/09/11,2026/11/12,2026-10,PUT,69125,5410,,,,,,,,,,,,,
2026/09/11 06:36,2026-09-11T06:51:06+09:00,2026/09/11,2026/11/12,2026-10,CALL,69000,1365,1946,,,6.47,,,1,10,,,,,
2026/09/11 06:36,2026-09-11T06:51:06+09:00,2026/09/11,2026/11/12,2026-10,PUT,69000,5320,450,,,,,,,,,,,,
2026/09/11 06:36,2026-09-11T06:51:06+09:00,2026/09/11,2026/11/12,2026-10,CALL,68875,1405,,,,,,,,,,,,,
2026/09/11 06:36,2026-09-11T06:51:06+09:00,2026/09/11,2026/11/12,2026-10,PUT,68875,5235,,,,,,,,,,,,,
2026/09/11 06:36,2026-09-11T06:51:06+09:00,2026/09/11,2026/11/12,2026-10,CALL,68750,1440,,,,6.2,,,1,10,,,,,
2026/09/11 06:36,2026-09-11T06:51:06+09:00,2026/09/11,2026/11/12,2026-10,PUT,68750,5145,,,,,,,,,,,,,
2026/09/11 06:36,2026-09-11T06:51:06+09:00,2026/09/11,2026/11/12,2026-10,CALL,68625,1485,,,,,,,,,,,,,
2026/09/11 06:36,2026-09-11T06:51:06+09:00,2026/09/11,2026/11/12,2026-10,PUT,68625,5065,,,,,,,,,,,,,
2026/09/11 06:36,2026-09-11T06:51:06+09:00,2026/09/11,2026/11/12,2026-10,CALL,68500,1525,1,,,5.93,,,1,10,,,,,
2026/09/11 06:36,2026-09-11T06:51:06+09:00,2026/09/11,2026/11/12,2026-10,PUT,68500,4980,478,,,,,,,,,,,,
2026/09/11 06:36,2026-09-11T06:51:06+09:00,2026/09/11,2026/11/12,2026-10,CALL,68375,1570,16,,,,,,,,,,,,
2026/09/11 06:36,2026-09-11T06:51:06+09:00,2026/09/11,2026/11/12,2026-10,PUT,68375,4900,16,,,,,,,,,,,,
2026/09/11 06:36,2026-09-11T06:51:06+09:00,2026/09/11,2026/11/12,2026-10,CALL,68250,1610,,,,5.65,,,1,10,,,,,
2026/09/11 06:36,2026-09-11T06:51:06+09:00,2026/09/11,2026/11/12,2026-10,PUT,68250,4820,,,,,,,,,,,,,
2026/09/11 06:36,2026-09-11T06:51:06+09:00,2026/09/11,2026/11/12,2026-10,CALL,68125,1645,,,,,,,,,,,,,
2026/09/11 06:36,2026-09-11T06:51:06+09:00,2026/09/11,2026/11/12,2026-10,PUT,68125,4725,,,,,,,,,,,,,
2026/09/11 06:36,2026-09-11T06:51:06+09:00,2026/09/11,2026/11/12,2026-10,CALL,68000,1690,431,,,5.37,,,1,20,,,,,
2026/09/11 06:36,2026-09-11T06:51:06+09:00,2026/09/11,2026/11/12,2026-10,PUT,68000,4645,,,,,,,,,,,,,
2026/09/11 06:36,2026-09-11T06:51:06+09:00,2026/09/11,2026/11/12,2026-10,CALL,67875,1740,5,,,,,,,,,,,,
2026/09/11 06:36,2026-09-11T06:51:06+09:00,2026/09/11,2026/11/12,2026-10,PUT,67875,4570,,,,,,,,,,,,,
2026/09/11 06:36,2026-09-11T06:51:06+09:00,2026/09/11,2026/11/12,2026-10,CALL,67750,1795,28,,,5.09,,,1,10,,,,,
2026/09/11 06:36,2026-09-11T06:51:06+09:00,2026/09/11,2026/11/12,2026-10,PUT,67750,4500,,,,,,,,,,,,,
2026/09/11 06:36,2026-09-11T06:51:06+09:00,2026/09/11,2026/11/12,2026-10,CALL,67625,1830,,,,,,,,,,,,,
2026/09/11 06:36,2026-09-11T06:51:06+09:00,2026/09/11,2026/11/12,2026-10,PUT,67625,4415,,,,,,,,,,,,,
2026/09/11 06:36,2026-09-11T06:51:06+09:00,2026/09/11,2026/11/12,2026-10,CALL,67500,1885,302,,,4.81,,,1,10,,,,,
2026/09/11 06:36,2026-09-11T06:51:06+09:00,2026/09/11,2026/11/12,2026-10,PUT,67500,4345,4,,,,,,,,,,,,
2026/09/11 06:36,2026-09-11T06:51:06+09:00,2026/09/11,2026/11/12,2026-10,CALL,67375,1935,,,,,,,,,,,,,
2026/09/11 06:36,2026-09-11T06:51:06+09:00,2026/09/11,2026/11/12,2026-10,PUT,67375,4270,,,,,,,,,,,,,
2026/09/11 06:36,2026-09-11T06:51:06+09:00,2026/09/11,2026/11/12,2026-10,CALL,67250,1980,,,,4.52,,,1,10,,,,,
2026/09/11 06:36,2026-09-11T06:51:06+09:00,2026/09/11,2026/11/12,2026-10,PUT,67250,4190,,,,,,,,,,,,,
2026/09/11 06:36,2026-09-11T06:51:06+09:00,2026/09/11,2026/11/12,2026-10,CALL,67125,2030,,,,,,,,,,,,,
2026/09/11 06:36,2026-09-11T06:51:06+09:00,2026/09/11,2026/11/12,2026-10,PUT,67125,4115,,,,,,,,,,,,,
2026/09/11 06:36,2026-09-11T06:51:06+09:00,2026/09/11,2026/11/12,2026-10,CALL,67000,2060,1130,7,,4.23,,,1,10,27.73,,,1785,09/10 23:24
2026/09/11 06:36,2026-09-11T06:51:06+09:00,2026/09/11,2026/11/12,2026-10,PUT,67000,4025,870,,,,,,,,,,,,
2026/09/11 06:36,2026-09-11T06:51:06+09:00,2026/09/11,2026/11/12,2026-10,CALL,66875,2135,,,,,,,,,,,,,
2026/09/11 06:36,2026-09-11T06:51:06+09:00,2026/09/11,2026/11/12,2026-10,PUT,66875,3970,,,,,,,,,,,,,
2026/09/11 06:36,2026-09-11T06:51:06+09:00,2026/09/11,2026/11/12,2026-10,CALL,66750,2175,,,,3.94,,,1,10,,,,,
2026/09/11 06:36,2026-09-11T06:51:06+09:00,2026/09/11,2026/11/12,2026-10,PUT,66750,3885,,,,,,,,,,,,,
2026/09/11 06:36,2026-09-11T06:51:06+09:00,2026/09/11,2026/11/12,2026-10,CALL,66625,2240,,,,,,,,,,,,,
2026/09/11 06:36,2026-09-11T06:51:06+09:00,2026/09/11,2026/11/12,2026-10,PUT,66625,3825,,,,,,,,,,,,,
2026/09/11 06:36,2026-09-11T06:51:06+09:00,2026/09/11,2026/11/12,2026-10,CALL,66500,2275,,,,3.65,,,1,10,,,,,
2026/09/11 06:36,2026-09-11T06:51:06+09:00,2026/09/11,2026/11/12,2026-10,PUT,66500,3735,239,,,,,,,,,,,,
2026/09/11 06:36,2026-09-11T06:51:06+09:00,2026/09/11,2026/11/12,2026-10,CALL,66375,2335,,,,,,,,,,,,,
2026/09/11 06:36,2026-09-11T06:51:06+09:00,2026/09/11,2026/11/12,2026-10,PUT,66375,3670,,,,,,,,,,,,,
2026/09/11 06:36,2026-09-11T06:51:06+09:00,2026/09/11,2026/11/12,2026-10,CALL,66250,2390,,,,3.35,,,1,10,,,,,
2026/09/11 06:36,2026-09-11T06:51:06+09:00,2026/09/11,2026/11/12,2026-10,PUT,66250,3605,,,,,,,,,,,,,
2026/09/11 06:36,2026-09-11T06:51:06+09:00,2026/09/11,2026/11/12,2026-10,CALL,66125,2450,3,,,,,,,,,,,,
2026/09/11 06:36,2026-09-11T06:51:06+09:00,2026/09/11,2026/11/12,2026-10,PUT,66125,3540,,,,,,,,,,,,,
2026/09/11 06:36,2026-09-11T06:51:06+09:00,2026/09/11,2026/11/12,2026-10,CALL,66000,2505,486,3,,3.05,,,1,10,26.71,,,2445,09/10 17:12
2026/09/11 06:36,2026-09-11T06:51:06+09:00,2026/09/11,2026/11/12,2026-10,PUT,66000,3465,1720,,,,,,,,,,,,
2026/09/11 06:36,2026-09-11T06:51:06+09:00,2026/09/11,2026/11/12,2026-10,CALL,65875,2570,50,,,,,,,,,,,,
2026/09/11 06:36,2026-09-11T06:51:06+09:00,2026/09/11,2026/11/12,2026-10,PUT,65875,3405,,,,,,,,,,,,,
2026/09/11 06:36,2026-09-11T06:51:06+09:00,2026/09/11,2026/11/12,2026-10,CALL,65750,2585,1,,,,,,,,,,,,
2026/09/11 06:36,2026-09-11T06:51:06+09:00,2026/09/11,2026/11/12,2026-10,PUT,65750,3315,,,,,,,,,,,,,
2026/09/11 06:36,2026-09-11T06:51:06+09:00,2026/09/11,2026/11/12,2026-10,CALL,65625,2680,,,,,,,,,,,,,
2026/09/11 06:36,2026-09-11T06:51:06+09:00,2026/09/11,2026/11/12,2026-10,PUT,65625,3270,,,,,,,,,,,,,
2026/09/11 06:36,2026-09-11T06:51:06+09:00,2026/09/11,2026/11/12,2026-10,CALL,65500,2755,171,,,,,,,,,,,,
2026/09/11 06:36,2026-09-11T06:51:06+09:00,2026/09/11,2026/11/12,2026-10,PUT,65500,3215,100,,,,,,,,,,,,
2026/09/11 06:36,2026-09-11T06:51:06+09:00,2026/09/11,2026/11/12,2026-10,CALL,65375,2815,11,,,,,,,,,,,,
2026/09/11 06:36,2026-09-11T06:51:06+09:00,2026/09/11,2026/11/12,2026-10,PUT,65375,3155,30,,,,,,,,,,,,
2026/09/11 06:36,2026-09-11T06:51:06+09:00,2026/09/11,2026/11/12,2026-10,CALL,65250,2855,,,,,,,,,,,,,
2026/09/11 06:36,2026-09-11T06:51:06+09:00,2026/09/11,2026/11/12,2026-10,PUT,65250,3070,,,,,,,,,,,,,
2026/09/11 06:36,2026-09-11T06:51:06+09:00,2026/09/11,2026/11/12,2026-10,CALL,65125,2925,,,,,,,,,,,,,
2026/09/11 06:36,2026-09-11T06:51:06+09:00,2026/09/11,2026/11/12,2026-10,PUT,65125,3015,,,,,,,,,,,,,
2026/09/11 06:36,2026-09-11T06:51:06+09:00,2026/09/11,2026/11/12,2026-10,CALL,65000,2995,357,,,,,,,,,,,,
2026/09/11 06:36,2026-09-11T06:51:06+09:00,2026/09/11,2026/11/12,2026-10,PUT,65000,2960,901,1,,,,,,,28.31,,,3155,09/10 18:20
2026/09/11 06:36,2026-09-11T06:51:06+09:00,2026/09/11,2026/11/12,2026-10,CALL,64875,3035,,,,,,,,,,,,,
2026/09/11 06:36,2026-09-11T06:51:06+09:00,2026/09/11,2026/11/12,2026-10,PUT,64875,2890,,,,,,,,,,,,,
2026/09/11 06:36,2026-09-11T06:51:06+09:00,2026/09/11,2026/11/12,2026-10,CALL,64750,3170,,,,,,,,,,,,,
2026/09/11 06:36,2026-09-11T06:51:06+09:00,2026/09/11,2026/11/12,2026-10,PUT,64750,2885,,,,,,,,,,,,,
2026/09/11 06:36,2026-09-11T06:51:06+09:00,2026/09/11,2026/11/12,2026-10,CALL,64625,3175,,,,,,,,,,,,,
2026/09/11 06:36,2026-09-11T06:51:06+09:00,2026/09/11,2026/11/12,2026-10,PUT,64625,2770,,,,,,,,,,,,,
2026/09/11 06:36,2026-09-11T06:51:06+09:00,2026/09/11,2026/11/12,2026-10,CALL,64500,3245,,,,,,,,,,,,,
2026/09/11 06:36,2026-09-11T06:51:06+09:00,2026/09/11,2026/11/12,2026-10,PUT,64500,2715,300,,,,,,,,,,,,
2026/09/11 06:36,2026-09-11T06:51:06+09:00,2026/09/11,2026/11/12,2026-10,CALL,64375,3365,,,,,,,,,,,,,
2026/09/11 06:36,2026-09-11T06:51:06+09:00,2026/09/11,2026/11/12,2026-10,PUT,64375,2705,,,,,,,,,,,,,
2026/09/11 06:36,2026-09-11T06:51:06+09:00,2026/09/11,2026/11/12,2026-10,CALL,64250,3385,,,,,,,,,,,,,
2026/09/11 06:36,2026-09-11T06:51:06+09:00,2026/09/11,2026/11/12,2026-10,PUT,64250,2605,,,,,,,,,,,,,
2026/09/11 06:36,2026-09-11T06:51:06+09:00,2026/09/11,2026/11/12,2026-10,CALL,64125,3450,,,,,,,,,,,,,
2026/09/11 06:36,2026-09-11T06:51:06+09:00,2026/09/11,2026/11/12,2026-10,PUT,64125,2555,,,,,,,,,,,,,
2026/09/11 06:36,2026-09-11T06:51:06+09:00,2026/09/11,2026/11/12,2026-10,CALL,64000,3550,125,5,,,,,,,29.08,,,3135,09/10 23:24
2026/09/11 06:36,2026-09-11T06:51:06+09:00,2026/09/11,2026/11/12,2026-10,PUT,64000,2520,466,,,,,,1,10,,,,,
2026/09/11 06:36,2026-09-11T06:51:06+09:00,2026/09/11,2026/11/12,2026-10,CALL,63875,3640,,,,,,,,,,,,,
2026/09/11 06:36,2026-09-11T06:51:06+09:00,2026/09/11,2026/11/12,2026-10,PUT,63875,2485,,,,,,,,,,,,,
2026/09/11 06:36,2026-09-11T06:51:06+09:00,2026/09/11,2026/11/12,2026-10,CALL,63750,3710,,,,,,,,,,,,,
2026/09/11 06:36,2026-09-11T06:51:06+09:00,2026/09/11,2026/11/12,2026-10,PUT,63750,2430,,,,,,,,,,,,,
2026/09/11 06:36,2026-09-11T06:51:06+09:00,2026/09/11,2026/11/12,2026-10,CALL,63625,3750,,,,,,,,,,,,,
2026/09/11 06:36,2026-09-11T06:51:06+09:00,2026/09/11,2026/11/12,2026-10,PUT,63625,2340,,,,,,,,,,,,,
2026/09/11 06:36,2026-09-11T06:51:06+09:00,2026/09/11,2026/11/12,2026-10,CALL,63500,3880,,,,,,,,,,,,,
2026/09/11 06:36,2026-09-11T06:51:06+09:00,2026/09/11,2026/11/12,2026-10,PUT,63500,2345,5,,,0.54,,,1,10,,,,,
2026/09/11 06:36,2026-09-11T06:51:06+09:00,2026/09/11,2026/11/12,2026-10,CALL,63375,3910,,,,,,,,,,,,,
2026/09/11 06:36,2026-09-11T06:51:06+09:00,2026/09/11,2026/11/12,2026-10,PUT,63375,2255,,,,,,,,,,,,,
2026/09/11 06:36,2026-09-11T06:51:06+09:00,2026/09/11,2026/11/12,2026-10,CALL,63250,3985,,,,,,,,,,,,,
2026/09/11 06:36,2026-09-11T06:51:06+09:00,2026/09/11,2026/11/12,2026-10,PUT,63250,2205,,,,,,,,,,,,,
2026/09/11 06:36,2026-09-11T06:51:06+09:00,2026/09/11,2026/11/12,2026-10,CALL,63125,4070,,,,,,,,,,,,,
2026/09/11 06:36,2026-09-11T06:51:06+09:00,2026/09/11,2026/11/12,2026-10,PUT,63125,2160,,,,,,,,,,,,,
2026/09/11 06:36,2026-09-11T06:51:06+09:00,2026/09/11,2026/11/12,2026-10,CALL,63000,4190,,,,,,,,,,,,,
2026/09/11 06:36,2026-09-11T06:51:06+09:00,2026/09/11,2026/11/12,2026-10,PUT,63000,2160,563,,,1.27,,,1,10,,,,,
2026/09/11 06:36,2026-09-11T06:51:06+09:00,2026/09/11,2026/11/12,2026-10,CALL,62875,4305,,,,,,,,,,,,,
2026/09/11 06:36,2026-09-11T06:51:06+09:00,2026/09/11,2026/11/12,2026-10,PUT,62875,2150,5,,,,,,,,,,,,
2026/09/11 06:36,2026-09-11T06:51:06+09:00,2026/09/11,2026/11/12,2026-10,CALL,62750,4385,,,,,,,,,,,,,
2026/09/11 06:36,2026-09-11T06:51:06+09:00,2026/09/11,2026/11/12,2026-10,PUT,62750,2105,,,,1.62,,,1,10,,,,,
2026/09/11 06:36,2026-09-11T06:51:06+09:00,2026/09/11,2026/11/12,2026-10,CALL,62625,4465,,,,,,,,,,,,,
2026/09/11 06:36,2026-09-11T06:51:06+09:00,2026/09/11,2026/11/12,2026-10,PUT,62625,2060,,,,,,,,,,,,,
2026/09/11 06:36,2026-09-11T06:51:06+09:00,2026/09/11,2026/11/12,2026-10,CALL,62500,4575,,,,,,,,,,,,,
2026/09/11 06:36,2026-09-11T06:51:06+09:00,2026/09/11,2026/11/12,2026-10,PUT,62500,1960,355,,,1.96,,,1,10,,,,,
2026/09/11 06:36,2026-09-11T06:51:06+09:00,2026/09/11,2026/11/12,2026-10,CALL,62375,4620,,,,,,,,,,,,,
2026/09/11 06:36,2026-09-11T06:51:06+09:00,2026/09/11,2026/11/12,2026-10,PUT,62375,1970,,,,,,,,,,,,,
2026/09/11 06:36,2026-09-11T06:51:06+09:00,2026/09/11,2026/11/12,2026-10,CALL,62250,4710,,,,,,,,,,,,,
2026/09/11 06:36,2026-09-11T06:51:06+09:00,2026/09/11,2026/11/12,2026-10,PUT,62250,1930,12,,,2.29,,,1,10,,,,,
2026/09/11 06:36,2026-09-11T06:51:06+09:00,2026/09/11,2026/11/12,2026-10,CALL,62125,4795,,,,,,,,,,,,,
2026/09/11 06:36,2026-09-11T06:51:06+09:00,2026/09/11,2026/11/12,2026-10,PUT,62125,1890,,,,,,,,,,,,,
2026/09/11 06:36,2026-09-11T06:51:06+09:00,2026/09/11,2026/11/12,2026-10,CALL,62000,4870,,,,,,,,,,,,,
2026/09/11 06:36,2026-09-11T06:51:06+09:00,2026/09/11,2026/11/12,2026-10,PUT,62000,1845,1223,,,3.57,,,10,5,,,,,
2026/09/11 06:36,2026-09-11T06:51:06+09:00,2026/09/11,2026/11/12,2026-10,CALL,61875,4965,,,,,,,,,,,,,
2026/09/11 06:36,2026-09-11T06:51:06+09:00,2026/09/11,2026/11/12,2026-10,PUT,61875,1810,,,,,,,,,,,,,
2026/09/11 06:36,2026-09-11T06:51:06+09:00,2026/09/11,2026/11/12,2026-10,CALL,61750,5050,,,,,,,,,,,,,
2026/09/11 06:36,2026-09-11T06:51:06+09:00,2026/09/11,2026/11/12,2026-10,PUT,61750,1775,,,,2.96,,,1,10,,,,,
2026/09/11 06:36,2026-09-11T06:51:06+09:00,2026/09/11,2026/11/12,2026-10,CALL,61625,5145,,,,,,,,,,,,,
2026/09/11 06:36,2026-09-11T06:51:06+09:00,2026/09/11,2026/11/12,2026-10,PUT,61625,1740,,,,,,,,,,,,,
2026/09/11 06:36,2026-09-11T06:51:06+09:00,2026/09/11,2026/11/12,2026-10,CALL,61500,5230,,,,,,,,,,,,,
2026/09/11 06:36,2026-09-11T06:51:06+09:00,2026/09/11,2026/11/12,2026-10,PUT,61500,1705,18,,,3.28,,,1,10,,,,,
2026/09/11 06:36,2026-09-11T06:51:06+09:00,2026/09/11,2026/11/12,2026-10,CALL,61375,5320,,,,,,,,,,,,,
2026/09/11 06:36,2026-09-11T06:51:06+09:00,2026/09/11,2026/11/12,2026-10,PUT,61375,1665,,,,4.61,,,10,3,,,,,
2026/09/11 06:36,2026-09-11T06:51:06+09:00,2026/09/11,2026/11/12,2026-10,CALL,61250,5405,,,,,,,,,,,,,
2026/09/11 06:36,2026-09-11T06:51:06+09:00,2026/09/11,2026/11/12,2026-10,PUT,61250,1630,16,,,3.61,,,1,10,,,,,
2026/09/11 06:36,2026-09-11T06:51:06+09:00,2026/09/11,2026/11/12,2026-10,CALL,61000,5595,200,,,,,,,,,,,,
2026/09/11 06:36,2026-09-11T06:51:06+09:00,2026/09/11,2026/11/12,2026-10,PUT,61000,1570,621,,,3.93,,,1,20,,,,,
2026/09/11 06:36,2026-09-11T06:51:06+09:00,2026/09/11,2026/11/12,2026-10,CALL,60750,5770,,,,,,,,,,,,,
2026/09/11 06:36,2026-09-11T06:51:06+09:00,2026/09/11,2026/11/12,2026-10,PUT,60750,1490,28,,,4.26,,,1,10,,,,,
2026/09/11 06:36,2026-09-11T06:51:06+09:00,2026/09/11,2026/11/12,2026-10,CALL,60500,5955,100,,,,,,,,,,,,
2026/09/11 06:36,2026-09-11T06:51:06+09:00,2026/09/11,2026/11/12,2026-10,PUT,60500,1430,103,,,4.58,,,1,10,,,,,
2026/09/11 06:36,2026-09-11T06:51:06+09:00,2026/09/11,2026/11/12,2026-10,CALL,60250,6130,,,,,,,,,,,,,
2026/09/11 06:36,2026-09-11T06:51:06+09:00,2026/09/11,2026/11/12,2026-10,PUT,60250,1355,17,,,4.9,,,1,10,,,,,
2026/09/11 06:36,2026-09-11T06:51:06+09:00,2026/09/11,2026/11/12,2026-10,CALL,60000,6345,100,,,,,,,,,,,,
2026/09/11 06:36,2026-09-11T06:51:06+09:00,2026/09/11,2026/11/12,2026-10,PUT,60000,1260,657,2,,23.61,,,995,1,30.77,50,3.97,1310,09/10 17:09
2026/09/11 06:36,2026-09-11T06:51:06+09:00,2026/09/11,2026/11/12,2026-10,CALL,59750,6530,,,,,,,,,,,,,
2026/09/11 06:36,2026-09-11T06:51:06+09:00,2026/09/11,2026/11/12,2026-10,PUT,59750,1260,1,,,5.54,,,1,10,,,,,
2026/09/11 06:36,2026-09-11T06:51:06+09:00,2026/09/11,2026/11/12,2026-10,CALL,59500,6715,,,,,,,,,,,,,
2026/09/11 06:36,2026-09-11T06:51:06+09:00,2026/09/11,2026/11/12,2026-10,PUT,59500,1195,1965,2,,5.87,,,1,10,31.18,,,1360,09/10 21:05
2026/09/11 06:36,2026-09-11T06:51:06+09:00,2026/09/11,2026/11/12,2026-10,CALL,59250,6935,,,,,,,,,,,,,
2026/09/11 06:36,2026-09-11T06:51:06+09:00,2026/09/11,2026/11/12,2026-10,PUT,59250,1160,6,,,6.19,,,1,11,,,,,
2026/09/11 06:36,2026-09-11T06:51:06+09:00,2026/09/11,2026/11/12,2026-10,CALL,59000,7115,,,,,,,,,,,,,
2026/09/11 06:36,2026-09-11T06:51:06+09:00,2026/09/11,2026/11/12,2026-10,PUT,59000,1095,372,1,,6.51,,,1,10,31.52,40,3.32,1245,09/10 21:05
2026/09/11 06:36,2026-09-11T06:51:06+09:00,2026/09/11,2026/11/12,2026-10,CALL,58750,7310,,,,,,,,,,,,,
2026/09/11 06:36,2026-09-11T06:51:06+09:00,2026/09/11,2026/11/12,2026-10,PUT,58750,1040,13,2,,6.83,,,1,10,31.74,,,1195,09/10 21:05
2026/09/11 06:36,2026-09-11T06:51:06+09:00,2026/09/11,2026/11/12,2026-10,CALL,58500,7520,,,,,,,,,,,,,
2026/09/11 06:36,2026-09-11T06:51:06+09:00,2026/09/11,2026/11/12,2026-10,PUT,58500,1000,342,1,,7.15,,,1,10,31.91,-125,-10.42,1075,09/10 19:59
2026/09/11 06:36,2026-09-11T06:51:06+09:00,2026/09/11,2026/11/12,2026-10,CALL,58250,7725,,,,,,,,,,,,,
2026/09/11 06:36,2026-09-11T06:51:06+09:00,2026/09/11,2026/11/12,2026-10,PUT,58250,950,86,,,7.47,,,1,10,,,,,
2026/09/11 06:36,2026-09-11T06:51:06+09:00,2026/09/11,2026/11/12,2026-10,CALL,58000,7940,1,,,,,,,,,,,,
2026/09/11 06:36,2026-09-11T06:51:06+09:00,2026/09/11,2026/11/12,2026-10,PUT,58000,910,711,,,7.8,,,1,20,,,,,
2026/09/11 06:36,2026-09-11T06:51:06+09:00,2026/09/11,2026/11/12,2026-10,CALL,57750,8175,,,,,,,,,,,,,
2026/09/11 06:36,2026-09-11T06:51:06+09:00,2026/09/11,2026/11/12,2026-10,PUT,57750,910,123,,,8.12,,,1,10,,,,,
2026/09/11 06:36,2026-09-11T06:51:06+09:00,2026/09/11,2026/11/12,2026-10,CALL,57500,8360,100,,,,,,,,,,,,
2026/09/11 06:36,2026-09-11T06:51:06+09:00,2026/09/11,2026/11/12,2026-10,PUT,57500,835,451,,,8.44,,,1,10,,,,,
2026/09/11 06:36,2026-09-11T06:51:06+09:00,2026/09/11,2026/11/12,2026-10,CALL,57250,8580,,,,,,,,,,,,,
2026/09/11 06:36,2026-09-11T06:51:06+09:00,2026/09/11,2026/11/12,2026-10,PUT,57250,800,105,,,8.76,,,1,10,,,,,
2026/09/11 06:36,2026-09-11T06:51:06+09:00,2026/09/11,2026/11/12,2026-10,CALL,57000,8790,,,,,,,,,,,,,
2026/09/11 06:36,2026-09-11T06:51:06+09:00,2026/09/11,2026/11/12,2026-10,PUT,57000,755,743,,,9.09,,,1,10,,,,,
2026/09/11 06:36,2026-09-11T06:51:06+09:00,2026/09/11,2026/11/12,2026-10,CALL,56750,9010,,,,,,,,,,,,,
2026/09/11 06:36,2026-09-11T06:51:06+09:00,2026/09/11,2026/11/12,2026-10,PUT,56750,735,52,,,9.41,,,1,10,,,,,
2026/09/11 06:36,2026-09-11T06:51:06+09:00,2026/09/11,2026/11/12,2026-10,CALL,56500,9250,,,,,,,,,,,,,
2026/09/11 06:36,2026-09-11T06:51:06+09:00,2026/09/11,2026/11/12,2026-10,PUT,56500,710,389,,,9.74,,,1,10,,,,,
2026/09/11 06:36,2026-09-11T06:51:06+09:00,2026/09/11,2026/11/12,2026-10,CALL,56250,9450,,,,,,,,,,,,,
2026/09/11 06:36,2026-09-11T06:51:06+09:00,2026/09/11,2026/11/12,2026-10,PUT,56250,680,64,,,10.06,,,1,10,,,,,
2026/09/11 06:36,2026-09-11T06:51:06+09:00,2026/09/11,2026/11/12,2026-10,CALL,56000,9665,34,,,,,,,,,,,,
2026/09/11 06:36,2026-09-11T06:51:06+09:00,2026/09/11,2026/11/12,2026-10,PUT,56000,655,651,4,,10.39,,,1,10,34.25,120,17.14,820,09/10 23:17
2026/09/11 06:36,2026-09-11T06:51:06+09:00,2026/09/11,2026/11/12,2026-10,CALL,55750,9895,,,,,,,,,,,,,
2026/09/11 06:36,2026-09-11T06:51:06+09:00,2026/09/11,2026/11/12,2026-10,PUT,55750,630,34,,,10.72,,,1,10,,,,,
2026/09/11 06:36,2026-09-11T06:51:06+09:00,2026/09/11,2026/11/12,2026-10,CALL,55500,10140,,,,,,,,,,,,,
2026/09/11 06:36,2026-09-11T06:51:06+09:00,2026/09/11,2026/11/12,2026-10,PUT,55500,650,166,,,11.05,,,1,11,,,,,
2026/09/11 06:36,2026-09-11T06:51:06+09:00,2026/09/11,2026/11/12,2026-10,CALL,55250,10365,,,,,,,,,,,,,
2026/09/11 06:36,2026-09-11T06:51:06+09:00,2026/09/11,2026/11/12,2026-10,PUT,55250,580,33,,,11.38,,,1,10,,,,,
2026/09/11 06:36,2026-09-11T06:51:06+09:00,2026/09/11,2026/11/12,2026-10,CALL,55000,10590,,,,,,,,,,,,,
2026/09/11 06:36,2026-09-11T06:51:06+09:00,2026/09/11,2026/11/12,2026-10,PUT,55000,560,517,,,14.78,,,10,1,,,,,
2026/09/11 06:36,2026-09-11T06:51:06+09:00,2026/09/11,2026/11/12,2026-10,CALL,54750,10800,,,,,,,,,,,,,
2026/09/11 06:36,2026-09-11T06:51:06+09:00,2026/09/11,2026/11/12,2026-10,PUT,54750,540,3,,,12.04,,,1,10,,,,,
2026/09/11 06:36,2026-09-11T06:51:06+09:00,2026/09/11,2026/11/12,2026-10,CALL,54500,11045,,,,,,,,,,,,,
2026/09/11 06:36,2026-09-11T06:51:06+09:00,2026/09/11,2026/11/12,2026-10,PUT,54500,535,901,,,12.37,,,1,10,,,,,
2026/09/11 06:36,2026-09-11T06:51:06+09:00,2026/09/11,2026/11/12,2026-10,CALL,54250,11260,,,,,,,,,,,,,
2026/09/11 06:36,2026-09-11T06:51:06+09:00,2026/09/11,2026/11/12,2026-10,PUT,54250,500,9,,,12.7,,,1,10,,,,,
2026/09/11 06:36,2026-09-11T06:51:06+09:00,2026/09/11,2026/11/12,2026-10,CALL,54000,11500,,,,,,,,,,,,,
2026/09/11 06:36,2026-09-11T06:51:06+09:00,2026/09/11,2026/11/12,2026-10,PUT,54000,520,647,,,13.03,,,1,10,,,,,
2026/09/11 06:36,2026-09-11T06:51:06+09:00,2026/09/11,2026/11/12,2026-10,CALL,53750,11735,,,,,,,,,,,,,
2026/09/11 06:36,2026-09-11T06:51:06+09:00,2026/09/11,2026/11/12,2026-10,PUT,53750,465,40,,,13.37,,,1,10,,,,,
2026/09/11 06:36,2026-09-11T06:51:06+09:00,2026/09/11,2026/11/12,2026-10,CALL,53500,11965,,,,,,,,,,,,,
2026/09/11 06:36,2026-09-11T06:51:06+09:00,2026/09/11,2026/11/12,2026-10,PUT,53500,455,533,1,,13.7,,,1,10,36.65,75,16.48,530,09/10 21:39
2026/09/11 06:36,2026-09-11T06:51:06+09:00,2026/09/11,2026/11/12,2026-10,CALL,53250,12190,,,,,,,,,,,,,
2026/09/11 06:36,2026-09-11T06:51:06+09:00,2026/09/11,2026/11/12,2026-10,PUT,53250,430,37,,,14.04,,,1,10,,,,,
2026/09/11 06:36,2026-09-11T06:51:06+09:00,2026/09/11,2026/11/12,2026-10,CALL,53000,12425,,,,,,,,,,,,,
2026/09/11 06:36,2026-09-11T06:51:06+09:00,2026/09/11,2026/11/12,2026-10,PUT,53000,415,171,,,14.38,,,1,20,,,,,
2026/09/11 06:36,2026-09-11T06:51:06+09:00,2026/09/11,2026/11/12,2026-10,CALL,52750,12670,,,,,,,,,,,,,
2026/09/11 06:36,2026-09-11T06:51:06+09:00,2026/09/11,2026/11/12,2026-10,PUT,52750,405,19,,,14.72,,,1,10,,,,,
2026/09/11 06:36,2026-09-11T06:51:06+09:00,2026/09/11,2026/11/12,2026-10,CALL,52500,12890,,,,,,,,,,,,,
2026/09/11 06:36,2026-09-11T06:51:06+09:00,2026/09/11,2026/11/12,2026-10,PUT,52500,385,462,2,,15.06,,,1,10,37.78,,,465,09/10 23:11
2026/09/11 06:36,2026-09-11T06:51:06+09:00,2026/09/11,2026/11/12,2026-10,CALL,52250,13130,,,,,,,,,,,,,
2026/09/11 06:36,2026-09-11T06:51:06+09:00,2026/09/11,2026/11/12,2026-10,PUT,52250,375,8,,,15.4,,,1,10,,,,,
2026/09/11 06:36,2026-09-11T06:51:06+09:00,2026/09/11,2026/11/12,2026-10,CALL,52000,13370,,,,,,,,,,,,,
2026/09/11 06:36,2026-09-11T06:51:06+09:00,2026/09/11,2026/11/12,2026-10,PUT,52000,365,1473,,,22.07,,,25,1,,,,,
2026/09/11 06:36,2026-09-11T06:51:06+09:00,2026/09/11,2026/11/12,2026-10,CALL,51750,13615,,,,,,,,,,,,,
2026/09/11 06:36,2026-09-11T06:51:06+09:00,2026/09/11,2026/11/12,2026-10,PUT,51750,360,57,,,16.08,,,1,10,,,,,
2026/09/11 06:36,2026-09-11T06:51:06+09:00,2026/09/11,2026/11/12,2026-10,CALL,51500,13855,,,,,,,,,,,,,
2026/09/11 06:36,2026-09-11T06:51:06+09:00,2026/09/11,2026/11/12,2026-10,PUT,51500,340,366,,,16.43,,,1,10,,,,,
2026/09/11 06:36,2026-09-11T06:51:06+09:00,2026/09/11,2026/11/12,2026-10,CALL,51250,14095,,,,,,,,,,,,,
2026/09/11 06:36,2026-09-11T06:51:06+09:00,2026/09/11,2026/11/12,2026-10,PUT,51250,340,10,,,16.78,,,1,10,,,,,
2026/09/11 06:36,2026-09-11T06:51:06+09:00,2026/09/11,2026/11/12,2026-10,CALL,51000,14335,,,,,,,,,,,,,
2026/09/11 06:36,2026-09-11T06:51:06+09:00,2026/09/11,2026/11/12,2026-10,PUT,51000,330,612,,,17.12,,,1,10,,,,,
2026/09/11 06:36,2026-09-11T06:51:06+09:00,2026/09/11,2026/11/12,2026-10,CALL,50750,14575,,,,,,,,,,,,,
2026/09/11 06:36,2026-09-11T06:51:06+09:00,2026/09/11,2026/11/12,2026-10,PUT,50750,305,115,,,17.47,,,1,10,,,,,
2026/09/11 06:36,2026-09-11T06:51:06+09:00,2026/09/11,2026/11/12,2026-10,CALL,50500,14815,,,,,,,,,,,,,
2026/09/11 06:36,2026-09-11T06:51:06+09:00,2026/09/11,2026/11/12,2026-10,PUT,50500,290,170,,,17.82,,,1,10,,,,,
2026/09/11 06:36,2026-09-11T06:51:06+09:00,2026/09/11,2026/11/12,2026-10,CALL,50250,15055,35,,,,,,,,,,,,
2026/09/11 06:36,2026-09-11T06:51:06+09:00,2026/09/11,2026/11/12,2026-10,PUT,50250,300,77,,,18.17,,,1,10,,,,,
2026/09/11 06:36,2026-09-11T06:51:06+09:00,2026/09/11,2026/11/12,2026-10,CALL,50000,15285,,,,,,,,,,,,,
2026/09/11 06:36,2026-09-11T06:51:06+09:00,2026/09/11,2026/11/12,2026-10,PUT,50000,281,860,2,,18.53,,,1,30,41.17,24,8.25,315,09/10 21:32
2026/09/11 06:36,2026-09-11T06:51:06+09:00,2026/09/11,2026/11/12,2026-10,CALL,49750,15520,,,,,,,,,,,,,
2026/09/11 06:36,2026-09-11T06:51:06+09:00,2026/09/11,2026/11/12,2026-10,PUT,49750,266,60,,,18.88,,,1,10,,,,,
2026/09/11 06:36,2026-09-11T06:51:06+09:00,2026/09/11,2026/11/12,2026-10,CALL,49500,15765,,,,,,,,,,,,,
2026/09/11 06:36,2026-09-11T06:51:06+09:00,2026/09/11,2026/11/12,2026-10,PUT,49500,258,356,,,19.23,,,1,10,,,,,
2026/09/11 06:36,2026-09-11T06:51:06+09:00,2026/09/11,2026/11/12,2026-10,CALL,49250,16015,,,,,,,,,,,,,
2026/09/11 06:36,2026-09-11T06:51:06+09:00,2026/09/11,2026/11/12,2026-10,PUT,49250,251,147,,,19.59,,,1,10,,,,,
2026/09/11 06:36,2026-09-11T06:51:06+09:00,2026/09/11,2026/11/12,2026-10,CALL,49000,16255,,,,,,,,,,,,,
2026/09/11 06:36,2026-09-11T06:51:06+09:00,2026/09/11,2026/11/12,2026-10,PUT,49000,254,274,,,19.95,,,1,10,,,,,
2026/09/11 06:36,2026-09-11T06:51:06+09:00,2026/09/11,2026/11/12,2026-10,CALL,48750,16500,,,,,,,,,,,,,
2026/09/11 06:36,2026-09-11T06:51:06+09:00,2026/09/11,2026/11/12,2026-10,PUT,48750,249,128,,,20.31,,,1,20,,,,,
2026/09/11 06:36,2026-09-11T06:51:06+09:00,2026/09/11,2026/11/12,2026-10,CALL,48500,16740,,,,,,,,,,,,,
2026/09/11 06:36,2026-09-11T06:51:06+09:00,2026/09/11,2026/11/12,2026-10,PUT,48500,241,13,,,20.67,,,1,10,,,,,
2026/09/11 06:36,2026-09-11T06:51:06+09:00,2026/09/11,2026/11/12,2026-10,CALL,48250,16985,,,,,,,,,,,,,
2026/09/11 06:36,2026-09-11T06:51:06+09:00,2026/09/11,2026/11/12,2026-10,PUT,48250,234,18,,,21.03,,,1,10,,,,,
2026/09/11 06:36,2026-09-11T06:51:06+09:00,2026/09/11,2026/11/12,2026-10,CALL,48000,17220,,,,,,,,,,,,,
2026/09/11 06:36,2026-09-11T06:51:06+09:00,2026/09/11,2026/11/12,2026-10,PUT,48000,224,174,,,21.4,,,1,10,,,,,
2026/09/11 06:36,2026-09-11T06:51:06+09:00,2026/09/11,2026/11/12,2026-10,CALL,47750,17470,,,,,,,,,,,,,
2026/09/11 06:36,2026-09-11T06:51:06+09:00,2026/09/11,2026/11/12,2026-10,PUT,47750,208,98,,,21.76,,,1,10,,,,,
2026/09/11 06:36,2026-09-11T06:51:06+09:00,2026/09/11,2026/11/12,2026-10,CALL,47500,17690,,,,,,,,,,,,,
2026/09/11 06:36,2026-09-11T06:51:06+09:00,2026/09/11,2026/11/12,2026-10,PUT,47500,192,230,2,,22.13,,,1,10,44.25,,,222,09/10 23:25
2026/09/11 06:36,2026-09-11T06:51:06+09:00,2026/09/11,2026/11/12,2026-10,CALL,47250,17940,,,,,,,,,,,,,
2026/09/11 06:36,2026-09-11T06:51:06+09:00,2026/09/11,2026/11/12,2026-10,PUT,47250,192,34,1,64.77,22.5,1000,1,1,10,44.76,,,222,09/10 23:32
2026/09/11 06:36,2026-09-11T06:51:06+09:00,2026/09/11,2026/11/12,2026-10,CALL,47000,18185,,,,,,,,,,,,,
2026/09/11 06:36,2026-09-11T06:51:06+09:00,2026/09/11,2026/11/12,2026-10,PUT,47000,191,105,,,22.87,,,1,10,,,,,
2026/09/11 06:36,2026-09-11T06:51:06+09:00,2026/09/11,2026/11/12,2026-10,CALL,46750,18435,,,,,,,,,,,,,
2026/09/11 06:36,2026-09-11T06:51:06+09:00,2026/09/11,2026/11/12,2026-10,PUT,46750,190,4,,,23.25,,,1,10,,,,,
2026/09/11 06:36,2026-09-11T06:51:06+09:00,2026/09/11,2026/11/12,2026-10,CALL,46500,18685,,,,,,,,,,,,,
2026/09/11 06:36,2026-09-11T06:51:06+09:00,2026/09/11,2026/11/12,2026-10,PUT,46500,188,3,,,23.62,,,1,10,,,,,
2026/09/11 06:36,2026-09-11T06:51:06+09:00,2026/09/11,2026/11/12,2026-10,CALL,46250,18925,,,,,,,,,,,,,
2026/09/11 06:36,2026-09-11T06:51:06+09:00,2026/09/11,2026/11/12,2026-10,PUT,46250,182,4,,,24,,,1,10,,,,,
2026/09/11 06:36,2026-09-11T06:51:06+09:00,2026/09/11,2026/11/12,2026-10,CALL,46000,19165,,,,,,,,,,,,,
2026/09/11 06:36,2026-09-11T06:51:06+09:00,2026/09/11,2026/11/12,2026-10,PUT,46000,173,129,,,24.37,,,1,11,,,,,
2026/09/11 06:36,2026-09-11T06:51:06+09:00,2026/09/11,2026/11/12,2026-10,CALL,45750,19415,,,,,,,,,,,,,
2026/09/11 06:36,2026-09-11T06:51:06+09:00,2026/09/11,2026/11/12,2026-10,PUT,45750,165,8,,,24.75,,,1,10,,,,,
2026/09/11 06:36,2026-09-11T06:51:06+09:00,2026/09/11,2026/11/12,2026-10,CALL,45500,19660,,,,,,,,,,,,,
2026/09/11 06:36,2026-09-11T06:51:06+09:00,2026/09/11,2026/11/12,2026-10,PUT,45500,165,104,,,25.14,,,1,10,,,,,
2026/09/11 06:36,2026-09-11T06:51:06+09:00,2026/09/11,2026/11/12,2026-10,CALL,45250,19890,,,,,,,,,,,,,
2026/09/11 06:36,2026-09-11T06:51:06+09:00,2026/09/11,2026/11/12,2026-10,PUT,45250,150,105,,,25.52,,,1,10,,,,,
2026/09/11 06:36,2026-09-11T06:51:06+09:00,2026/09/11,2026/11/12,2026-10,CALL,45000,20135,,,,,,,,,,,,,
2026/09/11 06:36,2026-09-11T06:51:06+09:00,2026/09/11,2026/11/12,2026-10,PUT,45000,145,1121,,,25.9,,,1,23,,,,,
2026/09/11 06:36,2026-09-11T06:51:06+09:00,2026/09/11,2026/11/12,2026-10,CALL,44750,20380,,,,,,,,,,,,,
2026/09/11 06:36,2026-09-11T06:51:06+09:00,2026/09/11,2026/11/12,2026-10,PUT,44750,141,6,,,26.29,,,1,15,,,,,
2026/09/11 06:36,2026-09-11T06:51:06+09:00,2026/09/11,2026/11/12,2026-10,CALL,44500,20625,2,,,,,,,,,,,,
2026/09/11 06:36,2026-09-11T06:51:06+09:00,2026/09/11,2026/11/12,2026-10,PUT,44500,136,101,,,26.68,,,1,10,,,,,
2026/09/11 06:36,2026-09-11T06:51:06+09:00,2026/09/11,2026/11/12,2026-10,CALL,44000,21115,,,,,,,,,,,,,
2026/09/11 06:36,2026-09-11T06:51:06+09:00,2026/09/11,2026/11/12,2026-10,PUT,44000,127,104,,,27.46,,,1,20,,,,,
2026/09/11 06:36,2026-09-11T06:51:06+09:00,2026/09/11,2026/11/12,2026-10,CALL,43000,22100,,,,,,,,,,,,,
2026/09/11 06:36,2026-09-11T06:51:06+09:00,2026/09/11,2026/11/12,2026-10,PUT,43000,123,266,,,42.75,,,45,1,,,,,
2026/09/11 06:36,2026-09-11T06:51:06+09:00,2026/09/11,2026/11/12,2026-10,CALL,42000,23085,,,,,,,,,,,,,
2026/09/11 06:36,2026-09-11T06:51:06+09:00,2026/09/11,2026/11/12,2026-10,PUT,42000,99,354,1,54.72,30.68,158,1,1,20,52.09,-7,-6.48,101,09/10 19:40
2026/09/11 06:36,2026-09-11T06:51:06+09:00,2026/09/11,2026/11/12,2026-10,CALL,41000,24065,,,,,,,,,,,,,
2026/09/11 06:36,2026-09-11T06:51:06+09:00,2026/09/11,2026/11/12,2026-10,PUT,41000,81,206,,,32.34,,,1,20,,,,,
2026/09/11 06:36,2026-09-11T06:51:06+09:00,2026/09/11,2026/11/12,2026-10,CALL,40000,25055,,,,,,,,,,,,,
2026/09/11 06:36,2026-09-11T06:51:06+09:00,2026/09/11,2026/11/12,2026-10,PUT,40000,77,108,1,58.08,44.38,128,1,18,1,55.21,-2,-2.5,78,09/10 18:10
2026/09/11 06:36,2026-09-11T06:51:06+09:00,2026/09/11,2026/11/12,2026-10,CALL,39000,26040,,,,,,,,,,,,,
2026/09/11 06:36,2026-09-11T06:51:06+09:00,2026/09/11,2026/11/12,2026-10,PUT,39000,60,100,,,35.78,,,1,20,,,,,
2026/09/11 06:36,2026-09-11T06:51:06+09:00,2026/09/11,2026/11/12,2026-10,CALL,38000,27030,,,,,,,,,,,,,
2026/09/11 06:36,2026-09-11T06:51:06+09:00,2026/09/11,2026/11/12,2026-10,PUT,38000,54,9,,,37.56,,,1,20,,,,,
2026/09/11 06:36,2026-09-11T06:51:06+09:00,2026/09/11,2026/11/12,2026-10,CALL,37000,28020,,,,,,,,,,,,,
2026/09/11 06:36,2026-09-11T06:51:06+09:00,2026/09/11,2026/11/12,2026-10,PUT,37000,47,2,,,39.39,,,1,20,,,,,
2026/09/11 06:36,2026-09-11T06:51:06+09:00,2026/09/11,2026/11/12,2026-10,CALL,36000,29015,,,,,,,,,,,,,
2026/09/11 06:36,2026-09-11T06:51:06+09:00,2026/09/11,2026/11/12,2026-10,PUT,36000,42,,,,41.26,,,1,20,,,,,
2026/09/11 06:36,2026-09-11T06:51:06+09:00,2026/09/11,2026/11/12,2026-10,CALL,35000,30005,,,,,,,,,,,,,
2026/09/11 06:36,2026-09-11T06:51:06+09:00,2026/09/11,2026/11/12,2026-10,PUT,35000,38,715,1,65.96,47.08,68,1,3,1,62.54,5,12.5,45,09/11 00:29
2026/09/11 06:36,2026-09-11T06:51:06+09:00,2026/09/11,2026/11/12,2026-10,CALL,34000,31000,,,,,,,,,,,,,
2026/09/11 06:36,2026-09-11T06:51:06+09:00,2026/09/11,2026/11/12,2026-10,PUT,34000,32,,,,45.17,,,1,20,,,,,
2026/09/11 06:36,2026-09-11T06:51:06+09:00,2026/09/11,2026/11/12,2026-10,CALL,33000,31990,,,,,,,,,,,,,
2026/09/11 06:36,2026-09-11T06:51:06+09:00,2026/09/11,2026/11/12,2026-10,PUT,33000,28,,,,47.2,,,1,20,,,,,
2026/09/11 06:36,2026-09-11T06:51:06+09:00,2026/09/11,2026/11/12,2026-10,CALL,32000,32985,,,,,,,,,,,,,
2026/09/11 06:36,2026-09-11T06:51:06+09:00,2026/09/11,2026/11/12,2026-10,PUT,32000,24,,,,49.3,,,1,20,,,,,
2026/09/11 06:36,2026-09-11T06:51:06+09:00,2026/09/11,2026/11/12,2026-10,CALL,31000,33980,,,,,,,,,,,,,
2026/09/11 06:36,2026-09-11T06:51:06+09:00,2026/09/11,2026/11/12,2026-10,PUT,31000,21,,,,51.46,,,1,10,,,,,
2026/09/11 06:36,2026-09-11T06:51:06+09:00,2026/09/11,2026/11/12,2026-10,CALL,30000,34975,,,,,,,,,,,,,
2026/09/11 06:36,2026-09-11T06:51:06+09:00,2026/09/11,2026/11/12,2026-10,PUT,30000,20,4645,4,73.24,67.83,30,2,15,1,71.18,-1,-4.17,23,09/11 00:53
2026/09/11 06:36,2026-09-11T06:51:06+09:00,2026/09/11,2026/11/12,2026-10,CALL,29000,35970,,,,,,,,,,,,,
2026/09/11 06:36,2026-09-11T06:51:06+09:00,2026/09/11,2026/11/12,2026-10,PUT,29000,15,304,5,,66.42,,,8,5,72.23,,,18,09/10 22:33
2026/09/11 06:36,2026-09-11T06:51:06+09:00,2026/09/11,2026/11/12,2026-10,CALL,28000,36965,,,,,,,,,,,,,
2026/09/11 06:36,2026-09-11T06:51:06+09:00,2026/09/11,2026/11/12,2026-10,PUT,28000,13,46,,80.92,69.21,35,1,8,12,,,,,
2026/09/11 06:36,2026-09-11T06:51:06+09:00,2026/09/11,2026/11/12,2026-10,CALL,27000,37960,,,,,,,,,,,,,
2026/09/11 06:36,2026-09-11T06:51:06+09:00,2026/09/11,2026/11/12,2026-10,PUT,27000,11,6,,131.03,69.1,555,1,5,5,,,,,
2026/09/11 06:36,2026-09-11T06:51:06+09:00,2026/09/11,2026/11/12,2026-10,CALL,26000,38955,,,,,,,,,,,,,
2026/09/11 06:36,2026-09-11T06:51:06+09:00,2026/09/11,2026/11/12,2026-10,PUT,26000,9,,,,63.42,,,1,10,,,,,
2026/09/11 06:36,2026-09-11T06:51:06+09:00,2026/09/11,2026/11/12,2026-10,CALL,25000,39950,,,,,,,,,,,,,
2026/09/11 06:36,2026-09-11T06:51:06+09:00,2026/09/11,2026/11/12,2026-10,PUT,25000,10,135,3,86.62,79.9,22,1,10,6,81.5,-1,-7.69,12,09/10 23:15
2026/09/11 06:36,2026-09-11T06:51:06+09:00,2026/09/11,2026/12/10,2026-12,CALL,85000,71,1005,1,,21.5,,,10,2,24.78,,,46,09/10 17:51
2026/09/11 06:36,2026-09-11T06:51:06+09:00,2026/09/11,2026/12/10,2026-12,PUT,85000,19905,,,,,,,,,,,,,
2026/09/11 06:36,2026-09-11T06:51:06+09:00,2026/09/11,2026/12/10,2026-12,CALL,84000,88,523,,35.93,16.86,370,1,1,10,,,,,
2026/09/11 06:36,2026-09-11T06:51:06+09:00,2026/09/11,2026/12/10,2026-12,PUT,84000,18925,,,,,,,,,,,,,
2026/09/11 06:36,2026-09-11T06:51:06+09:00,2026/09/11,2026/12/10,2026-12,CALL,83000,109,120,,,17.72,,,3,1,,,,,
2026/09/11 06:36,2026-09-11T06:51:06+09:00,2026/09/11,2026/12/10,2026-12,PUT,83000,17950,,,,,,,,,,,,,
2026/09/11 06:36,2026-09-11T06:51:06+09:00,2026/09/11,2026/12/10,2026-12,CALL,82500,121,1126,,,15.84,,,1,10,,,,,
2026/09/11 06:36,2026-09-11T06:51:06+09:00,2026/09/11,2026/12/10,2026-12,PUT,82500,17465,,,,,,,,,,,,,
2026/09/11 06:36,2026-09-11T06:51:06+09:00,2026/09/11,2026/12/10,2026-12,CALL,82000,135,,1,,15.5,,,1,10,25.94,,,100,09/10 23:17
2026/09/11 06:36,2026-09-11T06:51:06+09:00,2026/09/11,2026/12/10,2026-12,PUT,82000,16980,,,,,,,,,,,,,
2026/09/11 06:36,2026-09-11T06:51:06+09:00,2026/09/11,2026/12/10,2026-12,CALL,81000,167,1,,,14.8,,,1,10,,,,,
2026/09/11 06:36,2026-09-11T06:51:06+09:00,2026/09/11,2026/12/10,2026-12,PUT,81000,16015,,,,,,,,,,,,,
2026/09/11 06:36,2026-09-11T06:51:06+09:00,2026/09/11,2026/12/10,2026-12,CALL,80000,197,7255,,,19.44,,,25,1,,,,,
2026/09/11 06:36,2026-09-11T06:51:06+09:00,2026/09/11,2026/12/10,2026-12,PUT,80000,15050,3700,,,,,,,,,,,,
2026/09/11 06:36,2026-09-11T06:51:06+09:00,2026/09/11,2026/12/10,2026-12,CALL,79000,250,204,,,13.37,,,1,10,,,,,
2026/09/11 06:36,2026-09-11T06:51:06+09:00,2026/09/11,2026/12/10,2026-12,PUT,79000,14105,,,,,,,,,,,,,
2026/09/11 06:36,2026-09-11T06:51:06+09:00,2026/09/11,2026/12/10,2026-12,CALL,78000,310,382,1,,24.75,,,200,1,25.6,,,250,09/10 22:44
2026/09/11 06:36,2026-09-11T06:51:06+09:00,2026/09/11,2026/12/10,2026-12,PUT,78000,13170,,,,,,,,,,,,,
2026/09/11 06:36,2026-09-11T06:51:06+09:00,2026/09/11,2026/12/10,2026-12,CALL,77500,345,1055,,,,,,,,,,,,
2026/09/11 06:36,2026-09-11T06:51:06+09:00,2026/09/11,2026/12/10,2026-12,PUT,77500,12705,,,,,,,,,,,,,
2026/09/11 06:36,2026-09-11T06:51:06+09:00,2026/09/11,2026/12/10,2026-12,CALL,77000,390,461,1,,,,,,,25.53,,,300,09/10 22:13
2026/09/11 06:36,2026-09-11T06:51:06+09:00,2026/09/11,2026/12/10,2026-12,PUT,77000,12250,,,,,,,,,,,,,
2026/09/11 06:36,2026-09-11T06:51:06+09:00,2026/09/11,2026/12/10,2026-12,CALL,76250,445,12,,,,,,,,,,,,
2026/09/11 06:36,2026-09-11T06:51:06+09:00,2026/09/11,2026/12/10,2026-12,PUT,76250,11560,,,,,,,,,,,,,
2026/09/11 06:36,2026-09-11T06:51:06+09:00,2026/09/11,2026/12/10,2026-12,CALL,76000,470,458,,,,,,,,,,,,
2026/09/11 06:36,2026-09-11T06:51:06+09:00,2026/09/11,2026/12/10,2026-12,PUT,76000,11335,300,,,,,,,,,,,,
2026/09/11 06:36,2026-09-11T06:51:06+09:00,2026/09/11,2026/12/10,2026-12,CALL,75750,495,,,,,,,,,,,,,
2026/09/11 06:36,2026-09-11T06:51:06+09:00,2026/09/11,2026/12/10,2026-12,PUT,75750,11110,,,,,,,,,,,,,
2026/09/11 06:36,2026-09-11T06:51:06+09:00,2026/09/11,2026/12/10,2026-12,CALL,75500,520,1,,,,,,,,,,,,
2026/09/11 06:36,2026-09-11T06:51:06+09:00,2026/09/11,2026/12/10,2026-12,PUT,75500,10890,,,,,,,,,,,,,
2026/09/11 06:36,2026-09-11T06:51:06+09:00,2026/09/11,2026/12/10,2026-12,CALL,75250,545,,,,,,,,,,,,,
2026/09/11 06:36,2026-09-11T06:51:06+09:00,2026/09/11,2026/12/10,2026-12,PUT,75250,10665,,,,,,,,,,,,,
2026/09/11 06:36,2026-09-11T06:51:06+09:00,2026/09/11,2026/12/10,2026-12,CALL,75000,580,3626,1,,,,,,,25,,,530,09/10 19:22
2026/09/11 06:36,2026-09-11T06:51:06+09:00,2026/09/11,2026/12/10,2026-12,PUT,75000,10450,,,,,,,,,,,,,
2026/09/11 06:36,2026-09-11T06:51:06+09:00,2026/09/11,2026/12/10,2026-12,CALL,74750,605,,,,,,,,,,,,,
2026/09/11 06:36,2026-09-11T06:51:06+09:00,2026/09/11,2026/12/10,2026-12,PUT,74750,10225,,,,,,,,,,,,,
2026/09/11 06:36,2026-09-11T06:51:06+09:00,2026/09/11,2026/12/10,2026-12,CALL,74500,640,1,,,,,,,,,,,,
2026/09/11 06:36,2026-09-11T06:51:06+09:00,2026/09/11,2026/12/10,2026-12,PUT,74500,10010,,,,,,,,,,,,,
2026/09/11 06:36,2026-09-11T06:51:06+09:00,2026/09/11,2026/12/10,2026-12,CALL,74250,675,,,,,,,,,,,,,
2026/09/11 06:36,2026-09-11T06:51:06+09:00,2026/09/11,2026/12/10,2026-12,PUT,74250,9800,,,,,,,,,,,,,
2026/09/11 06:36,2026-09-11T06:51:06+09:00,2026/09/11,2026/12/10,2026-12,CALL,74000,710,1550,1,,,,,,,25.5,,,665,09/10 20:03
2026/09/11 06:36,2026-09-11T06:51:06+09:00,2026/09/11,2026/12/10,2026-12,PUT,74000,9585,100,1,,,,,,,24.32,,,9925,09/10 20:05
2026/09/11 06:36,2026-09-11T06:51:06+09:00,2026/09/11,2026/12/10,2026-12,CALL,73750,745,,,,,,,,,,,,,
2026/09/11 06:36,2026-09-11T06:51:06+09:00,2026/09/11,2026/12/10,2026-12,PUT,73750,9370,,,,,,,,,,,,,
2026/09/11 06:36,2026-09-11T06:51:06+09:00,2026/09/11,2026/12/10,2026-12,CALL,73500,785,400,,,,,,,,,,,,
2026/09/11 06:36,2026-09-11T06:51:06+09:00,2026/09/11,2026/12/10,2026-12,PUT,73500,9160,,,,,,,,,,,,,
2026/09/11 06:36,2026-09-11T06:51:06+09:00,2026/09/11,2026/12/10,2026-12,CALL,73250,830,,,,,,,,,,,,,
2026/09/11 06:36,2026-09-11T06:51:06+09:00,2026/09/11,2026/12/10,2026-12,PUT,73250,8955,,,,,,,,,,,,,
2026/09/11 06:36,2026-09-11T06:51:06+09:00,2026/09/11,2026/12/10,2026-12,CALL,73000,865,802,,,,,,,,,,,,
2026/09/11 06:36,2026-09-11T06:51:06+09:00,2026/09/11,2026/12/10,2026-12,PUT,73000,8745,,,,,,,,,,,,,
2026/09/11 06:36,2026-09-11T06:51:06+09:00,2026/09/11,2026/12/10,2026-12,CALL,72750,910,,,,,,,,,,,,,
2026/09/11 06:36,2026-09-11T06:51:06+09:00,2026/09/11,2026/12/10,2026-12,PUT,72750,8540,,,,,,,,,,,,,
2026/09/11 06:36,2026-09-11T06:51:06+09:00,2026/09/11,2026/12/10,2026-12,CALL,72500,960,2312,,,,,,,,,,,,
2026/09/11 06:36,2026-09-11T06:51:06+09:00,2026/09/11,2026/12/10,2026-12,PUT,72500,8340,420,,,,,,,,,,,,
2026/09/11 06:36,2026-09-11T06:51:06+09:00,2026/09/11,2026/12/10,2026-12,CALL,72250,1005,2,,,,,,,,,,,,
2026/09/11 06:36,2026-09-11T06:51:06+09:00,2026/09/11,2026/12/10,2026-12,PUT,72250,8140,,,,,,,,,,,,,
2026/09/11 06:36,2026-09-11T06:51:06+09:00,2026/09/11,2026/12/10,2026-12,CALL,72000,1055,3210,,,,,,,,,,,,
2026/09/11 06:36,2026-09-11T06:51:06+09:00,2026/09/11,2026/12/10,2026-12,PUT,72000,7940,120,,,,,,,,,,,,
2026/09/11 06:36,2026-09-11T06:51:06+09:00,2026/09/11,2026/12/10,2026-12,CALL,71750,1110,24,,,,,,,,,,,,
2026/09/11 06:36,2026-09-11T06:51:06+09:00,2026/09/11,2026/12/10,2026-12,PUT,71750,7745,,,,,,,,,,,,,
2026/09/11 06:36,2026-09-11T06:51:06+09:00,2026/09/11,2026/12/10,2026-12,CALL,71500,1165,1,,,,,,,,,,,,
2026/09/11 06:36,2026-09-11T06:51:06+09:00,2026/09/11,2026/12/10,2026-12,PUT,71500,7550,,,,,,,,,,,,,
2026/09/11 06:36,2026-09-11T06:51:06+09:00,2026/09/11,2026/12/10,2026-12,CALL,71250,1220,,,,,,,,,,,,,
2026/09/11 06:36,2026-09-11T06:51:06+09:00,2026/09/11,2026/12/10,2026-12,PUT,71250,7355,,,,,,,,,,,,,
2026/09/11 06:36,2026-09-11T06:51:06+09:00,2026/09/11,2026/12/10,2026-12,CALL,71000,1270,2549,,,,,,,,,,,,
2026/09/11 06:36,2026-09-11T06:51:06+09:00,2026/09/11,2026/12/10,2026-12,PUT,71000,7155,31,,,,,,,,,,,,
2026/09/11 06:36,2026-09-11T06:51:06+09:00,2026/09/11,2026/12/10,2026-12,CALL,70750,1345,,,,,,,,,,,,,
2026/09/11 06:36,2026-09-11T06:51:06+09:00,2026/09/11,2026/12/10,2026-12,PUT,70750,6980,,,,,,,,,,,,,
2026/09/11 06:36,2026-09-11T06:51:06+09:00,2026/09/11,2026/12/10,2026-12,CALL,70500,1410,,,,,,,,,,,,,
2026/09/11 06:36,2026-09-11T06:51:06+09:00,2026/09/11,2026/12/10,2026-12,PUT,70500,6795,,,,,,,,,,,,,
2026/09/11 06:36,2026-09-11T06:51:06+09:00,2026/09/11,2026/12/10,2026-12,CALL,70250,1475,,,,,,,,,,,,,
2026/09/11 06:36,2026-09-11T06:51:06+09:00,2026/09/11,2026/12/10,2026-12,PUT,70250,6615,,,,,,,,,,,,,
2026/09/11 06:36,2026-09-11T06:51:06+09:00,2026/09/11,2026/12/10,2026-12,CALL,70000,1545,6081,,,16.82,,,400,1,,,,,
2026/09/11 06:36,2026-09-11T06:51:06+09:00,2026/09/11,2026/12/10,2026-12,PUT,70000,6435,1653,,,,,,,,,,,,
2026/09/11 06:36,2026-09-11T06:51:06+09:00,2026/09/11,2026/12/10,2026-12,CALL,69750,1620,158,,,,,,,,,,,,
2026/09/11 06:36,2026-09-11T06:51:06+09:00,2026/09/11,2026/12/10,2026-12,PUT,69750,6260,,,,,,,,,,,,,
2026/09/11 06:36,2026-09-11T06:51:06+09:00,2026/09/11,2026/12/10,2026-12,CALL,69500,1690,,,,,,,,,,,,,
2026/09/11 06:36,2026-09-11T06:51:06+09:00,2026/09/11,2026/12/10,2026-12,PUT,69500,6080,,,,,,,,,,,,,
2026/09/11 06:36,2026-09-11T06:51:06+09:00,2026/09/11,2026/12/10,2026-12,CALL,69250,1755,50,,,,,,,,,,,,
2026/09/11 06:36,2026-09-11T06:51:06+09:00,2026/09/11,2026/12/10,2026-12,PUT,69250,5895,,,,,,,,,,,,,
2026/09/11 06:36,2026-09-11T06:51:06+09:00,2026/09/11,2026/12/10,2026-12,CALL,69000,1840,1630,,,5.32,,,1,1,,,,,
2026/09/11 06:36,2026-09-11T06:51:06+09:00,2026/09/11,2026/12/10,2026-12,PUT,69000,5735,1570,,,,,,,,,,,,
2026/09/11 06:36,2026-09-11T06:51:06+09:00,2026/09/11,2026/12/10,2026-12,CALL,68750,1915,,,,,,,,,,,,,
2026/09/11 06:36,2026-09-11T06:51:06+09:00,2026/09/11,2026/12/10,2026-12,PUT,68750,5560,100,,,,,,,,,,,,
2026/09/11 06:36,2026-09-11T06:51:06+09:00,2026/09/11,2026/12/10,2026-12,CALL,68500,2000,437,,,,,,,,,,,,
2026/09/11 06:36,2026-09-11T06:51:06+09:00,2026/09/11,2026/12/10,2026-12,PUT,68500,5395,203,,,,,,,,,,,,
2026/09/11 06:36,2026-09-11T06:51:06+09:00,2026/09/11,2026/12/10,2026-12,CALL,68250,2095,,,,,,,,,,,,,
2026/09/11 06:36,2026-09-11T06:51:06+09:00,2026/09/11,2026/12/10,2026-12,PUT,68250,5240,,,,,,,,,,,,,
2026/09/11 06:36,2026-09-11T06:51:06+09:00,2026/09/11,2026/12/10,2026-12,CALL,68000,2185,3448,,,,,,,,,,,,
2026/09/11 06:36,2026-09-11T06:51:06+09:00,2026/09/11,2026/12/10,2026-12,PUT,68000,5080,1900,,,,,,1,1,,,,,
2026/09/11 06:36,2026-09-11T06:51:06+09:00,2026/09/11,2026/12/10,2026-12,CALL,67750,2275,,,,,,,,,,,,,
2026/09/11 06:36,2026-09-11T06:51:06+09:00,2026/09/11,2026/12/10,2026-12,PUT,67750,4925,,,,,,,,,,,,,
2026/09/11 06:36,2026-09-11T06:51:06+09:00,2026/09/11,2026/12/10,2026-12,CALL,67500,2375,25,,,,,,,,,,,,
2026/09/11 06:36,2026-09-11T06:51:06+09:00,2026/09/11,2026/12/10,2026-12,PUT,67500,4775,25,,,,,,,,,,,,
2026/09/11 06:36,2026-09-11T06:51:06+09:00,2026/09/11,2026/12/10,2026-12,CALL,67250,2480,25,,,,,,,,,,,,
2026/09/11 06:36,2026-09-11T06:51:06+09:00,2026/09/11,2026/12/10,2026-12,PUT,67250,4630,25,,,,,,,,,,,,
2026/09/11 06:36,2026-09-11T06:51:06+09:00,2026/09/11,2026/12/10,2026-12,CALL,67000,2580,1430,,,,,,,,,,,,
2026/09/11 06:36,2026-09-11T06:51:06+09:00,2026/09/11,2026/12/10,2026-12,PUT,67000,4485,1590,,,,,,,,,,,,
2026/09/11 06:36,2026-09-11T06:51:06+09:00,2026/09/11,2026/12/10,2026-12,CALL,66750,2690,,,,,,,,,,,,,
2026/09/11 06:36,2026-09-11T06:51:06+09:00,2026/09/11,2026/12/10,2026-12,PUT,66750,4340,,,,,,,,,,,,,
2026/09/11 06:36,2026-09-11T06:51:06+09:00,2026/09/11,2026/12/10,2026-12,CALL,66500,2800,2750,,,,,,,,,,,,
2026/09/11 06:36,2026-09-11T06:51:06+09:00,2026/09/11,2026/12/10,2026-12,PUT,66500,4205,750,,,,,,,,,,,,
2026/09/11 06:36,2026-09-11T06:51:06+09:00,2026/09/11,2026/12/10,2026-12,CALL,66250,2910,15,,,,,,,,,,,,
2026/09/11 06:36,2026-09-11T06:51:06+09:00,2026/09/11,2026/12/10,2026-12,PUT,66250,4065,,,,,,,,,,,,,
2026/09/11 06:36,2026-09-11T06:51:06+09:00,2026/09/11,2026/12/10,2026-12,CALL,66000,3030,1257,,,,,,,,,,,,
2026/09/11 06:36,2026-09-11T06:51:06+09:00,2026/09/11,2026/12/10,2026-12,PUT,66000,3935,1038,,,,,,,,,,,,
2026/09/11 06:36,2026-09-11T06:51:06+09:00,2026/09/11,2026/12/10,2026-12,CALL,65750,3175,15,,,,,,,,,,,,
2026/09/11 06:36,2026-09-11T06:51:06+09:00,2026/09/11,2026/12/10,2026-12,PUT,65750,3835,15,,,,,,,,,,,,
2026/09/11 06:36,2026-09-11T06:51:06+09:00,2026/09/11,2026/12/10,2026-12,CALL,65500,3300,734,,,,,,,,,,,,
2026/09/11 06:36,2026-09-11T06:51:06+09:00,2026/09/11,2026/12/10,2026-12,PUT,65500,3710,605,,,,,,,,,,,,
2026/09/11 06:36,2026-09-11T06:51:06+09:00,2026/09/11,2026/12/10,2026-12,CALL,65250,3425,,,,,,,,,,,,,
2026/09/11 06:36,2026-09-11T06:51:06+09:00,2026/09/11,2026/12/10,2026-12,PUT,65250,3585,,,,,,,,,,,,,
2026/09/11 06:36,2026-09-11T06:51:06+09:00,2026/09/11,2026/12/10,2026-12,CALL,65000,3550,3417,,,,,,,,,,,,
2026/09/11 06:36,2026-09-11T06:51:06+09:00,2026/09/11,2026/12/10,2026-12,PUT,65000,3460,4462,,,,,,,,,,,,
2026/09/11 06:36,2026-09-11T06:51:06+09:00,2026/09/11,2026/12/10,2026-12,CALL,64750,3680,,,,,,,,,,,,,
2026/09/11 06:36,2026-09-11T06:51:06+09:00,2026/09/11,2026/12/10,2026-12,PUT,64750,3350,,,,,,,,,,,,,
2026/09/11 06:36,2026-09-11T06:51:06+09:00,2026/09/11,2026/12/10,2026-12,CALL,64500,3830,146,,,,,,,,,,,,
2026/09/11 06:36,2026-09-11T06:51:06+09:00,2026/09/11,2026/12/10,2026-12,PUT,64500,3230,75,,,,,,,,,,,,
2026/09/11 06:36,2026-09-11T06:51:06+09:00,2026/09/11,2026/12/10,2026-12,CALL,64250,3970,,,,,,,,,,,,,
2026/09/11 06:36,2026-09-11T06:51:06+09:00,2026/09/11,2026/12/10,2026-12,PUT,64250,3120,,,,,,,,,,,,,
2026/09/11 06:36,2026-09-11T06:51:06+09:00,2026/09/11,2026/12/10,2026-12,CALL,64000,4110,2240,,,,,,,,,,,,
2026/09/11 06:36,2026-09-11T06:51:06+09:00,2026/09/11,2026/12/10,2026-12,PUT,64000,3015,1956,,,,,,,,,,,,
2026/09/11 06:36,2026-09-11T06:51:06+09:00,2026/09/11,2026/12/10,2026-12,CALL,63750,4250,,,,,,,,,,,,,
2026/09/11 06:36,2026-09-11T06:51:06+09:00,2026/09/11,2026/12/10,2026-12,PUT,63750,2905,23,,,,,,,,,,,,
2026/09/11 06:36,2026-09-11T06:51:06+09:00,2026/09/11,2026/12/10,2026-12,CALL,63500,4365,300,,,,,,,,,,,,
2026/09/11 06:36,2026-09-11T06:51:06+09:00,2026/09/11,2026/12/10,2026-12,PUT,63500,2785,600,,,,,,,,,,,,
2026/09/11 06:36,2026-09-11T06:51:06+09:00,2026/09/11,2026/12/10,2026-12,CALL,63250,4520,,,,,,,,,,,,,
2026/09/11 06:36,2026-09-11T06:51:06+09:00,2026/09/11,2026/12/10,2026-12,PUT,63250,2685,23,,,,,,,,,,,,
2026/09/11 06:36,2026-09-11T06:51:06+09:00,2026/09/11,2026/12/10,2026-12,CALL,63000,4675,1615,,,,,,,,,,,,
2026/09/11 06:36,2026-09-11T06:51:06+09:00,2026/09/11,2026/12/10,2026-12,PUT,63000,2590,2493,,,,,,,,,,,,
2026/09/11 06:36,2026-09-11T06:51:06+09:00,2026/09/11,2026/12/10,2026-12,CALL,62750,4830,,,,,,,,,,,,,
2026/09/11 06:36,2026-09-11T06:51:06+09:00,2026/09/11,2026/12/10,2026-12,PUT,62750,2495,,,,,,,,,,,,,
2026/09/11 06:36,2026-09-11T06:51:06+09:00,2026/09/11,2026/12/10,2026-12,CALL,62500,4985,812,,,,,,,,,,,,
2026/09/11 06:36,2026-09-11T06:51:06+09:00,2026/09/11,2026/12/10,2026-12,PUT,62500,2405,1087,,,,,,,,,,,,
2026/09/11 06:36,2026-09-11T06:51:06+09:00,2026/09/11,2026/12/10,2026-12,CALL,62250,5145,,,,,,,,,,,,,
2026/09/11 06:36,2026-09-11T06:51:06+09:00,2026/09/11,2026/12/10,2026-12,PUT,62250,2320,250,,,,,,,,,,,,
2026/09/11 06:36,2026-09-11T06:51:06+09:00,2026/09/11,2026/12/10,2026-12,CALL,62000,5310,1450,,,,,,,,,,,,
2026/09/11 06:36,2026-09-11T06:51:06+09:00,2026/09/11,2026/12/10,2026-12,PUT,62000,2230,2961,,,2.28,,,1,1,,,,,
2026/09/11 06:36,2026-09-11T06:51:06+09:00,2026/09/11,2026/12/10,2026-12,CALL,61750,5475,,,,,,,,,,,,,
2026/09/11 06:36,2026-09-11T06:51:06+09:00,2026/09/11,2026/12/10,2026-12,PUT,61750,2150,,,,,,,,,,,,,
2026/09/11 06:36,2026-09-11T06:51:06+09:00,2026/09/11,2026/12/10,2026-12,CALL,61500,5650,1,,,,,,,,,,,,
2026/09/11 06:36,2026-09-11T06:51:06+09:00,2026/09/11,2026/12/10,2026-12,PUT,61500,2070,1,,,,,,,,,,,,
2026/09/11 06:36,2026-09-11T06:51:06+09:00,2026/09/11,2026/12/10,2026-12,CALL,61250,5815,,,,,,,,,,,,,
2026/09/11 06:36,2026-09-11T06:51:06+09:00,2026/09/11,2026/12/10,2026-12,PUT,61250,1990,42,,,,,,,,,,,,
2026/09/11 06:36,2026-09-11T06:51:06+09:00,2026/09/11,2026/12/10,2026-12,CALL,61000,5995,813,,,,,,1,10,,,,,
2026/09/11 06:36,2026-09-11T06:51:06+09:00,2026/09/11,2026/12/10,2026-12,PUT,61000,1920,1336,,,,,,,,,,,,
2026/09/11 06:36,2026-09-11T06:51:06+09:00,2026/09/11,2026/12/10,2026-12,CALL,60750,6170,,,,,,,1,10,,,,,
2026/09/11 06:36,2026-09-11T06:51:06+09:00,2026/09/11,2026/12/10,2026-12,PUT,60750,1850,,,,,,,,,,,,,
2026/09/11 06:36,2026-09-11T06:51:06+09:00,2026/09/11,2026/12/10,2026-12,CALL,60500,6350,102,,,,,,1,10,,,,,
2026/09/11 06:36,2026-09-11T06:51:06+09:00,2026/09/11,2026/12/10,2026-12,PUT,60500,1780,200,,,,,,,,,,,,
2026/09/11 06:36,2026-09-11T06:51:06+09:00,2026/09/11,2026/12/10,2026-12,CALL,60250,6535,,,,,,,,,,,,,
2026/09/11 06:36,2026-09-11T06:51:06+09:00,2026/09/11,2026/12/10,2026-12,PUT,60250,1715,36,,,,,,,,,,,,
2026/09/11 06:36,2026-09-11T06:51:06+09:00,2026/09/11,2026/12/10,2026-12,CALL,60000,6735,7564,,,,,,,,,,,,
2026/09/11 06:36,2026-09-11T06:51:06+09:00,2026/09/11,2026/12/10,2026-12,PUT,60000,1665,9860,,,22.15,,,1230,1,,,,,
2026/09/11 06:36,2026-09-11T06:51:06+09:00,2026/09/11,2026/12/10,2026-12,CALL,59750,6900,,,,,,,,,,,,,
2026/09/11 06:36,2026-09-11T06:51:06+09:00,2026/09/11,2026/12/10,2026-12,PUT,59750,1585,,,,,,,,,,,,,
2026/09/11 06:36,2026-09-11T06:51:06+09:00,2026/09/11,2026/12/10,2026-12,CALL,59500,7095,100,,,,,,,,,,,,
2026/09/11 06:36,2026-09-11T06:51:06+09:00,2026/09/11,2026/12/10,2026-12,PUT,59500,1525,250,,,,,,,,,,,,
2026/09/11 06:36,2026-09-11T06:51:06+09:00,2026/09/11,2026/12/10,2026-12,CALL,59250,7285,,,,,,,,,,,,,
2026/09/11 06:36,2026-09-11T06:51:06+09:00,2026/09/11,2026/12/10,2026-12,PUT,59250,1470,60,,,,,,,,,,,,
2026/09/11 06:36,2026-09-11T06:51:06+09:00,2026/09/11,2026/12/10,2026-12,CALL,59000,7480,1900,,,,,,,,,,,,
2026/09/11 06:36,2026-09-11T06:51:06+09:00,2026/09/11,2026/12/10,2026-12,PUT,59000,1405,2425,,,,,,,,,,,,
2026/09/11 06:36,2026-09-11T06:51:06+09:00,2026/09/11,2026/12/10,2026-12,CALL,58750,7670,,,,,,,,,,,,,
2026/09/11 06:36,2026-09-11T06:51:06+09:00,2026/09/11,2026/12/10,2026-12,PUT,58750,1360,,,,,,,,,,,,,
2026/09/11 06:36,2026-09-11T06:51:06+09:00,2026/09/11,2026/12/10,2026-12,CALL,58500,7875,350,,,,,,,,,,,,
2026/09/11 06:36,2026-09-11T06:51:06+09:00,2026/09/11,2026/12/10,2026-12,PUT,58500,1310,850,,,6.04,,,1,1,,,,,
2026/09/11 06:36,2026-09-11T06:51:06+09:00,2026/09/11,2026/12/10,2026-12,CALL,58250,8070,,,,,,,,,,,,,
2026/09/11 06:36,2026-09-11T06:51:06+09:00,2026/09/11,2026/12/10,2026-12,PUT,58250,1255,65,,,,,,,,,,,,
2026/09/11 06:36,2026-09-11T06:51:06+09:00,2026/09/11,2026/12/10,2026-12,CALL,58000,8285,2603,,,,,,,,,,,,
2026/09/11 06:36,2026-09-11T06:51:06+09:00,2026/09/11,2026/12/10,2026-12,PUT,58000,1225,1937,,,,,,,,,,,,
2026/09/11 06:36,2026-09-11T06:51:06+09:00,2026/09/11,2026/12/10,2026-12,CALL,57750,8475,,,,,,,,,,,,,
2026/09/11 06:36,2026-09-11T06:51:06+09:00,2026/09/11,2026/12/10,2026-12,PUT,57750,1165,,,,,,,,,,,,,
2026/09/11 06:36,2026-09-11T06:51:06+09:00,2026/09/11,2026/12/10,2026-12,CALL,57500,8685,80,,,,,,,,,,,,
2026/09/11 06:36,2026-09-11T06:51:06+09:00,2026/09/11,2026/12/10,2026-12,PUT,57500,1125,850,,,,,,,,,,,,
2026/09/11 06:36,2026-09-11T06:51:06+09:00,2026/09/11,2026/12/10,2026-12,CALL,57250,8905,113,,,,,,,,,,,,
2026/09/11 06:36,2026-09-11T06:51:06+09:00,2026/09/11,2026/12/10,2026-12,PUT,57250,1080,28,,,,,,,,,,,,
2026/09/11 06:36,2026-09-11T06:51:06+09:00,2026/09/11,2026/12/10,2026-12,CALL,57000,9110,500,,,,,,,,,,,,
2026/09/11 06:36,2026-09-11T06:51:06+09:00,2026/09/11,2026/12/10,2026-12,PUT,57000,1025,2486,,,,,,,,,,,,
2026/09/11 06:36,2026-09-11T06:51:06+09:00,2026/09/11,2026/12/10,2026-12,CALL,56750,9315,,,,,,,,,,,,,
2026/09/11 06:36,2026-09-11T06:51:06+09:00,2026/09/11,2026/12/10,2026-12,PUT,56750,1010,12,,,,,,,,,,,,
2026/09/11 06:36,2026-09-11T06:51:06+09:00,2026/09/11,2026/12/10,2026-12,CALL,56500,9530,283,,,,,,,,,,,,
2026/09/11 06:36,2026-09-11T06:51:06+09:00,2026/09/11,2026/12/10,2026-12,PUT,56500,975,321,,,,,,,,,,,,
2026/09/11 06:36,2026-09-11T06:51:06+09:00,2026/09/11,2026/12/10,2026-12,CALL,56250,9750,,,,,,,,,,,,,
2026/09/11 06:36,2026-09-11T06:51:06+09:00,2026/09/11,2026/12/10,2026-12,PUT,56250,945,11,,,,,,,,,,,,
2026/09/11 06:36,2026-09-11T06:51:06+09:00,2026/09/11,2026/12/10,2026-12,CALL,56000,9950,791,1,,,,,,,31.49,,,9575,09/10 20:09
2026/09/11 06:36,2026-09-11T06:51:06+09:00,2026/09/11,2026/12/10,2026-12,PUT,56000,900,2628,1,,,,,,,32.13,,,990,09/10 20:07
2026/09/11 06:36,2026-09-11T06:51:06+09:00,2026/09/11,2026/12/10,2026-12,CALL,55750,10170,,,,,,,,,,,,,
2026/09/11 06:36,2026-09-11T06:51:06+09:00,2026/09/11,2026/12/10,2026-12,PUT,55750,865,22,,,,,,,,,,,,
2026/09/11 06:36,2026-09-11T06:51:06+09:00,2026/09/11,2026/12/10,2026-12,CALL,55500,10385,300,,,,,,,,,,,,
2026/09/11 06:36,2026-09-11T06:51:06+09:00,2026/09/11,2026/12/10,2026-12,PUT,55500,830,101,,,,,,,,,,,,
2026/09/11 06:36,2026-09-11T06:51:06+09:00,2026/09/11,2026/12/10,2026-12,CALL,55250,10605,,,,,,,,,,,,,
2026/09/11 06:36,2026-09-11T06:51:06+09:00,2026/09/11,2026/12/10,2026-12,PUT,55250,805,1,,,,,,,,,,,,
2026/09/11 06:36,2026-09-11T06:51:06+09:00,2026/09/11,2026/12/10,2026-12,CALL,55000,10825,1829,,,,,,,,,,,,
2026/09/11 06:36,2026-09-11T06:51:06+09:00,2026/09/11,2026/12/10,2026-12,PUT,55000,775,5022,,,9.84,,,1,2,,,,,
2026/09/11 06:36,2026-09-11T06:51:06+09:00,2026/09/11,2026/12/10,2026-12,CALL,54750,11045,,,,,,,,,,,,,
2026/09/11 06:36,2026-09-11T06:51:06+09:00,2026/09/11,2026/12/10,2026-12,PUT,54750,750,32,,,10.11,,,1,1,,,,,
2026/09/11 06:36,2026-09-11T06:51:06+09:00,2026/09/11,2026/12/10,2026-12,CALL,54500,11270,540,,,,,,,,,,,,
2026/09/11 06:36,2026-09-11T06:51:06+09:00,2026/09/11,2026/12/10,2026-12,PUT,54500,720,780,,,,,,,,,,,,
2026/09/11 06:36,2026-09-11T06:51:06+09:00,2026/09/11,2026/12/10,2026-12,CALL,54250,11495,,,,,,,,,,,,,
2026/09/11 06:36,2026-09-11T06:51:06+09:00,2026/09/11,2026/12/10,2026-12,PUT,54250,695,,,,,,,,,,,,,
2026/09/11 06:36,2026-09-11T06:51:06+09:00,2026/09/11,2026/12/10,2026-12,CALL,54000,11720,1941,,,,,,,,,,,,
2026/09/11 06:36,2026-09-11T06:51:06+09:00,2026/09/11,2026/12/10,2026-12,PUT,54000,670,3083,,,10.95,,,1,3,,,,,
2026/09/11 06:36,2026-09-11T06:51:06+09:00,2026/09/11,2026/12/10,2026-12,CALL,53750,11945,,,,,,,,,,,,,
2026/09/11 06:36,2026-09-11T06:51:06+09:00,2026/09/11,2026/12/10,2026-12,PUT,53750,650,11,,,,,,,,,,,,
2026/09/11 06:36,2026-09-11T06:51:06+09:00,2026/09/11,2026/12/10,2026-12,CALL,53500,12170,106,,,,,,,,,,,,
2026/09/11 06:36,2026-09-11T06:51:06+09:00,2026/09/11,2026/12/10,2026-12,PUT,53500,635,207,,,,,,,,,,,,
2026/09/11 06:36,2026-09-11T06:51:06+09:00,2026/09/11,2026/12/10,2026-12,CALL,53250,12400,,,,,,,,,,,,,
2026/09/11 06:36,2026-09-11T06:51:06+09:00,2026/09/11,2026/12/10,2026-12,PUT,53250,605,188,,,,,,,,,,,,
2026/09/11 06:36,2026-09-11T06:51:06+09:00,2026/09/11,2026/12/10,2026-12,CALL,53000,12625,1135,,,,,,,,,,,,
2026/09/11 06:36,2026-09-11T06:51:06+09:00,2026/09/11,2026/12/10,2026-12,PUT,53000,585,1863,1,,14.01,,,5,1,34.75,125,21.37,710,09/10 21:59
2026/09/11 06:36,2026-09-11T06:51:06+09:00,2026/09/11,2026/12/10,2026-12,CALL,52750,12855,,,,,,,,,,,,,
2026/09/11 06:36,2026-09-11T06:51:06+09:00,2026/09/11,2026/12/10,2026-12,PUT,52750,565,,,,,,,,,,,,,
2026/09/11 06:36,2026-09-11T06:51:06+09:00,2026/09/11,2026/12/10,2026-12,CALL,52500,13085,50,,,,,,,,,,,,
2026/09/11 06:36,2026-09-11T06:51:06+09:00,2026/09/11,2026/12/10,2026-12,PUT,52500,545,600,1,,,,,,,33.96,,,600,09/10 23:12
2026/09/11 06:36,2026-09-11T06:51:06+09:00,2026/09/11,2026/12/10,2026-12,CALL,52250,13320,250,,,,,,,,,,,,
2026/09/11 06:36,2026-09-11T06:51:06+09:00,2026/09/11,2026/12/10,2026-12,PUT,52250,530,525,,,,,,,,,,,,
2026/09/11 06:36,2026-09-11T06:51:06+09:00,2026/09/11,2026/12/10,2026-12,CALL,52000,13555,802,,,,,,,,,,,,
2026/09/11 06:36,2026-09-11T06:51:06+09:00,2026/09/11,2026/12/10,2026-12,PUT,52000,515,2766,1,,23.04,,,100,1,35.25,-25,-4.5,530,09/10 19:33
2026/09/11 06:36,2026-09-11T06:51:06+09:00,2026/09/11,2026/12/10,2026-12,CALL,51750,13780,,,,,,,,,,,,,
2026/09/11 06:36,2026-09-11T06:51:06+09:00,2026/09/11,2026/12/10,2026-12,PUT,51750,495,,,,,,,,,,,,,
2026/09/11 06:36,2026-09-11T06:51:06+09:00,2026/09/11,2026/12/10,2026-12,CALL,51500,14015,,,,,,,,,,,,,
2026/09/11 06:36,2026-09-11T06:51:06+09:00,2026/09/11,2026/12/10,2026-12,PUT,51500,480,20,,,,,,,,,,,,
2026/09/11 06:36,2026-09-11T06:51:06+09:00,2026/09/11,2026/12/10,2026-12,CALL,51250,14250,,,,,,,,,,,,,
2026/09/11 06:36,2026-09-11T06:51:06+09:00,2026/09/11,2026/12/10,2026-12,PUT,51250,465,2,,,,,,,,,,,,
2026/09/11 06:36,2026-09-11T06:51:06+09:00,2026/09/11,2026/12/10,2026-12,CALL,51000,14490,731,,,,,,,,,,,,
2026/09/11 06:36,2026-09-11T06:51:06+09:00,2026/09/11,2026/12/10,2026-12,PUT,51000,455,1565,,,14.35,,,1,1,,,,,
2026/09/11 06:36,2026-09-11T06:51:06+09:00,2026/09/11,2026/12/10,2026-12,CALL,50750,14715,45,,,,,,,,,,,,
2026/09/11 06:36,2026-09-11T06:51:06+09:00,2026/09/11,2026/12/10,2026-12,PUT,50750,435,47,,,,,,,,,,,,
2026/09/11 06:36,2026-09-11T06:51:06+09:00,2026/09/11,2026/12/10,2026-12,CALL,50500,14950,600,,,,,,,,,,,,
2026/09/11 06:36,2026-09-11T06:51:06+09:00,2026/09/11,2026/12/10,2026-12,PUT,50500,420,1178,,,,,,,,,,,,
2026/09/11 06:36,2026-09-11T06:51:06+09:00,2026/09/11,2026/12/10,2026-12,CALL,50250,15190,58,,,,,,,,,,,,
2026/09/11 06:36,2026-09-11T06:51:06+09:00,2026/09/11,2026/12/10,2026-12,PUT,50250,415,16,,,,,,,,,,,,
2026/09/11 06:36,2026-09-11T06:51:06+09:00,2026/09/11,2026/12/10,2026-12,CALL,50000,15425,5692,,,,,,,,,,,,
2026/09/11 06:36,2026-09-11T06:51:06+09:00,2026/09/11,2026/12/10,2026-12,PUT,50000,395,9147,1,,19.51,,,11,1,37.96,100,25.32,495,09/10 22:20
2026/09/11 06:36,2026-09-11T06:51:06+09:00,2026/09/11,2026/12/10,2026-12,CALL,49750,15660,,,,,,,,,,,,,
2026/09/11 06:36,2026-09-11T06:51:06+09:00,2026/09/11,2026/12/10,2026-12,PUT,49750,385,73,,,,,,,,,,,,
2026/09/11 06:36,2026-09-11T06:51:06+09:00,2026/09/11,2026/12/10,2026-12,CALL,49500,15900,260,,,,,,,,,,,,
2026/09/11 06:36,2026-09-11T06:51:06+09:00,2026/09/11,2026/12/10,2026-12,PUT,49500,375,2719,,,,,,,,,,,,
2026/09/11 06:36,2026-09-11T06:51:06+09:00,2026/09/11,2026/12/10,2026-12,CALL,49250,16135,,,,,,,,,,,,,
2026/09/11 06:36,2026-09-11T06:51:06+09:00,2026/09/11,2026/12/10,2026-12,PUT,49250,370,203,,,,,,,,,,,,
2026/09/11 06:36,2026-09-11T06:51:06+09:00,2026/09/11,2026/12/10,2026-12,CALL,49000,16375,1000,,,,,,,,,,,,
2026/09/11 06:36,2026-09-11T06:51:06+09:00,2026/09/11,2026/12/10,2026-12,PUT,49000,350,3629,,,,,,,,,,,,
2026/09/11 06:36,2026-09-11T06:51:06+09:00,2026/09/11,2026/12/10,2026-12,CALL,48750,16615,,,,,,,,,,,,,
2026/09/11 06:36,2026-09-11T06:51:06+09:00,2026/09/11,2026/12/10,2026-12,PUT,48750,340,2,,,,,,,,,,,,
2026/09/11 06:36,2026-09-11T06:51:06+09:00,2026/09/11,2026/12/10,2026-12,CALL,48500,16855,,,,,,,,,,,,,
2026/09/11 06:36,2026-09-11T06:51:06+09:00,2026/09/11,2026/12/10,2026-12,PUT,48500,330,302,,,,,,,,,,,,
2026/09/11 06:36,2026-09-11T06:51:06+09:00,2026/09/11,2026/12/10,2026-12,CALL,48250,17095,,,,,,,,,,,,,
2026/09/11 06:36,2026-09-11T06:51:06+09:00,2026/09/11,2026/12/10,2026-12,PUT,48250,320,3,,,,,,,,,,,,
2026/09/11 06:36,2026-09-11T06:51:06+09:00,2026/09/11,2026/12/10,2026-12,CALL,48000,17335,750,,,,,,,,,,,,
2026/09/11 06:36,2026-09-11T06:51:06+09:00,2026/09/11,2026/12/10,2026-12,PUT,48000,310,4167,,,18.97,,,2,10,,,,,
2026/09/11 06:36,2026-09-11T06:51:06+09:00,2026/09/11,2026/12/10,2026-12,CALL,47750,17575,,,,,,,,,,,,,
2026/09/11 06:36,2026-09-11T06:51:06+09:00,2026/09/11,2026/12/10,2026-12,PUT,47750,305,2,,,,,,,,,,,,
2026/09/11 06:36,2026-09-11T06:51:06+09:00,2026/09/11,2026/12/10,2026-12,CALL,47500,17815,200,,,,,,,,,,,,
2026/09/11 06:36,2026-09-11T06:51:06+09:00,2026/09/11,2026/12/10,2026-12,PUT,47500,292,1121,,,,,,,,,,,,
2026/09/11 06:36,2026-09-11T06:51:06+09:00,2026/09/11,2026/12/10,2026-12,CALL,47250,18055,,,,,,,,,,,,,
2026/09/11 06:36,2026-09-11T06:51:06+09:00,2026/09/11,2026/12/10,2026-12,PUT,47250,283,,,,,,,,,,,,,
2026/09/11 06:36,2026-09-11T06:51:06+09:00,2026/09/11,2026/12/10,2026-12,CALL,47000,18295,350,,,,,,,,,,,,
2026/09/11 06:36,2026-09-11T06:51:06+09:00,2026/09/11,2026/12/10,2026-12,PUT,47000,277,2846,,,19.15,,,1,1,,,,,
2026/09/11 06:36,2026-09-11T06:51:06+09:00,2026/09/11,2026/12/10,2026-12,CALL,46750,18535,,,,,,,,,,,,,
2026/09/11 06:36,2026-09-11T06:51:06+09:00,2026/09/11,2026/12/10,2026-12,PUT,46750,269,,,,,,,,,,,,,
2026/09/11 06:36,2026-09-11T06:51:06+09:00,2026/09/11,2026/12/10,2026-12,CALL,46500,18780,,,,,,,,,,,,,
2026/09/11 06:36,2026-09-11T06:51:06+09:00,2026/09/11,2026/12/10,2026-12,PUT,46500,262,100,,,,,,,,,,,,
2026/09/11 06:36,2026-09-11T06:51:06+09:00,2026/09/11,2026/12/10,2026-12,CALL,46250,19020,315,,,,,,,,,,,,
2026/09/11 06:36,2026-09-11T06:51:06+09:00,2026/09/11,2026/12/10,2026-12,PUT,46250,254,,,,,,,,,,,,,
2026/09/11 06:36,2026-09-11T06:51:06+09:00,2026/09/11,2026/12/10,2026-12,CALL,46000,19265,2300,,,,,,,,,,,,
2026/09/11 06:36,2026-09-11T06:51:06+09:00,2026/09/11,2026/12/10,2026-12,PUT,46000,248,3857,,,20.4,,,1,1,,,,,
2026/09/11 06:36,2026-09-11T06:51:06+09:00,2026/09/11,2026/12/10,2026-12,CALL,45750,19505,,,,,,,,,,,,,
2026/09/11 06:36,2026-09-11T06:51:06+09:00,2026/09/11,2026/12/10,2026-12,PUT,45750,240,,,,,,,,,,,,,
2026/09/11 06:36,2026-09-11T06:51:06+09:00,2026/09/11,2026/12/10,2026-12,CALL,45500,19745,200,,,,,,,,,,,,
2026/09/11 06:36,2026-09-11T06:51:06+09:00,2026/09/11,2026/12/10,2026-12,PUT,45500,233,350,,,,,,,,,,,,
2026/09/11 06:36,2026-09-11T06:51:06+09:00,2026/09/11,2026/12/10,2026-12,CALL,45250,19990,413,,,,,,,,,,,,
2026/09/11 06:36,2026-09-11T06:51:06+09:00,2026/09/11,2026/12/10,2026-12,PUT,45250,227,51,,,,,,,,,,,,
2026/09/11 06:36,2026-09-11T06:51:06+09:00,2026/09/11,2026/12/10,2026-12,CALL,45000,20230,1842,,,,,,,,,,,,
2026/09/11 06:36,2026-09-11T06:51:06+09:00,2026/09/11,2026/12/10,2026-12,PUT,45000,221,2725,,50.13,23.74,500,1,3,1,,,,,
2026/09/11 06:36,2026-09-11T06:51:06+09:00,2026/09/11,2026/12/10,2026-12,CALL,44750,20475,,,,,,,,,,,,,
2026/09/11 06:36,2026-09-11T06:51:06+09:00,2026/09/11,2026/12/10,2026-12,PUT,44750,215,,,,,,,,,,,,,
2026/09/11 06:36,2026-09-11T06:51:06+09:00,2026/09/11,2026/12/10,2026-12,CALL,44500,20720,,,,,,,,,,,,,
2026/09/11 06:36,2026-09-11T06:51:06+09:00,2026/09/11,2026/12/10,2026-12,PUT,44500,209,,,,,,,,,,,,,
2026/09/11 06:36,2026-09-11T06:51:06+09:00,2026/09/11,2026/12/10,2026-12,CALL,44250,20960,,,,,,,,,,,,,
2026/09/11 06:36,2026-09-11T06:51:06+09:00,2026/09/11,2026/12/10,2026-12,PUT,44250,204,,,,,,,,,,,,,
2026/09/11 06:36,2026-09-11T06:51:06+09:00,2026/09/11,2026/12/10,2026-12,CALL,44000,21205,600,,,,,,,,,,,,
2026/09/11 06:36,2026-09-11T06:51:06+09:00,2026/09/11,2026/12/10,2026-12,PUT,44000,198,2900,,,22.98,,,1,10,,,,,
2026/09/11 06:36,2026-09-11T06:51:06+09:00,2026/09/11,2026/12/10,2026-12,CALL,43750,21450,131,,,,,,,,,,,,
2026/09/11 06:36,2026-09-11T06:51:06+09:00,2026/09/11,2026/12/10,2026-12,PUT,43750,193,9,,,,,,,,,,,,
2026/09/11 06:36,2026-09-11T06:51:06+09:00,2026/09/11,2026/12/10,2026-12,CALL,43500,21695,,,,,,,,,,,,,
2026/09/11 06:36,2026-09-11T06:51:06+09:00,2026/09/11,2026/12/10,2026-12,PUT,43500,188,100,,,,,,,,,,,,
2026/09/11 06:36,2026-09-11T06:51:06+09:00,2026/09/11,2026/12/10,2026-12,CALL,43250,21940,,,,,,,,,,,,,
2026/09/11 06:36,2026-09-11T06:51:06+09:00,2026/09/11,2026/12/10,2026-12,PUT,43250,183,,,,,,,,,,,,,
2026/09/11 06:36,2026-09-11T06:51:06+09:00,2026/09/11,2026/12/10,2026-12,CALL,43000,22180,1400,,,,,,,,,,,,
2026/09/11 06:36,2026-09-11T06:51:06+09:00,2026/09/11,2026/12/10,2026-12,PUT,43000,178,2282,,,24.3,,,1,10,,,,,
2026/09/11 06:36,2026-09-11T06:51:06+09:00,2026/09/11,2026/12/10,2026-12,CALL,42750,22425,,,,,,,,,,,,,
2026/09/11 06:36,2026-09-11T06:51:06+09:00,2026/09/11,2026/12/10,2026-12,PUT,42750,174,,,,,,,,,,,,,
2026/09/11 06:36,2026-09-11T06:51:06+09:00,2026/09/11,2026/12/10,2026-12,CALL,42500,22670,250,,,,,,,,,,,,
2026/09/11 06:36,2026-09-11T06:51:06+09:00,2026/09/11,2026/12/10,2026-12,PUT,42500,169,300,,,,,,,,,,,,
2026/09/11 06:36,2026-09-11T06:51:06+09:00,2026/09/11,2026/12/10,2026-12,CALL,42250,22915,,,,,,,,,,,,,
2026/09/11 06:36,2026-09-11T06:51:06+09:00,2026/09/11,2026/12/10,2026-12,PUT,42250,165,,,,,,,,,,,,,
2026/09/11 06:36,2026-09-11T06:51:06+09:00,2026/09/11,2026/12/10,2026-12,CALL,42000,23160,1071,,,,,,,,,,,,
2026/09/11 06:36,2026-09-11T06:51:06+09:00,2026/09/11,2026/12/10,2026-12,PUT,42000,160,3702,,,25.66,,,1,10,,,,,
2026/09/11 06:36,2026-09-11T06:51:06+09:00,2026/09/11,2026/12/10,2026-12,CALL,41750,23405,,,,,,,,,,,,,
2026/09/11 06:36,2026-09-11T06:51:06+09:00,2026/09/11,2026/12/10,2026-12,PUT,41750,157,,,,,,,,,,,,,
2026/09/11 06:36,2026-09-11T06:51:06+09:00,2026/09/11,2026/12/10,2026-12,CALL,41500,23650,100,,,,,,,,,,,,
2026/09/11 06:36,2026-09-11T06:51:06+09:00,2026/09/11,2026/12/10,2026-12,PUT,41500,152,101,,,,,,,,,,,,
2026/09/11 06:36,2026-09-11T06:51:06+09:00,2026/09/11,2026/12/10,2026-12,CALL,41250,23895,,,,,,,,,,,,,
2026/09/11 06:36,2026-09-11T06:51:06+09:00,2026/09/11,2026/12/10,2026-12,PUT,41250,149,3,,,,,,,,,,,,
2026/09/11 06:36,2026-09-11T06:51:06+09:00,2026/09/11,2026/12/10,2026-12,CALL,41000,24140,1300,,,,,,,,,,,,
2026/09/11 06:36,2026-09-11T06:51:06+09:00,2026/09/11,2026/12/10,2026-12,PUT,41000,145,1927,1,,27.05,,,1,10,47,,,120,09/10 19:38
2026/09/11 06:36,2026-09-11T06:51:06+09:00,2026/09/11,2026/12/10,2026-12,CALL,40750,24385,,,,,,,,,,,,,
2026/09/11 06:36,2026-09-11T06:51:06+09:00,2026/09/11,2026/12/10,2026-12,PUT,40750,141,,,,,,,,,,,,,
2026/09/11 06:36,2026-09-11T06:51:06+09:00,2026/09/11,2026/12/10,2026-12,CALL,40500,24630,400,,,,,,,,,,,,
2026/09/11 06:36,2026-09-11T06:51:06+09:00,2026/09/11,2026/12/10,2026-12,PUT,40500,138,1399,,,,,,,,,,,,
2026/09/11 06:36,2026-09-11T06:51:06+09:00,2026/09/11,2026/12/10,2026-12,CALL,40250,24875,,,,,,,,,,,,,
2026/09/11 06:36,2026-09-11T06:51:06+09:00,2026/09/11,2026/12/10,2026-12,PUT,40250,134,5,,,,,,,,,,,,
2026/09/11 06:36,2026-09-11T06:51:06+09:00,2026/09/11,2026/12/10,2026-12,CALL,40000,25120,1200,,,,,,,,,,,,
2026/09/11 06:36,2026-09-11T06:51:06+09:00,2026/09/11,2026/12/10,2026-12,PUT,40000,131,5302,,,45.07,,,80,1,,,,,
2026/09/11 06:36,2026-09-11T06:51:06+09:00,2026/09/11,2026/12/10,2026-12,CALL,39750,25365,,,,,,,,,,,,,
2026/09/11 06:36,2026-09-11T06:51:06+09:00,2026/09/11,2026/12/10,2026-12,PUT,39750,127,,,,,,,,,,,,,
2026/09/11 06:36,2026-09-11T06:51:06+09:00,2026/09/11,2026/12/10,2026-12,CALL,39500,25615,500,,,,,,,,,,,,
2026/09/11 06:36,2026-09-11T06:51:06+09:00,2026/09/11,2026/12/10,2026-12,PUT,39500,124,1008,,,,,,,,,,,,
2026/09/11 06:36,2026-09-11T06:51:06+09:00,2026/09/11,2026/12/10,2026-12,CALL,39250,25860,,,,,,,,,,,,,
2026/09/11 06:36,2026-09-11T06:51:06+09:00,2026/09/11,2026/12/10,2026-12,PUT,39250,121,650,,,,,,,,,,,,
2026/09/11 06:36,2026-09-11T06:51:06+09:00,2026/09/11,2026/12/10,2026-12,CALL,39000,26105,750,,,,,,,,,,,,
2026/09/11 06:36,2026-09-11T06:51:06+09:00,2026/09/11,2026/12/10,2026-12,PUT,39000,118,2405,,,48.86,,,100,1,,,,,
2026/09/11 06:36,2026-09-11T06:51:06+09:00,2026/09/11,2026/12/10,2026-12,CALL,38750,26350,50,,,,,,,,,,,,
2026/09/11 06:36,2026-09-11T06:51:06+09:00,2026/09/11,2026/12/10,2026-12,PUT,38750,115,50,,,,,,,,,,,,
2026/09/11 06:36,2026-09-11T06:51:06+09:00,2026/09/11,2026/12/10,2026-12,CALL,38500,26595,700,,,,,,,,,,,,
2026/09/11 06:36,2026-09-11T06:51:06+09:00,2026/09/11,2026/12/10,2026-12,PUT,38500,112,1150,,,,,,,,,,,,
2026/09/11 06:36,2026-09-11T06:51:06+09:00,2026/09/11,2026/12/10,2026-12,CALL,38250,26845,,,,,,,,,,,,,
2026/09/11 06:36,2026-09-11T06:51:06+09:00,2026/09/11,2026/12/10,2026-12,PUT,38250,109,,,,,,,,,,,,,
2026/09/11 06:36,2026-09-11T06:51:06+09:00,2026/09/11,2026/12/10,2026-12,CALL,38000,27090,1225,,,,,,,,,,,,
2026/09/11 06:36,2026-09-11T06:51:06+09:00,2026/09/11,2026/12/10,2026-12,PUT,38000,106,2686,,,34.26,,,3,1,,,,,
2026/09/11 06:36,2026-09-11T06:51:06+09:00,2026/09/11,2026/12/10,2026-12,CALL,37750,27335,100,,,,,,,,,,,,
2026/09/11 06:36,2026-09-11T06:51:06+09:00,2026/09/11,2026/12/10,2026-12,PUT,37750,103,100,,,,,,,,,,,,
2026/09/11 06:36,2026-09-11T06:51:06+09:00,2026/09/11,2026/12/10,2026-12,CALL,37500,27580,88,,,,,,,,,,,,
2026/09/11 06:36,2026-09-11T06:51:06+09:00,2026/09/11,2026/12/10,2026-12,PUT,37500,101,188,,,,,,,,,,,,
2026/09/11 06:36,2026-09-11T06:51:06+09:00,2026/09/11,2026/12/10,2026-12,CALL,37250,27830,,,,,,,,,,,,,
2026/09/11 06:36,2026-09-11T06:51:06+09:00,2026/09/11,2026/12/10,2026-12,PUT,37250,98,,,,,,,,,,,,,
2026/09/11 06:36,2026-09-11T06:51:06+09:00,2026/09/11,2026/12/10,2026-12,CALL,37000,28075,450,,,,,,,,,,,,
2026/09/11 06:36,2026-09-11T06:51:06+09:00,2026/09/11,2026/12/10,2026-12,PUT,37000,96,2635,,,32.92,,,1,10,,,,,
2026/09/11 06:36,2026-09-11T06:51:06+09:00,2026/09/11,2026/12/10,2026-12,CALL,36750,28320,,,,,,,,,,,,,
2026/09/11 06:36,2026-09-11T06:51:06+09:00,2026/09/11,2026/12/10,2026-12,PUT,36750,93,400,,,,,,,,,,,,
2026/09/11 06:36,2026-09-11T06:51:06+09:00,2026/09/11,2026/12/10,2026-12,CALL,36500,28570,252,,,,,,,,,,,,
2026/09/11 06:36,2026-09-11T06:51:06+09:00,2026/09/11,2026/12/10,2026-12,PUT,36500,91,225,,,,,,,,,,,,
2026/09/11 06:36,2026-09-11T06:51:06+09:00,2026/09/11,2026/12/10,2026-12,CALL,36250,28815,,,,,,,,,,,,,
2026/09/11 06:36,2026-09-11T06:51:06+09:00,2026/09/11,2026/12/10,2026-12,PUT,36250,88,,,,,,,,,,,,,
2026/09/11 06:36,2026-09-11T06:51:06+09:00,2026/09/11,2026/12/10,2026-12,CALL,36000,29030,975,,,,,,,,,,,,
2026/09/11 06:36,2026-09-11T06:51:06+09:00,2026/09/11,2026/12/10,2026-12,PUT,36000,56,2905,,,34.49,,,1,10,,,,,
2026/09/11 06:36,2026-09-11T06:51:06+09:00,2026/09/11,2026/12/10,2026-12,CALL,35750,29280,,,,,,,,,,,,,
2026/09/11 06:36,2026-09-11T06:51:06+09:00,2026/09/11,2026/12/10,2026-12,PUT,35750,54,,,,,,,,,,,,,
2026/09/11 06:36,2026-09-11T06:51:06+09:00,2026/09/11,2026/12/10,2026-12,CALL,35500,29525,,,,,,,,,,,,,
2026/09/11 06:36,2026-09-11T06:51:06+09:00,2026/09/11,2026/12/10,2026-12,PUT,35500,53,,,,,,,,,,,,,
2026/09/11 06:36,2026-09-11T06:51:06+09:00,2026/09/11,2026/12/10,2026-12,CALL,35250,29775,,,,,,,,,,,,,
2026/09/11 06:36,2026-09-11T06:51:06+09:00,2026/09/11,2026/12/10,2026-12,PUT,35250,51,,,,,,,,,,,,,
2026/09/11 06:36,2026-09-11T06:51:06+09:00,2026/09/11,2026/12/10,2026-12,CALL,35000,30020,435,,,,,,,,,,,,
2026/09/11 06:36,2026-09-11T06:51:06+09:00,2026/09/11,2026/12/10,2026-12,PUT,35000,53,5037,,,51.35,,,40,1,,,,,
2026/09/11 06:36,2026-09-11T06:51:06+09:00,2026/09/11,2026/12/10,2026-12,CALL,34750,30270,,,,,,,,,,,,,
2026/09/11 06:36,2026-09-11T06:51:06+09:00,2026/09/11,2026/12/10,2026-12,PUT,34750,49,1,,,,,,,,,,,,
2026/09/11 06:36,2026-09-11T06:51:06+09:00,2026/09/11,2026/12/10,2026-12,CALL,34500,30515,400,,,,,,,,,,,,
2026/09/11 06:36,2026-09-11T06:51:06+09:00,2026/09/11,2026/12/10,2026-12,PUT,34500,47,560,,,,,,,,,,,,
2026/09/11 06:36,2026-09-11T06:51:06+09:00,2026/09/11,2026/12/10,2026-12,CALL,34250,30765,,,,,,,,,,,,,
2026/09/11 06:36,2026-09-11T06:51:06+09:00,2026/09/11,2026/12/10,2026-12,PUT,34250,45,,,,,,,,,,,,,
2026/09/11 06:36,2026-09-11T06:51:06+09:00,2026/09/11,2026/12/10,2026-12,CALL,34000,31010,280,,,,,,,,,,,,
2026/09/11 06:36,2026-09-11T06:51:06+09:00,2026/09/11,2026/12/10,2026-12,PUT,34000,45,2820,,,37.74,,,1,10,,,,,
2026/09/11 06:36,2026-09-11T06:51:06+09:00,2026/09/11,2026/12/10,2026-12,CALL,33750,31260,,,,,,,,,,,,,
2026/09/11 06:36,2026-09-11T06:51:06+09:00,2026/09/11,2026/12/10,2026-12,PUT,33750,42,,,,,,,,,,,,,
2026/09/11 06:36,2026-09-11T06:51:06+09:00,2026/09/11,2026/12/10,2026-12,CALL,33500,31505,,,,,,,,,,,,,
2026/09/11 06:36,2026-09-11T06:51:06+09:00,2026/09/11,2026/12/10,2026-12,PUT,33500,41,72,,,,,,,,,,,,
2026/09/11 06:36,2026-09-11T06:51:06+09:00,2026/09/11,2026/12/10,2026-12,CALL,33250,31755,,,,,,,,,,,,,
2026/09/11 06:36,2026-09-11T06:51:06+09:00,2026/09/11,2026/12/10,2026-12,PUT,33250,40,37,,,,,,,,,,,,
2026/09/11 06:36,2026-09-11T06:51:06+09:00,2026/09/11,2026/12/10,2026-12,CALL,33000,32000,1950,,,,,,,,,,,,
2026/09/11 06:36,2026-09-11T06:51:06+09:00,2026/09/11,2026/12/10,2026-12,PUT,33000,39,3362,,,49.96,,,15,1,,,,,
2026/09/11 06:36,2026-09-11T06:51:06+09:00,2026/09/11,2026/12/10,2026-12,CALL,32750,32250,,,,,,,,,,,,,
2026/09/11 06:36,2026-09-11T06:51:06+09:00,2026/09/11,2026/12/10,2026-12,PUT,32750,37,,,,,,,,,,,,,
2026/09/11 06:36,2026-09-11T06:51:06+09:00,2026/09/11,2026/12/10,2026-12,CALL,32500,32495,250,,,,,,,,,,,,
2026/09/11 06:36,2026-09-11T06:51:06+09:00,2026/09/11,2026/12/10,2026-12,PUT,32500,36,900,,,,,,,,,,,,
2026/09/11 06:36,2026-09-11T06:51:06+09:00,2026/09/11,2026/12/10,2026-12,CALL,32250,32745,,,,,,,,,,,,,
2026/09/11 06:36,2026-09-11T06:51:06+09:00,2026/09/11,2026/12/10,2026-12,PUT,32250,35,600,,,,,,,,,,,,
2026/09/11 06:36,2026-09-11T06:51:06+09:00,2026/09/11,2026/12/10,2026-12,CALL,32000,32995,700,,,,,,,,,,,,
2026/09/11 06:36,2026-09-11T06:51:06+09:00,2026/09/11,2026/12/10,2026-12,PUT,32000,34,4655,,,41.19,,,1,10,,,,,
2026/09/11 06:36,2026-09-11T06:51:06+09:00,2026/09/11,2026/12/10,2026-12,CALL,31750,33240,,,,,,,,,,,,,
2026/09/11 06:36,2026-09-11T06:51:06+09:00,2026/09/11,2026/12/10,2026-12,PUT,31750,33,,,,,,,,,,,,,
2026/09/11 06:36,2026-09-11T06:51:06+09:00,2026/09/11,2026/12/10,2026-12,CALL,31500,33490,50,,,,,,,,,,,,
2026/09/11 06:36,2026-09-11T06:51:06+09:00,2026/09/11,2026/12/10,2026-12,PUT,31500,32,350,,,,,,,,,,,,
2026/09/11 06:36,2026-09-11T06:51:06+09:00,2026/09/11,2026/12/10,2026-12,CALL,31250,33735,,,,,,,,,,,,,
2026/09/11 06:36,2026-09-11T06:51:06+09:00,2026/09/11,2026/12/10,2026-12,PUT,31250,31,,,,,,,,,,,,,
2026/09/11 06:36,2026-09-11T06:51:06+09:00,2026/09/11,2026/12/10,2026-12,CALL,31000,33985,241,,,,,,,,,,,,
2026/09/11 06:36,2026-09-11T06:51:06+09:00,2026/09/11,2026/12/10,2026-12,PUT,31000,29,2037,,,42.99,,,1,10,,,,,
2026/09/11 06:36,2026-09-11T06:51:06+09:00,2026/09/11,2026/12/10,2026-12,CALL,30750,34235,,,,,,,,,,,,,
2026/09/11 06:36,2026-09-11T06:51:06+09:00,2026/09/11,2026/12/10,2026-12,PUT,30750,28,,,,,,,,,,,,,
2026/09/11 06:36,2026-09-11T06:51:06+09:00,2026/09/11,2026/12/10,2026-12,CALL,30500,34480,50,,,,,,,,,,,,
2026/09/11 06:36,2026-09-11T06:51:06+09:00,2026/09/11,2026/12/10,2026-12,PUT,30500,27,51,,,,,,,,,,,,
2026/09/11 06:36,2026-09-11T06:51:06+09:00,2026/09/11,2026/12/10,2026-12,CALL,30250,34730,,,,,,,,,,,,,
2026/09/11 06:36,2026-09-11T06:51:06+09:00,2026/09/11,2026/12/10,2026-12,PUT,30250,26,,,,,,,,,,,,,
2026/09/11 06:36,2026-09-11T06:51:06+09:00,2026/09/11,2026/12/10,2026-12,CALL,30000,34975,2553,,,,,,,,,,,,
2026/09/11 06:36,2026-09-11T06:51:06+09:00,2026/09/11,2026/12/10,2026-12,PUT,30000,31,7953,9,65.94,62.3,55,1,35,1,65.92,,,53,09/10 23:32
2026/09/11 06:36,2026-09-11T06:51:06+09:00,2026/09/11,2026/12/10,2026-12,CALL,29750,35225,,,,,,,,,,,,,
2026/09/11 06:36,2026-09-11T06:51:06+09:00,2026/09/11,2026/12/10,2026-12,PUT,29750,25,,,,,,,,,,,,,
2026/09/11 06:36,2026-09-11T06:51:06+09:00,2026/09/11,2026/12/10,2026-12,CALL,29500,35475,,,,,,,,,,,,,
2026/09/11 06:36,2026-09-11T06:51:06+09:00,2026/09/11,2026/12/10,2026-12,PUT,29500,24,,,,,,,,,,,,,
2026/09/11 06:36,2026-09-11T06:51:06+09:00,2026/09/11,2026/12/10,2026-12,CALL,29250,35720,,,,,,,,,,,,,
2026/09/11 06:36,2026-09-11T06:51:06+09:00,2026/09/11,2026/12/10,2026-12,PUT,29250,23,,,,,,,,,,,,,
2026/09/11 06:36,2026-09-11T06:51:06+09:00,2026/09/11,2026/12/10,2026-12,CALL,29000,35970,150,,,,,,,,,,,,
2026/09/11 06:36,2026-09-11T06:51:06+09:00,2026/09/11,2026/12/10,2026-12,PUT,29000,22,1450,,,53.15,,,5,1,,,,,
2026/09/11 06:36,2026-09-11T06:51:06+09:00,2026/09/11,2026/12/10,2026-12,CALL,28750,36215,,,,,,,,,,,,,
2026/09/11 06:36,2026-09-11T06:51:06+09:00,2026/09/11,2026/12/10,2026-12,PUT,28750,21,,,,,,,,,,,,,
2026/09/11 06:36,2026-09-11T06:51:06+09:00,2026/09/11,2026/12/10,2026-12,CALL,28500,36465,125,,,,,,,,,,,,
2026/09/11 06:36,2026-09-11T06:51:06+09:00,2026/09/11,2026/12/10,2026-12,PUT,28500,20,400,,,,,,,,,,,,
2026/09/11 06:36,2026-09-11T06:51:06+09:00,2026/09/11,2026/12/10,2026-12,CALL,28250,36715,,,,,,,,,,,,,
2026/09/11 06:36,2026-09-11T06:51:06+09:00,2026/09/11,2026/12/10,2026-12,PUT,28250,19,,,,,,,,,,,,,
2026/09/11 06:36,2026-09-11T06:51:06+09:00,2026/09/11,2026/12/10,2026-12,CALL,28000,36960,75,,,,,,,,,,,,
2026/09/11 06:36,2026-09-11T06:51:06+09:00,2026/09/11,2026/12/10,2026-12,PUT,28000,18,1331,,,55.39,,,5,4,,,,,
2026/09/11 06:36,2026-09-11T06:51:06+09:00,2026/09/11,2026/12/10,2026-12,CALL,27750,37210,,,,,,,,,,,,,
2026/09/11 06:36,2026-09-11T06:51:06+09:00,2026/09/11,2026/12/10,2026-12,PUT,27750,18,72,,,,,,,,,,,,
2026/09/11 06:36,2026-09-11T06:51:06+09:00,2026/09/11,2026/12/10,2026-12,CALL,27500,37460,,,,,,,,,,,,,
2026/09/11 06:36,2026-09-11T06:51:06+09:00,2026/09/11,2026/12/10,2026-12,PUT,27500,17,25,,,,,,,,,,,,
2026/09/11 06:36,2026-09-11T06:51:06+09:00,2026/09/11,2026/12/10,2026-12,CALL,27250,37705,,,,,,,,,,,,,
2026/09/11 06:36,2026-09-11T06:51:06+09:00,2026/09/11,2026/12/10,2026-12,PUT,27250,16,,,,,,,,,,,,,
2026/09/11 06:36,2026-09-11T06:51:06+09:00,2026/09/11,2026/12/10,2026-12,CALL,27000,37955,250,,,,,,,,,,,,
2026/09/11 06:36,2026-09-11T06:51:06+09:00,2026/09/11,2026/12/10,2026-12,PUT,27000,15,2630,,,56.61,,,4,5,,,,,
2026/09/11 06:36,2026-09-11T06:51:06+09:00,2026/09/11,2026/12/10,2026-12,CALL,26750,38205,,,,,,,,,,,,,
2026/09/11 06:36,2026-09-11T06:51:06+09:00,2026/09/11,2026/12/10,2026-12,PUT,26750,15,,,,,,,,,,,,,
2026/09/11 06:36,2026-09-11T06:51:06+09:00,2026/09/11,2026/12/10,2026-12,CALL,26500,38450,,,,,,,,,,,,,
2026/09/11 06:36,2026-09-11T06:51:06+09:00,2026/09/11,2026/12/10,2026-12,PUT,26500,14,1,,,,,,,,,,,,
2026/09/11 06:36,2026-09-11T06:51:06+09:00,2026/09/11,2026/12/10,2026-12,CALL,26250,38700,,,,,,,,,,,,,
2026/09/11 06:36,2026-09-11T06:51:06+09:00,2026/09/11,2026/12/10,2026-12,PUT,26250,13,,,,,,,,,,,,,
2026/09/11 06:36,2026-09-11T06:51:06+09:00,2026/09/11,2026/12/10,2026-12,CALL,26000,38950,350,,,,,,,,,,,,
2026/09/11 06:36,2026-09-11T06:51:06+09:00,2026/09/11,2026/12/10,2026-12,PUT,26000,13,1425,,76.51,52.96,50,1,1,10,,,,,
2026/09/11 06:36,2026-09-11T06:51:06+09:00,2026/09/11,2026/12/10,2026-12,CALL,25750,39195,,,,,,,,,,,,,
2026/09/11 06:36,2026-09-11T06:51:06+09:00,2026/09/11,2026/12/10,2026-12,PUT,25750,12,,,,,,,,,,,,,
2026/09/11 06:36,2026-09-11T06:51:06+09:00,2026/09/11,2026/12/10,2026-12,CALL,25500,39445,,,,,,,,,,,,,
2026/09/11 06:36,2026-09-11T06:51:06+09:00,2026/09/11,2026/12/10,2026-12,PUT,25500,12,2,,,,,,,,,,,,
2026/09/11 06:36,2026-09-11T06:51:06+09:00,2026/09/11,2026/12/10,2026-12,CALL,25250,39690,,,,,,,,,,,,,
2026/09/11 06:36,2026-09-11T06:51:06+09:00,2026/09/11,2026/12/10,2026-12,PUT,25250,11,1,,,,,,,,,,,,
2026/09/11 06:36,2026-09-11T06:51:06+09:00,2026/09/11,2026/12/10,2026-12,CALL,25000,39940,300,,,,,,,,,,,,
2026/09/11 06:36,2026-09-11T06:51:06+09:00,2026/09/11,2026/12/10,2026-12,PUT,25000,10,2014,,,63.63,,,6,8,,,,,
2026/09/11 06:36,2026-09-11T06:51:06+09:00,2026/09/11,2026/12/10,2026-12,CALL,24750,40190,,,,,,,,,,,,,
2026/09/11 06:36,2026-09-11T06:51:06+09:00,2026/09/11,2026/12/10,2026-12,PUT,24750,9,1,,,,,,,,,,,,
2026/09/11 06:36,2026-09-11T06:51:06+09:00,2026/09/11,2026/12/10,2026-12,CALL,24500,40435,,,,,,,,,,,,,
2026/09/11 06:36,2026-09-11T06:51:06+09:00,2026/09/11,2026/12/10,2026-12,PUT,24500,9,250,,,,,,,,,,,,
2026/09/11 06:36,2026-09-11T06:51:06+09:00,2026/09/11,2026/12/10,2026-12,CALL,24250,40685,,,,,,,,,,,,,
2026/09/11 06:36,2026-09-11T06:51:06+09:00,2026/09/11,2026/12/10,2026-12,PUT,24250,8,,,,,,,,,,,,,
2026/09/11 06:36,2026-09-11T06:51:06+09:00,2026/09/11,2026/12/10,2026-12,CALL,24000,40930,,,,,,,,,,,,,
2026/09/11 06:36,2026-09-11T06:51:06+09:00,2026/09/11,2026/12/10,2026-12,PUT,24000,7,405,,80.63,,40,1,,,,,,,
2026/09/11 06:36,2026-09-11T06:51:06+09:00,2026/09/11,2026/12/10,2026-12,CALL,23750,41180,,,,,,,,,,,,,
2026/09/11 06:36,2026-09-11T06:51:06+09:00,2026/09/11,2026/12/10,2026-12,PUT,23750,6,,,,,,,,,,,,,
2026/09/11 06:36,2026-09-11T06:51:06+09:00,2026/09/11,2026/12/10,2026-12,CALL,23500,41430,,,,,,,,,,,,,
2026/09/11 06:36,2026-09-11T06:51:06+09:00,2026/09/11,2026/12/10,2026-12,PUT,23500,6,127,,,,,,,,,,,,
2026/09/11 06:36,2026-09-11T06:51:06+09:00,2026/09/11,2026/12/10,2026-12,CALL,23250,41675,,,,,,,,,,,,,
2026/09/11 06:36,2026-09-11T06:51:06+09:00,2026/09/11,2026/12/10,2026-12,PUT,23250,7,,,,69.28,,,7,1,,,,,
2026/09/11 06:36,2026-09-11T06:51:06+09:00,2026/09/11,2026/12/10,2026-12,CALL,23000,41925,,,,,,,,,,,,,
2026/09/11 06:36,2026-09-11T06:51:06+09:00,2026/09/11,2026/12/10,2026-12,PUT,23000,4,2106,,,63.05,,,2,1,,,,,
2026/09/11 06:36,2026-09-11T06:51:06+09:00,2026/09/11,2026/12/10,2026-12,CALL,22750,42175,,,,,,,,,,,,,
2026/09/11 06:36,2026-09-11T06:51:06+09:00,2026/09/11,2026/12/10,2026-12,PUT,22750,4,,,,,,,,,,,,,
2026/09/11 06:36,2026-09-11T06:51:06+09:00,2026/09/11,2026/12/10,2026-12,CALL,22500,42420,,,,,,,,,,,,,
2026/09/11 06:36,2026-09-11T06:51:06+09:00,2026/09/11,2026/12/10,2026-12,PUT,22500,3,150,,,,,,,,,,,,
2026/09/11 06:36,2026-09-11T06:51:06+09:00,2026/09/11,2026/12/10,2026-12,CALL,22250,42670,,,,,,,,,,,,,
2026/09/11 06:36,2026-09-11T06:51:06+09:00,2026/09/11,2026/12/10,2026-12,PUT,22250,3,,,,,,,,,,,,,
2026/09/11 06:36,2026-09-11T06:51:06+09:00,2026/09/11,2026/12/10,2026-12,CALL,22000,42920,100,,,,,,,,,,,,
2026/09/11 06:36,2026-09-11T06:51:06+09:00,2026/09/11,2026/12/10,2026-12,PUT,22000,2,1716,,98.5,,100,1,,,,,,,
2026/09/11 06:36,2026-09-11T06:51:06+09:00,2026/09/11,2026/12/10,2026-12,CALL,21750,43170,,,,,,,,,,,,,
2026/09/11 06:36,2026-09-11T06:51:06+09:00,2026/09/11,2026/12/10,2026-12,PUT,21750,1,,,,,,,,,,,,,
2026/09/11 06:36,2026-09-11T06:51:06+09:00,2026/09/11,2026/12/10,2026-12,CALL,21500,43420,,,,,,,,,,,,,
2026/09/11 06:36,2026-09-11T06:51:06+09:00,2026/09/11,2026/12/10,2026-12,PUT,21500,1,500,,,,,,,,,,,,
2026/09/11 06:36,2026-09-11T06:51:06+09:00,2026/09/11,2026/12/10,2026-12,CALL,21250,43665,,,,,,,,,,,,,
2026/09/11 06:36,2026-09-11T06:51:06+09:00,2026/09/11,2026/12/10,2026-12,PUT,21250,1,,,,,,,,,,,,,
2026/09/11 06:36,2026-09-11T06:51:06+09:00,2026/09/11,2026/12/10,2026-12,CALL,21000,43915,,,,,,,,,,,,,
2026/09/11 06:36,2026-09-11T06:51:06+09:00,2026/09/11,2026/12/10,2026-12,PUT,21000,1,350,,,,,,,,,,,,
2026/09/11 06:36,2026-09-11T06:51:06+09:00,2026/09/11,2026/12/10,2026-12,CALL,20750,44165,,,,,,,,,,,,,
2026/09/11 06:36,2026-09-11T06:51:06+09:00,2026/09/11,2026/12/10,2026-12,PUT,20750,1,,,,,,,,,,,,,
2026/09/11 06:36,2026-09-11T06:51:06+09:00,2026/09/11,2026/12/10,2026-12,CALL,20500,44415,,,,,,,,,,,,,
2026/09/11 06:36,2026-09-11T06:51:06+09:00,2026/09/11,2026/12/10,2026-12,PUT,20500,1,,,,,,,,,,,,,
2026/09/11 06:36,2026-09-11T06:51:06+09:00,2026/09/11,2026/12/10,2026-12,CALL,20250,44665,,,,,,,,,,,,,
2026/09/11 06:36,2026-09-11T06:51:06+09:00,2026/09/11,2026/12/10,2026-12,PUT,20250,1,3,,,,,,,,,,,,
2026/09/11 06:36,2026-09-11T06:51:06+09:00,2026/09/11,2026/12/10,2026-12,CALL,20000,44910,150,,,,,,,,,,,,
2026/09/11 06:36,2026-09-11T06:51:06+09:00,2026/09/11,2026/12/10,2026-12,PUT,20000,9,2420,,84.56,81.02,14,1,9,1,,,,,
2026/09/11 06:36,2026-09-11T06:51:06+09:00,2026/09/11,2026/12/10,2026-12,CALL,19750,45160,,,,,,,,,,,,,
2026/09/11 06:36,2026-09-11T06:51:06+09:00,2026/09/11,2026/12/10,2026-12,PUT,19750,1,,,,,,,,,,,,,
2026/09/11 06:36,2026-09-11T06:51:06+09:00,2026/09/11,2026/12/10,2026-12,CALL,19500,45410,,,,,,,,,,,,,
2026/09/11 06:36,2026-09-11T06:51:06+09:00,2026/09/11,2026/12/10,2026-12,PUT,19500,1,,,,,,,,,,,,,
2026/09/11 06:36,2026-09-11T06:51:06+09:00,2026/09/11,2026/12/10,2026-12,CALL,19250,45660,,,,,,,,,,,,,
2026/09/11 06:36,2026-09-11T06:51:06+09:00,2026/09/11,2026/12/10,2026-12,PUT,19250,1,,,,,,,,,,,,,
2026/09/11 06:36,2026-09-11T06:51:06+09:00,2026/09/11,2026/12/10,2026-12,CALL,19000,45910,,,,,,,,,,,,,
2026/09/11 06:36,2026-09-11T06:51:06+09:00,2026/09/11,2026/12/10,2026-12,PUT,19000,1,650,,,70.76,,,1,1,,,,,
2026/09/11 06:36,2026-09-11T06:51:06+09:00,2026/09/11,2026/12/10,2026-12,CALL,18750,46155,,,,,,,,,,,,,
2026/09/11 06:36,2026-09-11T06:51:06+09:00,2026/09/11,2026/12/10,2026-12,PUT,18750,1,,,,,,,,,,,,,
2026/09/11 06:36,2026-09-11T06:51:06+09:00,2026/09/11,2026/12/10,2026-12,CALL,18500,46405,,,,,,,,,,,,,
2026/09/11 06:36,2026-09-11T06:51:06+09:00,2026/09/11,2026/12/10,2026-12,PUT,18500,1,,,,,,,,,,,,,
2026/09/11 06:36,2026-09-11T06:51:06+09:00,2026/09/11,2026/12/10,2026-12,CALL,18250,46655,,,,,,,,,,,,,
2026/09/11 06:36,2026-09-11T06:51:06+09:00,2026/09/11,2026/12/10,2026-12,PUT,18250,1,,,,,,,,,,,,,
2026/09/11 06:36,2026-09-11T06:51:06+09:00,2026/09/11,2026/12/10,2026-12,CALL,18000,46905,,,,,,,,,,,,,
2026/09/11 06:36,2026-09-11T06:51:06+09:00,2026/09/11,2026/12/10,2026-12,PUT,18000,2,153,,,77.66,,,2,1,,,,,
2026/09/11 06:36,2026-09-11T06:51:06+09:00,2026/09/11,2026/12/10,2026-12,CALL,17750,47155,,,,,,,,,,,,,
2026/09/11 06:36,2026-09-11T06:51:06+09:00,2026/09/11,2026/12/10,2026-12,PUT,17750,1,,,,,,,,,,,,,
2026/09/11 06:36,2026-09-11T06:51:06+09:00,2026/09/11,2026/12/10,2026-12,CALL,17500,47400,,,,,,,,,,,,,
2026/09/11 06:36,2026-09-11T06:51:06+09:00,2026/09/11,2026/12/10,2026-12,PUT,17500,1,,,,,,,,,,,,,
2026/09/11 06:36,2026-09-11T06:51:06+09:00,2026/09/11,2026/12/10,2026-12,CALL,17250,47650,,,,,,,,,,,,,
2026/09/11 06:36,2026-09-11T06:51:06+09:00,2026/09/11,2026/12/10,2026-12,PUT,17250,1,,,,,,,,,,,,,
2026/09/11 06:36,2026-09-11T06:51:06+09:00,2026/09/11,2026/12/10,2026-12,CALL,17000,47900,,,,,,,,,,,,,
2026/09/11 06:36,2026-09-11T06:51:06+09:00,2026/09/11,2026/12/10,2026-12,PUT,17000,1,3,,,,,,,,,,,,
2026/09/11 06:36,2026-09-11T06:51:06+09:00,2026/09/11,2026/12/10,2026-12,CALL,16750,48150,,,,,,,,,,,,,
2026/09/11 06:36,2026-09-11T06:51:06+09:00,2026/09/11,2026/12/10,2026-12,PUT,16750,1,,,,,,,,,,,,,
2026/09/11 06:36,2026-09-11T06:51:06+09:00,2026/09/11,2026/12/10,2026-12,CALL,16500,48400,,,,,,,,,,,,,
2026/09/11 06:36,2026-09-11T06:51:06+09:00,2026/09/11,2026/12/10,2026-12,PUT,16500,1,1,,,,,,,,,,,,
2026/09/11 06:36,2026-09-11T06:51:06+09:00,2026/09/11,2026/12/10,2026-12,CALL,16250,48645,,,,,,,,,,,,,
2026/09/11 06:36,2026-09-11T06:51:06+09:00,2026/09/11,2026/12/10,2026-12,PUT,16250,1,,,,,,,,,,,,,
2026/09/11 06:36,2026-09-11T06:51:06+09:00,2026/09/11,2026/12/10,2026-12,CALL,16000,48895,,,,,,,,,,,,,
2026/09/11 06:36,2026-09-11T06:51:06+09:00,2026/09/11,2026/12/10,2026-12,PUT,16000,1,3,,,80.55,,,1,1,,,,,
2026/09/11 06:36,2026-09-11T06:51:06+09:00,2026/09/11,2026/12/10,2026-12,CALL,15750,49145,,,,,,,,,,,,,
2026/09/11 06:36,2026-09-11T06:51:06+09:00,2026/09/11,2026/12/10,2026-12,PUT,15750,1,,,,,,,,,,,,,
2026/09/11 06:36,2026-09-11T06:51:06+09:00,2026/09/11,2026/12/10,2026-12,CALL,15500,49395,,,,,,,,,,,,,
2026/09/11 06:36,2026-09-11T06:51:06+09:00,2026/09/11,2026/12/10,2026-12,PUT,15500,1,,,,,,,,,,,,,
2026/09/11 06:36,2026-09-11T06:51:06+09:00,2026/09/11,2026/12/10,2026-12,CALL,15250,49645,,,,,,,,,,,,,
2026/09/11 06:36,2026-09-11T06:51:06+09:00,2026/09/11,2026/12/10,2026-12,PUT,15250,1,,,,,,,,,,,,,
2026/09/11 06:36,2026-09-11T06:51:06+09:00,2026/09/11,2026/12/10,2026-12,CALL,15000,49890,,,,,,,,,,,,,
2026/09/11 06:36,2026-09-11T06:51:06+09:00,2026/09/11,2026/12/10,2026-12,PUT,15000,2,4,,,88.58,,,2,1,,,,,
2026/09/11 06:36,2026-09-11T06:51:06+09:00,2026/09/11,2026/12/10,2026-12,CALL,14750,50140,,,,,,,,,,,,,
2026/09/11 06:36,2026-09-11T06:51:06+09:00,2026/09/11,2026/12/10,2026-12,PUT,14750,1,1,,,,,,,,,,,,
2026/09/11 06:36,2026-09-11T06:51:06+09:00,2026/09/11,2026/12/10,2026-12,CALL,14500,50390,,,,,,,,,,,,,
2026/09/11 06:36,2026-09-11T06:51:06+09:00,2026/09/11,2026/12/10,2026-12,PUT,14500,1,1,,,,,,,,,,,,
2026/09/11 06:36,2026-09-11T06:51:06+09:00,2026/09/11,2026/12/10,2026-12,CALL,14250,50640,,,,,,,,,,,,,
2026/09/11 06:36,2026-09-11T06:51:06+09:00,2026/09/11,2026/12/10,2026-12,PUT,14250,1,,,,,,,,,,,,,
2026/09/11 06:36,2026-09-11T06:51:06+09:00,2026/09/11,2026/12/10,2026-12,CALL,14000,50885,,,,,,,,,,,,,
2026/09/11 06:36,2026-09-11T06:51:06+09:00,2026/09/11,2026/12/10,2026-12,PUT,14000,2,11,,,92.73,,,2,1,,,,,
2026/09/11 06:36,2026-09-11T06:51:06+09:00,2026/09/11,2026/12/10,2026-12,CALL,13750,51135,,,,,,,,,,,,,
2026/09/11 06:36,2026-09-11T06:51:06+09:00,2026/09/11,2026/12/10,2026-12,PUT,13750,1,,,,,,,,,,,,,
2026/09/11 06:36,2026-09-11T06:51:06+09:00,2026/09/11,2026/12/10,2026-12,CALL,13500,51385,,,,,,,,,,,,,
2026/09/11 06:36,2026-09-11T06:51:06+09:00,2026/09/11,2026/12/10,2026-12,PUT,13500,1,100,,,90.27,,,1,100,,,,,
2026/09/11 06:36,2026-09-11T06:51:06+09:00,2026/09/11,2026/12/10,2026-12,CALL,13250,51635,,,,,,,,,,,,,
2026/09/11 06:36,2026-09-11T06:51:06+09:00,2026/09/11,2026/12/10,2026-12,PUT,13250,1,,,,,,,,,,,,,
2026/09/11 06:36,2026-09-11T06:51:06+09:00,2026/09/11,2026/12/10,2026-12,CALL,13000,51885,,,,,,,,,,,,,
2026/09/11 06:36,2026-09-11T06:51:06+09:00,2026/09/11,2026/12/10,2026-12,PUT,13000,3,5,3,,102.67,,,4,3,101.08,,,3,09/10 18:11
2026/09/11 06:36,2026-09-11T06:51:06+09:00,2026/09/11,2026/12/10,2026-12,CALL,12750,52130,,,,,,,,,,,,,
2026/09/11 06:36,2026-09-11T06:51:06+09:00,2026/09/11,2026/12/10,2026-12,PUT,12750,1,,,,,,,,,,,,,
2026/09/11 06:36,2026-09-11T06:51:06+09:00,2026/09/11,2026/12/10,2026-12,CALL,12500,52380,84,,,,,,,,,,,,
2026/09/11 06:36,2026-09-11T06:51:06+09:00,2026/09/11,2026/12/10,2026-12,PUT,12500,2,858,17,108.85,99.57,6,1,2,252,108.85,4,200,6,09/11 03:04
